train_station_name,train_station_short_code,train_lat,train_long,ems_1_station,ems_1_lat,ems_1_long,ems_1_distance_km,ems_2_station,ems_2_lat,ems_2_long,ems_2_distance_km,ems_3_station,ems_3_lat,ems_3_long,ems_3_distance_km,ems_4_station,ems_4_lat,ems_4_long,ems_4_distance_km,ems_5_station,ems_5_lat,ems_5_long,ems_5_distance_km
Ahonpää,AHO,64.537118,25.006783,Siikajoki Ruukki,64.68421,25.08919,16.82,Raahe Lapaluoto satama,64.66589,24.40695,31.99,Oulu lentoasema,64.93503,25.3392,46.97,Haapavesi Mustikkamäki,64.14263,25.42335,48.23,Raahe Nahkiainen,64.61178,23.89674,53.64
Ahvenus,AHV,61.291923,22.498185,Kokemäki Tulkkila,61.25294,22.34613,9.21,Pori lentoasema,61.46011,21.80839,41.23,Pori rautatieasema,61.47893,21.7832,43.38,Rauma Pyynpää,61.13658,21.51518,55.4,Kankaanpää Niinisalo lentokenttä,61.83864,22.46368,60.82
Ainola,AIN,60.455619,25.101895,Järvenpää Sorto,60.49825,25.06755,5.1,Vantaa Helsinki-Vantaan lentoasema,60.32937,24.97274,15.73,Mäntsälä Hirvihaara,60.62773,25.19342,19.78,Hyvinkää Hyvinkäänkylä,60.59589,24.80297,22.6,Helsinki Malmi lentokenttä,60.25299,25.04549,22.74
Airaksela,ARL,62.724396,27.4295,Kuopio Savilahti,62.89256,27.63331,21.38,Kuopio Ritoniemi,62.79892,27.90495,25.58,Siilinjärvi Kuopio lentoasema,62.99842,27.80817,36.02,Kuopio Maaninka,63.14343,27.31317,46.96,Varkaus Kosulanniemi,62.32221,27.90785,51.01
Aittaluoto,ATL,61.476933,21.84537,Pori lentoasema,61.46011,21.80839,2.71,Pori rautatieasema,61.47893,21.7832,3.31,Pori Tahkoluoto satama,61.63042,21.3762,30.15,Kokemäki Tulkkila,61.25294,22.34613,36.5,Rauma Pyynpää,61.13658,21.51518,41.75
Ajos,AJO,65.673679,24.541716,Kemi Ajos,65.67318,24.51519,1.22,Kemi Kemi-Tornio lentoasema,65.78944,24.58278,13.01,Tornio Kaakkuri,65.84733,24.17369,25.6,Kemi I majakka,65.38508,24.09568,38.1,Tervola Loue,66.15352,24.99031,57.11
Alapitkä,APT,63.200823,27.535426,Kuopio Maaninka,63.14343,27.31317,12.85,Siilinjärvi Kuopio lentoasema,62.99842,27.80817,26.36,Kuopio Savilahti,62.89256,27.63331,34.63,Kuopio Ritoniemi,62.79892,27.90495,48.43,Rautavaara Ylä-Luosta,63.37806,28.66166,59.64
Alavus,ALV,62.617769,23.600437,Ähtäri Inha,62.55461,24.14239,28.62,Virrat Äijänneva,62.32783,23.54228,32.38,Ilmajoki Seinäjoki lentoasema,62.68571,22.84272,39.44,Alajärvi Möksy,63.08898,24.26084,62.19,Kauhava lentokenttä,63.12033,23.04364,62.61
Alholma,ALH,63.706765,22.695265,Pietarsaari Kallan,63.75144,22.52282,9.83,Kruunupyy Kokkola-Pietarsaari lentoasema,63.72655,23.14359,22.18,Kokkola Santahaka,63.83882,23.09715,24.61,Kokkola Tankar,63.95114,22.84537,28.15,Kauhava lentokenttä,63.12033,23.04364,67.47
Arola,ARO,64.450787,29.022513,Sotkamo Kuolaniemi,64.11197,28.33639,50.15,Puolanka Paljakka,64.66392,28.0567,51.87,Suomussalmi Pesiö,64.93125,28.74672,55.01,Kuhmo Kalliojoki,64.29756,30.17068,57.78,Kajaani Petäisenniska,64.21678,27.75194,66.49
Asola,ASO,60.320974,25.047287,Vantaa Helsinki-Vantaan lentoasema,60.32937,24.97274,4.21,Helsinki Malmi lentokenttä,60.25299,25.04549,7.56,Helsinki Vuosaari Käärmeniementie,60.21935,25.17268,13.25,Helsinki Kumpula,60.20307,24.96131,13.94,Helsinki Vuosaari satama,60.20867,25.1959,14.94
Aviapolis,AVP,60.30435,24.956191,Vantaa Helsinki-Vantaan lentoasema,60.32937,24.97274,2.93,Helsinki Malmi lentokenttä,60.25299,25.04549,7.54,Helsinki Kumpula,60.20307,24.96131,11.27,Helsinki Kaisaniemi,60.17523,24.94459,14.37,Helsinki Vuosaari Käärmeniementie,60.21935,25.17268,15.23
Buslovskaja,BSL,60.840338,28.3777,Lappeenranta Konnunsuo,61.03879,28.56395,24.25,Lappeenranta lentoasema,61.0403,28.12916,25.97,Lappeenranta Hiekkapakka,61.1982,28.47308,40.12,Virolahti Koivuniemi,60.5272,27.67274,51.82,Puumala kirkonkylä,61.52242,28.18491,76.54
Dragsvik,DRA,59.990199,23.488607,Raasepori Jussarö,59.82076,23.57309,19.42,Hanko Tvärminne,59.84383,23.24859,21.07,Inkoo Jakobramsjö,59.99464,23.9956,28.2,Inkoo Bågaskär,59.93114,24.01408,29.98,Hanko Tulliniemi,59.80864,22.91246,37.95
Dynamiittivaihde,DMV,59.866408,23.084138,Hanko Tvärminne,59.84383,23.24859,9.52,Hanko Tulliniemi,59.80864,22.91246,11.54,Hanko Russarö,59.77363,22.94868,12.8,Raasepori Jussarö,59.82076,23.57309,27.78,Kemiönsaari Kemiö,60.17123,22.75768,38.44
Eläinpuisto-Zoo,EPZ,62.540677,24.191479,Ähtäri Inha,62.55461,24.14239,2.96,Multia Karhila,62.51044,24.80764,31.79,Virrat Äijänneva,62.32783,23.54228,40.94,Alajärvi Möksy,63.08898,24.26084,61.07,Ilmajoki Seinäjoki lentoasema,62.68571,22.84272,70.85
Eno,ENO,62.806375,30.141691,Liperi Joensuu lentoasema,62.65695,29.63608,30.65,Joensuu Linnunlahti,62.60179,29.72713,31.05,Ilomantsi Mekrijärvi,62.76942,30.97467,42.55,Lieksa Lampela,63.32108,30.04578,57.44,Ilomantsi Pötsönvaara,63.14166,31.04454,58.91
Ervelä,ERV,60.203374,23.22228,Salo Kärkkä,60.37392,23.11292,19.9,Kemiönsaari Kemiö,60.17123,22.75768,25.93,Salo Kiikala lentokenttä,60.46415,23.64976,37.34,Hanko Tvärminne,59.84383,23.24859,40.01,Kaarina Yltöinen,60.3869,22.55183,42.2
Eskola,ELA,63.914902,24.151369,Toholampi Laitala,63.82133,24.16323,10.42,Ylivieska lentokenttä,64.05029,24.72468,31.76,Kokkola Santahaka,63.83882,23.09715,52.3,Kruunupyy Kokkola-Pietarsaari lentoasema,63.72655,23.14359,53.69,Halsua Purola,63.44564,24.44422,54.14
Espoo,EPO,60.205067,24.655992,Espoo Tapiola,60.17797,24.78743,7.87,Espoo Nuuksio,60.29128,24.56782,10.75,Helsinki Kaisaniemi,60.17523,24.94459,16.29,Helsinki Kumpula,60.20307,24.96131,16.87,Helsinki Harmaja,60.10512,24.97539,20.88
Haapajärvi,HPJ,63.754515,25.33434,Pyhäjärvi Ojakylä,63.73589,25.70573,18.39,Haapavesi Mustikkamäki,64.14263,25.42335,43.37,Ylivieska lentokenttä,64.05029,24.72468,44.4,Halsua Purola,63.44564,24.44422,55.82,Toholampi Laitala,63.82133,24.16323,58.0
Haapakoski,HPS,62.452365,27.175449,Varkaus Kosulanniemi,62.32221,27.90785,40.43,Kuopio Ritoniemi,62.79892,27.90495,53.63,Kuopio Savilahti,62.89256,27.63331,54.24,Vesanto kirkonkylä,62.92178,26.4247,64.74,Siilinjärvi Kuopio lentoasema,62.99842,27.80817,68.75
Haapamäki,HPK,62.246476,24.455067,Multia Karhila,62.51044,24.80764,34.52,Ähtäri Inha,62.55461,24.14239,37.86,Juupajoki Hyytiälä,61.84591,24.28696,45.39,Jämsä Halli lentoasema,61.85551,24.80459,47.14,Virrat Äijänneva,62.32783,23.54228,48.06
Haaparanta pohjoinen,HPA,65.828226,24.130219,Tornio Kaakkuri,65.84733,24.17369,2.9,Kemi Kemi-Tornio lentoasema,65.78944,24.58278,21.07,Kemi Ajos,65.67318,24.51519,24.62,Kemi I majakka,65.38508,24.09568,49.3,Tervola Loue,66.15352,24.99031,53.13
Haarajoki,HAA,60.496261,25.13382,Järvenpää Sorto,60.49825,25.06755,3.64,Mäntsälä Hirvihaara,60.62773,25.19342,14.98,Vantaa Helsinki-Vantaan lentoasema,60.32937,24.97274,20.56,Hyvinkää Hyvinkäänkylä,60.59589,24.80297,21.21,Helsinki Malmi lentokenttä,60.25299,25.04549,27.48
Hakosilta,HLT,60.925032,25.513357,Lahti Sopenkorpi,60.97465,25.6202,7.98,Hämeenlinna Lammi Pappila,61.05408,25.03844,29.36,Mäntsälä Hirvihaara,60.62773,25.19342,37.34,Asikkala Pulkkilanharju,61.26521,25.52021,37.83,Heinola Asemantaus,61.20008,26.04967,42.05
Haksi,HSI,60.408207,25.554663,Porvoo Harabacka,60.39172,25.6073,3.42,Porvoo Kilpilahti satama,60.30373,25.54916,11.62,Porvoo Emäsalo,60.20382,25.62546,23.06,Järvenpää Sorto,60.49825,25.06755,28.53,Helsinki Vuosaari satama,60.20867,25.1959,29.71
Hamina,HMA,60.55232,27.166505,Kotka Rankki,60.37538,26.95893,22.73,Kouvola Anjala,60.6965,26.81106,25.16,Virolahti Koivuniemi,60.5272,27.67274,27.83,Kotka Haapasaari,60.28676,27.18482,29.55,Pyhtää lentokenttä,60.48595,26.59209,32.29
Hammaslahti,HSL,62.430216,29.968366,Joensuu Linnunlahti,62.60179,29.72713,22.74,Tohmajärvi Kemie,62.23539,30.34662,29.17,Liperi Joensuu lentoasema,62.65695,29.63608,30.43,Ilomantsi Mekrijärvi,62.76942,30.97467,63.83,Savonlinna lentoasema,61.94638,28.93238,76.05
Hanala,HNA,60.339607,25.072363,Vantaa Helsinki-Vantaan lentoasema,60.32937,24.97274,5.6,Helsinki Malmi lentokenttä,60.25299,25.04549,9.74,Helsinki Vuosaari Käärmeniementie,60.21935,25.17268,14.47,Helsinki Vuosaari satama,60.20867,25.1959,16.07,Helsinki Kumpula,60.20307,24.96131,16.37
Hangonsaari,HGS,60.7992,21.360988,Kustavi Isokari,60.7222,21.02681,20.07,Rauma Pyynpää,61.13658,21.51518,38.43,Rauma Kylmäpihlaja,61.14475,21.30273,38.55,Turku Artukainen,60.45439,22.1787,58.81,Turku lentoasema,60.51565,22.27916,59.14
Hanhikoski,HNH,66.695831,27.219836,Kemijärvi lentokenttä,66.71556,27.15906,3.46,Pelkosenniemi Pyhätunturi,67.02191,27.21827,36.26,Rovaniemi Apukka,66.57944,26.01094,54.85,Rovaniemi lentoasema AWOS,66.57276,25.84848,62.0,Rovaniemi lentoasema,66.56236,25.83814,62.72
Hankasalmi,HKS,62.302807,26.478116,Jyväskylä lentoasema AWOS,62.39332,25.68862,41.97,Jyväskylä lentoasema,62.39758,25.67087,42.97,Joutsa Savenaho,61.87942,26.09478,51.13,Vesanto kirkonkylä,62.92178,26.4247,68.88,Varkaus Kosulanniemi,62.32221,27.90785,73.9
Hanko asema,HNK,59.826865,22.968291,Hanko Tulliniemi,59.80864,22.91246,3.72,Hanko Russarö,59.77363,22.94868,6.02,Hanko Tvärminne,59.84383,23.24859,15.77,Raasepori Jussarö,59.82076,23.57309,33.81,Kemiönsaari Kemiö,60.17123,22.75768,40.04
Hanko tavara,HNKT,59.828617,22.981473,Hanko Tulliniemi,59.80864,22.91246,4.45,Hanko Russarö,59.77363,22.94868,6.38,Hanko Tvärminne,59.84383,23.24859,15.02,Raasepori Jussarö,59.82076,23.57309,33.08,Kemiönsaari Kemiö,60.17123,22.75768,40.08
Hanko-Pohjoinen,HKP,59.830141,22.988361,Hanko Tulliniemi,59.80864,22.91246,4.87,Hanko Russarö,59.77363,22.94868,6.66,Hanko Tvärminne,59.84383,23.24859,14.62,Raasepori Jussarö,59.82076,23.57309,32.7,Kemiönsaari Kemiö,60.17123,22.75768,40.04
Harjavalta,HVA,61.309689,22.133261,Kokemäki Tulkkila,61.25294,22.34613,13.01,Pori lentoasema,61.46011,21.80839,24.06,Pori rautatieasema,61.47893,21.7832,26.49,Rauma Pyynpää,61.13658,21.51518,38.28,Rauma Kylmäpihlaja,61.14475,21.30273,48.09
Harju,HJ,60.940616,26.677153,Kouvola Utti lentoasema,60.89839,26.94882,15.41,Kouvola Anjala,60.6965,26.81106,28.1,Heinola Asemantaus,61.20008,26.04967,44.4,Pyhtää lentokenttä,60.48595,26.59209,50.77,Lahti Sopenkorpi,60.97465,25.6202,57.18
Harviala,HRV,60.95365,24.57693,Hämeenlinna Katinen,60.9992,24.49163,6.84,Hattula Lepaa,61.11454,24.32449,22.47,Hämeenlinna Lammi Pappila,61.05408,25.03844,27.27,Hyvinkää Hyvinkäänkylä,60.59589,24.80297,41.63,Mäntsälä Hirvihaara,60.62773,25.19342,49.32
Haukipudas,HD,65.195636,25.407075,Oulu Vihreäsaari satama,65.00637,25.39325,21.06,Oulu Kaukovainio,64.99685,25.52233,22.75,Oulu lentoasema,64.93503,25.3392,29.15,Hailuoto Keskikylä,65.01967,24.72758,37.34,Hailuoto Marjaniemi,65.03975,24.56118,43.21
Haukivuori,HAU,62.025658,27.202606,Mikkeli lentoasema,61.6886,27.20219,37.48,Mikkeli Lentoasema AWOS,61.68751,27.20671,37.6,Juva Partala,61.8923,27.88528,38.64,Varkaus Kosulanniemi,62.32221,27.90785,49.27,Joutsa Savenaho,61.87942,26.09478,60.16
Hausjärvi tavara,HAS,60.785411,25.014992,Mäntsälä Hirvihaara,60.62773,25.19342,20.04,Hyvinkää Hyvinkäänkylä,60.59589,24.80297,24.03,Hämeenlinna Lammi Pappila,61.05408,25.03844,29.9,Järvenpää Sorto,60.49825,25.06755,32.06,Hämeenlinna Katinen,60.9992,24.49163,36.97
Haviseva,HVS,61.550664,24.087374,Tampere Siilinkari,61.51757,23.75388,18.05,Tampere Härmälä,61.46561,23.74678,20.39,Pirkkala Tampere-Pirkkala lentoasema,61.4194,23.62256,28.67,Juupajoki Hyytiälä,61.84591,24.28696,34.47,Hattula Lepaa,61.11454,24.32449,50.12
Havukoski,HVK,60.308402,25.051833,Vantaa Helsinki-Vantaan lentoasema,60.32937,24.97274,4.94,Helsinki Malmi lentokenttä,60.25299,25.04549,6.17,Helsinki Vuosaari Käärmeniementie,60.21935,25.17268,11.94,Helsinki Kumpula,60.20307,24.96131,12.73,Helsinki Vuosaari satama,60.20867,25.1959,13.64
Heikkilä,HEK,60.121966,24.480906,Espoo Tapiola,60.17797,24.78743,18.07,Espoo Nuuksio,60.29128,24.56782,19.43,Kirkkonummi Mäkiluoto,59.91982,24.35023,23.62,Helsinki Kaisaniemi,60.17523,24.94459,26.34,Helsinki Harmaja,60.10512,24.97539,27.46
Heinola,HA,61.20317,26.046963,Heinola Asemantaus,61.20008,26.04967,0.37,Asikkala Pulkkilanharju,61.26521,25.52021,29.02,Lahti Sopenkorpi,60.97465,25.6202,34.23,Hämeenlinna Lammi Pappila,61.05408,25.03844,56.63,Kouvola Utti lentoasema,60.89839,26.94882,59.2
Heinoo,HNO,61.394254,22.971145,Pirkkala Tampere-Pirkkala lentoasema,61.4194,23.62256,34.78,Kokemäki Tulkkila,61.25294,22.34613,36.87,Tampere Härmälä,61.46561,23.74678,42.0,Tampere Siilinkari,61.51757,23.75388,43.79,Kankaanpää Niinisalo lentokenttä,61.83864,22.46368,56.22
Heinävaara,HÄV,62.55575,30.190207,Joensuu Linnunlahti,62.60179,29.72713,24.26,Liperi Joensuu lentoasema,62.65695,29.63608,30.5,Tohmajärvi Kemie,62.23539,30.34662,36.52,Ilomantsi Mekrijärvi,62.76942,30.97467,46.57,Ilomantsi Pötsönvaara,63.14166,31.04454,78.25
Heinävesi,HNV,62.382542,28.643419,Rantasalmi Rukkasluoto,62.06302,28.56618,35.75,Varkaus Kosulanniemi,62.32221,27.90785,38.54,Savonlinna lentoasema,61.94638,28.93238,50.77,Liperi Joensuu lentoasema,62.65695,29.63608,59.37,Kuopio Ritoniemi,62.79892,27.90495,59.77
Helsinki asema,HKI,60.171356,24.941444,Helsinki Kaisaniemi,60.17523,24.94459,0.46,Helsinki Kumpula,60.20307,24.96131,3.69,Helsinki Harmaja,60.10512,24.97539,7.6,Espoo Tapiola,60.17797,24.78743,8.55,Helsinki Malmi lentokenttä,60.25299,25.04549,10.74
Helsinki Kivihaka,KHK,60.209813,24.917191,Helsinki Kumpula,60.20307,24.96131,2.55,Helsinki Kaisaniemi,60.17523,24.94459,4.13,Espoo Tapiola,60.17797,24.78743,8.0,Helsinki Malmi lentokenttä,60.25299,25.04549,8.56,Helsinki Harmaja,60.10512,24.97539,12.08
Helsinki Louhenpuisto,LOP,60.20884,24.93398,Helsinki Kumpula,60.20307,24.96131,1.64,Helsinki Kaisaniemi,60.17523,24.94459,3.78,Helsinki Malmi lentokenttä,60.25299,25.04549,7.87,Espoo Tapiola,60.17797,24.78743,8.8,Helsinki Harmaja,60.10512,24.97539,11.76
Helsinki Veräjälaakso,VRJ,60.231999,24.973708,Helsinki Kumpula,60.20307,24.96131,3.29,Helsinki Malmi lentokenttä,60.25299,25.04549,4.6,Helsinki Kaisaniemi,60.17523,24.94459,6.51,Vantaa Helsinki-Vantaan lentoasema,60.32937,24.97274,10.83,Helsinki Vuosaari Käärmeniementie,60.21935,25.17268,11.08
Henna,HNN,60.799132,25.494389,Lahti Sopenkorpi,60.97465,25.6202,20.67,Mäntsälä Hirvihaara,60.62773,25.19342,25.12,Hämeenlinna Lammi Pappila,61.05408,25.03844,37.56,Järvenpää Sorto,60.49825,25.06755,40.75,Hyvinkää Hyvinkäänkylä,60.59589,24.80297,43.89
Herrala,HR,60.896944,25.475624,Lahti Sopenkorpi,60.97465,25.6202,11.65,Hämeenlinna Lammi Pappila,61.05408,25.03844,29.35,Mäntsälä Hirvihaara,60.62773,25.19342,33.63,Asikkala Pulkkilanharju,61.26521,25.52021,41.02,Heinola Asemantaus,61.20008,26.04967,45.73
Hiekkaharju,HKH,60.303067,25.049296,Vantaa Helsinki-Vantaan lentoasema,60.32937,24.97274,5.13,Helsinki Malmi lentokenttä,60.25299,25.04549,5.57,Helsinki Vuosaari Käärmeniementie,60.21935,25.17268,11.53,Helsinki Kumpula,60.20307,24.96131,12.13,Helsinki Vuosaari satama,60.20867,25.1959,13.25
Hiirola,HIR,61.808118,27.315826,Mikkeli lentoasema,61.6886,27.20219,14.57,Mikkeli Lentoasema AWOS,61.68751,27.20671,14.59,Juva Partala,61.8923,27.88528,31.31,Puumala kirkonkylä,61.52242,28.18491,55.79,Joutsa Savenaho,61.87942,26.09478,64.56
Hikiä,HK,60.752588,24.919201,Hyvinkää Hyvinkäänkylä,60.59589,24.80297,18.54,Mäntsälä Hirvihaara,60.62773,25.19342,20.39,Järvenpää Sorto,60.49825,25.06755,29.42,Hämeenlinna Lammi Pappila,61.05408,25.03844,34.14,Hämeenlinna Katinen,60.9992,24.49163,35.88
Hillosensalmi,HLS,61.193088,26.789163,Kouvola Utti lentoasema,60.89839,26.94882,33.88,Heinola Asemantaus,61.20008,26.04967,39.63,Kouvola Anjala,60.6965,26.81106,55.23,Mikkeli Lentoasema AWOS,61.68751,27.20671,59.29,Mikkeli lentoasema,61.6886,27.20219,59.31
Hinthaara,HH,60.399764,25.477951,Porvoo Harabacka,60.39172,25.6073,7.16,Porvoo Kilpilahti satama,60.30373,25.54916,11.37,Porvoo Emäsalo,60.20382,25.62546,23.25,Järvenpää Sorto,60.49825,25.06755,25.03,Helsinki Vuosaari Käärmeniementie,60.21935,25.17268,26.18
Hirvineva,HVN,64.733984,25.227499,Siikajoki Ruukki,64.68421,25.08919,8.59,Oulu lentoasema,64.93503,25.3392,22.97,Oulu Vihreäsaari satama,65.00637,25.39325,31.28,Oulu Kaukovainio,64.99685,25.52233,32.38,Hailuoto Keskikylä,65.01967,24.72758,39.57
Humppila,HP,60.919507,23.362536,Jokioinen Ilmala,60.81397,23.49825,13.85,Somero Salkola,60.64668,23.80559,38.71,Salo Kiikala lentokenttä,60.46415,23.64976,52.99,Hattula Lepaa,61.11454,24.32449,56.18,Pirkkala Tampere-Pirkkala lentoasema,61.4194,23.62256,57.31
Huopalahti,HPL,60.21835,24.893523,Helsinki Kumpula,60.20307,24.96131,4.11,Helsinki Kaisaniemi,60.17523,24.94459,5.56,Espoo Tapiola,60.17797,24.78743,7.38,Helsinki Malmi lentokenttä,60.25299,25.04549,9.23,Vantaa Helsinki-Vantaan lentoasema,60.32937,24.97274,13.09
Huutokoski,HKO,62.210069,27.68887,Varkaus Kosulanniemi,62.32221,27.90785,16.85,Juva Partala,61.8923,27.88528,36.79,Rantasalmi Rukkasluoto,62.06302,28.56618,48.44,Mikkeli lentoasema,61.6886,27.20219,63.32,Mikkeli Lentoasema AWOS,61.68751,27.20671,63.34
Hyrkäs,HYR,64.788806,26.22007,Vaala Pelso,64.50144,26.42386,33.39,Oulu Kaukovainio,64.99685,25.52233,40.24,Oulu lentoasema,64.93503,25.3392,44.67,Oulu Vihreäsaari satama,65.00637,25.39325,45.9,Siikajoki Ruukki,64.68421,25.08919,54.91
Hyrynsalmi,HYS,64.683757,28.462708,Puolanka Paljakka,64.66392,28.0567,19.44,Suomussalmi Pesiö,64.93125,28.74672,30.63,Kajaani lentoasema,64.2829,27.67114,58.52,Kajaani Petäisenniska,64.21678,27.75194,62.11,Sotkamo Kuolaniemi,64.11197,28.33639,63.87
Hyvinkää asema,HY,60.63126,24.857481,Hyvinkää Hyvinkäänkylä,60.59589,24.80297,4.93,Mäntsälä Hirvihaara,60.62773,25.19342,18.33,Järvenpää Sorto,60.49825,25.06755,18.72,Vantaa Helsinki-Vantaan lentoasema,60.32937,24.97274,34.16,Vihti Maasoja,60.41875,24.39862,34.48
Hyvinkää Paavola,PVL,60.650153,24.840155,Hyvinkää Hyvinkäänkylä,60.59589,24.80297,6.37,Mäntsälä Hirvihaara,60.62773,25.19342,19.42,Järvenpää Sorto,60.49825,25.06755,20.97,Vihti Maasoja,60.41875,24.39862,35.29,Vantaa Helsinki-Vantaan lentoasema,60.32937,24.97274,36.4
Hyvinkää tavara,HYT,60.625655,24.846961,Hyvinkää Hyvinkäänkylä,60.59589,24.80297,4.09,Järvenpää Sorto,60.49825,25.06755,18.6,Mäntsälä Hirvihaara,60.62773,25.19342,18.9,Vihti Maasoja,60.41875,24.39862,33.63,Vantaa Helsinki-Vantaan lentoasema,60.32937,24.97274,33.66
Hämeenlinna,HL,61.002368,24.478851,Hämeenlinna Katinen,60.9992,24.49163,0.77,Hattula Lepaa,61.11454,24.32449,14.99,Hämeenlinna Lammi Pappila,61.05408,25.03844,30.68,Hyvinkää Hyvinkäänkylä,60.59589,24.80297,48.5,Somero Salkola,60.64668,23.80559,53.82
Härmä,HM,63.234321,22.876631,Kauhava lentokenttä,63.12033,23.04364,15.19,Seinäjoki Pelmaa,62.93808,22.48878,38.29,Kruunupyy Kokkola-Pietarsaari lentoasema,63.72655,23.14359,56.32,Vaasa lentoasema,63.05858,21.7546,59.65,Pietarsaari Kallan,63.75144,22.52282,60.12
Höljäkkä,HÖL,63.454874,29.44413,Juuka Niemelä,63.23236,29.23397,26.87,Lieksa Lampela,63.32108,30.04578,33.46,Nurmes Valtimo,63.6673,28.82927,38.53,Rautavaara Ylä-Luosta,63.37806,28.66166,39.86,Ilomantsi Pötsönvaara,63.14166,31.04454,87.22
Ii,II,65.318819,25.441902,Oulu Vihreäsaari satama,65.00637,25.39325,34.82,Oulu Kaukovainio,64.99685,25.52233,36.0,Oulu lentoasema,64.93503,25.3392,42.94,Hailuoto Keskikylä,65.01967,24.72758,47.11,Hailuoto Marjaniemi,65.03975,24.56118,51.51
Iisalmen teollisuusraiteet,ITR,63.545757,27.213924,Vieremä Kaarakkala,63.8409,27.22061,32.82,Kuopio Maaninka,63.14343,27.31317,45.01,Sotkamo Tuhkakylä,63.99618,28.05972,65.08,Siilinjärvi Kuopio lentoasema,62.99842,27.80817,67.73,Rautavaara Ylä-Luosta,63.37806,28.66166,74.3
Iisalmi,ILM,63.560099,27.201109,Vieremä Kaarakkala,63.8409,27.22061,31.24,Kuopio Maaninka,63.14343,27.31317,46.67,Sotkamo Tuhkakylä,63.99618,28.05972,64.27,Siilinjärvi Kuopio lentoasema,62.99842,27.80817,69.44,Rautavaara Ylä-Luosta,63.37806,28.66166,75.31
Iisalmi (R983),R983,63.584516,27.190402,Vieremä Kaarakkala,63.8409,27.22061,28.55,Kuopio Maaninka,63.14343,27.31317,49.43,Sotkamo Tuhkakylä,63.99618,28.05972,62.59,Siilinjärvi Kuopio lentoasema,62.99842,27.80817,72.11,Pyhäjärvi Ojakylä,63.73589,25.70573,75.16
Iittala,ITA,61.090616,24.140789,Hattula Lepaa,61.11454,24.32449,10.22,Hämeenlinna Katinen,60.9992,24.49163,21.45,Pirkkala Tampere-Pirkkala lentoasema,61.4194,23.62256,45.88,Jokioinen Ilmala,60.81397,23.49825,46.36,Tampere Härmälä,61.46561,23.74678,46.71
Ilmala asema,ILA,60.208134,24.920636,Helsinki Kumpula,60.20307,24.96131,2.32,Helsinki Kaisaniemi,60.17523,24.94459,3.89,Espoo Tapiola,60.17797,24.78743,8.09,Helsinki Malmi lentokenttä,60.25299,25.04549,8.51,Helsinki Harmaja,60.10512,24.97539,11.85
Ilmala ratapiha,ILR,60.21312,24.928154,Helsinki Kumpula,60.20307,24.96131,2.15,Helsinki Kaisaniemi,60.17523,24.94459,4.31,Helsinki Malmi lentokenttä,60.25299,25.04549,7.85,Espoo Tapiola,60.17797,24.78743,8.7,Helsinki Harmaja,60.10512,24.97539,12.29
Ilola,IOA,61.229936,23.875154,Pirkkala Tampere-Pirkkala lentoasema,61.4194,23.62256,25.01,Tampere Härmälä,61.46561,23.74678,27.08,Hattula Lepaa,61.11454,24.32449,27.3,Tampere Siilinkari,61.51757,23.75388,32.63,Hämeenlinna Katinen,60.9992,24.49163,41.89
Ilomantsi,ILO,62.666381,30.941562,Ilomantsi Mekrijärvi,62.76942,30.97467,11.58,Ilomantsi Pötsönvaara,63.14166,31.04454,53.11,Tohmajärvi Kemie,62.23539,30.34662,56.86,Joensuu Linnunlahti,62.60179,29.72713,62.49,Liperi Joensuu lentoasema,62.65695,29.63608,66.67
Imatra asema,IMR,61.195914,28.776017,Lappeenranta Hiekkapakka,61.1982,28.47308,16.23,Lappeenranta Konnunsuo,61.03879,28.56395,20.86,Lappeenranta lentoasema,61.0403,28.12916,38.81,Parikkala Koitsanlahti,61.44467,29.46108,45.84,Puumala kirkonkylä,61.52242,28.18491,48.07
Imatra tavara,IMT,61.208116,28.812093,Lappeenranta Hiekkapakka,61.1982,28.47308,18.19,Lappeenranta Konnunsuo,61.03879,28.56395,23.07,Lappeenranta lentoasema,61.0403,28.12916,41.15,Parikkala Koitsanlahti,61.44467,29.46108,43.48,Puumala kirkonkylä,61.52242,28.18491,48.36
Imatrankoski,IMK,61.170432,28.788045,Lappeenranta Hiekkapakka,61.1982,28.47308,17.16,Lappeenranta Konnunsuo,61.03879,28.56395,18.95,Lappeenranta lentoasema,61.0403,28.12916,38.24,Parikkala Koitsanlahti,61.44467,29.46108,47.13,Puumala kirkonkylä,61.52242,28.18491,50.66
Imatrankoski-raja,IMKR,61.124973,28.831782,Lappeenranta Konnunsuo,61.03879,28.56395,17.3,Lappeenranta Hiekkapakka,61.1982,28.47308,20.89,Lappeenranta lentoasema,61.0403,28.12916,38.93,Parikkala Koitsanlahti,61.44467,29.46108,48.93,Puumala kirkonkylä,61.52242,28.18491,56.08
Immola,IM,61.246855,28.883766,Lappeenranta Hiekkapakka,61.1982,28.47308,22.64,Lappeenranta Konnunsuo,61.03879,28.56395,28.81,Parikkala Koitsanlahti,61.44467,29.46108,37.83,Lappeenranta lentoasema,61.0403,28.12916,46.56,Puumala kirkonkylä,61.52242,28.18491,48.21
Inha,IN,62.550706,24.146053,Ähtäri Inha,62.55461,24.14239,0.47,Multia Karhila,62.51044,24.80764,34.23,Virrat Äijänneva,62.32783,23.54228,39.74,Alajärvi Möksy,63.08898,24.26084,60.14,Ilmajoki Seinäjoki lentoasema,62.68571,22.84272,68.32
Inkeroinen,IKR,60.696674,26.839178,Kouvola Anjala,60.6965,26.81106,1.53,Kouvola Utti lentoasema,60.89839,26.94882,23.21,Pyhtää lentokenttä,60.48595,26.59209,27.04,Kotka Rankki,60.37538,26.95893,36.32,Virolahti Koivuniemi,60.5272,27.67274,49.23
Inkoo,IKO,60.061511,23.93585,Inkoo Jakobramsjö,59.99464,23.9956,8.14,Inkoo Bågaskär,59.93114,24.01408,15.14,Lohja Porla,60.24446,24.04951,21.29,Kirkkonummi Mäkiluoto,59.91982,24.35023,27.92,Raasepori Jussarö,59.82076,23.57309,33.54
Isokyrö,IKY,62.951072,22.394797,Seinäjoki Pelmaa,62.93808,22.48878,4.97,Vaasa lentoasema,63.05858,21.7546,34.45,Ilmajoki Seinäjoki lentoasema,62.68571,22.84272,37.26,Kauhava lentokenttä,63.12033,23.04364,37.74,Vaasa Klemettilä,63.09871,21.63938,41.49
Jalasjärvi,JAL,62.472534,22.954266,Ilmajoki Seinäjoki lentoasema,62.68571,22.84272,24.38,Karvia Alkkia,62.18329,22.79983,33.14,Virrat Äijänneva,62.32783,23.54228,34.3,Kauhajoki Kuja-Kokko,62.41345,22.18372,40.18,Seinäjoki Pelmaa,62.93808,22.48878,56.95
Jepua,JPA,63.408383,22.655272,Kauhava lentokenttä,63.12033,23.04364,37.46,Pietarsaari Kallan,63.75144,22.52282,38.71,Kruunupyy Kokkola-Pietarsaari lentoasema,63.72655,23.14359,42.85,Kokkola Santahaka,63.83882,23.09715,52.6,Seinäjoki Pelmaa,62.93808,22.48878,52.96
Joensuu asema,JNS,62.599536,29.777033,Joensuu Linnunlahti,62.60179,29.72713,2.57,Liperi Joensuu lentoasema,62.65695,29.63608,9.63,Tohmajärvi Kemie,62.23539,30.34662,50.0,Ilomantsi Mekrijärvi,62.76942,30.97467,63.96,Juuka Niemelä,63.23236,29.23397,75.55
Joensuu Koppola,KPP,62.572314,29.79147,Joensuu Linnunlahti,62.60179,29.72713,4.65,Liperi Joensuu lentoasema,62.65695,29.63608,12.32,Tohmajärvi Kemie,62.23539,30.34662,47.13,Ilomantsi Mekrijärvi,62.76942,30.97467,64.25,Juuka Niemelä,63.23236,29.23397,78.64
Joensuu Peltola,PLT,62.593453,29.771729,Joensuu Linnunlahti,62.60179,29.72713,2.46,Liperi Joensuu lentoasema,62.65695,29.63608,9.9,Tohmajärvi Kemie,62.23539,30.34662,49.61,Ilomantsi Mekrijärvi,62.76942,30.97467,64.43,Juuka Niemelä,63.23236,29.23397,76.08
Joensuu Sulkulahti,SUL,62.58571,29.775371,Joensuu Linnunlahti,62.60179,29.72713,3.05,Liperi Joensuu lentoasema,62.65695,29.63608,10.65,Tohmajärvi Kemie,62.23539,30.34662,48.81,Ilomantsi Mekrijärvi,62.76942,30.97467,64.53,Juuka Niemelä,63.23236,29.23397,76.95
Jokela,JK,60.552798,24.970682,Järvenpää Sorto,60.49825,25.06755,8.05,Hyvinkää Hyvinkäänkylä,60.59589,24.80297,10.34,Mäntsälä Hirvihaara,60.62773,25.19342,14.74,Vantaa Helsinki-Vantaan lentoasema,60.32937,24.97274,24.84,Helsinki Malmi lentokenttä,60.25299,25.04549,33.59
Joroinen,JOR,62.17479,27.808684,Varkaus Kosulanniemi,62.32221,27.90785,17.18,Juva Partala,61.8923,27.88528,31.66,Rantasalmi Rukkasluoto,62.06302,28.56618,41.3,Mikkeli Lentoasema AWOS,61.68751,27.20671,62.67,Mikkeli lentoasema,61.6886,27.20219,62.69
Jorvas,JRS,60.137885,24.512776,Espoo Tapiola,60.17797,24.78743,15.84,Espoo Nuuksio,60.29128,24.56782,17.33,Helsinki Kaisaniemi,60.17523,24.94459,24.25,Helsinki Kumpula,60.20307,24.96131,25.85,Kirkkonummi Mäkiluoto,59.91982,24.35023,25.87
Joutseno,JTS,61.120291,28.488252,Lappeenranta Hiekkapakka,61.1982,28.47308,8.7,Lappeenranta Konnunsuo,61.03879,28.56395,9.93,Lappeenranta lentoasema,61.0403,28.12916,21.26,Puumala kirkonkylä,61.52242,28.18491,47.55,Parikkala Koitsanlahti,61.44467,29.46108,63.26
Juankoski,JKI,63.063182,28.318074,Siilinjärvi Kuopio lentoasema,62.99842,27.80817,26.7,Kuopio Ritoniemi,62.79892,27.90495,36.06,Rautavaara Ylä-Luosta,63.37806,28.66166,39.02,Kuopio Savilahti,62.89256,27.63331,39.45,Juuka Niemelä,63.23236,29.23397,49.7
Jutila,JUT,60.837131,25.123661,Mäntsälä Hirvihaara,60.62773,25.19342,23.59,Hämeenlinna Lammi Pappila,61.05408,25.03844,24.56,Lahti Sopenkorpi,60.97465,25.6202,30.9,Hyvinkää Hyvinkäänkylä,60.59589,24.80297,32.0,Järvenpää Sorto,60.49825,25.06755,37.81
Juupajoki,JJ,61.796788,24.365046,Juupajoki Hyytiälä,61.84591,24.28696,6.83,Jämsä Halli lentoasema,61.85551,24.80459,23.98,Tampere Siilinkari,61.51757,23.75388,44.78,Tampere Härmälä,61.46561,23.74678,49.22,Pirkkala Tampere-Pirkkala lentoasema,61.4194,23.62256,57.46
Juurikorpi,JRI,60.604162,26.938127,Kouvola Anjala,60.6965,26.81106,12.38,Pyhtää lentokenttä,60.48595,26.59209,23.04,Kotka Rankki,60.37538,26.95893,25.46,Kouvola Utti lentoasema,60.89839,26.94882,32.72,Kotka Haapasaari,60.28676,27.18482,37.8
Jyväskylä,JY,62.241455,25.754984,Jyväskylä lentoasema AWOS,62.39332,25.68862,17.23,Jyväskylä lentoasema,62.39758,25.67087,17.9,Joutsa Savenaho,61.87942,26.09478,43.98,Multia Karhila,62.51044,24.80764,57.27,Luhanka Judinsalo,61.70448,25.50529,61.12
Jämsä,JÄS,61.865627,25.173294,Jämsä Halli lentoasema,61.85551,24.80459,19.37,Luhanka Judinsalo,61.70448,25.50529,25.01,Juupajoki Hyytiälä,61.84591,24.28696,46.54,Joutsa Savenaho,61.87942,26.09478,48.33,Jyväskylä lentoasema AWOS,62.39332,25.68862,64.5
Jämsänkoski,JSK,61.89613,25.171247,Jämsä Halli lentoasema,61.85551,24.80459,19.74,Luhanka Judinsalo,61.70448,25.50529,27.61,Juupajoki Hyytiälä,61.84591,24.28696,46.69,Joutsa Savenaho,61.87942,26.09478,48.42,Jyväskylä lentoasema AWOS,62.39332,25.68862,61.47
Järvelä,JR,60.867325,25.274659,Lahti Sopenkorpi,60.97465,25.6202,22.16,Hämeenlinna Lammi Pappila,61.05408,25.03844,24.37,Mäntsälä Hirvihaara,60.62773,25.19342,27.0,Hyvinkää Hyvinkäänkylä,60.59589,24.80297,39.6,Järvenpää Sorto,60.49825,25.06755,42.56
Järvenpää asema,JP,60.473684,25.090796,Järvenpää Sorto,60.49825,25.06755,3.01,Vantaa Helsinki-Vantaan lentoasema,60.32937,24.97274,17.31,Mäntsälä Hirvihaara,60.62773,25.19342,18.02,Hyvinkää Hyvinkäänkylä,60.59589,24.80297,20.8,Helsinki Malmi lentokenttä,60.25299,25.04549,24.67
Kaipiainen,KPA,60.900137,27.117721,Kouvola Utti lentoasema,60.89839,26.94882,9.14,Kouvola Anjala,60.6965,26.81106,28.1,Virolahti Koivuniemi,60.5272,27.67274,51.29,Pyhtää lentokenttä,60.48595,26.59209,54.22,Lappeenranta lentoasema,61.0403,28.12916,56.76
Kaipola,KLA,61.816678,25.214721,Luhanka Judinsalo,61.70448,25.50529,19.73,Jämsä Halli lentoasema,61.85551,24.80459,21.95,Joutsa Savenaho,61.87942,26.09478,46.69,Juupajoki Hyytiälä,61.84591,24.28696,48.81,Asikkala Pulkkilanharju,61.26521,25.52021,63.42
Kaitjärvi,KJR,60.910768,27.346311,Kouvola Utti lentoasema,60.89839,26.94882,21.54,Kouvola Anjala,60.6965,26.81106,37.56,Lappeenranta lentoasema,61.0403,28.12916,44.62,Virolahti Koivuniemi,60.5272,27.67274,46.2,Pyhtää lentokenttä,60.48595,26.59209,62.58
Kajaani,KAJ,64.219716,27.738374,Kajaani Petäisenniska,64.21678,27.75194,0.73,Kajaani lentoasema,64.2829,27.67114,7.74,Sotkamo Tuhkakylä,63.99618,28.05972,29.35,Sotkamo Kuolaniemi,64.11197,28.33639,31.36,Vieremä Kaarakkala,63.8409,27.22061,49.09
Kaleton,KTN,62.239687,24.791661,Multia Karhila,62.51044,24.80764,30.12,Jämsä Halli lentoasema,61.85551,24.80459,42.72,Ähtäri Inha,62.55461,24.14239,48.43,Jyväskylä lentoasema,62.39758,25.67087,48.69,Jyväskylä lentoasema AWOS,62.39332,25.68862,49.38
Kalkku,KAU,61.496551,23.572333,Pirkkala Tampere-Pirkkala lentoasema,61.4194,23.62256,8.98,Tampere Härmälä,61.46561,23.74678,9.88,Tampere Siilinkari,61.51757,23.75388,9.91,Juupajoki Hyytiälä,61.84591,24.28696,54.14,Hattula Lepaa,61.11454,24.32449,58.45
Kalliovarasto,KAO,64.281152,27.909191,Kajaani Petäisenniska,64.21678,27.75194,10.44,Kajaani lentoasema,64.2829,27.67114,11.49,Sotkamo Kuolaniemi,64.11197,28.33639,27.95,Sotkamo Tuhkakylä,63.99618,28.05972,32.52,Puolanka Paljakka,64.66392,28.0567,43.14
Kalvitsa,KSA,61.910592,27.285129,Mikkeli lentoasema,61.6886,27.20219,25.07,Mikkeli Lentoasema AWOS,61.68751,27.20671,25.15,Juva Partala,61.8923,27.88528,31.5,Varkaus Kosulanniemi,62.32221,27.90785,56.07,Joutsa Savenaho,61.87942,26.09478,62.45
Kangas,KGS,64.143616,24.71276,Ylivieska lentokenttä,64.05029,24.72468,10.39,Haapavesi Mustikkamäki,64.14263,25.42335,34.46,Toholampi Laitala,63.82133,24.16323,44.75,Raahe Lapaluoto satama,64.66589,24.40695,59.9,Siikajoki Ruukki,64.68421,25.08919,62.77
Kannelmäki,KAN,60.239562,24.877004,Helsinki Kumpula,60.20307,24.96131,6.18,Helsinki Kaisaniemi,60.17523,24.94459,8.07,Espoo Tapiola,60.17797,24.78743,8.45,Helsinki Malmi lentokenttä,60.25299,25.04549,9.42,Vantaa Helsinki-Vantaan lentoasema,60.32937,24.97274,11.29
Kannonkoski,KSI,62.983598,25.270005,Viitasaari Haapaniemi,63.08225,25.85862,31.64,Alajärvi Möksy,63.08898,24.26084,52.21,Multia Karhila,62.51044,24.80764,57.64,Vesanto kirkonkylä,62.92178,26.4247,58.79,Halsua Purola,63.44564,24.44422,65.97
Kannus,KNS,63.898425,23.915361,Toholampi Laitala,63.82133,24.16323,14.86,Kokkola Santahaka,63.83882,23.09715,40.61,Kruunupyy Kokkola-Pietarsaari lentoasema,63.72655,23.14359,42.42,Ylivieska lentokenttä,64.05029,24.72468,42.95,Kokkola Tankar,63.95114,22.84537,52.62
Karhejärvi,KRR,61.750017,23.390356,Tampere Siilinkari,61.51757,23.75388,32.2,Tampere Härmälä,61.46561,23.74678,36.81,Pirkkala Tampere-Pirkkala lentoasema,61.4194,23.62256,38.76,Juupajoki Hyytiälä,61.84591,24.28696,48.31,Kankaanpää Niinisalo lentokenttä,61.83864,22.46368,49.69
Karhukangas,KHG,64.024376,24.43962,Ylivieska lentokenttä,64.05029,24.72468,14.17,Toholampi Laitala,63.82133,24.16323,26.31,Haapavesi Mustikkamäki,64.14263,25.42335,49.58,Kalajoki Ulkokalla,64.33073,23.44627,58.95,Halsua Purola,63.44564,24.44422,64.35
Karjaa,KR,60.068724,23.66126,Inkoo Jakobramsjö,59.99464,23.9956,20.32,Inkoo Bågaskär,59.93114,24.01408,24.88,Raasepori Jussarö,59.82076,23.57309,28.01,Lohja Porla,60.24446,24.04951,29.04,Hanko Tvärminne,59.84383,23.24859,33.96
Karkku,KRU,61.443314,23.049129,Pirkkala Tampere-Pirkkala lentoasema,61.4194,23.62256,30.61,Tampere Härmälä,61.46561,23.74678,37.15,Tampere Siilinkari,61.51757,23.75388,38.32,Kokemäki Tulkkila,61.25294,22.34613,43.05,Kankaanpää Niinisalo lentokenttä,61.83864,22.46368,53.74
Karviainen,KAR,60.62317,22.558744,Turku lentoasema,60.51565,22.27916,19.4,Kaarina Yltöinen,60.3869,22.55183,26.27,Turku Artukainen,60.45439,22.1787,28.0,Turku Rajakari,60.37788,22.0964,37.21,Salo Kärkkä,60.37392,23.11292,41.1
Kaskinen,KSK,62.381061,21.229972,Kaskinen Sälgrund,62.33382,21.19081,5.63,Kristiinankaupunki Majakka,62.20324,21.16983,20.02,Kauhajoki Kuja-Kokko,62.41345,22.18372,49.27,Korsnäs Bredskäret,62.93488,21.18485,61.63,Maalahti Strömmingsbådan,62.97839,20.74008,70.97
Kattilaharju,KTH,60.880135,26.959698,Kouvola Utti lentoasema,60.89839,26.94882,2.11,Kouvola Anjala,60.6965,26.81106,21.95,Pyhtää lentokenttä,60.48595,26.59209,48.18,Virolahti Koivuniemi,60.5272,27.67274,55.18,Kotka Rankki,60.37538,26.95893,56.13
Kauhajoki,KJI,62.459927,22.211614,Kauhajoki Kuja-Kokko,62.41345,22.18372,5.36,Ilmajoki Seinäjoki lentoasema,62.68571,22.84272,40.93,Karvia Alkkia,62.18329,22.79983,43.23,Kaskinen Sälgrund,62.33382,21.19081,54.43,Seinäjoki Pelmaa,62.93808,22.48878,55.02
Kauhava,KHA,63.099643,23.0353,Kauhava lentokenttä,63.12033,23.04364,2.34,Seinäjoki Pelmaa,62.93808,22.48878,32.91,Ilmajoki Seinäjoki lentoasema,62.68571,22.84272,47.05,Alajärvi Möksy,63.08898,24.26084,61.68,Vaasa lentoasema,63.05858,21.7546,64.64
Kauklahti asema,KLH,60.189456,24.600354,Espoo Tapiola,60.17797,24.78743,10.42,Espoo Nuuksio,60.29128,24.56782,11.46,Helsinki Kaisaniemi,60.17523,24.94459,19.1,Helsinki Kumpula,60.20307,24.96131,20.01,Helsinki Harmaja,60.10512,24.97539,22.78
Kaulinranta,KLR,66.466907,23.712767,Pello kirkonkylä,66.77278,23.96303,35.76,Ylitornio Meltosjärvi,66.52952,24.6496,42.12,Tervola Loue,66.15352,24.99031,66.87,Tornio Kaakkuri,65.84733,24.17369,71.94,Kemi Kemi-Tornio lentoasema,65.78944,24.58278,84.9
Kauniainen,KNI,60.211939,24.730884,Espoo Tapiola,60.17797,24.78743,4.9,Helsinki Kaisaniemi,60.17523,24.94459,12.5,Espoo Nuuksio,60.29128,24.56782,12.6,Helsinki Kumpula,60.20307,24.96131,12.77,Helsinki Malmi lentokenttä,60.25299,25.04549,17.96
Kauppilanmäki,KPL,63.709557,27.227847,Vieremä Kaarakkala,63.8409,27.22061,14.61,Sotkamo Tuhkakylä,63.99618,28.05972,51.74,Kajaani Petäisenniska,64.21678,27.75194,61.93,Kuopio Maaninka,63.14343,27.31317,63.09,Kajaani lentoasema,64.2829,27.67114,67.32
Kausala,KA,60.885347,26.329366,Kouvola Anjala,60.6965,26.81106,33.53,Kouvola Utti lentoasema,60.89839,26.94882,33.54,Heinola Asemantaus,61.20008,26.04967,38.1,Lahti Sopenkorpi,60.97465,25.6202,39.58,Pyhtää lentokenttä,60.48595,26.59209,46.66
Keitelepohja,KTP,63.192764,25.54797,Viitasaari Haapaniemi,63.08225,25.85862,19.87,Vesanto kirkonkylä,62.92178,26.4247,53.47,Pyhäjärvi Ojakylä,63.73589,25.70573,60.9,Halsua Purola,63.44564,24.44422,61.87,Alajärvi Möksy,63.08898,24.26084,65.68
Kekomäki,KEK,60.750527,24.911994,Hyvinkää Hyvinkäänkylä,60.59589,24.80297,18.19,Mäntsälä Hirvihaara,60.62773,25.19342,20.52,Järvenpää Sorto,60.49825,25.06755,29.31,Hämeenlinna Lammi Pappila,61.05408,25.03844,34.44,Hämeenlinna Katinen,60.9992,24.49163,35.81
Kello,KEO,65.126161,25.416081,Oulu Vihreäsaari satama,65.00637,25.39325,13.36,Oulu Kaukovainio,64.99685,25.52233,15.22,Oulu lentoasema,64.93503,25.3392,21.56,Hailuoto Keskikylä,65.01967,24.72758,34.37,Hailuoto Marjaniemi,65.03975,24.56118,41.19
Kemi asema,KEM,65.736749,24.574339,Kemi Kemi-Tornio lentoasema,65.78944,24.58278,5.87,Kemi Ajos,65.67318,24.51519,7.57,Tornio Kaakkuri,65.84733,24.17369,22.02,Kemi I majakka,65.38508,24.09568,44.88,Tervola Loue,66.15352,24.99031,50.03
Kemi Lautiosaari,LI,65.779047,24.565183,Kemi Kemi-Tornio lentoasema,65.78944,24.58278,1.41,Kemi Ajos,65.67318,24.51519,11.99,Tornio Kaakkuri,65.84733,24.17369,19.38,Tervola Loue,66.15352,24.99031,45.87,Kemi I majakka,65.38508,24.09568,48.83
Kemi Sahansaari,SHS,65.757307,24.550275,Kemi Kemi-Tornio lentoasema,65.78944,24.58278,3.87,Kemi Ajos,65.67318,24.51519,9.49,Tornio Kaakkuri,65.84733,24.17369,19.87,Kemi I majakka,65.38508,24.09568,46.37,Tervola Loue,66.15352,24.99031,48.36
Kemijärvi,KJÄ,66.724273,27.403715,Kemijärvi lentokenttä,66.71556,27.15906,10.8,Pelkosenniemi Pyhätunturi,67.02191,27.21827,34.07,Salla kirkonkylä,66.8166,28.68829,57.26,Rovaniemi Apukka,66.57944,26.01094,63.45,Rovaniemi lentoasema AWOS,66.57276,25.84848,70.58
Kempele,KML,64.912904,25.514546,Oulu lentoasema,64.93503,25.3392,8.62,Oulu Kaukovainio,64.99685,25.52233,9.34,Oulu Vihreäsaari satama,65.00637,25.39325,11.86,Siikajoki Ruukki,64.68421,25.08919,32.44,Hailuoto Keskikylä,65.01967,24.72758,38.88
Kera,KEA,60.216573,24.75564,Espoo Tapiola,60.17797,24.78743,4.64,Helsinki Kaisaniemi,60.17523,24.94459,11.41,Helsinki Kumpula,60.20307,24.96131,11.46,Espoo Nuuksio,60.29128,24.56782,13.28,Helsinki Malmi lentokenttä,60.25299,25.04549,16.5
Kerava (R660),R660,60.41984,25.113371,Järvenpää Sorto,60.49825,25.06755,9.07,Vantaa Helsinki-Vantaan lentoasema,60.32937,24.97274,12.69,Helsinki Malmi lentokenttä,60.25299,25.04549,18.93,Helsinki Vuosaari Käärmeniementie,60.21935,25.17268,22.53,Mäntsälä Hirvihaara,60.62773,25.19342,23.53
Kerava asema,KE,60.404297,25.106028,Järvenpää Sorto,60.49825,25.06755,10.66,Vantaa Helsinki-Vantaan lentoasema,60.32937,24.97274,11.1,Helsinki Malmi lentokenttä,60.25299,25.04549,17.15,Helsinki Vuosaari Käärmeniementie,60.21935,25.17268,20.89,Helsinki Vuosaari satama,60.20867,25.1959,22.31
Kerimäki,KIÄ,61.861412,29.114053,Savonlinna Punkaharju Laukansaari,61.80186,29.31506,12.46,Savonlinna lentoasema,61.94638,28.93238,13.41,Rantasalmi Rukkasluoto,62.06302,28.56618,36.37,Parikkala Koitsanlahti,61.44467,29.46108,49.83,Puumala kirkonkylä,61.52242,28.18491,61.82
Kesälahti,KTI,61.887467,29.802865,Savonlinna Punkaharju Laukansaari,61.80186,29.31506,27.31,Savonlinna lentoasema,61.94638,28.93238,46.03,Tohmajärvi Kemie,62.23539,30.34662,47.95,Parikkala Koitsanlahti,61.44467,29.46108,52.44,Rantasalmi Rukkasluoto,62.06302,28.56618,67.49
Keuruu,KEU,62.255309,24.707325,Multia Karhila,62.51044,24.80764,28.84,Ähtäri Inha,62.55461,24.14239,44.21,Jämsä Halli lentoasema,61.85551,24.80459,44.74,Juupajoki Hyytiälä,61.84591,24.28696,50.52,Jyväskylä lentoasema,62.39758,25.67087,52.21
Kiiala,KIA,60.406719,25.613204,Porvoo Harabacka,60.39172,25.6073,1.7,Porvoo Kilpilahti satama,60.30373,25.54916,11.98,Porvoo Emäsalo,60.20382,25.62546,22.57,Järvenpää Sorto,60.49825,25.06755,31.6,Helsinki Vuosaari satama,60.20867,25.1959,31.83
Kilo,KIL,60.217939,24.782393,Espoo Tapiola,60.17797,24.78743,4.45,Helsinki Kumpula,60.20307,24.96131,10.02,Helsinki Kaisaniemi,60.17523,24.94459,10.14,Espoo Nuuksio,60.29128,24.56782,14.37,Helsinki Malmi lentokenttä,60.25299,25.04549,15.04
Kilpua,KUA,64.346567,24.961514,Haapavesi Mustikkamäki,64.14263,25.42335,31.81,Ylivieska lentokenttä,64.05029,24.72468,34.88,Siikajoki Ruukki,64.68421,25.08919,38.04,Raahe Lapaluoto satama,64.66589,24.40695,44.33,Raahe Nahkiainen,64.61178,23.89674,58.92
Kinahmi,KNH,63.142738,27.951398,Siilinjärvi Kuopio lentoasema,62.99842,27.80817,17.59,Kuopio Maaninka,63.14343,27.31317,32.06,Kuopio Savilahti,62.89256,27.63331,32.12,Kuopio Ritoniemi,62.79892,27.90495,38.3,Rautavaara Ylä-Luosta,63.37806,28.66166,44.13
Kinni,KII,61.306328,26.846707,Heinola Asemantaus,61.20008,26.04967,44.23,Kouvola Utti lentoasema,60.89839,26.94882,45.69,Mikkeli Lentoasema AWOS,61.68751,27.20671,46.49,Mikkeli lentoasema,61.6886,27.20219,46.5,Kouvola Anjala,60.6965,26.81106,67.84
Kirjola,KIJ,61.536416,29.520088,Parikkala Koitsanlahti,61.44467,29.46108,10.67,Savonlinna Punkaharju Laukansaari,61.80186,29.31506,31.44,Savonlinna lentoasema,61.94638,28.93238,55.09,Lappeenranta Hiekkapakka,61.1982,28.47308,67.28,Puumala kirkonkylä,61.52242,28.18491,70.79
Kirkkonummi,KKN,60.119648,24.438814,Espoo Tapiola,60.17797,24.78743,20.36,Espoo Nuuksio,60.29128,24.56782,20.37,Kirkkonummi Mäkiluoto,59.91982,24.35023,22.76,Lohja Porla,60.24446,24.04951,25.61,Inkoo Jakobramsjö,59.99464,23.9956,28.25
Kirkniemi,KRN,60.175824,23.963456,Lohja Porla,60.24446,24.04951,8.99,Inkoo Jakobramsjö,59.99464,23.9956,20.23,Inkoo Bågaskär,59.93114,24.01408,27.35,Kirkkonummi Mäkiluoto,59.91982,24.35023,35.66,Espoo Nuuksio,60.29128,24.56782,35.75
Kitee,KIT,62.142774,30.049014,Tohmajärvi Kemie,62.23539,30.34662,18.56,Joensuu Linnunlahti,62.60179,29.72713,53.67,Savonlinna Punkaharju Laukansaari,61.80186,29.31506,53.92,Liperi Joensuu lentoasema,62.65695,29.63608,61.0,Savonlinna lentoasema,61.94638,28.93238,62.17
Kiukainen,KN,61.209665,22.089236,Kokemäki Tulkkila,61.25294,22.34613,14.57,Pori lentoasema,61.46011,21.80839,31.62,Rauma Pyynpää,61.13658,21.51518,31.83,Pori rautatieasema,61.47893,21.7832,34.1,Rauma Kylmäpihlaja,61.14475,21.30273,42.78
Kiuruvesi,KRV,63.640907,26.611334,Vieremä Kaarakkala,63.8409,27.22061,37.32,Pyhäjärvi Ojakylä,63.73589,25.70573,45.87,Kuopio Maaninka,63.14343,27.31317,65.43,Viitasaari Haapaniemi,63.08225,25.85862,72.57,Vesanto kirkonkylä,62.92178,26.4247,80.51
Kivesjärvi,KVJ,64.468856,27.471464,Kajaani lentoasema,64.2829,27.67114,22.8,Kajaani Petäisenniska,64.21678,27.75194,31.11,Puolanka Paljakka,64.66392,28.0567,35.38,Vaala Pelso,64.50144,26.42386,50.31,Sotkamo Kuolaniemi,64.11197,28.33639,57.58
Kivijärvi,KIV,64.545544,30.074562,Kuhmo Kalliojoki,64.29756,30.17068,27.96,Suomussalmi Pesiö,64.93125,28.74672,76.22,Sotkamo Kuolaniemi,64.11197,28.33639,96.61,Puolanka Paljakka,64.66392,28.0567,97.12,Sotkamo Tuhkakylä,63.99618,28.05972,114.84
Kivistö,KTÖ,60.314607,24.846938,Vantaa Helsinki-Vantaan lentoasema,60.32937,24.97274,7.12,Helsinki Malmi lentokenttä,60.25299,25.04549,12.91,Helsinki Kumpula,60.20307,24.96131,13.91,Espoo Tapiola,60.17797,24.78743,15.54,Espoo Nuuksio,60.29128,24.56782,15.59
Kohtavaara,KOH,63.514758,29.287006,Nurmes Valtimo,63.6673,28.82927,28.29,Juuka Niemelä,63.23236,29.23397,31.51,Rautavaara Ylä-Luosta,63.37806,28.66166,34.6,Lieksa Lampela,63.32108,30.04578,43.46,Sotkamo Tuhkakylä,63.99618,28.05972,80.67
Koivu,KVU,66.16981,25.206795,Tervola Loue,66.15352,24.99031,9.9,Rovaniemi rautatieasema,66.49832,25.7088,42.85,Ylitornio Meltosjärvi,66.52952,24.6496,47.09,Kemi Kemi-Tornio lentoasema,65.78944,24.58278,50.86,Rovaniemi lentoasema,66.56236,25.83814,51.94
Koivuhovi,KVH,60.207144,24.701273,Espoo Tapiola,60.17797,24.78743,5.76,Espoo Nuuksio,60.29128,24.56782,11.91,Helsinki Kaisaniemi,60.17523,24.94459,13.91,Helsinki Kumpula,60.20307,24.96131,14.37,Helsinki Harmaja,60.10512,24.97539,18.94
Koivukylä,KVY,60.323284,25.059797,Vantaa Helsinki-Vantaan lentoasema,60.32937,24.97274,4.84,Helsinki Malmi lentokenttä,60.25299,25.04549,7.86,Helsinki Vuosaari Käärmeniementie,60.21935,25.17268,13.13,Helsinki Kumpula,60.20307,24.96131,14.43,Helsinki Vuosaari satama,60.20867,25.1959,14.79
Kokemäki,KKI,61.254199,22.30335,Kokemäki Tulkkila,61.25294,22.34613,2.29,Pori lentoasema,61.46011,21.80839,34.93,Pori rautatieasema,61.47893,21.7832,37.32,Rauma Pyynpää,61.13658,21.51518,44.21,Rauma Kylmäpihlaja,61.14475,21.30273,54.97
Kokkola,KOK,63.834429,23.131096,Kokkola Santahaka,63.83882,23.09715,1.73,Kruunupyy Kokkola-Pietarsaari lentoasema,63.72655,23.14359,12.01,Kokkola Tankar,63.95114,22.84537,19.08,Pietarsaari Kallan,63.75144,22.52282,31.26,Toholampi Laitala,63.82133,24.16323,50.64
Kolari,KLI,67.348706,23.836254,Kittilä lentoasema,67.69168,24.85538,57.72,Kittilä Pakatti,67.66924,24.92927,58.58,Pello kirkonkylä,66.77278,23.96303,64.28,Muonio Oustajärvi,67.94823,23.70782,66.88,Muonio Sammaltunturi,67.97328,24.11559,70.45
Kolho,KLO,62.128049,24.507444,Juupajoki Hyytiälä,61.84591,24.28696,33.42,Jämsä Halli lentoasema,61.85551,24.80459,34.05,Multia Karhila,62.51044,24.80764,45.26,Ähtäri Inha,62.55461,24.14239,51.04,Virrat Äijänneva,62.32783,23.54228,54.72
Kolppi,KPI,63.62756,22.898299,Kruunupyy Kokkola-Pietarsaari lentoasema,63.72655,23.14359,16.35,Pietarsaari Kallan,63.75144,22.52282,23.07,Kokkola Santahaka,63.83882,23.09715,25.45,Kokkola Tankar,63.95114,22.84537,36.07,Kauhava lentokenttä,63.12033,23.04364,56.86
Kommila,KMM,62.325423,27.887689,Varkaus Kosulanniemi,62.32221,27.90785,1.1,Rantasalmi Rukkasluoto,62.06302,28.56618,45.72,Juva Partala,61.8923,27.88528,48.16,Kuopio Ritoniemi,62.79892,27.90495,52.66,Kuopio Savilahti,62.89256,27.63331,64.39
Komu,KOM,63.663536,26.153932,Pyhäjärvi Ojakylä,63.73589,25.70573,23.5,Vieremä Kaarakkala,63.8409,27.22061,56.04,Haapavesi Mustikkamäki,64.14263,25.42335,64.15,Viitasaari Haapaniemi,63.08225,25.85862,66.29,Kuopio Maaninka,63.14343,27.31317,81.7
Kontiolahti,KHI,62.732254,29.857039,Liperi Joensuu lentoasema,62.65695,29.63608,14.04,Joensuu Linnunlahti,62.60179,29.72713,15.95,Ilomantsi Mekrijärvi,62.76942,30.97467,57.05,Tohmajärvi Kemie,62.23539,30.34662,60.7,Juuka Niemelä,63.23236,29.23397,63.9
Kontiomäki,KON,64.338219,28.114694,Kajaani Petäisenniska,64.21678,27.75194,22.11,Kajaani lentoasema,64.2829,27.67114,22.25,Sotkamo Kuolaniemi,64.11197,28.33639,27.35,Puolanka Paljakka,64.66392,28.0567,36.32,Sotkamo Tuhkakylä,63.99618,28.05972,38.13
Kontiomäki (R934),R934,64.362052,28.097346,Kajaani lentoasema,64.2829,27.67114,22.34,Kajaani Petäisenniska,64.21678,27.75194,23.21,Sotkamo Kuolaniemi,64.11197,28.33639,30.11,Puolanka Paljakka,64.66392,28.0567,33.62,Sotkamo Tuhkakylä,63.99618,28.05972,40.72
Koria,KRA,60.847067,26.60131,Kouvola Utti lentoasema,60.89839,26.94882,19.66,Kouvola Anjala,60.6965,26.81106,20.25,Pyhtää lentokenttä,60.48595,26.59209,40.16,Heinola Asemantaus,61.20008,26.04967,49.23,Lahti Sopenkorpi,60.97465,25.6202,54.9
Korkeakoski,KAS,61.807686,24.375464,Juupajoki Hyytiälä,61.84591,24.28696,6.3,Jämsä Halli lentoasema,61.85551,24.80459,23.14,Tampere Siilinkari,61.51757,23.75388,46.01,Tampere Härmälä,61.46561,23.74678,50.49,Pirkkala Tampere-Pirkkala lentoasema,61.4194,23.62256,58.72
Korso,KRS,60.35129,25.078507,Vantaa Helsinki-Vantaan lentoasema,60.32937,24.97274,6.31,Helsinki Malmi lentokenttä,60.25299,25.04549,11.08,Helsinki Vuosaari Käärmeniementie,60.21935,25.17268,15.56,Järvenpää Sorto,60.49825,25.06755,16.35,Helsinki Vuosaari satama,60.20867,25.1959,17.13
Korvensuo,KSU,60.582687,25.218194,Mäntsälä Hirvihaara,60.62773,25.19342,5.19,Järvenpää Sorto,60.49825,25.06755,12.49,Hyvinkää Hyvinkäänkylä,60.59589,24.80297,22.72,Porvoo Harabacka,60.39172,25.6073,30.09,Vantaa Helsinki-Vantaan lentoasema,60.32937,24.97274,31.22
Koskenkorva,KOS,62.688028,22.462393,Ilmajoki Seinäjoki lentoasema,62.68571,22.84272,19.41,Seinäjoki Pelmaa,62.93808,22.48878,27.84,Kauhajoki Kuja-Kokko,62.41345,22.18372,33.71,Vaasa lentoasema,63.05858,21.7546,54.64,Kauhava lentokenttä,63.12033,23.04364,56.37
Kotka asema,KTA,60.464388,26.928611,Kotka Rankki,60.37538,26.95893,10.04,Pyhtää lentokenttä,60.48595,26.59209,18.6,Kotka Haapasaari,60.28676,27.18482,24.26,Kouvola Anjala,60.6965,26.81106,26.6,Loviisa Orrengrund,60.27476,26.44759,33.82
Kotka Hovinsaari,HOS,60.483022,26.919254,Kotka Rankki,60.37538,26.95893,12.17,Pyhtää lentokenttä,60.48595,26.59209,17.93,Kouvola Anjala,60.6965,26.81106,24.46,Kotka Haapasaari,60.28676,27.18482,26.25,Loviisa Orrengrund,60.27476,26.44759,34.76
Kotka Mussalo,MSS,60.431802,26.89751,Kotka Rankki,60.37538,26.95893,7.12,Pyhtää lentokenttä,60.48595,26.59209,17.79,Kotka Haapasaari,60.28676,27.18482,22.58,Kouvola Anjala,60.6965,26.81106,29.81,Loviisa Orrengrund,60.27476,26.44759,30.29
Kotka tavara,KTT,60.478803,26.919356,Kotka Rankki,60.37538,26.95893,11.7,Pyhtää lentokenttä,60.48595,26.59209,17.95,Kouvola Anjala,60.6965,26.81106,24.92,Kotka Haapasaari,60.28676,27.18482,25.86,Loviisa Orrengrund,60.27476,26.44759,34.45
Kotkan satama,KTS,60.466492,26.934952,Kotka Rankki,60.37538,26.95893,10.22,Pyhtää lentokenttä,60.48595,26.59209,18.91,Kotka Haapasaari,60.28676,27.18482,24.25,Kouvola Anjala,60.6965,26.81106,26.46,Loviisa Orrengrund,60.27476,26.44759,34.24
Kotolahti,KOO,60.445244,26.898503,Kotka Rankki,60.37538,26.95893,8.45,Pyhtää lentokenttä,60.48595,26.59209,17.39,Kotka Haapasaari,60.28676,27.18482,23.63,Kouvola Anjala,60.6965,26.81106,28.34,Loviisa Orrengrund,60.27476,26.44759,31.21
Kouvola asema,KV,60.865613,26.704588,Kouvola Utti lentoasema,60.89839,26.94882,13.71,Kouvola Anjala,60.6965,26.81106,19.67,Pyhtää lentokenttä,60.48595,26.59209,42.66,Heinola Asemantaus,61.20008,26.04967,51.25,Kotka Rankki,60.37538,26.95893,56.25
Kouvola lajittelu,KVLA,60.865734,26.723643,Kouvola Utti lentoasema,60.89839,26.94882,12.71,Kouvola Anjala,60.6965,26.81106,19.41,Pyhtää lentokenttä,60.48595,26.59209,42.83,Heinola Asemantaus,61.20008,26.04967,51.96,Kotka Rankki,60.37538,26.95893,56.02
Kouvola Oikoraide,OIK,60.86715,26.764691,Kouvola Utti lentoasema,60.89839,26.94882,10.55,Kouvola Anjala,60.6965,26.81106,19.14,Pyhtää lentokenttä,60.48595,26.59209,43.42,Heinola Asemantaus,61.20008,26.04967,53.41,Kotka Rankki,60.37538,26.95893,55.7
Kouvola tavara,KVT,60.86857,26.750447,Kouvola Utti lentoasema,60.89839,26.94882,11.23,Kouvola Anjala,60.6965,26.81106,19.41,Pyhtää lentokenttä,60.48595,26.59209,43.41,Heinola Asemantaus,61.20008,26.04967,52.75,Kotka Rankki,60.37538,26.95893,56.01
Kovjoki,KOI,63.521231,22.69252,Pietarsaari Kallan,63.75144,22.52282,26.93,Kruunupyy Kokkola-Pietarsaari lentoasema,63.72655,23.14359,31.9,Kokkola Santahaka,63.83882,23.09715,40.56,Kauhava lentokenttä,63.12033,23.04364,47.9,Kokkola Tankar,63.95114,22.84537,48.39
Kruunupyy,KPY,63.7216,23.034045,Kruunupyy Kokkola-Pietarsaari lentoasema,63.72655,23.14359,5.42,Kokkola Santahaka,63.83882,23.09715,13.4,Pietarsaari Kallan,63.75144,22.52282,25.37,Kokkola Tankar,63.95114,22.84537,27.15,Toholampi Laitala,63.82133,24.16323,56.59
Kuivasjärvi,KIS,62.174449,23.036413,Karvia Alkkia,62.18329,22.79983,12.32,Virrat Äijänneva,62.32783,23.54228,31.25,Kankaanpää Niinisalo lentokenttä,61.83864,22.46368,47.83,Kauhajoki Kuja-Kokko,62.41345,22.18372,51.47,Ilmajoki Seinäjoki lentoasema,62.68571,22.84272,57.72
Kullasvaara,KUV,60.872249,26.809881,Kouvola Utti lentoasema,60.89839,26.94882,8.06,Kouvola Anjala,60.6965,26.81106,19.54,Pyhtää lentokenttä,60.48595,26.59209,44.56,Heinola Asemantaus,61.20008,26.04967,54.81,Kotka Rankki,60.37538,26.95893,55.84
Kuopio asema,KUO,62.897218,27.679581,Kuopio Savilahti,62.89256,27.63331,2.4,Siilinjärvi Kuopio lentoasema,62.99842,27.80817,13.0,Kuopio Ritoniemi,62.79892,27.90495,15.82,Kuopio Maaninka,63.14343,27.31317,33.03,Vesanto kirkonkylä,62.92178,26.4247,63.6
Kuopio Iloharju,ILH,62.8913,27.644033,Kuopio Savilahti,62.89256,27.63331,0.56,Siilinjärvi Kuopio lentoasema,62.99842,27.80817,14.52,Kuopio Ritoniemi,62.79892,27.90495,16.76,Kuopio Maaninka,63.14343,27.31317,32.63,Vesanto kirkonkylä,62.92178,26.4247,61.84
Kuopio tavara,KUOT,62.897796,27.697282,Kuopio Savilahti,62.89256,27.63331,3.29,Siilinjärvi Kuopio lentoasema,62.99842,27.80817,12.52,Kuopio Ritoniemi,62.79892,27.90495,15.23,Kuopio Maaninka,63.14343,27.31317,33.49,Vesanto kirkonkylä,62.92178,26.4247,64.49
Kupittaa,KUT,60.450274,22.297114,Turku Artukainen,60.45439,22.1787,6.51,Turku lentoasema,60.51565,22.27916,7.34,Turku Rajakari,60.37788,22.0964,13.65,Kaarina Yltöinen,60.3869,22.55183,15.66,Kemiönsaari Kemiö,60.17123,22.75768,40.08
Kurkimäki,KRM,62.771886,27.517621,Kuopio Savilahti,62.89256,27.63331,14.65,Kuopio Ritoniemi,62.79892,27.90495,19.92,Siilinjärvi Kuopio lentoasema,62.99842,27.80817,29.18,Kuopio Maaninka,63.14343,27.31317,42.59,Varkaus Kosulanniemi,62.32221,27.90785,53.85
Kuurila,KU,61.133691,23.994903,Hattula Lepaa,61.11454,24.32449,17.83,Hämeenlinna Katinen,60.9992,24.49163,30.62,Pirkkala Tampere-Pirkkala lentoasema,61.4194,23.62256,37.49,Tampere Härmälä,61.46561,23.74678,39.21,Jokioinen Ilmala,60.81397,23.49825,44.52
Kuusankoski,KUK,60.921019,26.656252,Kouvola Utti lentoasema,60.89839,26.94882,16.02,Kouvola Anjala,60.6965,26.81106,26.34,Heinola Asemantaus,61.20008,26.04967,45.03,Pyhtää lentokenttä,60.48595,26.59209,48.5,Lahti Sopenkorpi,60.97465,25.6202,56.26
Kuusikkoniemi,KSN,64.392909,27.919899,Kajaani lentoasema,64.2829,27.67114,17.12,Kajaani Petäisenniska,64.21678,27.75194,21.19,Puolanka Paljakka,64.66392,28.0567,30.84,Sotkamo Kuolaniemi,64.11197,28.33639,37.16,Sotkamo Tuhkakylä,63.99618,28.05972,44.63
Kylänlahti,KYN,63.361403,29.75243,Lieksa Lampela,63.32108,30.04578,15.31,Juuka Niemelä,63.23236,29.23397,29.61,Rautavaara Ylä-Luosta,63.37806,28.66166,54.4,Nurmes Valtimo,63.6673,28.82927,57.03,Ilomantsi Pötsönvaara,63.14166,31.04454,69.13
Kymi,KY,60.539229,26.90714,Pyhtää lentokenttä,60.48595,26.59209,18.23,Kouvola Anjala,60.6965,26.81106,18.26,Kotka Rankki,60.37538,26.95893,18.44,Kotka Haapasaari,60.28676,27.18482,31.95,Loviisa Orrengrund,60.27476,26.44759,38.75
Kyminlinna,KLN,60.508258,26.895812,Kotka Rankki,60.37538,26.95893,15.18,Pyhtää lentokenttä,60.48595,26.59209,16.82,Kouvola Anjala,60.6965,26.81106,21.44,Kotka Haapasaari,60.28676,27.18482,29.3,Loviisa Orrengrund,60.27476,26.44759,35.78
Kyrö,KÖ,60.702716,22.748862,Turku lentoasema,60.51565,22.27916,33.01,Kaarina Yltöinen,60.3869,22.55183,36.73,Turku Artukainen,60.45439,22.1787,41.62,Salo Kärkkä,60.37392,23.11292,41.63,Jokioinen Ilmala,60.81397,23.49825,42.54
Kytömaa,KYT,60.425639,25.110001,Järvenpää Sorto,60.49825,25.06755,8.4,Vantaa Helsinki-Vantaan lentoasema,60.32937,24.97274,13.1,Helsinki Malmi lentokenttä,60.25299,25.04549,19.52,Mäntsälä Hirvihaara,60.62773,25.19342,22.93,Helsinki Vuosaari Käärmeniementie,60.21935,25.17268,23.2
Kälviä,KLV,63.863974,23.493255,Kokkola Santahaka,63.83882,23.09715,19.61,Kruunupyy Kokkola-Pietarsaari lentoasema,63.72655,23.14359,22.98,Kokkola Tankar,63.95114,22.84537,33.13,Toholampi Laitala,63.82133,24.16323,33.18,Pietarsaari Kallan,63.75144,22.52282,49.24
Käpylä,KÄP,60.22017,24.946034,Helsinki Kumpula,60.20307,24.96131,2.08,Helsinki Kaisaniemi,60.17523,24.94459,5.0,Helsinki Malmi lentokenttä,60.25299,25.04549,6.59,Espoo Tapiola,60.17797,24.78743,9.94,Vantaa Helsinki-Vantaan lentoasema,60.32937,24.97274,12.23
Köykkäri,KÖK,63.343804,22.772334,Kauhava lentokenttä,63.12033,23.04364,28.32,Kruunupyy Kokkola-Pietarsaari lentoasema,63.72655,23.14359,46.37,Pietarsaari Kallan,63.75144,22.52282,46.98,Seinäjoki Pelmaa,62.93808,22.48878,47.31,Kokkola Santahaka,63.83882,23.09715,57.34
Laajavuori,LAV,60.282453,24.851146,Vantaa Helsinki-Vantaan lentoasema,60.32937,24.97274,8.49,Helsinki Kumpula,60.20307,24.96131,10.72,Helsinki Malmi lentokenttä,60.25299,25.04549,11.21,Espoo Tapiola,60.17797,24.78743,12.14,Helsinki Kaisaniemi,60.17523,24.94459,12.99
Lahdenperä,LPR,61.811782,24.944751,Jämsä Halli lentoasema,61.85551,24.80459,8.82,Luhanka Judinsalo,61.70448,25.50529,31.82,Juupajoki Hyytiälä,61.84591,24.28696,34.74,Joutsa Savenaho,61.87942,26.09478,60.81,Asikkala Pulkkilanharju,61.26521,25.52021,68.0
Lahnaslampi,LHN,64.120658,28.072026,Sotkamo Kuolaniemi,64.11197,28.33639,12.87,Sotkamo Tuhkakylä,63.99618,28.05972,13.85,Kajaani Petäisenniska,64.21678,27.75194,18.83,Kajaani lentoasema,64.2829,27.67114,26.49,Vieremä Kaarakkala,63.8409,27.22061,51.89
Lahti,LH,60.97647,25.657397,Lahti Sopenkorpi,60.97465,25.6202,2.02,Heinola Asemantaus,61.20008,26.04967,32.6,Asikkala Pulkkilanharju,61.26521,25.52021,32.94,Hämeenlinna Lammi Pappila,61.05408,25.03844,34.45,Mäntsälä Hirvihaara,60.62773,25.19342,46.23
Laihia,LAI,62.990138,22.003444,Vaasa lentoasema,63.05858,21.7546,14.68,Vaasa Klemettilä,63.09871,21.63938,21.97,Seinäjoki Pelmaa,62.93808,22.48878,25.2,Korsnäs Bredskäret,62.93488,21.18485,41.83,Kauhava lentokenttä,63.12033,23.04364,54.37
Lakiala,LAK,61.625873,23.526965,Tampere Siilinkari,61.51757,23.75388,17.01,Tampere Härmälä,61.46561,23.74678,21.29,Pirkkala Tampere-Pirkkala lentoasema,61.4194,23.62256,23.51,Juupajoki Hyytiälä,61.84591,24.28696,46.9,Kankaanpää Niinisalo lentokenttä,61.83864,22.46368,60.79
Lamminkoski,LMK,62.107789,23.061226,Karvia Alkkia,62.18329,22.79983,15.97,Virrat Äijänneva,62.32783,23.54228,34.93,Kankaanpää Niinisalo lentokenttä,61.83864,22.46368,43.25,Kauhajoki Kuja-Kokko,62.41345,22.18372,56.72,Ilmajoki Seinäjoki lentoasema,62.68571,22.84272,65.24
Lamminniemi,LAM,64.232062,27.702541,Kajaani Petäisenniska,64.21678,27.75194,2.93,Kajaani lentoasema,64.2829,27.67114,5.85,Sotkamo Tuhkakylä,63.99618,28.05972,31.44,Sotkamo Kuolaniemi,64.11197,28.33639,33.48,Vieremä Kaarakkala,63.8409,27.22061,49.42
Lapinjärvi,LPJ,60.599097,26.127856,Pyhtää lentokenttä,60.48595,26.59209,28.33,Porvoo Harabacka,60.39172,25.6073,36.67,Kouvola Anjala,60.6965,26.81106,38.78,Loviisa Orrengrund,60.27476,26.44759,40.1,Porvoo Kilpilahti satama,60.30373,25.54916,45.67
Lapinlahti,LNA,63.360666,27.393552,Kuopio Maaninka,63.14343,27.31317,24.49,Siilinjärvi Kuopio lentoasema,62.99842,27.80817,45.33,Kuopio Savilahti,62.89256,27.63331,53.43,Vieremä Kaarakkala,63.8409,27.22061,54.08,Rautavaara Ylä-Luosta,63.37806,28.66166,63.23
Lappeenranta,LR,61.047973,28.195304,Lappeenranta lentoasema,61.0403,28.12916,3.66,Lappeenranta Konnunsuo,61.03879,28.56395,19.87,Lappeenranta Hiekkapakka,61.1982,28.47308,22.4,Puumala kirkonkylä,61.52242,28.18491,52.76,Virolahti Koivuniemi,60.5272,27.67274,64.48
Lappila,LAA,60.848954,25.17423,Hämeenlinna Lammi Pappila,61.05408,25.03844,23.96,Mäntsälä Hirvihaara,60.62773,25.19342,24.62,Lahti Sopenkorpi,60.97465,25.6202,27.87,Hyvinkää Hyvinkäänkylä,60.59589,24.80297,34.63,Järvenpää Sorto,60.49825,25.06755,39.43
Lappohja,LPO,59.904082,23.236919,Hanko Tvärminne,59.84383,23.24859,6.73,Raasepori Jussarö,59.82076,23.57309,20.93,Hanko Tulliniemi,59.80864,22.91246,21.0,Hanko Russarö,59.77363,22.94868,21.67,Kemiönsaari Kemiö,60.17123,22.75768,39.88
Lapua,LPA,62.971338,23.015112,Kauhava lentokenttä,63.12033,23.04364,16.63,Seinäjoki Pelmaa,62.93808,22.48878,26.87,Ilmajoki Seinäjoki lentoasema,62.68571,22.84272,32.94,Alajärvi Möksy,63.08898,24.26084,64.17,Vaasa lentoasema,63.05858,21.7546,64.33
Larvakytö,LYÖ,62.680182,22.935915,Ilmajoki Seinäjoki lentoasema,62.68571,22.84272,4.8,Seinäjoki Pelmaa,62.93808,22.48878,36.59,Kauhajoki Kuja-Kokko,62.41345,22.18372,48.65,Kauhava lentokenttä,63.12033,23.04364,49.25,Virrat Äijänneva,62.32783,23.54228,50.04
Laukaa,LAU,62.422807,25.924359,Jyväskylä lentoasema AWOS,62.39332,25.68862,12.58,Jyväskylä lentoasema,62.39758,25.67087,13.35,Multia Karhila,62.51044,24.80764,58.22,Joutsa Savenaho,61.87942,26.09478,61.07,Vesanto kirkonkylä,62.92178,26.4247,61.08
Laurila,LLA,65.796833,24.534062,Kemi Kemi-Tornio lentoasema,65.78944,24.58278,2.37,Kemi Ajos,65.67318,24.51519,13.78,Tornio Kaakkuri,65.84733,24.17369,17.35,Tervola Loue,66.15352,24.99031,44.72,Kemi I majakka,65.38508,24.09568,50.02
Lauritsala,LRS,61.066415,28.259631,Lappeenranta lentoasema,61.0403,28.12916,7.6,Lappeenranta Konnunsuo,61.03879,28.56395,16.66,Lappeenranta Hiekkapakka,61.1982,28.47308,18.6,Puumala kirkonkylä,61.52242,28.18491,50.86,Virolahti Koivuniemi,60.5272,27.67274,67.89
Leinelä,LNÄ,60.322641,25.039419,Vantaa Helsinki-Vantaan lentoasema,60.32937,24.97274,3.75,Helsinki Malmi lentokenttä,60.25299,25.04549,7.75,Helsinki Vuosaari Käärmeniementie,60.21935,25.17268,13.63,Helsinki Kumpula,60.20307,24.96131,13.98,Helsinki Vuosaari satama,60.20867,25.1959,15.33
Lelkola,LKL,61.526751,26.966496,Mikkeli lentoasema,61.6886,27.20219,21.89,Mikkeli Lentoasema AWOS,61.68751,27.20671,21.93,Joutsa Savenaho,61.87942,26.09478,60.41,Heinola Asemantaus,61.20008,26.04967,60.88,Juva Partala,61.8923,27.88528,63.22
Lempäälä,LPÄ,61.314233,23.755094,Pirkkala Tampere-Pirkkala lentoasema,61.4194,23.62256,13.66,Tampere Härmälä,61.46561,23.74678,16.84,Tampere Siilinkari,61.51757,23.75388,22.61,Hattula Lepaa,61.11454,24.32449,37.72,Hämeenlinna Katinen,60.9992,24.49163,52.8
Lentoasema,LEN,60.315732,24.968343,Vantaa Helsinki-Vantaan lentoasema,60.32937,24.97274,1.54,Helsinki Malmi lentokenttä,60.25299,25.04549,8.17,Helsinki Kumpula,60.20307,24.96131,12.53,Helsinki Vuosaari Käärmeniementie,60.21935,25.17268,15.55,Helsinki Kaisaniemi,60.17523,24.94459,15.68
Leppäkoski,LK,60.87288,24.695884,Hämeenlinna Katinen,60.9992,24.49163,17.86,Hämeenlinna Lammi Pappila,61.05408,25.03844,27.35,Hyvinkää Hyvinkäänkylä,60.59589,24.80297,31.35,Hattula Lepaa,61.11454,24.32449,33.51,Mäntsälä Hirvihaara,60.62773,25.19342,38.39
Leppävaara,LPV,60.21948,24.813541,Espoo Tapiola,60.17797,24.78743,4.84,Helsinki Kumpula,60.20307,24.96131,8.36,Helsinki Kaisaniemi,60.17523,24.94459,8.76,Helsinki Malmi lentokenttä,60.25299,25.04549,13.33,Vantaa Helsinki-Vantaan lentoasema,60.32937,24.97274,15.05
Leteensuo,LTS,61.065513,24.232505,Hattula Lepaa,61.11454,24.32449,7.36,Hämeenlinna Katinen,60.9992,24.49163,15.78,Hämeenlinna Lammi Pappila,61.05408,25.03844,43.38,Jokioinen Ilmala,60.81397,23.49825,48.53,Pirkkala Tampere-Pirkkala lentoasema,61.4194,23.62256,51.12
Lieksa,LIS,63.318195,30.016394,Lieksa Lampela,63.32108,30.04578,1.5,Juuka Niemelä,63.23236,29.23397,40.27,Ilomantsi Pötsönvaara,63.14166,31.04454,55.11,Rautavaara Ylä-Luosta,63.37806,28.66166,67.9,Nurmes Valtimo,63.6673,28.82927,70.55
Lieksan teollisuuskylä,LTK,63.314174,30.064649,Lieksa Lampela,63.32108,30.04578,1.22,Juuka Niemelä,63.23236,29.23397,42.53,Ilomantsi Pötsönvaara,63.14166,31.04454,52.69,Rautavaara Ylä-Luosta,63.37806,28.66166,70.34,Nurmes Valtimo,63.6673,28.82927,72.81
Lielahti,LLH,61.510284,23.6817,Tampere Siilinkari,61.51757,23.75388,3.91,Tampere Härmälä,61.46561,23.74678,6.05,Pirkkala Tampere-Pirkkala lentoasema,61.4194,23.62256,10.58,Juupajoki Hyytiälä,61.84591,24.28696,49.11,Hattula Lepaa,61.11454,24.32449,55.8
Lievestuore,LVT,62.259872,26.195893,Jyväskylä lentoasema AWOS,62.39332,25.68862,30.11,Jyväskylä lentoasema,62.39758,25.67087,31.14,Joutsa Savenaho,61.87942,26.09478,42.63,Luhanka Judinsalo,61.70448,25.50529,71.52,Vesanto kirkonkylä,62.92178,26.4247,74.53
Liminka,LKA,64.810176,25.423892,Oulu lentoasema,64.93503,25.3392,14.45,Siikajoki Ruukki,64.68421,25.08919,21.17,Oulu Kaukovainio,64.99685,25.52233,21.27,Oulu Vihreäsaari satama,65.00637,25.39325,21.86,Hailuoto Keskikylä,65.01967,24.72758,40.25
Liminpuro,LMP,64.538637,27.250167,Kajaani lentoasema,64.2829,27.67114,34.89,Vaala Pelso,64.50144,26.42386,39.74,Puolanka Paljakka,64.66392,28.0567,40.91,Kajaani Petäisenniska,64.21678,27.75194,43.16,Sotkamo Kuolaniemi,64.11197,28.33639,70.63
Lohiluoma,LUO,62.533667,22.280376,Kauhajoki Kuja-Kokko,62.41345,22.18372,14.26,Ilmajoki Seinäjoki lentoasema,62.68571,22.84272,33.37,Seinäjoki Pelmaa,62.93808,22.48878,46.2,Karvia Alkkia,62.18329,22.79983,47.29,Kaskinen Sälgrund,62.33382,21.19081,60.31
Lohja,LO,60.265369,24.116408,Lohja Porla,60.24446,24.04951,4.36,Vihti Maasoja,60.41875,24.39862,23.06,Espoo Nuuksio,60.29128,24.56782,25.05,Inkoo Jakobramsjö,59.99464,23.9956,30.84,Salo Kiikala lentokenttä,60.46415,23.64976,33.87
Loimaa,LM,60.847378,23.060408,Jokioinen Ilmala,60.81397,23.49825,24.02,Somero Salkola,60.64668,23.80559,46.23,Salo Kärkkä,60.37392,23.11292,52.72,Salo Kiikala lentokenttä,60.46415,23.64976,53.36,Turku lentoasema,60.51565,22.27916,56.3
Louhela,LOH,60.270798,24.853299,Vantaa Helsinki-Vantaan lentoasema,60.32937,24.97274,9.26,Helsinki Kumpula,60.20307,24.96131,9.61,Helsinki Malmi lentokenttä,60.25299,25.04549,10.78,Espoo Tapiola,60.17797,24.78743,10.94,Helsinki Kaisaniemi,60.17523,24.94459,11.76
Loukolampi,LOL,62.162673,27.203502,Varkaus Kosulanniemi,62.32221,27.90785,40.56,Juva Partala,61.8923,27.88528,46.56,Mikkeli lentoasema,61.6886,27.20219,52.71,Mikkeli Lentoasema AWOS,61.68751,27.20671,52.84,Joutsa Savenaho,61.87942,26.09478,65.86
Loviisan satama,LVS,60.418261,26.247612,Loviisa Orrengrund,60.27476,26.44759,19.38,Pyhtää lentokenttä,60.48595,26.59209,20.33,Porvoo Harabacka,60.39172,25.6073,35.29,Kotka Rankki,60.37538,26.95893,39.36,Porvoo Kilpilahti satama,60.30373,25.54916,40.46
Luikonlahti,LUI,62.927654,28.6752,Kuopio Ritoniemi,62.79892,27.90495,41.61,Juuka Niemelä,63.23236,29.23397,44.04,Siilinjärvi Kuopio lentoasema,62.99842,27.80817,44.52,Rautavaara Ylä-Luosta,63.37806,28.66166,50.09,Kuopio Savilahti,62.89256,27.63331,52.9
Lusto,LUS,61.800548,29.322269,Savonlinna Punkaharju Laukansaari,61.80186,29.31506,0.41,Savonlinna lentoasema,61.94638,28.93238,26.09,Parikkala Koitsanlahti,61.44467,29.46108,40.25,Rantasalmi Rukkasluoto,62.06302,28.56618,49.16,Puumala kirkonkylä,61.52242,28.18491,67.53
Luumäki,LÄ,60.944407,27.761801,Lappeenranta lentoasema,61.0403,28.12916,22.5,Kouvola Utti lentoasema,60.89839,26.94882,44.23,Lappeenranta Konnunsuo,61.03879,28.56395,44.51,Virolahti Koivuniemi,60.5272,27.67274,46.64,Lappeenranta Hiekkapakka,61.1982,28.47308,47.54
Lähessuo,LHS,65.400725,25.411155,Oulu Vihreäsaari satama,65.00637,25.39325,43.86,Oulu Kaukovainio,64.99685,25.52233,45.21,Kemi Ajos,65.67318,24.51519,51.18,Oulu lentoasema,64.93503,25.3392,51.89,Hailuoto Keskikylä,65.01967,24.72758,53.02
Länkipohja,LÄP,61.740823,24.813105,Jämsä Halli lentoasema,61.85551,24.80459,12.76,Juupajoki Hyytiälä,61.84591,24.28696,30.02,Luhanka Judinsalo,61.70448,25.50529,36.69,Tampere Siilinkari,61.51757,23.75388,61.22,Tampere Härmälä,61.46561,23.74678,64.16
Maanselkä,MLK,63.882203,28.499352,Sotkamo Tuhkakylä,63.99618,28.05972,24.94,Sotkamo Kuolaniemi,64.11197,28.33639,26.76,Nurmes Valtimo,63.6673,28.82927,28.88,Kajaani Petäisenniska,64.21678,27.75194,52.03,Rautavaara Ylä-Luosta,63.37806,28.66166,56.63
Maaria,MRI,60.538524,22.365622,Turku lentoasema,60.51565,22.27916,5.37,Turku Artukainen,60.45439,22.1787,13.87,Kaarina Yltöinen,60.3869,22.55183,19.71,Turku Rajakari,60.37788,22.0964,23.17,Salo Kärkkä,60.37392,23.11292,44.88
Madesjärvi,MD,62.3116,22.987474,Karvia Alkkia,62.18329,22.79983,17.26,Virrat Äijänneva,62.32783,23.54228,28.71,Ilmajoki Seinäjoki lentoasema,62.68571,22.84272,42.26,Kauhajoki Kuja-Kokko,62.41345,22.18372,42.98,Kankaanpää Niinisalo lentokenttä,61.83864,22.46368,59.24
Majajärvi,MJJ,61.682946,23.469457,Tampere Siilinkari,61.51757,23.75388,23.76,Tampere Härmälä,61.46561,23.74678,28.28,Pirkkala Tampere-Pirkkala lentoasema,61.4194,23.62256,30.41,Juupajoki Hyytiälä,61.84591,24.28696,46.67,Kankaanpää Niinisalo lentokenttä,61.83864,22.46368,55.68
Maksniemi,MKN,65.681839,24.810093,Kemi Ajos,65.67318,24.51519,13.54,Kemi Kemi-Tornio lentoasema,65.78944,24.58278,15.84,Tornio Kaakkuri,65.84733,24.17369,34.39,Kemi I majakka,65.38508,24.09568,46.6,Tervola Loue,66.15352,24.99031,53.08
Malmi,ML,60.25166,25.011468,Helsinki Malmi lentokenttä,60.25299,25.04549,1.88,Helsinki Kumpula,60.20307,24.96131,6.07,Vantaa Helsinki-Vantaan lentoasema,60.32937,24.97274,8.9,Helsinki Kaisaniemi,60.17523,24.94459,9.27,Helsinki Vuosaari Käärmeniementie,60.21935,25.17268,9.6
Malminkartano,MLO,60.249316,24.861283,Helsinki Kumpula,60.20307,24.96131,7.55,Espoo Tapiola,60.17797,24.78743,8.92,Helsinki Kaisaniemi,60.17523,24.94459,9.44,Helsinki Malmi lentokenttä,60.25299,25.04549,10.17,Vantaa Helsinki-Vantaan lentoasema,60.32937,24.97274,10.82
Mankala,MKA,60.916315,26.182911,Lahti Sopenkorpi,60.97465,25.6202,31.07,Heinola Asemantaus,61.20008,26.04967,32.36,Kouvola Utti lentoasema,60.89839,26.94882,41.46,Kouvola Anjala,60.6965,26.81106,41.93,Asikkala Pulkkilanharju,61.26521,25.52021,52.67
Markkala,MRK,62.54004,27.190465,Varkaus Kosulanniemi,62.32221,27.90785,44.15,Kuopio Savilahti,62.89256,27.63331,45.23,Kuopio Ritoniemi,62.79892,27.90495,46.47,Vesanto kirkonkylä,62.92178,26.4247,57.65,Siilinjärvi Kuopio lentoasema,62.99842,27.80817,59.88
Martinlaakso,MRL,60.27808,24.852604,Vantaa Helsinki-Vantaan lentoasema,60.32937,24.97274,8.74,Helsinki Kumpula,60.20307,24.96131,10.27,Helsinki Malmi lentokenttä,60.25299,25.04549,11.0,Espoo Tapiola,60.17797,24.78743,11.7,Helsinki Kaisaniemi,60.17523,24.94459,12.51
Masala,MAS,60.158661,24.539106,Espoo Tapiola,60.17797,24.78743,13.9,Espoo Nuuksio,60.29128,24.56782,14.83,Helsinki Kaisaniemi,60.17523,24.94459,22.51,Helsinki Kumpula,60.20307,24.96131,23.86,Helsinki Harmaja,60.10512,24.97539,24.88
Matkaneva,MTV,63.84089,23.348859,Kokkola Santahaka,63.83882,23.09715,12.34,Kruunupyy Kokkola-Pietarsaari lentoasema,63.72655,23.14359,16.23,Kokkola Tankar,63.95114,22.84537,27.52,Toholampi Laitala,63.82133,24.16323,39.99,Pietarsaari Kallan,63.75144,22.52282,41.76
Mattila,MAT,61.261133,23.758953,Pirkkala Tampere-Pirkkala lentoasema,61.4194,23.62256,19.04,Tampere Härmälä,61.46561,23.74678,22.75,Tampere Siilinkari,61.51757,23.75388,28.52,Hattula Lepaa,61.11454,24.32449,34.41,Hämeenlinna Katinen,60.9992,24.49163,48.94
Melalahti,MLL,64.412901,27.659328,Kajaani lentoasema,64.2829,27.67114,14.47,Kajaani Petäisenniska,64.21678,27.75194,22.26,Puolanka Paljakka,64.66392,28.0567,33.76,Sotkamo Kuolaniemi,64.11197,28.33639,46.78,Sotkamo Tuhkakylä,63.99618,28.05972,50.22
Metsäkansa,MSÄ,61.234303,23.884586,Pirkkala Tampere-Pirkkala lentoasema,61.4194,23.62256,24.88,Tampere Härmälä,61.46561,23.74678,26.75,Hattula Lepaa,61.11454,24.32449,27.08,Tampere Siilinkari,61.51757,23.75388,32.26,Hämeenlinna Katinen,60.9992,24.49163,41.79
Mikkeli,MI,61.687818,27.277969,Mikkeli Lentoasema AWOS,61.68751,27.20671,3.76,Mikkeli lentoasema,61.6886,27.20219,4.0,Juva Partala,61.8923,27.88528,39.19,Puumala kirkonkylä,61.52242,28.18491,51.36,Joutsa Savenaho,61.87942,26.09478,65.75
Misi,MIS,66.617923,26.687235,Kemijärvi lentokenttä,66.71556,27.15906,23.45,Rovaniemi Apukka,66.57944,26.01094,30.17,Rovaniemi lentoasema AWOS,66.57276,25.84848,37.39,Rovaniemi lentoasema,66.56236,25.83814,38.02,Rovaniemi rautatieasema,66.49832,25.7088,45.28
Mommila,MLA,60.821177,25.075141,Mäntsälä Hirvihaara,60.62773,25.19342,22.45,Hämeenlinna Lammi Pappila,61.05408,25.03844,25.97,Hyvinkää Hyvinkäänkylä,60.59589,24.80297,29.1,Lahti Sopenkorpi,60.97465,25.6202,34.06,Järvenpää Sorto,60.49825,25.06755,35.91
Moskova_(Leningradski),MVA,55.777111,37.655278,Virolahti Koivuniemi,60.5272,27.67274,787.21,Parikkala Koitsanlahti,61.44467,29.46108,787.68,Lappeenranta Konnunsuo,61.03879,28.56395,787.77,Kotka Haapasaari,60.28676,27.18482,793.07,Lappeenranta Hiekkapakka,61.1982,28.47308,803.63
Muhos,MH,64.805398,25.991997,Oulu Kaukovainio,64.99685,25.52233,30.72,Oulu lentoasema,64.93503,25.3392,34.03,Oulu Vihreäsaari satama,65.00637,25.39325,36.01,Vaala Pelso,64.50144,26.42386,39.56,Siikajoki Ruukki,64.68421,25.08919,44.9
Mukkula,MUK,61.005746,25.657807,Lahti Sopenkorpi,60.97465,25.6202,4.01,Asikkala Pulkkilanharju,61.26521,25.52021,29.78,Heinola Asemantaus,61.20008,26.04967,30.17,Hämeenlinna Lammi Pappila,61.05408,25.03844,33.79,Mäntsälä Hirvihaara,60.62773,25.19342,49.0
Murtomäki,MUR,64.064426,27.579581,Kajaani Petäisenniska,64.21678,27.75194,18.89,Sotkamo Tuhkakylä,63.99618,28.05972,24.58,Kajaani lentoasema,64.2829,27.67114,24.69,Vieremä Kaarakkala,63.8409,27.22061,30.41,Sotkamo Kuolaniemi,64.11197,28.33639,37.15
Murtomäki (R562),R562,64.072456,27.593482,Kajaani Petäisenniska,64.21678,27.75194,17.79,Kajaani lentoasema,64.2829,27.67114,23.7,Sotkamo Tuhkakylä,63.99618,28.05972,24.23,Vieremä Kaarakkala,63.8409,27.22061,31.53,Sotkamo Kuolaniemi,64.11197,28.33639,36.36
Mustio,MSO,60.140408,23.868437,Lohja Porla,60.24446,24.04951,15.3,Inkoo Jakobramsjö,59.99464,23.9956,17.68,Inkoo Bågaskär,59.93114,24.01408,24.64,Kirkkonummi Mäkiluoto,59.91982,24.35023,36.3,Salo Kiikala lentokenttä,60.46415,23.64976,37.96
Mustolan satama,MST,61.059167,28.312624,Lappeenranta lentoasema,61.0403,28.12916,10.1,Lappeenranta Konnunsuo,61.03879,28.56395,13.72,Lappeenranta Hiekkapakka,61.1982,28.47308,17.7,Puumala kirkonkylä,61.52242,28.18491,51.96,Virolahti Koivuniemi,60.5272,27.67274,68.59
Muukko,MKO,61.088163,28.341566,Lappeenranta lentoasema,61.0403,28.12916,12.61,Lappeenranta Konnunsuo,61.03879,28.56395,13.16,Lappeenranta Hiekkapakka,61.1982,28.47308,14.13,Puumala kirkonkylä,61.52242,28.18491,49.01,Parikkala Koitsanlahti,61.44467,29.46108,71.78
Muurame,MUU,62.110893,25.651352,Jyväskylä lentoasema AWOS,62.39332,25.68862,31.46,Jyväskylä lentoasema,62.39758,25.67087,31.89,Joutsa Savenaho,61.87942,26.09478,34.62,Luhanka Judinsalo,61.70448,25.50529,45.83,Jämsä Halli lentoasema,61.85551,24.80459,52.56
Muurola,MUL,66.370875,25.37511,Rovaniemi rautatieasema,66.49832,25.7088,20.52,Rovaniemi lentoasema,66.56236,25.83814,29.6,Tervola Loue,66.15352,24.99031,29.68,Rovaniemi lentoasema AWOS,66.57276,25.84848,30.75,Rovaniemi Apukka,66.57944,26.01094,36.53
Myllykangas,MYS,65.535747,25.272566,Kemi Ajos,65.67318,24.51519,37.99,Kemi Kemi-Tornio lentoasema,65.78944,24.58278,42.37,Kemi I majakka,65.38508,24.09568,56.87,Oulu Vihreäsaari satama,65.00637,25.39325,59.13,Oulu Kaukovainio,64.99685,25.52233,61.04
Myllykoski,MKI,60.771013,26.78669,Kouvola Anjala,60.6965,26.81106,8.39,Kouvola Utti lentoasema,60.89839,26.94882,16.67,Pyhtää lentokenttä,60.48595,26.59209,33.43,Kotka Rankki,60.37538,26.95893,44.99,Virolahti Koivuniemi,60.5272,27.67274,55.38
Myllymäki,MY,62.524753,24.280965,Ähtäri Inha,62.55461,24.14239,7.84,Multia Karhila,62.51044,24.80764,27.07,Virrat Äijänneva,62.32783,23.54228,43.88,Alajärvi Möksy,63.08898,24.26084,62.75,Jyväskylä lentoasema,62.39758,25.67087,72.84
Myllyoja,MYL,61.16369,25.989681,Heinola Asemantaus,61.20008,26.04967,5.17,Asikkala Pulkkilanharju,61.26521,25.52021,27.56,Lahti Sopenkorpi,60.97465,25.6202,28.93,Hämeenlinna Lammi Pappila,61.05408,25.03844,52.54,Kouvola Utti lentoasema,60.89839,26.94882,59.48
Mynttilä,MYT,61.487261,26.923895,Mikkeli lentoasema,61.6886,27.20219,26.8,Mikkeli Lentoasema AWOS,61.68751,27.20671,26.83,Heinola Asemantaus,61.20008,26.04967,56.5,Joutsa Savenaho,61.87942,26.09478,61.76,Kouvola Utti lentoasema,60.89839,26.94882,65.49
Mynämäki,MYN,60.650417,21.964129,Turku lentoasema,60.51565,22.27916,22.82,Turku Artukainen,60.45439,22.1787,24.75,Turku Rajakari,60.37788,22.0964,31.16,Kaarina Yltöinen,60.3869,22.55183,43.51,Kustavi Isokari,60.7222,21.02681,51.65
Myyrmäki,MYR,60.261327,24.854751,Helsinki Kumpula,60.20307,24.96131,8.75,Vantaa Helsinki-Vantaan lentoasema,60.32937,24.97274,9.98,Espoo Tapiola,60.17797,24.78743,9.99,Helsinki Malmi lentokenttä,60.25299,25.04549,10.56,Helsinki Kaisaniemi,60.17523,24.94459,10.78
Mäkkylä,MÄK,60.22131,24.842976,Espoo Tapiola,60.17797,24.78743,5.71,Helsinki Kumpula,60.20307,24.96131,6.84,Helsinki Kaisaniemi,60.17523,24.94459,7.6,Helsinki Malmi lentokenttä,60.25299,25.04549,11.72,Vantaa Helsinki-Vantaan lentoasema,60.32937,24.97274,13.98
Mäntsälä,MLÄ,60.647258,25.307475,Mäntsälä Hirvihaara,60.62773,25.19342,6.59,Järvenpää Sorto,60.49825,25.06755,21.13,Hyvinkää Hyvinkäänkylä,60.59589,24.80297,28.11,Porvoo Harabacka,60.39172,25.6073,32.81,Vantaa Helsinki-Vantaan lentoasema,60.32937,24.97274,39.82
Mänttä,MÄN,62.029018,24.646888,Jämsä Halli lentoasema,61.85551,24.80459,20.98,Juupajoki Hyytiälä,61.84591,24.28696,27.73,Multia Karhila,62.51044,24.80764,54.17,Luhanka Judinsalo,61.70448,25.50529,57.69,Ähtäri Inha,62.55461,24.14239,64.0
Mäntyharju,MR,61.421104,26.881746,Mikkeli lentoasema,61.6886,27.20219,34.25,Mikkeli Lentoasema AWOS,61.68751,27.20671,34.26,Heinola Asemantaus,61.20008,26.04967,50.76,Kouvola Utti lentoasema,60.89839,26.94882,58.23,Joutsa Savenaho,61.87942,26.09478,65.75
Mäntyluoto,MN,61.58996,21.511964,Pori Tahkoluoto satama,61.63042,21.3762,8.47,Pori rautatieasema,61.47893,21.7832,18.95,Pori lentoasema,61.46011,21.80839,21.34,Rauma Pyynpää,61.13658,21.51518,50.41,Rauma Kylmäpihlaja,61.14475,21.30273,50.74
Mäntyluoto erkanemisvaihde,MN_V,61.577129,21.544086,Pori Tahkoluoto satama,61.63042,21.3762,10.67,Pori rautatieasema,61.47893,21.7832,16.73,Pori lentoasema,61.46011,21.80839,19.12,Rauma Pyynpää,61.13658,21.51518,49.01,Rauma Kylmäpihlaja,61.14475,21.30273,49.77
Naantali,NNL,60.469929,22.040037,Turku Artukainen,60.45439,22.1787,7.8,Turku Rajakari,60.37788,22.0964,10.69,Turku lentoasema,60.51565,22.27916,14.05,Kaarina Yltöinen,60.3869,22.55183,29.56,Parainen Fagerholm,60.11163,21.69828,44.07
Naarajärvi,NRI,62.283143,27.045557,Varkaus Kosulanniemi,62.32221,27.90785,44.78,Juva Partala,61.8923,27.88528,61.64,Mikkeli lentoasema,61.6886,27.20219,66.61,Mikkeli Lentoasema AWOS,61.68751,27.20671,66.76,Joutsa Savenaho,61.87942,26.09478,66.82
Nakkila,NAL,61.387035,21.969594,Pori lentoasema,61.46011,21.80839,11.81,Pori rautatieasema,61.47893,21.7832,14.24,Kokemäki Tulkkila,61.25294,22.34613,25.02,Rauma Pyynpää,61.13658,21.51518,36.96,Pori Tahkoluoto satama,61.63042,21.3762,41.51
Nastola,NSL,60.935567,25.935467,Lahti Sopenkorpi,60.97465,25.6202,17.57,Heinola Asemantaus,61.20008,26.04967,30.05,Asikkala Pulkkilanharju,61.26521,25.52021,42.91,Hämeenlinna Lammi Pappila,61.05408,25.03844,50.13,Mäntsälä Hirvihaara,60.62773,25.19342,52.86
Niemenpää,NMP,66.165558,23.92106,Tornio Kaakkuri,65.84733,24.17369,37.18,Tervola Loue,66.15352,24.99031,48.07,Kemi Kemi-Tornio lentoasema,65.78944,24.58278,51.44,Ylitornio Meltosjärvi,66.52952,24.6496,51.9,Kemi Ajos,65.67318,24.51519,61.03
Niinimaa,NII,62.642246,23.420637,Ilmajoki Seinäjoki lentoasema,62.68571,22.84272,29.9,Virrat Äijänneva,62.32783,23.54228,35.52,Ähtäri Inha,62.55461,24.14239,38.2,Kauhava lentokenttä,63.12033,23.04364,56.49,Seinäjoki Pelmaa,62.93808,22.48878,57.68
Niinimäki,NMÄ,60.877915,26.384374,Kouvola Utti lentoasema,60.89839,26.94882,30.62,Kouvola Anjala,60.6965,26.81106,30.71,Heinola Asemantaus,61.20008,26.04967,40.1,Lahti Sopenkorpi,60.97465,25.6202,42.67,Pyhtää lentokenttä,60.48595,26.59209,45.03
Niinisalo,NNS,61.844661,22.481919,Kankaanpää Niinisalo lentokenttä,61.83864,22.46368,1.17,Karvia Alkkia,62.18329,22.79983,41.15,Pori rautatieasema,61.47893,21.7832,54.9,Pori lentoasema,61.46011,21.80839,55.61,Pori Tahkoluoto satama,61.63042,21.3762,62.9
Niirala,NRL,62.175021,30.600268,Tohmajärvi Kemie,62.23539,30.34662,14.77,Joensuu Linnunlahti,62.60179,29.72713,65.4,Ilomantsi Mekrijärvi,62.76942,30.97467,68.84,Liperi Joensuu lentoasema,62.65695,29.63608,73.05,Savonlinna Punkaharju Laukansaari,61.80186,29.31506,78.91
Niirala-raja,NRLR,62.170426,30.632051,Tohmajärvi Kemie,62.23539,30.34662,16.47,Joensuu Linnunlahti,62.60179,29.72713,66.9,Ilomantsi Mekrijärvi,62.76942,30.97467,68.89,Liperi Joensuu lentoasema,62.65695,29.63608,74.54,Savonlinna Punkaharju Laukansaari,61.80186,29.31506,80.06
Niittylahti,NTH,62.51221,29.845911,Joensuu Linnunlahti,62.60179,29.72713,11.67,Liperi Joensuu lentoasema,62.65695,29.63608,19.35,Tohmajärvi Kemie,62.23539,30.34662,40.17,Ilomantsi Mekrijärvi,62.76942,30.97467,64.38,Savonlinna lentoasema,61.94638,28.93238,78.73
Nikkilä,NLÄ,60.38237,25.26654,Järvenpää Sorto,60.49825,25.06755,16.89,Vantaa Helsinki-Vantaan lentoasema,60.32937,24.97274,17.2,Porvoo Kilpilahti satama,60.30373,25.54916,17.84,Porvoo Harabacka,60.39172,25.6073,18.75,Helsinki Malmi lentokenttä,60.25299,25.04549,18.84
Niska,NSK,64.637367,26.533759,Vaala Pelso,64.50144,26.42386,16.0,Oulu Kaukovainio,64.99685,25.52233,62.35,Oulu lentoasema,64.93503,25.3392,65.55,Kajaani lentoasema,64.2829,27.67114,67.28,Oulu Vihreäsaari satama,65.00637,25.39325,67.78
Nivala,NVL,63.936389,24.960768,Ylivieska lentokenttä,64.05029,24.72468,17.11,Haapavesi Mustikkamäki,64.14263,25.42335,32.14,Toholampi Laitala,63.82133,24.16323,41.09,Pyhäjärvi Ojakylä,63.73589,25.70573,42.79,Halsua Purola,63.44564,24.44422,60.21
Nokia,NOA,61.481059,23.49917,Pirkkala Tampere-Pirkkala lentoasema,61.4194,23.62256,9.49,Tampere Härmälä,61.46561,23.74678,13.26,Tampere Siilinkari,61.51757,23.75388,14.11,Juupajoki Hyytiälä,61.84591,24.28696,58.09,Hattula Lepaa,61.11454,24.32449,60.03
Nummela,NM,60.328751,24.316922,Vihti Maasoja,60.41875,24.39862,10.97,Espoo Nuuksio,60.29128,24.56782,14.43,Lohja Porla,60.24446,24.04951,17.47,Espoo Tapiola,60.17797,24.78743,30.9,Vantaa Helsinki-Vantaan lentoasema,60.32937,24.97274,36.1
Nuojua,NUA,64.563433,26.673271,Vaala Pelso,64.50144,26.42386,13.77,Kajaani lentoasema,64.2829,27.67114,57.16,Kajaani Petäisenniska,64.21678,27.75194,64.6,Puolanka Paljakka,64.66392,28.0567,66.89,Oulu Kaukovainio,64.99685,25.52233,72.77
Nurmes,NRM,63.541078,29.137234,Nurmes Valtimo,63.6673,28.82927,20.71,Rautavaara Ylä-Luosta,63.37806,28.66166,29.78,Juuka Niemelä,63.23236,29.23397,34.66,Lieksa Lampela,63.32108,30.04578,51.38,Sotkamo Tuhkakylä,63.99618,28.05972,73.25
Närpiö,NÄR,62.468168,21.363959,Kaskinen Sälgrund,62.33382,21.19081,17.4,Kristiinankaupunki Majakka,62.20324,21.16983,31.12,Kauhajoki Kuja-Kokko,62.41345,22.18372,42.61,Korsnäs Bredskäret,62.93488,21.18485,52.69,Maalahti Strömmingsbådan,62.97839,20.74008,65.03
Ohenmäki,OHM,63.496332,27.268163,Vieremä Kaarakkala,63.8409,27.22061,38.39,Kuopio Maaninka,63.14343,27.31317,39.31,Siilinjärvi Kuopio lentoasema,62.99842,27.80817,61.61,Sotkamo Tuhkakylä,63.99618,28.05972,67.86,Kuopio Savilahti,62.89256,27.63331,69.59
Oitti,OI,60.789806,25.021316,Mäntsälä Hirvihaara,60.62773,25.19342,20.31,Hyvinkää Hyvinkäänkylä,60.59589,24.80297,24.62,Hämeenlinna Lammi Pappila,61.05408,25.03844,29.4,Järvenpää Sorto,60.49825,25.06755,32.52,Hämeenlinna Katinen,60.9992,24.49163,36.92
Olli,OLLI,60.382804,25.374228,Porvoo Harabacka,60.39172,25.6073,12.84,Porvoo Kilpilahti satama,60.30373,25.54916,13.04,Järvenpää Sorto,60.49825,25.06755,21.16,Helsinki Vuosaari Käärmeniementie,60.21935,25.17268,21.3,Helsinki Vuosaari satama,60.20867,25.1959,21.71
Onttola,ONT,62.635524,29.700477,Joensuu Linnunlahti,62.60179,29.72713,3.99,Liperi Joensuu lentoasema,62.65695,29.63608,4.06,Tohmajärvi Kemie,62.23539,30.34662,55.54,Ilomantsi Mekrijärvi,62.76942,30.97467,66.66,Juuka Niemelä,63.23236,29.23397,70.44
Orimattila,OM,60.814493,25.748738,Lahti Sopenkorpi,60.97465,25.6202,19.12,Mäntsälä Hirvihaara,60.62773,25.19342,36.65,Heinola Asemantaus,61.20008,26.04967,45.84,Hämeenlinna Lammi Pappila,61.05408,25.03844,46.71,Porvoo Harabacka,60.39172,25.6073,47.64
Orivesi,OV,61.650095,24.368047,Juupajoki Hyytiälä,61.84591,24.28696,22.19,Jämsä Halli lentoasema,61.85551,24.80459,32.4,Tampere Siilinkari,61.51757,23.75388,35.68,Tampere Härmälä,61.46561,23.74678,38.77,Pirkkala Tampere-Pirkkala lentoasema,61.4194,23.62256,47.11
Orivesi keskusta,OVK,61.673906,24.369838,Juupajoki Hyytiälä,61.84591,24.28696,19.62,Jämsä Halli lentoasema,61.85551,24.80459,30.51,Tampere Siilinkari,61.51757,23.75388,36.93,Tampere Härmälä,61.46561,23.74678,40.3,Pirkkala Tampere-Pirkkala lentoasema,61.4194,23.62256,48.66
Otanmäki,OTM,64.112027,27.092351,Vieremä Kaarakkala,63.8409,27.22061,30.79,Kajaani lentoasema,64.2829,27.67114,33.85,Kajaani Petäisenniska,64.21678,27.75194,34.02,Sotkamo Tuhkakylä,63.99618,28.05972,48.79,Vaala Pelso,64.50144,26.42386,53.98
Otava,OT,61.640827,27.071576,Mikkeli lentoasema,61.6886,27.20219,8.7,Mikkeli Lentoasema AWOS,61.68751,27.20671,8.82,Juva Partala,61.8923,27.88528,51.13,Joutsa Savenaho,61.87942,26.09478,57.84,Puumala kirkonkylä,61.52242,28.18491,60.37
Oulainen,OU,64.269509,24.82098,Ylivieska lentokenttä,64.05029,24.72468,24.82,Haapavesi Mustikkamäki,64.14263,25.42335,32.38,Siikajoki Ruukki,64.68421,25.08919,47.87,Raahe Lapaluoto satama,64.66589,24.40695,48.34,Raahe Nahkiainen,64.61178,23.89674,58.43
Oulu asema,OL,65.012409,25.486121,Oulu Kaukovainio,64.99685,25.52233,2.43,Oulu Vihreäsaari satama,65.00637,25.39325,4.41,Oulu lentoasema,64.93503,25.3392,11.04,Hailuoto Keskikylä,65.01967,24.72758,35.63,Siikajoki Ruukki,64.68421,25.08919,41.03
Oulu Nokela,NOK,64.988959,25.476067,Oulu Kaukovainio,64.99685,25.52233,2.34,Oulu Vihreäsaari satama,65.00637,25.39325,4.35,Oulu lentoasema,64.93503,25.3392,8.8,Hailuoto Keskikylä,65.01967,24.72758,35.33,Siikajoki Ruukki,64.68421,25.08919,38.51
Oulu Oritkari,ORI,64.98925,25.452448,Oulu Vihreäsaari satama,65.00637,25.39325,3.37,Oulu Kaukovainio,64.99685,25.52233,3.39,Oulu lentoasema,64.93503,25.3392,8.05,Hailuoto Keskikylä,65.01967,24.72758,34.23,Siikajoki Ruukki,64.68421,25.08919,38.02
Oulu tavara,OLT,65.000913,25.470291,Oulu Kaukovainio,64.99685,25.52233,2.49,Oulu Vihreäsaari satama,65.00637,25.39325,3.67,Oulu lentoasema,64.93503,25.3392,9.58,Hailuoto Keskikylä,65.01967,24.72758,34.95,Siikajoki Ruukki,64.68421,25.08919,39.56
Oulu Tuira,TUA,65.02871,25.474942,Oulu Kaukovainio,64.99685,25.52233,4.18,Oulu Vihreäsaari satama,65.00637,25.39325,4.57,Oulu lentoasema,64.93503,25.3392,12.22,Hailuoto Keskikylä,65.01967,24.72758,35.1,Siikajoki Ruukki,64.68421,25.08919,42.42
Oulunkylä,OLK,60.229,24.967676,Helsinki Kumpula,60.20307,24.96131,2.9,Helsinki Malmi lentokenttä,60.25299,25.04549,5.06,Helsinki Kaisaniemi,60.17523,24.94459,6.11,Vantaa Helsinki-Vantaan lentoasema,60.32937,24.97274,11.16,Helsinki Vuosaari Käärmeniementie,60.21935,25.17268,11.37
Oulunlahti,OLL,64.962428,25.504832,Oulu Kaukovainio,64.99685,25.52233,3.92,Oulu Vihreäsaari satama,65.00637,25.39325,7.17,Oulu lentoasema,64.93503,25.3392,8.37,Siikajoki Ruukki,64.68421,25.08919,36.66,Hailuoto Keskikylä,65.01967,24.72758,37.09
Paimenportti,PTI,60.479685,26.919372,Kotka Rankki,60.37538,26.95893,11.8,Pyhtää lentokenttä,60.48595,26.59209,17.94,Kouvola Anjala,60.6965,26.81106,24.82,Kotka Haapasaari,60.28676,27.18482,25.94,Loviisa Orrengrund,60.27476,26.44759,34.52
Paimio,PO,60.459453,22.685879,Kaarina Yltöinen,60.3869,22.55183,10.92,Turku lentoasema,60.51565,22.27916,23.14,Salo Kärkkä,60.37392,23.11292,25.3,Turku Artukainen,60.45439,22.1787,27.81,Kemiönsaari Kemiö,60.17123,22.75768,32.29
Palopuro,PLP,60.601471,24.906231,Hyvinkää Hyvinkäänkylä,60.59589,24.80297,5.67,Järvenpää Sorto,60.49825,25.06755,14.47,Mäntsälä Hirvihaara,60.62773,25.19342,15.94,Vantaa Helsinki-Vantaan lentoasema,60.32937,24.97274,30.48,Vihti Maasoja,60.41875,24.39862,34.42
Paltamo,PTO,64.40061,27.82218,Kajaani lentoasema,64.2829,27.67114,14.97,Kajaani Petäisenniska,64.21678,27.75194,20.72,Puolanka Paljakka,64.66392,28.0567,31.35,Sotkamo Kuolaniemi,64.11197,28.33639,40.58,Sotkamo Tuhkakylä,63.99618,28.05972,46.42
Pankakoski,PAS,63.321127,30.12173,Lieksa Lampela,63.32108,30.04578,3.79,Juuka Niemelä,63.23236,29.23397,45.47,Ilomantsi Pötsönvaara,63.14166,31.04454,50.34,Rautavaara Ylä-Luosta,63.37806,28.66166,73.1,Nurmes Valtimo,63.6673,28.82927,74.8
Parikkala,PAR,61.55855,29.502884,Parikkala Koitsanlahti,61.44467,29.46108,12.86,Savonlinna Punkaharju Laukansaari,61.80186,29.31506,28.81,Savonlinna lentoasema,61.94638,28.93238,52.55,Lappeenranta Hiekkapakka,61.1982,28.47308,67.93,Puumala kirkonkylä,61.52242,28.18491,69.95
Parkano,PKO,62.051967,23.078439,Karvia Alkkia,62.18329,22.79983,20.57,Virrat Äijänneva,62.32783,23.54228,38.99,Kankaanpää Niinisalo lentokenttä,61.83864,22.46368,39.95,Kauhajoki Kuja-Kokko,62.41345,22.18372,61.35,Juupajoki Hyytiälä,61.84591,24.28696,67.22
Parola,PRL,61.049922,24.366497,Hattula Lepaa,61.11454,24.32449,7.53,Hämeenlinna Katinen,60.9992,24.49163,8.79,Hämeenlinna Lammi Pappila,61.05408,25.03844,36.17,Jokioinen Ilmala,60.81397,23.49825,53.74,Somero Salkola,60.64668,23.80559,54.16
Pasila asema,PSL,60.198689,24.933521,Helsinki Kumpula,60.20307,24.96131,1.61,Helsinki Kaisaniemi,60.17523,24.94459,2.68,Espoo Tapiola,60.17797,24.78743,8.4,Helsinki Malmi lentokenttä,60.25299,25.04549,8.64,Helsinki Harmaja,60.10512,24.97539,10.66
Pasila autojuna-asema,PAU,60.208303,24.933169,Helsinki Kumpula,60.20307,24.96131,1.66,Helsinki Kaisaniemi,60.17523,24.94459,3.73,Helsinki Malmi lentokenttä,60.25299,25.04549,7.95,Espoo Tapiola,60.17797,24.78743,8.73,Helsinki Harmaja,60.10512,24.97539,11.71
Pasila tavara,PSLT,60.212086,24.934411,Helsinki Kumpula,60.20307,24.96131,1.79,Helsinki Kaisaniemi,60.17523,24.94459,4.14,Helsinki Malmi lentokenttä,60.25299,25.04549,7.63,Espoo Tapiola,60.17797,24.78743,8.97,Helsinki Harmaja,60.10512,24.97539,12.11
Patokangas,PTG,66.724902,27.519974,Kemijärvi lentokenttä,66.71556,27.15906,15.89,Pelkosenniemi Pyhätunturi,67.02191,27.21827,35.56,Salla kirkonkylä,66.8166,28.68829,52.24,Savukoski kirkonkylä,67.28296,28.1786,68.33,Rovaniemi Apukka,66.57944,26.01094,68.44
Pelkola,PA,61.13426,28.813728,Lappeenranta Konnunsuo,61.03879,28.56395,17.12,Lappeenranta Hiekkapakka,61.1982,28.47308,19.6,Lappeenranta lentoasema,61.0403,28.12916,38.26,Parikkala Koitsanlahti,61.44467,29.46108,48.86,Puumala kirkonkylä,61.52242,28.18491,54.67
Pello,PEL,66.78466,23.993374,Pello kirkonkylä,66.77278,23.96303,1.87,Ylitornio Meltosjärvi,66.52952,24.6496,40.51,Rovaniemi rautatieasema,66.49832,25.7088,82.05,Tervola Loue,66.15352,24.99031,82.97,Rovaniemi lentoasema,66.56236,25.83814,84.9
Peltosalmi,PMI,63.520846,27.246161,Vieremä Kaarakkala,63.8409,27.22061,35.61,Kuopio Maaninka,63.14343,27.31317,42.1,Siilinjärvi Kuopio lentoasema,62.99842,27.80817,64.54,Sotkamo Tuhkakylä,63.99618,28.05972,66.28,Rautavaara Ylä-Luosta,63.37806,28.66166,72.12
Peräseinäjoki,PSJ,62.549545,22.941988,Ilmajoki Seinäjoki lentoasema,62.68571,22.84272,15.97,Virrat Äijänneva,62.32783,23.54228,39.52,Karvia Alkkia,62.18329,22.79983,41.38,Kauhajoki Kuja-Kokko,62.41345,22.18372,41.79,Seinäjoki Pelmaa,62.93808,22.48878,48.98
Pesiökylä,PSK,64.926213,28.569552,Suomussalmi Pesiö,64.93125,28.74672,8.37,Puolanka Paljakka,64.66392,28.0567,37.95,Taivalkoski kirkonkylä,65.57489,28.21766,73.97,Kajaani lentoasema,64.2829,27.67114,83.38,Kajaani Petäisenniska,64.21678,27.75194,88.01
Petroskoi / Petrozavodsk,PRK,62.11698,32.176808,Ilomantsi Mekrijärvi,62.76942,30.97467,95.32,Tohmajärvi Kemie,62.23539,30.34662,95.89,Ilomantsi Pötsönvaara,63.14166,31.04454,127.79,Joensuu Linnunlahti,62.60179,29.72713,137.38,Liperi Joensuu lentoasema,62.65695,29.63608,144.04
Petäjävesi,PVI,62.256974,25.189337,Jyväskylä lentoasema,62.39758,25.67087,29.37,Jyväskylä lentoasema AWOS,62.39332,25.68862,29.91,Multia Karhila,62.51044,24.80764,34.37,Jämsä Halli lentoasema,61.85551,24.80459,48.94,Joutsa Savenaho,61.87942,26.09478,63.14
Pieksämäki asema,PM,62.301253,27.16753,Varkaus Kosulanniemi,62.32221,27.90785,38.32,Juva Partala,61.8923,27.88528,58.85,Kuopio Ritoniemi,62.79892,27.90495,67.01,Mikkeli lentoasema,61.6886,27.20219,68.15,Mikkeli Lentoasema AWOS,61.68751,27.20671,68.28
Pieksämäki lajittelu,PMLA,62.324528,27.175321,Varkaus Kosulanniemi,62.32221,27.90785,37.83,Juva Partala,61.8923,27.88528,60.61,Kuopio Ritoniemi,62.79892,27.90495,64.65,Kuopio Savilahti,62.89256,27.63331,67.37,Mikkeli lentoasema,61.6886,27.20219,70.73
Pieksämäki tavara,PMT,62.335855,27.182414,Varkaus Kosulanniemi,62.32221,27.90785,37.49,Juva Partala,61.8923,27.88528,61.39,Kuopio Ritoniemi,62.79892,27.90495,63.41,Kuopio Savilahti,62.89256,27.63331,66.06,Mikkeli lentoasema,61.6886,27.20219,71.98
Pieksämäki Temu,TMU,62.31317,27.169853,Varkaus Kosulanniemi,62.32221,27.90785,38.14,Juva Partala,61.8923,27.88528,59.8,Kuopio Ritoniemi,62.79892,27.90495,65.85,Kuopio Savilahti,62.89256,27.63331,68.65,Mikkeli lentoasema,61.6886,27.20219,69.47
Pietari_(Finljandski),PTR,59.957131,30.356308,Lappeenranta Konnunsuo,61.03879,28.56395,155.23,Virolahti Koivuniemi,60.5272,27.67274,161.09,Lappeenranta lentoasema,61.0403,28.12916,171.39,Lappeenranta Hiekkapakka,61.1982,28.47308,172.11,Parikkala Koitsanlahti,61.44467,29.46108,172.43
Pietari_(Ladozhski),PTL,59.931142,30.443925,Lappeenranta Konnunsuo,61.03879,28.56395,160.54,Virolahti Koivuniemi,60.5272,27.67274,166.72,Parikkala Koitsanlahti,61.44467,29.46108,176.59,Lappeenranta lentoasema,61.0403,28.12916,176.87,Lappeenranta Hiekkapakka,61.1982,28.47308,177.32
Pietarsaari,PTS,63.674326,22.714689,Pietarsaari Kallan,63.75144,22.52282,12.76,Kruunupyy Kokkola-Pietarsaari lentoasema,63.72655,23.14359,21.91,Kokkola Santahaka,63.83882,23.09715,26.23,Kokkola Tankar,63.95114,22.84537,31.44,Kauhava lentokenttä,63.12033,23.04364,63.74
Pihlajavesi,PH,62.346234,24.395608,Ähtäri Inha,62.55461,24.14239,26.58,Multia Karhila,62.51044,24.80764,27.98,Virrat Äijänneva,62.32783,23.54228,44.1,Juupajoki Hyytiälä,61.84591,24.28696,55.92,Jämsä Halli lentoasema,61.85551,24.80459,58.57
Pihtipudas,PP,63.371806,25.556278,Viitasaari Haapaniemi,63.08225,25.85862,35.58,Pyhäjärvi Ojakylä,63.73589,25.70573,41.16,Halsua Purola,63.44564,24.44422,55.96,Vesanto kirkonkylä,62.92178,26.4247,66.38,Alajärvi Möksy,63.08898,24.26084,72.1
Piikkiö,PIK,60.423105,22.51586,Kaarina Yltöinen,60.3869,22.55183,4.48,Turku lentoasema,60.51565,22.27916,16.56,Turku Artukainen,60.45439,22.1787,18.82,Turku Rajakari,60.37788,22.0964,23.58,Kemiönsaari Kemiö,60.17123,22.75768,31.01
Pikkarala,PKL,64.912694,25.754062,Oulu Kaukovainio,64.99685,25.52233,14.37,Oulu lentoasema,64.93503,25.3392,19.71,Oulu Vihreäsaari satama,65.00637,25.39325,19.92,Siikajoki Ruukki,64.68421,25.08919,40.45,Hailuoto Keskikylä,65.01967,24.72758,49.74
Pitkäkallio,PIO,60.765446,26.792637,Kouvola Anjala,60.6965,26.81106,7.73,Kouvola Utti lentoasema,60.89839,26.94882,17.03,Pyhtää lentokenttä,60.48595,26.59209,32.95,Kotka Rankki,60.37538,26.95893,44.31,Virolahti Koivuniemi,60.5272,27.67274,54.8
Pitkämäki,PTK,63.570689,29.060715,Nurmes Valtimo,63.6673,28.82927,15.69,Rautavaara Ylä-Luosta,63.37806,28.66166,29.18,Juuka Niemelä,63.23236,29.23397,38.6,Lieksa Lampela,63.32108,30.04578,56.28,Sotkamo Tuhkakylä,63.99618,28.05972,68.24
Pitäjänmäki,PJM,60.223412,24.859649,Helsinki Kumpula,60.20307,24.96131,6.05,Espoo Tapiola,60.17797,24.78743,6.44,Helsinki Kaisaniemi,60.17523,24.94459,7.12,Helsinki Malmi lentokenttä,60.25299,25.04549,10.77,Vantaa Helsinki-Vantaan lentoasema,60.32937,24.97274,13.33
Pohjankuru,PKU,60.098215,23.551872,Inkoo Jakobramsjö,59.99464,23.9956,27.19,Raasepori Jussarö,59.82076,23.57309,30.87,Inkoo Bågaskär,59.93114,24.01408,31.7,Lohja Porla,60.24446,24.04951,31.97,Hanko Tvärminne,59.84383,23.24859,32.94
Pohjois-Haaga,POH,60.230156,24.883319,Helsinki Kumpula,60.20307,24.96131,5.26,Helsinki Kaisaniemi,60.17523,24.94459,6.98,Espoo Tapiola,60.17797,24.78743,7.86,Helsinki Malmi lentokenttä,60.25299,25.04549,9.3,Vantaa Helsinki-Vantaan lentoasema,60.32937,24.97274,12.08
Pohjois-Louko,PLU,62.646837,22.941522,Ilmajoki Seinäjoki lentoasema,62.68571,22.84272,6.64,Seinäjoki Pelmaa,62.93808,22.48878,39.73,Kauhajoki Kuja-Kokko,62.41345,22.18372,46.74,Virrat Äijänneva,62.32783,23.54228,47.02,Karvia Alkkia,62.18329,22.79983,52.06
Poikkeus,PKK,61.989112,23.137954,Karvia Alkkia,62.18329,22.79983,27.86,Kankaanpää Niinisalo lentokenttä,61.83864,22.46368,39.06,Virrat Äijänneva,62.32783,23.54228,43.12,Tampere Siilinkari,61.51757,23.75388,61.64,Juupajoki Hyytiälä,61.84591,24.28696,62.22
Poiksilta,POI,61.790643,29.741895,Savonlinna Punkaharju Laukansaari,61.80186,29.31506,22.47,Parikkala Koitsanlahti,61.44467,29.46108,41.23,Savonlinna lentoasema,61.94638,28.93238,45.84,Tohmajärvi Kemie,62.23539,30.34662,58.66,Rantasalmi Rukkasluoto,62.06302,28.56618,68.57
Pori,PRI,61.477212,21.786607,Pori rautatieasema,61.47893,21.7832,0.26,Pori lentoasema,61.46011,21.80839,2.23,Pori Tahkoluoto satama,61.63042,21.3762,27.62,Kokemäki Tulkkila,61.25294,22.34613,38.87,Rauma Pyynpää,61.13658,21.51518,40.55
Porvoo,PRV,60.396602,25.648462,Porvoo Harabacka,60.39172,25.6073,2.33,Porvoo Kilpilahti satama,60.30373,25.54916,11.68,Porvoo Emäsalo,60.20382,25.62546,21.47,Helsinki Vuosaari satama,60.20867,25.1959,32.53,Helsinki Vuosaari Käärmeniementie,60.21935,25.17268,32.79
Puhos,PUS,62.088594,29.976082,Tohmajärvi Kemie,62.23539,30.34662,25.23,Savonlinna Punkaharju Laukansaari,61.80186,29.31506,47.03,Savonlinna lentoasema,61.94638,28.93238,56.7,Joensuu Linnunlahti,62.60179,29.72713,58.49,Liperi Joensuu lentoasema,62.65695,29.63608,65.58
Puistola,PLA,60.276313,25.036683,Helsinki Malmi lentokenttä,60.25299,25.04549,2.64,Vantaa Helsinki-Vantaan lentoasema,60.32937,24.97274,6.87,Helsinki Kumpula,60.20307,24.96131,9.15,Helsinki Vuosaari Käärmeniementie,60.21935,25.17268,9.82,Helsinki Vuosaari satama,60.20867,25.1959,11.57
Pukinmäki,PMK,60.242216,24.993288,Helsinki Malmi lentokenttä,60.25299,25.04549,3.12,Helsinki Kumpula,60.20307,24.96131,4.7,Helsinki Kaisaniemi,60.17523,24.94459,7.92,Vantaa Helsinki-Vantaan lentoasema,60.32937,24.97274,9.76,Helsinki Vuosaari Käärmeniementie,60.21935,25.17268,10.23
Pulsa,PL,60.927309,27.972716,Lappeenranta lentoasema,61.0403,28.12916,15.13,Lappeenranta Konnunsuo,61.03879,28.56395,34.21,Lappeenranta Hiekkapakka,61.1982,28.47308,40.4,Virolahti Koivuniemi,60.5272,27.67274,47.39,Kouvola Utti lentoasema,60.89839,26.94882,55.44
Punkaharju,PUN,61.761151,29.382354,Savonlinna Punkaharju Laukansaari,61.80186,29.31506,5.75,Savonlinna lentoasema,61.94638,28.93238,31.33,Parikkala Koitsanlahti,61.44467,29.46108,35.44,Rantasalmi Rukkasluoto,62.06302,28.56618,54.34,Puumala kirkonkylä,61.52242,28.18491,68.59
Purola,PUR,60.500329,25.050225,Järvenpää Sorto,60.49825,25.06755,0.98,Mäntsälä Hirvihaara,60.62773,25.19342,16.18,Hyvinkää Hyvinkäänkylä,60.59589,24.80297,17.19,Vantaa Helsinki-Vantaan lentoasema,60.32937,24.97274,19.48,Helsinki Malmi lentokenttä,60.25299,25.04549,27.5
Pyhäkumpu,PYK,63.662046,26.042336,Pyhäjärvi Ojakylä,63.73589,25.70573,18.51,Vieremä Kaarakkala,63.8409,27.22061,61.26,Haapavesi Mustikkamäki,64.14263,25.42335,61.42,Viitasaari Haapaniemi,63.08225,25.85862,65.12,Ylivieska lentokenttä,64.05029,24.72468,77.66
Pyhäkumpu erkanemisvaihde,PYE,63.677555,26.030169,Pyhäjärvi Ojakylä,63.73589,25.70573,17.25,Haapavesi Mustikkamäki,64.14263,25.42335,59.62,Vieremä Kaarakkala,63.8409,27.22061,61.28,Viitasaari Haapaniemi,63.08225,25.85862,66.74,Ylivieska lentokenttä,64.05029,24.72468,76.2
Pyhäsalmi,PHÄ,63.682935,25.982615,Pyhäjärvi Ojakylä,63.73589,25.70573,14.85,Haapavesi Mustikkamäki,64.14263,25.42335,57.97,Vieremä Kaarakkala,63.8409,27.22061,63.34,Viitasaari Haapaniemi,63.08225,25.85862,67.08,Ylivieska lentokenttä,64.05029,24.72468,73.92
Pännäinen,PNÄ,63.595382,22.790363,Pietarsaari Kallan,63.75144,22.52282,21.8,Kruunupyy Kokkola-Pietarsaari lentoasema,63.72655,23.14359,22.72,Kokkola Santahaka,63.83882,23.09715,31.0,Kokkola Tankar,63.95114,22.84537,39.65,Kauhava lentokenttä,63.12033,23.04364,54.31
Pännäinen (R855),R855,63.591357,22.776992,Pietarsaari Kallan,63.75144,22.52282,21.77,Kruunupyy Kokkola-Pietarsaari lentoasema,63.72655,23.14359,23.52,Kokkola Santahaka,63.83882,23.09715,31.71,Kokkola Tankar,63.95114,22.84537,40.15,Kauhava lentokenttä,63.12033,23.04364,54.04
Pääskylahti,PKY,61.862291,28.924534,Savonlinna lentoasema,61.94638,28.93238,9.36,Savonlinna Punkaharju Laukansaari,61.80186,29.31506,21.57,Rantasalmi Rukkasluoto,62.06302,28.56618,29.14,Puumala kirkonkylä,61.52242,28.18491,54.31,Parikkala Koitsanlahti,61.44467,29.46108,54.4
Raahe,RHE,64.683364,24.490632,Raahe Lapaluoto satama,64.66589,24.40695,4.43,Siikajoki Ruukki,64.68421,25.08919,28.46,Raahe Nahkiainen,64.61178,23.89674,29.38,Hailuoto Keskikylä,65.01967,24.72758,39.04,Hailuoto Marjaniemi,65.03975,24.56118,39.77
Raippo,RPO,60.912094,28.10607,Lappeenranta lentoasema,61.0403,28.12916,14.31,Lappeenranta Konnunsuo,61.03879,28.56395,28.44,Lappeenranta Hiekkapakka,61.1982,28.47308,37.45,Virolahti Koivuniemi,60.5272,27.67274,48.86,Kouvola Utti lentoasema,60.89839,26.94882,62.59
Raisio,RAI,60.485475,22.130194,Turku Artukainen,60.45439,22.1787,4.36,Turku lentoasema,60.51565,22.27916,8.82,Turku Rajakari,60.37788,22.0964,12.11,Kaarina Yltöinen,60.3869,22.55183,25.6,Parainen Fagerholm,60.11163,21.69828,47.9
Rajamäki,RM,60.532706,24.761636,Hyvinkää Hyvinkäänkylä,60.59589,24.80297,7.38,Järvenpää Sorto,60.49825,25.06755,17.18,Vihti Maasoja,60.41875,24.39862,23.58,Vantaa Helsinki-Vantaan lentoasema,60.32937,24.97274,25.4,Mäntsälä Hirvihaara,60.62773,25.19342,25.84
Rajaperkiö,RJP,63.036254,23.013344,Kauhava lentokenttä,63.12033,23.04364,9.47,Seinäjoki Pelmaa,62.93808,22.48878,28.65,Ilmajoki Seinäjoki lentoasema,62.68571,22.84272,39.93,Alajärvi Möksy,63.08898,24.26084,63.11,Vaasa lentoasema,63.05858,21.7546,63.49
Rantasalmi,RMI,62.014348,28.276594,Rantasalmi Rukkasluoto,62.06302,28.56618,16.04,Juva Partala,61.8923,27.88528,24.55,Savonlinna lentoasema,61.94638,28.93238,35.08,Varkaus Kosulanniemi,62.32221,27.90785,39.22,Puumala kirkonkylä,61.52242,28.18491,54.91
Rasinsuo,RAS,60.97619,27.892136,Lappeenranta lentoasema,61.0403,28.12916,14.63,Lappeenranta Konnunsuo,61.03879,28.56395,36.87,Lappeenranta Hiekkapakka,61.1982,28.47308,39.81,Virolahti Koivuniemi,60.5272,27.67274,51.33,Kouvola Utti lentoasema,60.89839,26.94882,51.68
Ratikylä,RLÄ,62.245426,23.011184,Karvia Alkkia,62.18329,22.79983,12.95,Virrat Äijänneva,62.32783,23.54228,28.95,Kauhajoki Kuja-Kokko,62.41345,22.18372,46.63,Ilmajoki Seinäjoki lentoasema,62.68571,22.84272,49.72,Kankaanpää Niinisalo lentokenttä,61.83864,22.46368,53.48
Rauha,RAH,61.178295,28.687578,Lappeenranta Hiekkapakka,61.1982,28.47308,11.71,Lappeenranta Konnunsuo,61.03879,28.56395,16.87,Lappeenranta lentoasema,61.0403,28.12916,33.7,Puumala kirkonkylä,61.52242,28.18491,46.72,Parikkala Koitsanlahti,61.44467,29.46108,50.81
Rauhalahti,RHL,62.239957,25.801006,Jyväskylä lentoasema AWOS,62.39332,25.68862,18.01,Jyväskylä lentoasema,62.39758,25.67087,18.77,Joutsa Savenaho,61.87942,26.09478,42.91,Multia Karhila,62.51044,24.80764,59.39,Luhanka Judinsalo,61.70448,25.50529,61.51
Rauma,RMA,61.132361,21.492431,Rauma Pyynpää,61.13658,21.51518,1.31,Rauma Kylmäpihlaja,61.14475,21.30273,10.27,Pori lentoasema,61.46011,21.80839,40.16,Pori rautatieasema,61.47893,21.7832,41.55,Kokemäki Tulkkila,61.25294,22.34613,47.67
Raunio,RIO,63.171521,22.955164,Kauhava lentokenttä,63.12033,23.04364,7.22,Seinäjoki Pelmaa,62.93808,22.48878,35.01,Ilmajoki Seinäjoki lentoasema,62.68571,22.84272,54.32,Vaasa lentoasema,63.05858,21.7546,61.66,Kruunupyy Kokkola-Pietarsaari lentoasema,63.72655,23.14359,62.42
Rautaruukki,RAT,64.658708,24.443464,Raahe Lapaluoto satama,64.66589,24.40695,1.91,Raahe Nahkiainen,64.61178,23.89674,26.56,Siikajoki Ruukki,64.68421,25.08919,30.85,Hailuoto Keskikylä,65.01967,24.72758,42.32,Hailuoto Marjaniemi,65.03975,24.56118,42.73
Rautjärvi,RJÄ,61.300812,29.085136,Parikkala Koitsanlahti,61.44467,29.46108,25.63,Lappeenranta Hiekkapakka,61.1982,28.47308,34.67,Lappeenranta Konnunsuo,61.03879,28.56395,40.37,Puumala kirkonkylä,61.52242,28.18491,53.87,Savonlinna Punkaharju Laukansaari,61.80186,29.31506,57.03
Rautpohja,RPH,62.232539,25.690392,Jyväskylä lentoasema AWOS,62.39332,25.68862,17.88,Jyväskylä lentoasema,62.39758,25.67087,18.38,Joutsa Savenaho,61.87942,26.09478,44.56,Multia Karhila,62.51044,24.80764,55.02,Luhanka Judinsalo,61.70448,25.50529,59.51
Rekola,RKL,60.332871,25.068666,Vantaa Helsinki-Vantaan lentoasema,60.32937,24.97274,5.29,Helsinki Malmi lentokenttä,60.25299,25.04549,8.97,Helsinki Vuosaari Käärmeniementie,60.21935,25.17268,13.86,Helsinki Vuosaari satama,60.20867,25.1959,15.49,Helsinki Kumpula,60.20307,24.96131,15.6
Retretti,REE,61.803308,29.294294,Savonlinna Punkaharju Laukansaari,61.80186,29.31506,1.1,Savonlinna lentoasema,61.94638,28.93238,24.76,Parikkala Koitsanlahti,61.44467,29.46108,40.84,Rantasalmi Rukkasluoto,62.06302,28.56618,47.8,Puumala kirkonkylä,61.52242,28.18491,66.36
Riihimäki (R060),R060,60.742903,24.792605,Hyvinkää Hyvinkäänkylä,60.59589,24.80297,16.36,Mäntsälä Hirvihaara,60.62773,25.19342,25.3,Järvenpää Sorto,60.49825,25.06755,31.06,Hämeenlinna Katinen,60.9992,24.49163,32.83,Hämeenlinna Lammi Pappila,61.05408,25.03844,37.07
Riihimäki (R702),R702,60.754615,24.782769,Hyvinkää Hyvinkäänkylä,60.59589,24.80297,17.68,Mäntsälä Hirvihaara,60.62773,25.19342,26.43,Hämeenlinna Katinen,60.9992,24.49163,31.43,Järvenpää Sorto,60.49825,25.06755,32.46,Hämeenlinna Lammi Pappila,61.05408,25.03844,36.05
Riihimäki Arolampi,ARP,60.697135,24.818591,Hyvinkää Hyvinkäänkylä,60.59589,24.80297,11.29,Mäntsälä Hirvihaara,60.62773,25.19342,21.83,Järvenpää Sorto,60.49825,25.06755,25.96,Hämeenlinna Katinen,60.9992,24.49163,37.97,Vihti Maasoja,60.41875,24.39862,38.54
Riihimäki asema,RI,60.736078,24.781241,Hyvinkää Hyvinkäänkylä,60.59589,24.80297,15.63,Mäntsälä Hirvihaara,60.62773,25.19342,25.47,Järvenpää Sorto,60.49825,25.06755,30.71,Hämeenlinna Katinen,60.9992,24.49163,33.19,Hämeenlinna Lammi Pappila,61.05408,25.03844,38.0
Riihimäki lajittelu,RILA,60.725385,24.792909,Hyvinkää Hyvinkäänkylä,60.59589,24.80297,14.41,Mäntsälä Hirvihaara,60.62773,25.19342,24.36,Järvenpää Sorto,60.49825,25.06755,29.37,Hämeenlinna Katinen,60.9992,24.49163,34.54,Hämeenlinna Lammi Pappila,61.05408,25.03844,38.89
Riihimäki tavara,RIT,60.714716,24.802312,Hyvinkää Hyvinkäänkylä,60.59589,24.80297,13.21,Mäntsälä Hirvihaara,60.62773,25.19342,23.39,Järvenpää Sorto,60.49825,25.06755,28.09,Hämeenlinna Katinen,60.9992,24.49163,35.83,Vihti Maasoja,60.41875,24.39862,39.62
Riijärvi,RJR,63.465864,22.66527,Pietarsaari Kallan,63.75144,22.52282,32.53,Kruunupyy Kokkola-Pietarsaari lentoasema,63.72655,23.14359,37.41,Kauhava lentokenttä,63.12033,23.04364,42.82,Kokkola Santahaka,63.83882,23.09715,46.63,Kokkola Tankar,63.95114,22.84537,54.68
Riippa,RPA,63.868454,23.637151,Toholampi Laitala,63.82133,24.16323,26.31,Kokkola Santahaka,63.83882,23.09715,26.66,Kruunupyy Kokkola-Pietarsaari lentoasema,63.72655,23.14359,28.92,Kokkola Tankar,63.95114,22.84537,39.8,Kalajoki Ulkokalla,64.33073,23.44627,52.23
Ristiina,RST,61.461611,27.264338,Mikkeli Lentoasema AWOS,61.68751,27.20671,25.3,Mikkeli lentoasema,61.6886,27.20219,25.45,Puumala kirkonkylä,61.52242,28.18491,49.32,Juva Partala,61.8923,27.88528,58.02,Kouvola Utti lentoasema,60.89839,26.94882,64.87
Ristijärvi,RJV,64.488179,28.185498,Puolanka Paljakka,64.66392,28.0567,20.49,Kajaani lentoasema,64.2829,27.67114,33.65,Kajaani Petäisenniska,64.21678,27.75194,36.69,Sotkamo Kuolaniemi,64.11197,28.33639,42.46,Sotkamo Tuhkakylä,63.99618,28.05972,55.04
Rovaniemi,ROI,66.497675,25.705329,Rovaniemi rautatieasema,66.49832,25.7088,0.17,Rovaniemi lentoasema,66.56236,25.83814,9.29,Rovaniemi lentoasema AWOS,66.57276,25.84848,10.48,Rovaniemi Apukka,66.57944,26.01094,16.3,Ylitornio Meltosjärvi,66.52952,24.6496,46.92
Ruha,RHA,62.887473,22.978534,Ilmajoki Seinäjoki lentoasema,62.68571,22.84272,23.47,Seinäjoki Pelmaa,62.93808,22.48878,25.43,Kauhava lentokenttä,63.12033,23.04364,26.1,Vaasa lentoasema,63.05858,21.7546,64.7,Kauhajoki Kuja-Kokko,62.41345,22.18372,66.53
Runni,RNN,63.602052,26.886487,Vieremä Kaarakkala,63.8409,27.22061,31.24,Kuopio Maaninka,63.14343,27.31317,55.25,Pyhäjärvi Ojakylä,63.73589,25.70573,60.11,Sotkamo Tuhkakylä,63.99618,28.05972,72.37,Viitasaari Haapaniemi,63.08225,25.85862,77.27
Ruokosuo,RSU,63.09744,27.740113,Siilinjärvi Kuopio lentoasema,62.99842,27.80817,11.53,Kuopio Maaninka,63.14343,27.31317,22.06,Kuopio Savilahti,62.89256,27.63331,23.41,Kuopio Ritoniemi,62.79892,27.90495,34.22,Rautavaara Ylä-Luosta,63.37806,28.66166,55.7
Ruukki,RKI,64.660373,25.0982,Siikajoki Ruukki,64.68421,25.08919,2.68,Oulu lentoasema,64.93503,25.3392,32.6,Raahe Lapaluoto satama,64.66589,24.40695,32.9,Oulu Vihreäsaari satama,65.00637,25.39325,40.92,Oulu Kaukovainio,64.99685,25.52233,42.45
Ruusumäki,RSM,60.31566,24.878314,Vantaa Helsinki-Vantaan lentoasema,60.32937,24.97274,5.42,Helsinki Malmi lentokenttä,60.25299,25.04549,11.55,Helsinki Kumpula,60.20307,24.96131,13.33,Helsinki Kaisaniemi,60.17523,24.94459,16.04,Espoo Tapiola,60.17797,24.78743,16.11
Ryttylä,RY,60.818048,24.758186,Hämeenlinna Katinen,60.9992,24.49163,24.77,Hyvinkää Hyvinkäänkylä,60.59589,24.80297,24.82,Hämeenlinna Lammi Pappila,61.05408,25.03844,30.3,Mäntsälä Hirvihaara,60.62773,25.19342,31.75,Järvenpää Sorto,60.49825,25.06755,39.35
Röyttä,RÖY,65.765795,24.162896,Tornio Kaakkuri,65.84733,24.17369,9.08,Kemi Ajos,65.67318,24.51519,19.12,Kemi Kemi-Tornio lentoasema,65.78944,24.58278,19.34,Kemi I majakka,65.38508,24.09568,42.45,Tervola Loue,66.15352,24.99031,57.13
Saakoski,SAA,61.990369,25.410596,Luhanka Judinsalo,61.70448,25.50529,32.18,Jämsä Halli lentoasema,61.85551,24.80459,35.08,Joutsa Savenaho,61.87942,26.09478,37.86,Jyväskylä lentoasema AWOS,62.39332,25.68862,47.07,Jyväskylä lentoasema,62.39758,25.67087,47.25
Saari,SR,61.695058,29.660865,Savonlinna Punkaharju Laukansaari,61.80186,29.31506,21.73,Parikkala Koitsanlahti,61.44467,29.46108,29.78,Savonlinna lentoasema,61.94638,28.93238,47.37,Tohmajärvi Kemie,62.23539,30.34662,69.96,Rantasalmi Rukkasluoto,62.06302,28.56618,70.47
Saarijärvi,SRJ,62.700076,25.283095,Multia Karhila,62.51044,24.80764,32.19,Jyväskylä lentoasema,62.39758,25.67087,39.07,Jyväskylä lentoasema AWOS,62.39332,25.68862,39.95,Viitasaari Haapaniemi,63.08225,25.85862,51.54,Ähtäri Inha,62.55461,24.14239,60.52
Salminen,SLN,62.676239,27.286121,Kuopio Savilahti,62.89256,27.63331,29.84,Kuopio Ritoniemi,62.79892,27.90495,34.35,Siilinjärvi Kuopio lentoasema,62.99842,27.80817,44.56,Varkaus Kosulanniemi,62.32221,27.90785,50.68,Vesanto kirkonkylä,62.92178,26.4247,51.6
Salo,SLO,60.384777,23.121448,Salo Kärkkä,60.37392,23.11292,1.3,Salo Kiikala lentokenttä,60.46415,23.64976,30.31,Kemiönsaari Kemiö,60.17123,22.75768,31.08,Kaarina Yltöinen,60.3869,22.55183,31.3,Somero Salkola,60.64668,23.80559,47.43
Sammalisto,SAM,60.763711,24.78372,Hyvinkää Hyvinkäänkylä,60.59589,24.80297,18.69,Mäntsälä Hirvihaara,60.62773,25.19342,26.94,Hämeenlinna Katinen,60.9992,24.49163,30.59,Järvenpää Sorto,60.49825,25.06755,33.33,Hämeenlinna Lammi Pappila,61.05408,25.03844,35.1
Santala,STA,59.875008,23.121052,Hanko Tvärminne,59.84383,23.24859,7.92,Hanko Tulliniemi,59.80864,22.91246,13.79,Hanko Russarö,59.77363,22.94868,14.83,Raasepori Jussarö,59.82076,23.57309,25.96,Kemiönsaari Kemiö,60.17123,22.75768,38.63
Saunakallio,SAU,60.487305,25.065568,Järvenpää Sorto,60.49825,25.06755,1.22,Mäntsälä Hirvihaara,60.62773,25.19342,17.11,Vantaa Helsinki-Vantaan lentoasema,60.32937,24.97274,18.29,Hyvinkää Hyvinkäänkylä,60.59589,24.80297,18.76,Helsinki Malmi lentokenttä,60.25299,25.04549,26.08
Saunamäki,SMÄ,60.852337,26.519052,Kouvola Anjala,60.6965,26.81106,23.49,Kouvola Utti lentoasema,60.89839,26.94882,23.82,Pyhtää lentokenttä,60.48595,26.59209,40.93,Heinola Asemantaus,61.20008,26.04967,46.2,Lahti Sopenkorpi,60.97465,25.6202,50.45
Savio,SAV,60.381296,25.097803,Vantaa Helsinki-Vantaan lentoasema,60.32937,24.97274,8.98,Järvenpää Sorto,60.49825,25.06755,13.11,Helsinki Malmi lentokenttä,60.25299,25.04549,14.55,Helsinki Vuosaari Käärmeniementie,60.21935,25.17268,18.47,Helsinki Vuosaari satama,60.20867,25.1959,19.94
Savonlinna asema,SL,61.8689,28.888266,Savonlinna lentoasema,61.94638,28.93238,8.92,Savonlinna Punkaharju Laukansaari,61.80186,29.31506,23.61,Rantasalmi Rukkasluoto,62.06302,28.56618,27.37,Juva Partala,61.8923,27.88528,52.63,Puumala kirkonkylä,61.52242,28.18491,53.47
Seinäjoki asema,SK,62.792016,22.844217,Ilmajoki Seinäjoki lentoasema,62.68571,22.84272,11.82,Seinäjoki Pelmaa,62.93808,22.48878,24.26,Kauhava lentokenttä,63.12033,23.04364,37.87,Kauhajoki Kuja-Kokko,62.41345,22.18372,53.98,Vaasa lentoasema,63.05858,21.7546,62.61
Seinäjoki Rahkola,RLA,62.762843,22.9254,Ilmajoki Seinäjoki lentoasema,62.68571,22.84272,9.56,Seinäjoki Pelmaa,62.93808,22.48878,29.5,Kauhava lentokenttä,63.12033,23.04364,40.2,Kauhajoki Kuja-Kokko,62.41345,22.18372,54.32,Virrat Äijänneva,62.32783,23.54228,57.79
Seinäjoki tavara,SKT,62.784847,22.866289,Ilmajoki Seinäjoki lentoasema,62.68571,22.84272,11.09,Seinäjoki Pelmaa,62.93808,22.48878,25.63,Kauhava lentokenttä,63.12033,23.04364,38.37,Kauhajoki Kuja-Kokko,62.41345,22.18372,54.09,Virrat Äijänneva,62.32783,23.54228,61.5
Selänpää,SPÄ,61.007729,26.714088,Kouvola Utti lentoasema,60.89839,26.94882,17.56,Kouvola Anjala,60.6965,26.81106,35.0,Heinola Asemantaus,61.20008,26.04967,41.62,Pyhtää lentokenttä,60.48595,26.59209,58.4,Lahti Sopenkorpi,60.97465,25.6202,59.1
Sieppijärvi,SPJ,67.159514,23.867383,Pello kirkonkylä,66.77278,23.96303,43.2,Kittilä Pakatti,67.66924,24.92927,72.59,Kittilä lentoasema,67.69168,24.85538,72.66,Ylitornio Meltosjärvi,66.52952,24.6496,77.95,Muonio Oustajärvi,67.94823,23.70782,87.96
Sievi,SVI,63.978137,24.278697,Toholampi Laitala,63.82133,24.16323,18.33,Ylivieska lentokenttä,64.05029,24.72468,23.16,Kalajoki Ulkokalla,64.33073,23.44627,56.26,Haapavesi Mustikkamäki,64.14263,25.42335,58.6,Halsua Purola,63.44564,24.44422,59.77
Siikamäki,SKÄ,62.289158,27.40773,Varkaus Kosulanniemi,62.32221,27.90785,26.11,Juva Partala,61.8923,27.88528,50.65,Kuopio Ritoniemi,62.79892,27.90495,62.15,Rantasalmi Rukkasluoto,62.06302,28.56618,65.17,Mikkeli lentoasema,61.6886,27.20219,67.64
Siilinjärvi (R662),R662,63.085585,27.659874,Siilinjärvi Kuopio lentoasema,62.99842,27.80817,12.24,Kuopio Maaninka,63.14343,27.31317,18.58,Kuopio Savilahti,62.89256,27.63331,21.51,Kuopio Ritoniemi,62.79892,27.90495,34.2,Rautavaara Ylä-Luosta,63.37806,28.66166,59.79
Siilinjärvi asema,SIJ,63.074953,27.666561,Siilinjärvi Kuopio lentoasema,62.99842,27.80817,11.11,Kuopio Maaninka,63.14343,27.31317,19.34,Kuopio Savilahti,62.89256,27.63331,20.35,Kuopio Ritoniemi,62.79892,27.90495,32.98,Rautavaara Ylä-Luosta,63.37806,28.66166,60.17
Simo,SIM,65.663135,25.060752,Kemi Ajos,65.67318,24.51519,25.02,Kemi Kemi-Tornio lentoasema,65.78944,24.58278,25.97,Tornio Kaakkuri,65.84733,24.17369,45.39,Kemi I majakka,65.38508,24.09568,54.15,Tervola Loue,66.15352,24.99031,54.62
Simpele,SPL,61.424787,29.371696,Parikkala Koitsanlahti,61.44467,29.46108,5.24,Savonlinna Punkaharju Laukansaari,61.80186,29.31506,42.04,Lappeenranta Hiekkapakka,61.1982,28.47308,54.18,Lappeenranta Konnunsuo,61.03879,28.56395,60.91,Savonlinna lentoasema,61.94638,28.93238,62.46
Sipilä,SIP,60.711122,25.420346,Mäntsälä Hirvihaara,60.62773,25.19342,15.45,Järvenpää Sorto,60.49825,25.06755,30.51,Lahti Sopenkorpi,60.97465,25.6202,31.24,Hyvinkää Hyvinkäänkylä,60.59589,24.80297,36.0,Porvoo Harabacka,60.39172,25.6073,36.96
Sisättö,STÖ,61.838125,23.310976,Tampere Siilinkari,61.51757,23.75388,42.62,Kankaanpää Niinisalo lentokenttä,61.83864,22.46368,44.47,Karvia Alkkia,62.18329,22.79983,46.74,Tampere Härmälä,61.46561,23.74678,47.38,Pirkkala Tampere-Pirkkala lentoasema,61.4194,23.62256,49.39
Siuntio,STI,60.140648,24.221671,Lohja Porla,60.24446,24.04951,14.96,Inkoo Jakobramsjö,59.99464,23.9956,20.52,Espoo Nuuksio,60.29128,24.56782,25.42,Kirkkonummi Mäkiluoto,59.91982,24.35023,25.57,Inkoo Bågaskär,59.93114,24.01408,25.99
Siuro,SIU,61.47445,23.33911,Pirkkala Tampere-Pirkkala lentoasema,61.4194,23.62256,16.26,Tampere Härmälä,61.46561,23.74678,21.67,Tampere Siilinkari,61.51757,23.75388,22.53,Kokemäki Tulkkila,61.25294,22.34613,58.37,Kankaanpää Niinisalo lentokenttä,61.83864,22.46368,61.45
Skogby,SGY,59.926668,23.312403,Hanko Tvärminne,59.84383,23.24859,9.88,Raasepori Jussarö,59.82076,23.57309,18.72,Hanko Tulliniemi,59.80864,22.91246,25.9,Hanko Russarö,59.77363,22.94868,26.5,Inkoo Jakobramsjö,59.99464,23.9956,38.77
Sköldvik,SLD,60.305964,25.481846,Porvoo Kilpilahti satama,60.30373,25.54916,3.72,Porvoo Harabacka,60.39172,25.6073,11.77,Porvoo Emäsalo,60.20382,25.62546,13.85,Helsinki Vuosaari satama,60.20867,25.1959,19.13,Helsinki Vuosaari Käärmeniementie,60.21935,25.17268,19.58
Soinlahti,SOA,63.634206,27.204458,Vieremä Kaarakkala,63.8409,27.22061,23.0,Kuopio Maaninka,63.14343,27.31317,54.84,Sotkamo Tuhkakylä,63.99618,28.05972,58.15,Kajaani Petäisenniska,64.21678,27.75194,70.09,Pyhäjärvi Ojakylä,63.73589,25.70573,74.74
Sorsasalo,SOR,62.953371,27.68315,Kuopio Savilahti,62.89256,27.63331,7.22,Siilinjärvi Kuopio lentoasema,62.99842,27.80817,8.06,Kuopio Ritoniemi,62.79892,27.90495,20.53,Kuopio Maaninka,63.14343,27.31317,28.18,Vesanto kirkonkylä,62.92178,26.4247,63.76
Sukeva,SKV,63.864618,27.422313,Vieremä Kaarakkala,63.8409,27.22061,10.23,Sotkamo Tuhkakylä,63.99618,28.05972,34.41,Kajaani Petäisenniska,64.21678,27.75194,42.32,Kajaani lentoasema,64.2829,27.67114,48.06,Sotkamo Kuolaniemi,64.11197,28.33639,52.38
Suolahti,SUO,62.561352,25.851545,Jyväskylä lentoasema,62.39758,25.67087,20.44,Jyväskylä lentoasema AWOS,62.39332,25.68862,20.47,Vesanto kirkonkylä,62.92178,26.4247,49.58,Multia Karhila,62.51044,24.80764,53.83,Viitasaari Haapaniemi,63.08225,25.85862,57.92
Suonenjoki,SNJ,62.623707,27.124495,Kuopio Savilahti,62.89256,27.63331,39.55,Kuopio Ritoniemi,62.79892,27.90495,44.3,Vesanto kirkonkylä,62.92178,26.4247,48.64,Varkaus Kosulanniemi,62.32221,27.90785,52.39,Siilinjärvi Kuopio lentoasema,62.99842,27.80817,54.25
Suoniemi,SNM,61.465246,23.210006,Pirkkala Tampere-Pirkkala lentoasema,61.4194,23.62256,22.51,Tampere Härmälä,61.46561,23.74678,28.51,Tampere Siilinkari,61.51757,23.75388,29.45,Kokemäki Tulkkila,61.25294,22.34613,51.74,Kankaanpää Niinisalo lentokenttä,61.83864,22.46368,57.24
Svetogorsk,STG,61.11705,28.847194,Lappeenranta Konnunsuo,61.03879,28.56395,17.54,Lappeenranta Hiekkapakka,61.1982,28.47308,22.0,Lappeenranta lentoasema,61.0403,28.12916,39.54,Parikkala Koitsanlahti,61.44467,29.46108,49.02,Puumala kirkonkylä,61.52242,28.18491,57.28
Syrjä,SYR,62.356168,28.366542,Varkaus Kosulanniemi,62.32221,27.90785,23.98,Rantasalmi Rukkasluoto,62.06302,28.56618,34.2,Savonlinna lentoasema,61.94638,28.93238,54.22,Kuopio Ritoniemi,62.79892,27.90495,54.61,Juva Partala,61.8923,27.88528,57.33
Syrjämäki,SKI,62.756156,22.912391,Ilmajoki Seinäjoki lentoasema,62.68571,22.84272,8.6,Seinäjoki Pelmaa,62.93808,22.48878,29.52,Kauhava lentokenttä,63.12033,23.04364,41.04,Kauhajoki Kuja-Kokko,62.41345,22.18372,53.33,Virrat Äijänneva,62.32783,23.54228,57.54
Sysmäjärvi,SMJ,62.716898,29.060797,Liperi Joensuu lentoasema,62.65695,29.63608,30.1,Joensuu Linnunlahti,62.60179,29.72713,36.36,Juuka Niemelä,63.23236,29.23397,57.98,Kuopio Ritoniemi,62.79892,27.90495,59.53,Siilinjärvi Kuopio lentoasema,62.99842,27.80817,70.83
Säkäniemi,SÄ,62.317676,30.120915,Tohmajärvi Kemie,62.23539,30.34662,14.83,Joensuu Linnunlahti,62.60179,29.72713,37.52,Liperi Joensuu lentoasema,62.65695,29.63608,45.2,Ilomantsi Mekrijärvi,62.76942,30.97467,66.63,Savonlinna Punkaharju Laukansaari,61.80186,29.31506,71.08
Sänkimäki,SKM,63.15085,27.874879,Siilinjärvi Kuopio lentoasema,62.99842,27.80817,17.28,Kuopio Maaninka,63.14343,27.31317,28.22,Kuopio Savilahti,62.89256,27.63331,31.2,Kuopio Ritoniemi,62.79892,27.90495,39.16,Rautavaara Ylä-Luosta,63.37806,28.66166,46.77
Sääksjärvi,SJ,61.418654,23.752219,Tampere Härmälä,61.46561,23.74678,5.23,Pirkkala Tampere-Pirkkala lentoasema,61.4194,23.62256,6.9,Tampere Siilinkari,61.51757,23.75388,11.0,Hattula Lepaa,61.11454,24.32449,45.6,Juupajoki Hyytiälä,61.84591,24.28696,55.27
Taavetti,TA,60.913077,27.559584,Kouvola Utti lentoasema,60.89839,26.94882,33.06,Lappeenranta lentoasema,61.0403,28.12916,33.83,Virolahti Koivuniemi,60.5272,27.67274,43.35,Kouvola Anjala,60.6965,26.81106,47.2,Lappeenranta Konnunsuo,61.03879,28.56395,55.96
Tahkoluoto,TKO,61.633918,21.417336,Pori Tahkoluoto satama,61.63042,21.3762,2.21,Pori rautatieasema,61.47893,21.7832,25.93,Pori lentoasema,61.46011,21.80839,28.33,Rauma Kylmäpihlaja,61.14475,21.30273,54.73,Rauma Pyynpää,61.13658,21.51518,55.55
Taipale,TE,63.459474,27.311786,Kuopio Maaninka,63.14343,27.31317,35.14,Vieremä Kaarakkala,63.8409,27.22061,42.65,Siilinjärvi Kuopio lentoasema,62.99842,27.80817,56.98,Kuopio Savilahti,62.89256,27.63331,65.07,Rautavaara Ylä-Luosta,63.37806,28.66166,67.77
Talviainen,TV,61.724742,24.658868,Jämsä Halli lentoasema,61.85551,24.80459,16.43,Juupajoki Hyytiälä,61.84591,24.28696,23.74,Luhanka Judinsalo,61.70448,25.50529,44.66,Tampere Siilinkari,61.51757,23.75388,53.09,Tampere Härmälä,61.46561,23.74678,56.19
Talvivaara,TLV,63.979256,27.995425,Sotkamo Tuhkakylä,63.99618,28.05972,3.66,Sotkamo Kuolaniemi,64.11197,28.33639,22.21,Kajaani Petäisenniska,64.21678,27.75194,28.94,Kajaani lentoasema,64.2829,27.67114,37.25,Vieremä Kaarakkala,63.8409,27.22061,40.89
Tammisaari,TMS,59.979553,23.443501,Hanko Tvärminne,59.84383,23.24859,18.6,Raasepori Jussarö,59.82076,23.57309,19.08,Inkoo Jakobramsjö,59.99464,23.9956,30.75,Inkoo Bågaskär,59.93114,24.01408,32.22,Hanko Tulliniemi,59.80864,22.91246,35.19
Tampere asema,TPE,61.498236,23.773454,Tampere Siilinkari,61.51757,23.75388,2.39,Tampere Härmälä,61.46561,23.74678,3.89,Pirkkala Tampere-Pirkkala lentoasema,61.4194,23.62256,11.88,Juupajoki Hyytiälä,61.84591,24.28696,47.21,Hattula Lepaa,61.11454,24.32449,51.82
Tampere Järvensivu,JVS,61.491461,23.785189,Tampere Siilinkari,61.51757,23.75388,3.34,Tampere Härmälä,61.46561,23.74678,3.52,Pirkkala Tampere-Pirkkala lentoasema,61.4194,23.62256,11.78,Juupajoki Hyytiälä,61.84591,24.28696,47.48,Hattula Lepaa,61.11454,24.32449,50.85
Tampere tavara,TPET,61.469888,23.763974,Tampere Härmälä,61.46561,23.74678,1.03,Tampere Siilinkari,61.51757,23.75388,5.33,Pirkkala Tampere-Pirkkala lentoasema,61.4194,23.62256,9.38,Hattula Lepaa,61.11454,24.32449,49.57,Juupajoki Hyytiälä,61.84591,24.28696,50.1
Tampere Viinikka,VKA,61.480331,23.773542,Tampere Härmälä,61.46561,23.74678,2.17,Tampere Siilinkari,61.51757,23.75388,4.27,Pirkkala Tampere-Pirkkala lentoasema,61.4194,23.62256,10.5,Juupajoki Hyytiälä,61.84591,24.28696,48.85,Hattula Lepaa,61.11454,24.32449,50.2
Tapanila,TNA,60.2639,25.030033,Helsinki Malmi lentokenttä,60.25299,25.04549,1.48,Helsinki Kumpula,60.20307,24.96131,7.76,Vantaa Helsinki-Vantaan lentoasema,60.32937,24.97274,7.93,Helsinki Vuosaari Käärmeniementie,60.21935,25.17268,9.3,Helsinki Kaisaniemi,60.17523,24.94459,10.93
Tapavainola,TAP,61.017354,28.08938,Lappeenranta lentoasema,61.0403,28.12916,3.33,Lappeenranta Konnunsuo,61.03879,28.56395,25.67,Lappeenranta Hiekkapakka,61.1982,28.47308,28.8,Puumala kirkonkylä,61.52242,28.18491,56.39,Virolahti Koivuniemi,60.5272,27.67274,59.01
Tavastila,TSL,60.573333,26.954701,Kouvola Anjala,60.6965,26.81106,15.78,Kotka Rankki,60.37538,26.95893,22.01,Pyhtää lentokenttä,60.48595,26.59209,22.09,Kotka Haapasaari,60.28676,27.18482,34.28,Kouvola Utti lentoasema,60.89839,26.94882,36.15
Tervajoki,TK,63.000773,22.171462,Seinäjoki Pelmaa,62.93808,22.48878,17.49,Vaasa lentoasema,63.05858,21.7546,21.98,Vaasa Klemettilä,63.09871,21.63938,28.94,Kauhava lentokenttä,63.12033,23.04364,45.9,Ilmajoki Seinäjoki lentoasema,62.68571,22.84272,48.87
Tervola,TRV,66.081811,24.772291,Tervola Loue,66.15352,24.99031,12.65,Kemi Kemi-Tornio lentoasema,65.78944,24.58278,33.63,Tornio Kaakkuri,65.84733,24.17369,37.61,Kemi Ajos,65.67318,24.51519,46.92,Ylitornio Meltosjärvi,66.52952,24.6496,50.08
Tesoma,TSO,61.503363,23.630271,Tampere Siilinkari,61.51757,23.75388,6.74,Tampere Härmälä,61.46561,23.74678,7.47,Pirkkala Tampere-Pirkkala lentoasema,61.4194,23.62256,9.35,Juupajoki Hyytiälä,61.84591,24.28696,51.49,Hattula Lepaa,61.11454,24.32449,56.94
Teuva,TUV,62.474956,21.742287,Kauhajoki Kuja-Kokko,62.41345,22.18372,23.71,Kaskinen Sälgrund,62.33382,21.19081,32.45,Kristiinankaupunki Majakka,62.20324,21.16983,42.26,Korsnäs Bredskäret,62.93488,21.18485,58.51,Ilmajoki Seinäjoki lentoasema,62.68571,22.84272,61.03
Tikkala,TKK,62.364981,30.083633,Tohmajärvi Kemie,62.23539,30.34662,19.81,Joensuu Linnunlahti,62.60179,29.72713,32.07,Liperi Joensuu lentoasema,62.65695,29.63608,39.77,Ilomantsi Mekrijärvi,62.76942,30.97467,64.08,Savonlinna Punkaharju Laukansaari,61.80186,29.31506,74.31
Tikkaperä,TKP,64.771091,25.291811,Siikajoki Ruukki,64.68421,25.08919,13.63,Oulu lentoasema,64.93503,25.3392,18.37,Oulu Vihreäsaari satama,65.00637,25.39325,26.6,Oulu Kaukovainio,64.99685,25.52233,27.36,Hailuoto Keskikylä,65.01967,24.72758,38.37
Tikkurila asema,TKL,60.292166,25.044055,Helsinki Malmi lentokenttä,60.25299,25.04549,4.36,Vantaa Helsinki-Vantaan lentoasema,60.32937,24.97274,5.7,Helsinki Vuosaari Käärmeniementie,60.21935,25.17268,10.77,Helsinki Kumpula,60.20307,24.96131,10.91,Helsinki Vuosaari satama,60.20867,25.1959,12.51
Tohmajärvi,TOH,62.243484,30.356148,Tohmajärvi Kemie,62.23539,30.34662,1.03,Joensuu Linnunlahti,62.60179,29.72713,51.34,Liperi Joensuu lentoasema,62.65695,29.63608,59.03,Ilomantsi Mekrijärvi,62.76942,30.97467,66.54,Savonlinna Punkaharju Laukansaari,61.80186,29.31506,73.22
Toijala,TL,61.170611,23.860905,Hattula Lepaa,61.11454,24.32449,25.65,Pirkkala Tampere-Pirkkala lentoasema,61.4194,23.62256,30.45,Tampere Härmälä,61.46561,23.74678,33.36,Hämeenlinna Katinen,60.9992,24.49163,38.9,Tampere Siilinkari,61.51757,23.75388,39.0
Toivala,TOI,62.996029,27.723588,Siilinjärvi Kuopio lentoasema,62.99842,27.80817,4.28,Kuopio Savilahti,62.89256,27.63331,12.38,Kuopio Ritoniemi,62.79892,27.90495,23.77,Kuopio Maaninka,63.14343,27.31317,26.38,Rautavaara Ylä-Luosta,63.37806,28.66166,63.39
Tolsa,TOL,60.118558,24.472724,Espoo Tapiola,60.17797,24.78743,18.63,Espoo Nuuksio,60.29128,24.56782,19.91,Kirkkonummi Mäkiluoto,59.91982,24.35023,23.12,Helsinki Kaisaniemi,60.17523,24.94459,26.87,Lohja Porla,60.24446,24.04951,27.27
Tommola,TOM,60.906703,25.492176,Lahti Sopenkorpi,60.97465,25.6202,10.24,Hämeenlinna Lammi Pappila,61.05408,25.03844,29.45,Mäntsälä Hirvihaara,60.62773,25.19342,35.01,Asikkala Pulkkilanharju,61.26521,25.52021,39.89,Heinola Asemantaus,61.20008,26.04967,44.32
Torkkeli,TRK,61.70059,24.548925,Juupajoki Hyytiälä,61.84591,24.28696,21.23,Jämsä Halli lentoasema,61.85551,24.80459,21.85,Tampere Siilinkari,61.51757,23.75388,46.7,Tampere Härmälä,61.46561,23.74678,49.84,Luhanka Judinsalo,61.70448,25.50529,50.41
Tornio,TOR,65.84534,24.163576,Tornio Kaakkuri,65.84733,24.17369,0.51,Kemi Kemi-Tornio lentoasema,65.78944,24.58278,20.08,Kemi Ajos,65.67318,24.51519,24.98,Tervola Loue,66.15352,24.99031,50.72,Kemi I majakka,65.38508,24.09568,51.27
Tornio (R742),R742,65.851978,24.170265,Tornio Kaakkuri,65.84733,24.17369,0.54,Kemi Kemi-Tornio lentoasema,65.78944,24.58278,20.03,Kemi Ajos,65.67318,24.51519,25.36,Tervola Loue,66.15352,24.99031,49.99,Kemi I majakka,65.38508,24.09568,52.03
Tornio-Itäinen,TRI,65.850823,24.18508,Tornio Kaakkuri,65.84733,24.17369,0.65,Kemi Kemi-Tornio lentoasema,65.78944,24.58278,19.36,Kemi Ajos,65.67318,24.51519,24.84,Tervola Loue,66.15352,24.99031,49.59,Kemi I majakka,65.38508,24.09568,51.95
Tornio-raja,TRR,65.827853,24.150732,Tornio Kaakkuri,65.84733,24.17369,2.4,Kemi Kemi-Tornio lentoasema,65.78944,24.58278,20.14,Kemi Ajos,65.67318,24.51519,23.93,Kemi I majakka,65.38508,24.09568,49.3,Tervola Loue,66.15352,24.99031,52.48
Tuomarila,TRL,60.20605,24.681767,Espoo Tapiola,60.17797,24.78743,6.62,Espoo Nuuksio,60.29128,24.56782,11.37,Helsinki Kaisaniemi,60.17523,24.94459,14.93,Helsinki Kumpula,60.20307,24.96131,15.45,Helsinki Harmaja,60.10512,24.97539,19.75
Tuomioja,TJA,64.608277,25.027911,Siikajoki Ruukki,64.68421,25.08919,8.93,Raahe Lapaluoto satama,64.66589,24.40695,30.26,Oulu lentoasema,64.93503,25.3392,39.21,Oulu Vihreäsaari satama,65.00637,25.39325,47.52,Hailuoto Keskikylä,65.01967,24.72758,47.9
Tuomioja (R530),R530,64.603665,25.020657,Siikajoki Ruukki,64.68421,25.08919,9.53,Raahe Lapaluoto satama,64.66589,24.40695,30.04,Oulu lentoasema,64.93503,25.3392,39.82,Oulu Vihreäsaari satama,65.00637,25.39325,48.13,Hailuoto Keskikylä,65.01967,24.72758,48.29
Turenki,TU,60.918387,24.63865,Hämeenlinna Katinen,60.9992,24.49163,11.99,Hämeenlinna Lammi Pappila,61.05408,25.03844,26.32,Hattula Lepaa,61.11454,24.32449,27.61,Hyvinkää Hyvinkäänkylä,60.59589,24.80297,36.95,Mäntsälä Hirvihaara,60.62773,25.19342,44.18
Turku asema,TKU,60.456488,22.260867,Turku Artukainen,60.45439,22.1787,4.51,Turku lentoasema,60.51565,22.27916,6.65,Turku Rajakari,60.37788,22.0964,12.57,Kaarina Yltöinen,60.3869,22.55183,17.75,Kemiönsaari Kemiö,60.17123,22.75768,41.89
Turku satama,TUS,60.434245,22.226894,Turku Artukainen,60.45439,22.1787,3.46,Turku lentoasema,60.51565,22.27916,9.49,Turku Rajakari,60.37788,22.0964,9.52,Kaarina Yltöinen,60.3869,22.55183,18.6,Kemiönsaari Kemiö,60.17123,22.75768,41.36
Turku tavara,TKUT,60.452001,22.240471,Turku Artukainen,60.45439,22.1787,3.4,Turku lentoasema,60.51565,22.27916,7.39,Turku Rajakari,60.37788,22.0964,11.42,Kaarina Yltöinen,60.3869,22.55183,18.56,Kemiönsaari Kemiö,60.17123,22.75768,42.26
Tuupovaara,TPV,62.523103,30.558938,Tohmajärvi Kemie,62.23539,30.34662,33.81,Ilomantsi Mekrijärvi,62.76942,30.97467,34.66,Joensuu Linnunlahti,62.60179,29.72713,43.51,Liperi Joensuu lentoasema,62.65695,29.63608,49.53,Ilomantsi Pötsönvaara,63.14166,31.04454,73.07
Tuuri,TUU,62.605349,23.722323,Ähtäri Inha,62.55461,24.14239,22.24,Virrat Äijänneva,62.32783,23.54228,32.22,Ilmajoki Seinäjoki lentoasema,62.68571,22.84272,45.82,Multia Karhila,62.51044,24.80764,56.61,Alajärvi Möksy,63.08898,24.26084,60.32
Tver,TVE,56.8352,35.8928,Virolahti Koivuniemi,60.5272,27.67274,627.12,Lappeenranta Konnunsuo,61.03879,28.56395,628.0,Parikkala Koitsanlahti,61.44467,29.46108,629.68,Kotka Haapasaari,60.28676,27.18482,633.5,Lappeenranta Hiekkapakka,61.1982,28.47308,644.01
Törmä,TÖR,65.89466,24.625744,Kemi Kemi-Tornio lentoasema,65.78944,24.58278,11.86,Tornio Kaakkuri,65.84733,24.17369,21.21,Kemi Ajos,65.67318,24.51519,25.14,Tervola Loue,66.15352,24.99031,33.16,Kemi I majakka,65.38508,24.09568,61.66
Törölä,TRÄ,61.007817,27.99051,Lappeenranta lentoasema,61.0403,28.12916,8.3,Lappeenranta Konnunsuo,61.03879,28.56395,31.08,Lappeenranta Hiekkapakka,61.1982,28.47308,33.47,Virolahti Koivuniemi,60.5272,27.67274,56.16,Kouvola Utti lentoasema,60.89839,26.94882,57.54
Uimaharju,UIM,62.912482,30.241497,Ilomantsi Mekrijärvi,62.76942,30.97467,40.47,Liperi Joensuu lentoasema,62.65695,29.63608,41.9,Joensuu Linnunlahti,62.60179,29.72713,43.35,Lieksa Lampela,63.32108,30.04578,46.49,Ilomantsi Pötsönvaara,63.14166,31.04454,47.85
Urjala,UR,61.0635,23.626264,Jokioinen Ilmala,60.81397,23.49825,28.6,Hattula Lepaa,61.11454,24.32449,37.96,Pirkkala Tampere-Pirkkala lentoasema,61.4194,23.62256,39.57,Tampere Härmälä,61.46561,23.74678,45.17,Hämeenlinna Katinen,60.9992,24.49163,47.15
Utajärvi,UTJ,64.758926,26.413565,Vaala Pelso,64.50144,26.42386,28.64,Oulu Kaukovainio,64.99685,25.52233,49.7,Oulu lentoasema,64.93503,25.3392,54.42,Oulu Vihreäsaari satama,65.00637,25.39325,55.46,Siikajoki Ruukki,64.68421,25.08919,63.43
Utti,UTI,60.877673,26.933289,Kouvola Utti lentoasema,60.89839,26.94882,2.45,Kouvola Anjala,60.6965,26.81106,21.21,Pyhtää lentokenttä,60.48595,26.59209,47.35,Kotka Rankki,60.37538,26.95893,55.87,Virolahti Koivuniemi,60.5272,27.67274,56.01
Uusikaupunki,UKP,60.797364,21.425685,Kustavi Isokari,60.7222,21.02681,23.22,Rauma Pyynpää,61.13658,21.51518,38.03,Rauma Kylmäpihlaja,61.14475,21.30273,39.19,Turku Artukainen,60.45439,22.1787,56.05,Turku lentoasema,60.51565,22.27916,56.07
Uusikylä,UKÄ,60.927722,25.993966,Lahti Sopenkorpi,60.97465,25.6202,20.84,Heinola Asemantaus,61.20008,26.04967,30.43,Asikkala Pulkkilanharju,61.26521,25.52021,45.35,Kouvola Anjala,60.6965,26.81106,51.23,Kouvola Utti lentoasema,60.89839,26.94882,51.72
Vaajakoski,VKO,62.247587,25.879324,Jyväskylä lentoasema AWOS,62.39332,25.68862,18.96,Jyväskylä lentoasema,62.39758,25.67087,19.85,Joutsa Savenaho,61.87942,26.09478,42.45,Multia Karhila,62.51044,24.80764,62.5,Luhanka Judinsalo,61.70448,25.50529,63.47
Vaala,VAA,64.558015,26.842702,Vaala Pelso,64.50144,26.42386,20.99,Kajaani lentoasema,64.2829,27.67114,50.18,Kajaani Petäisenniska,64.21678,27.75194,57.88,Puolanka Paljakka,64.66392,28.0567,59.06,Oulu Kaukovainio,64.99685,25.52233,79.34
Vaarala,VRA,66.518098,25.8801,Rovaniemi lentoasema,66.56236,25.83814,5.26,Rovaniemi lentoasema AWOS,66.57276,25.84848,6.24,Rovaniemi rautatieasema,66.49832,25.7088,7.9,Rovaniemi Apukka,66.57944,26.01094,8.95,Ylitornio Meltosjärvi,66.52952,24.6496,54.52
Vaasa,VS,63.097786,21.621824,Vaasa Klemettilä,63.09871,21.63938,0.89,Vaasa lentoasema,63.05858,21.7546,7.98,Korsnäs Bredskäret,62.93488,21.18485,28.53,Maalahti Strömmingsbådan,62.97839,20.74008,46.39,Mustasaari Valassaaret,63.43508,21.06856,46.61
Vahojärvi,VJR,61.913026,23.232163,Karvia Alkkia,62.18329,22.79983,37.56,Kankaanpää Niinisalo lentokenttä,61.83864,22.46368,41.12,Virrat Äijänneva,62.32783,23.54228,48.86,Tampere Siilinkari,61.51757,23.75388,51.86,Juupajoki Hyytiälä,61.84591,24.28696,55.78
Vainikkala asema,VNA,60.863835,28.303201,Lappeenranta lentoasema,61.0403,28.12916,21.76,Lappeenranta Konnunsuo,61.03879,28.56395,24.01,Lappeenranta Hiekkapakka,61.1982,28.47308,38.29,Virolahti Koivuniemi,60.5272,27.67274,50.78,Kouvola Utti lentoasema,60.89839,26.94882,73.39
Vainikkala tavara,VNAT,60.86817,28.285662,Lappeenranta lentoasema,61.0403,28.12916,20.92,Lappeenranta Konnunsuo,61.03879,28.56395,24.2,Lappeenranta Hiekkapakka,61.1982,28.47308,38.06,Virolahti Koivuniemi,60.5272,27.67274,50.5,Kouvola Utti lentoasema,60.89839,26.94882,72.41
Vainikkala-raja,VNAR,60.855474,28.337173,Lappeenranta lentoasema,61.0403,28.12916,23.42,Lappeenranta Konnunsuo,61.03879,28.56395,23.78,Lappeenranta Hiekkapakka,61.1982,28.47308,38.81,Virolahti Koivuniemi,60.5272,27.67274,51.38,Puumala kirkonkylä,61.52242,28.18491,74.61
Valimo,VMO,60.222028,24.87583,Helsinki Kumpula,60.20307,24.96131,5.17,Helsinki Kaisaniemi,60.17523,24.94459,6.44,Espoo Tapiola,60.17797,24.78743,6.92,Helsinki Malmi lentokenttä,60.25299,25.04549,9.98,Vantaa Helsinki-Vantaan lentoasema,60.32937,24.97274,13.08
Valkeakoski,VI,61.273922,24.017075,Hattula Lepaa,61.11454,24.32449,24.19,Tampere Härmälä,61.46561,23.74678,25.72,Pirkkala Tampere-Pirkkala lentoasema,61.4194,23.62256,26.54,Tampere Siilinkari,61.51757,23.75388,30.5,Hämeenlinna Katinen,60.9992,24.49163,39.77
Valkeasuo,VSO,62.304843,30.163977,Tohmajärvi Kemie,62.23539,30.34662,12.2,Joensuu Linnunlahti,62.60179,29.72713,39.94,Liperi Joensuu lentoasema,62.65695,29.63608,47.63,Ilomantsi Mekrijärvi,62.76942,30.97467,66.31,Savonlinna Punkaharju Laukansaari,61.80186,29.31506,71.31
Valtimo,VLM,63.686406,28.800862,Nurmes Valtimo,63.6673,28.82927,2.54,Rautavaara Ylä-Luosta,63.37806,28.66166,34.97,Sotkamo Tuhkakylä,63.99618,28.05972,50.06,Sotkamo Kuolaniemi,64.11197,28.33639,52.49,Juuka Niemelä,63.23236,29.23397,54.88
Vammala,VMA,61.349519,22.887664,Kokemäki Tulkkila,61.25294,22.34613,30.85,Pirkkala Tampere-Pirkkala lentoasema,61.4194,23.62256,39.9,Tampere Härmälä,61.46561,23.74678,47.51,Tampere Siilinkari,61.51757,23.75388,49.7,Pori lentoasema,61.46011,21.80839,58.74
Vanattara,VTR,61.370713,23.759537,Pirkkala Tampere-Pirkkala lentoasema,61.4194,23.62256,9.08,Tampere Härmälä,61.46561,23.74678,10.57,Tampere Siilinkari,61.51757,23.75388,16.33,Hattula Lepaa,61.11454,24.32449,41.53,Hämeenlinna Katinen,60.9992,24.49163,56.97
Vantaankoski,VKS,60.286119,24.847966,Vantaa Helsinki-Vantaan lentoasema,60.32937,24.97274,8.39,Helsinki Kumpula,60.20307,24.96131,11.15,Helsinki Malmi lentokenttä,60.25299,25.04549,11.5,Espoo Tapiola,60.17797,24.78743,12.48,Helsinki Kaisaniemi,60.17523,24.94459,13.43
Varkaus,VAR,62.312389,27.873415,Varkaus Kosulanniemi,62.32221,27.90785,2.09,Rantasalmi Rukkasluoto,62.06302,28.56618,45.39,Juva Partala,61.8923,27.88528,46.72,Kuopio Ritoniemi,62.79892,27.90495,54.12,Kuopio Savilahti,62.89256,27.63331,65.67
Vartius,VUS,64.540163,29.94809,Kuhmo Kalliojoki,64.29756,30.17068,29.02,Suomussalmi Pesiö,64.93125,28.74672,71.7,Sotkamo Kuolaniemi,64.11197,28.33639,91.08,Puolanka Paljakka,64.66392,28.0567,91.24,Sotkamo Tuhkakylä,63.99618,28.05972,109.4
Vartius-raja,VUR,64.545906,29.989741,Kuhmo Kalliojoki,64.29756,30.17068,28.95,Suomussalmi Pesiö,64.93125,28.74672,72.9,Puolanka Paljakka,64.66392,28.0567,93.11,Sotkamo Kuolaniemi,64.11197,28.33639,93.11,Sotkamo Tuhkakylä,63.99618,28.05972,111.42
Vasikkahaka,VKH,60.146114,24.524784,Espoo Tapiola,60.17797,24.78743,14.96,Espoo Nuuksio,60.29128,24.56782,16.32,Helsinki Kaisaniemi,60.17523,24.94459,23.45,Helsinki Kumpula,60.20307,24.96131,24.96,Helsinki Harmaja,60.10512,24.97539,25.37
Vaskiluoto,VSK,63.089086,21.564228,Vaasa Klemettilä,63.09871,21.63938,3.93,Vaasa lentoasema,63.05858,21.7546,10.17,Korsnäs Bredskäret,62.93488,21.18485,25.7,Maalahti Strömmingsbådan,62.97839,20.74008,43.34,Mustasaari Valassaaret,63.43508,21.06856,45.77
Vehkala,VEH,60.295054,24.843716,Vantaa Helsinki-Vantaan lentoasema,60.32937,24.97274,8.07,Helsinki Malmi lentokenttä,60.25299,25.04549,12.07,Helsinki Kumpula,60.20307,24.96131,12.11,Espoo Tapiola,60.17797,24.78743,13.38,Helsinki Kaisaniemi,60.17523,24.94459,14.44
Venetmäki,VKI,62.309222,26.752862,Jyväskylä lentoasema AWOS,62.39332,25.68862,55.7,Jyväskylä lentoasema,62.39758,25.67087,56.68,Joutsa Savenaho,61.87942,26.09478,58.8,Varkaus Kosulanniemi,62.32221,27.90785,59.68,Vesanto kirkonkylä,62.92178,26.4247,70.15
Vesanka,VN,62.269355,25.557151,Jyväskylä lentoasema AWOS,62.39332,25.68862,15.37,Jyväskylä lentoasema,62.39758,25.67087,15.42,Multia Karhila,62.51044,24.80764,47.02,Joutsa Savenaho,61.87942,26.09478,51.61,Jämsä Halli lentoasema,61.85551,24.80459,60.45
Viekki,VK,63.421549,29.61174,Lieksa Lampela,63.32108,30.04578,24.35,Juuka Niemelä,63.23236,29.23397,28.25,Nurmes Valtimo,63.6673,28.82927,47.43,Rautavaara Ylä-Luosta,63.37806,28.66166,47.55,Ilomantsi Pötsönvaara,63.14166,31.04454,78.1
Vierumäki,VRM,61.101895,25.932868,Heinola Asemantaus,61.20008,26.04967,12.59,Lahti Sopenkorpi,60.97465,25.6202,21.99,Asikkala Pulkkilanharju,61.26521,25.52021,28.62,Hämeenlinna Lammi Pappila,61.05408,25.03844,48.39,Kouvola Utti lentoasema,60.89839,26.94882,59.26
Vihanti,VTI,64.48451,24.993624,Siikajoki Ruukki,64.68421,25.08919,22.67,Raahe Lapaluoto satama,64.66589,24.40695,34.51,Haapavesi Mustikkamäki,64.14263,25.42335,43.29,Ylivieska lentokenttä,64.05029,24.72468,50.0,Oulu lentoasema,64.93503,25.3392,52.72
Vihtari,VIH,62.380739,29.029282,Rantasalmi Rukkasluoto,62.06302,28.56618,42.71,Joensuu Linnunlahti,62.60179,29.72713,43.46,Liperi Joensuu lentoasema,62.65695,29.63608,43.73,Savonlinna lentoasema,61.94638,28.93238,48.56,Varkaus Kosulanniemi,62.32221,27.90785,58.23
Vihtavuori,VRI,62.373612,25.889739,Jyväskylä lentoasema AWOS,62.39332,25.68862,10.6,Jyväskylä lentoasema,62.39758,25.67087,11.59,Joutsa Savenaho,61.87942,26.09478,55.98,Multia Karhila,62.51044,24.80764,57.71,Vesanto kirkonkylä,62.92178,26.4247,66.8
Viiala,VIA,61.211787,23.770683,Pirkkala Tampere-Pirkkala lentoasema,61.4194,23.62256,24.4,Tampere Härmälä,61.46561,23.74678,28.25,Hattula Lepaa,61.11454,24.32449,31.61,Tampere Siilinkari,61.51757,23.75388,34.01,Hämeenlinna Katinen,60.9992,24.49163,45.38
Viinijärvi,VNJ,62.641687,29.237166,Liperi Joensuu lentoasema,62.65695,29.63608,20.45,Joensuu Linnunlahti,62.60179,29.72713,25.44,Juuka Niemelä,63.23236,29.23397,65.68,Kuopio Ritoniemi,62.79892,27.90495,70.11,Tohmajärvi Kemie,62.23539,30.34662,72.79
Viipuri,VYB,60.716073,28.751409,Lappeenranta Konnunsuo,61.03879,28.56395,37.29,Lappeenranta lentoasema,61.0403,28.12916,49.33,Lappeenranta Hiekkapakka,61.1982,28.47308,55.68,Virolahti Koivuniemi,60.5272,27.67274,62.48,Parikkala Koitsanlahti,61.44467,29.46108,89.55
Villähde,VLH,60.946379,25.833724,Lahti Sopenkorpi,60.97465,25.6202,11.95,Heinola Asemantaus,61.20008,26.04967,30.51,Asikkala Pulkkilanharju,61.26521,25.52021,39.25,Hämeenlinna Lammi Pappila,61.05408,25.03844,44.51,Mäntsälä Hirvihaara,60.62773,25.19342,49.63
Vilppula,VLP,62.025888,24.506956,Juupajoki Hyytiälä,61.84591,24.28696,23.09,Jämsä Halli lentoasema,61.85551,24.80459,24.52,Multia Karhila,62.51044,24.80764,56.08,Virrat Äijänneva,62.32783,23.54228,60.28,Ähtäri Inha,62.55461,24.14239,61.74
Vinnilä,VIN,61.099944,24.110938,Hattula Lepaa,61.11454,24.32449,11.59,Hämeenlinna Katinen,60.9992,24.49163,23.35,Pirkkala Tampere-Pirkkala lentoasema,61.4194,23.62256,44.09,Tampere Härmälä,61.46561,23.74678,45.08,Jokioinen Ilmala,60.81397,23.49825,45.88
Virkamies,VMS,60.310517,24.963318,Vantaa Helsinki-Vantaan lentoasema,60.32937,24.97274,2.16,Helsinki Malmi lentokenttä,60.25299,25.04549,7.84,Helsinki Kumpula,60.20307,24.96131,11.95,Helsinki Kaisaniemi,60.17523,24.94459,15.08,Helsinki Vuosaari Käärmeniementie,60.21935,25.17268,15.37
Voltti,VT,63.286164,22.824405,Kauhava lentokenttä,63.12033,23.04364,21.47,Seinäjoki Pelmaa,62.93808,22.48878,42.22,Kruunupyy Kokkola-Pietarsaari lentoasema,63.72655,23.14359,51.46,Pietarsaari Kallan,63.75144,22.52282,53.85,Vaasa lentoasema,63.05858,21.7546,59.35
Vuohijärvi,VHJ,61.095852,26.796227,Kouvola Utti lentoasema,60.89839,26.94882,23.45,Heinola Asemantaus,61.20008,26.04967,41.7,Kouvola Anjala,60.6965,26.81106,44.41,Lahti Sopenkorpi,60.97465,25.6202,64.74,Pyhtää lentokenttä,60.48595,26.59209,68.72
Vuojoki,VJO,61.179379,21.709937,Rauma Pyynpää,61.13658,21.51518,11.48,Rauma Kylmäpihlaja,61.14475,21.30273,22.18,Pori lentoasema,61.46011,21.80839,31.65,Pori rautatieasema,61.47893,21.7832,33.54,Kokemäki Tulkkila,61.25294,22.34613,35.03
Vuokatti,VKT,64.14752,28.273914,Sotkamo Kuolaniemi,64.11197,28.33639,4.98,Sotkamo Tuhkakylä,63.99618,28.05972,19.79,Kajaani Petäisenniska,64.21678,27.75194,26.42,Kajaani lentoasema,64.2829,27.67114,32.81,Puolanka Paljakka,64.66392,28.0567,58.36
Vuonislahti,VSL,63.152636,29.99331,Lieksa Lampela,63.32108,30.04578,18.91,Juuka Niemelä,63.23236,29.23397,39.1,Ilomantsi Pötsönvaara,63.14166,31.04454,52.81,Liperi Joensuu lentoasema,62.65695,29.63608,58.01,Joensuu Linnunlahti,62.60179,29.72713,62.72
Vuonos,VNS,62.756358,29.080453,Liperi Joensuu lentoasema,62.65695,29.63608,30.41,Joensuu Linnunlahti,62.60179,29.72713,37.21,Juuka Niemelä,63.23236,29.23397,53.49,Kuopio Ritoniemi,62.79892,27.90495,59.98,Siilinjärvi Kuopio lentoasema,62.99842,27.80817,69.89
Vuosaari,VSA,60.227507,25.167956,Helsinki Vuosaari Käärmeniementie,60.21935,25.17268,0.94,Helsinki Vuosaari satama,60.20867,25.1959,2.6,Helsinki Malmi lentokenttä,60.25299,25.04549,7.33,Helsinki Kumpula,60.20307,24.96131,11.73,Helsinki Kaisaniemi,60.17523,24.94459,13.64
Värtsilä,VRS,62.165755,30.652785,Tohmajärvi Kemie,62.23539,30.34662,17.66,Joensuu Linnunlahti,62.60179,29.72713,68.02,Ilomantsi Mekrijärvi,62.76942,30.97467,69.13,Liperi Joensuu lentoasema,62.65695,29.63608,75.66,Savonlinna Punkaharju Laukansaari,61.80186,29.31506,80.74
Ykspihlaja tavara,YKST,63.840242,23.070351,Kokkola Santahaka,63.83882,23.09715,1.32,Kruunupyy Kokkola-Pietarsaari lentoasema,63.72655,23.14359,13.14,Kokkola Tankar,63.95114,22.84537,16.53,Pietarsaari Kallan,63.75144,22.52282,28.64,Toholampi Laitala,63.82133,24.16323,53.64
Ykspihlaja väliratapiha,YKSV,63.850442,23.058247,Kokkola Santahaka,63.83882,23.09715,2.3,Kruunupyy Kokkola-Pietarsaari lentoasema,63.72655,23.14359,14.4,Kokkola Tankar,63.95114,22.84537,15.29,Pietarsaari Kallan,63.75144,22.52282,28.5,Toholampi Laitala,63.82133,24.16323,54.27
Ylistaro,YST,62.917801,22.532729,Seinäjoki Pelmaa,62.93808,22.48878,3.17,Ilmajoki Seinäjoki lentoasema,62.68571,22.84272,30.24,Kauhava lentokenttä,63.12033,23.04364,34.23,Vaasa lentoasema,63.05858,21.7546,42.3,Vaasa Klemettilä,63.09871,21.63938,49.37
Ylitornio,YTR,66.324438,23.682508,Ylitornio Meltosjärvi,66.52952,24.6496,48.68,Pello kirkonkylä,66.77278,23.96303,51.38,Tornio Kaakkuri,65.84733,24.17369,57.49,Tervola Loue,66.15352,24.99031,61.6,Kemi Kemi-Tornio lentoasema,65.78944,24.58278,72.04
Ylivalli,YLV,62.402105,22.958844,Karvia Alkkia,62.18329,22.79983,25.68,Virrat Äijänneva,62.32783,23.54228,31.2,Ilmajoki Seinäjoki lentoasema,62.68571,22.84272,32.09,Kauhajoki Kuja-Kokko,62.41345,22.18372,39.94,Ähtäri Inha,62.55461,24.14239,63.13
Ylivieska,YV,64.071898,24.540593,Ylivieska lentokenttä,64.05029,24.72468,9.27,Toholampi Laitala,63.82133,24.16323,33.41,Haapavesi Mustikkamäki,64.14263,25.42335,43.58,Kalajoki Ulkokalla,64.33073,23.44627,60.27,Raahe Lapaluoto satama,64.66589,24.40695,66.36
Yläkoski,YLK,62.644012,27.085998,Kuopio Savilahti,62.89256,27.63331,39.23,Kuopio Ritoniemi,62.79892,27.90495,45.15,Vesanto kirkonkylä,62.92178,26.4247,45.66,Siilinjärvi Kuopio lentoasema,62.99842,27.80817,53.84,Varkaus Kosulanniemi,62.32221,27.90785,55.34
Ylämylly,YLY,62.620557,29.564534,Liperi Joensuu lentoasema,62.65695,29.63608,5.45,Joensuu Linnunlahti,62.60179,29.72713,8.58,Tohmajärvi Kemie,62.23539,30.34662,58.77,Juuka Niemelä,63.23236,29.23397,70.06,Ilomantsi Mekrijärvi,62.76942,30.97467,73.81
Ylöjärvi,YLÖ,61.556526,23.58604,Tampere Siilinkari,61.51757,23.75388,9.89,Tampere Härmälä,61.46561,23.74678,13.22,Pirkkala Tampere-Pirkkala lentoasema,61.4194,23.62256,15.37,Juupajoki Hyytiälä,61.84591,24.28696,49.0,Hattula Lepaa,61.11454,24.32449,62.98
Ypykkävaara,YPY,64.479932,29.474923,Kuhmo Kalliojoki,64.29756,30.17068,39.11,Suomussalmi Pesiö,64.93125,28.74672,60.95,Sotkamo Kuolaniemi,64.11197,28.33639,68.48,Puolanka Paljakka,64.66392,28.0567,70.73,Sotkamo Tuhkakylä,63.99618,28.05972,87.01
Äetsä,ÄS,61.296677,22.706473,Kokemäki Tulkkila,61.25294,22.34613,19.86,Pirkkala Tampere-Pirkkala lentoasema,61.4194,23.62256,50.7,Pori lentoasema,61.46011,21.80839,51.17,Pori rautatieasema,61.47893,21.7832,53.18,Tampere Härmälä,61.46561,23.74678,58.5
Ähtäri,ÄHT,62.553265,24.064036,Ähtäri Inha,62.55461,24.14239,4.02,Virrat Äijänneva,62.32783,23.54228,36.73,Multia Karhila,62.51044,24.80764,38.43,Alajärvi Möksy,63.08898,24.26084,60.4,Ilmajoki Seinäjoki lentoasema,62.68571,22.84272,64.17
Äänekoski,ÄKI,62.596862,25.747629,Jyväskylä lentoasema,62.39758,25.67087,22.51,Jyväskylä lentoasema AWOS,62.39332,25.68862,22.83,Multia Karhila,62.51044,24.80764,49.12,Vesanto kirkonkylä,62.92178,26.4247,49.93,Viitasaari Haapaniemi,63.08225,25.85862,54.27
