year,month,day_of_month,day_of_week,total_trains_on_route,total_schedules_by_day,avg_stops_per_train,cancelled_trains_by_day,cancelled_stops_by_day,delay_count_by_day,delay_rate,delay_count_arrivals,delay_count_departures,max_delay_minutes,avg_delay_minutes,median_delay_minutes,delays_5_15min,delays_15_30min,delays_30_60min,delays_over_60min,first_stop_delay_count,delay_propagation_ratio,delay_count_by_train_type,top_10_common_delays,rolling_delay_rate_7d
2018,1,1,1,202,15242,75.46,0,34,3957,0.2596,1987,1970,78,10.8,8.0,3369,469,88,31,20,0.0338,"{""IC"": 2848, ""S"": 740, ""PVV"": 104, ""PYO"": 97, ""HDM"": 26, ""AE"": 124, ""MV"": 18}","[5, 6, 7, 8, 10, 9, 12, 13, 11, 14]",0.2596
2018,1,2,2,246,17776,72.26,0,0,5387,0.303,2683,2704,85,12.97,9.0,4041,988,311,47,34,0.0234,"{""IC"": 4028, ""S"": 832, ""PVV"": 237, ""PYO"": 66, ""HSM"": 32, ""HDM"": 58, ""AE"": 134}","[5, 6, 7, 8, 10, 9, 11, 12, 14, 13]",0.2813
2018,1,3,3,247,17808,72.1,5,92,3849,0.2161,1924,1925,48,10.35,8.0,3064,699,86,0,20,0.037,"{""IC"": 2983, ""S"": 434, ""PVV"": 116, ""PYO"": 138, ""HSM"": 28, ""HDM"": 34, ""AE"": 100, ""MV"": 16}","[5, 6, 7, 8, 9, 10, 12, 11, 13, 19]",0.2596
2018,1,4,4,247,17596,71.24,2,28,3982,0.2263,2000,1982,105,12.33,8.0,3284,502,68,128,24,0.0315,"{""IC"": 3122, ""S"": 358, ""PVV"": 172, ""PYO"": 75, ""HSM"": 70, ""HDM"": 74, ""AE"": 101, ""MV"": 10}","[5, 6, 7, 8, 9, 10, 11, 12, 14, 13]",0.2512
2018,1,5,5,253,18560,73.36,0,0,4144,0.2233,2073,2071,39,11.06,8.0,3258,763,123,0,22,0.0319,"{""IC"": 2981, ""PVV"": 72, ""S"": 638, ""PYO"": 195, ""HSM"": 6, ""HDM"": 76, ""MV"": 176}","[5, 6, 7, 8, 9, 10, 11, 12, 14, 13]",0.2457
2018,1,6,6,191,14952,78.28,4,360,2895,0.1936,1450,1445,57,11.96,8.0,2066,636,193,0,19,0.0368,"{""IC"": 2079, ""PVV"": 124, ""S"": 532, ""PYO"": 102, ""HSM"": 18, ""HDM"": 35, ""AE"": 5}","[5, 6, 7, 8, 9, 16, 10, 13, 14, 15]",0.237
2018,1,7,7,203,14978,73.78,1,48,5118,0.3417,2558,2560,82,13.16,10.0,3551,1237,328,2,26,0.0228,"{""IC"": 3640, ""S"": 754, ""PVV"": 182, ""PYO"": 135, ""HSM"": 16, ""HDM"": 32, ""AE"": 249, ""MV"": 110}","[5, 6, 7, 8, 9, 11, 10, 12, 13, 14]",0.2519
2018,1,8,1,244,17134,70.22,0,0,5248,0.3063,2640,2608,58,13.76,9.0,3474,1316,458,0,34,0.025,"{""IC"": 3822, ""S"": 1070, ""PVV"": 46, ""HSM"": 28, ""HDM"": 76, ""AE"": 167, ""MV"": 39}","[5, 6, 7, 8, 9, 12, 11, 10, 16, 13]",0.2586
2018,1,9,2,252,17560,69.68,1,86,4210,0.2397,2117,2093,167,19.54,9.0,3063,517,194,436,22,0.029,"{""S"": 523, ""IC"": 3103, ""PVV"": 119, ""HSM"": 21, ""HDM"": 70, ""AE"": 179, ""MV"": 195}","[5, 6, 7, 8, 9, 10, 11, 13, 12, 14]",0.2496
2018,1,10,3,245,17274,70.51,0,0,4394,0.2544,2209,2185,56,11.85,9.0,3153,1087,154,0,27,0.0307,"{""IC"": 3278, ""S"": 826, ""PVV"": 8, ""PYO"": 57, ""HSM"": 51, ""HDM"": 106, ""AE"": 44, ""MV"": 24}","[5, 6, 7, 8, 9, 10, 11, 12, 16, 15]",0.255
2018,1,11,4,246,17402,70.74,1,48,4829,0.2775,2424,2405,122,12.89,9.0,3805,679,259,86,33,0.0324,"{""IC"": 3597, ""S"": 925, ""PVV"": 49, ""PYO"": 55, ""HSM"": 6, ""HDM"": 109, ""AE"": 59, ""MV"": 29}","[5, 6, 7, 8, 10, 9, 11, 12, 13, 14]",0.2624
2018,1,12,5,248,17556,70.79,1,36,5299,0.3018,2657,2642,84,12.39,10.0,3788,1314,163,34,33,0.0254,"{""IC"": 4189, ""PVV"": 61, ""S"": 683, ""PYO"": 56, ""HSM"": 55, ""HDM"": 65, ""AE"": 104, ""MV"": 86}","[5, 6, 7, 8, 11, 10, 9, 13, 18, 17]",0.2736
2018,1,13,6,188,14250,75.8,1,114,1860,0.1305,933,927,77,13.8,8.0,1465,206,74,115,10,0.0441,"{""IC"": 1473, ""PVV"": 21, ""S"": 282, ""PYO"": 9, ""HSM"": 18, ""HDM"": 24, ""AE"": 33}","[5, 6, 7, 9, 8, 11, 13, 10, 12, 14]",0.2646
2018,1,14,7,198,14614,73.81,0,0,1553,0.1063,784,769,29,7.81,6.0,1431,122,0,0,4,0.0572,"{""IC"": 1110, ""PVV"": 35, ""S"": 339, ""PYO"": 26, ""HDM"": 30, ""AE"": 13}","[5, 6, 7, 8, 9, 10, 15, 12, 11, 16]",0.2309
2018,1,15,1,247,17220,69.72,2,110,3862,0.2243,1934,1928,108,15.32,8.0,2886,501,346,129,22,0.0276,"{""IC"": 2858, ""S"": 783, ""PVV"": 26, ""HSM"": 33, ""HDM"": 33, ""AE"": 69, ""MV"": 60}","[5, 6, 7, 8, 9, 10, 11, 15, 14, 12]",0.2192
2018,1,16,2,245,17096,69.78,4,62,3944,0.2307,1980,1964,109,12.85,9.0,2835,939,116,54,22,0.0323,"{""IC"": 2925, ""S"": 594, ""HSM"": 1, ""HDM"": 115, ""AE"": 167, ""MV"": 142}","[5, 6, 7, 8, 10, 9, 15, 11, 12, 14]",0.2179
2018,1,17,3,243,17248,70.98,0,22,6120,0.3548,3064,3056,120,14.26,9.0,4177,1393,466,84,33,0.0223,"{""IC"": 4282, ""S"": 1044, ""PVV"": 134, ""PYO"": 109, ""HSM"": 28, ""HDM"": 89, ""AE"": 368, ""MV"": 66}","[5, 6, 7, 8, 9, 10, 11, 12, 13, 17]",0.2323
2018,1,18,4,249,17494,70.26,5,254,8185,0.4679,4109,4076,164,13.68,10.0,5999,1880,104,202,41,0.0175,"{""IC"": 5849, ""S"": 1436, ""PVV"": 70, ""PYO"": 153, ""HSM"": 7, ""HDM"": 229, ""AE"": 398, ""MV"": 43}","[5, 6, 7, 8, 10, 9, 11, 12, 16, 13]",0.2595
2018,1,19,5,253,17676,69.87,4,104,7995,0.4523,4003,3992,129,16.58,11.0,5345,1726,603,321,51,0.0193,"{""IC"": 5812, ""S"": 1376, ""PVV"": 32, ""PYO"": 37, ""HSM"": 92, ""HDM"": 233, ""AE"": 269, ""MV"": 144}","[5, 6, 7, 8, 9, 10, 11, 12, 13, 14]",0.281
2018,1,20,6,191,14258,74.65,0,0,3686,0.2585,1844,1842,100,13.75,9.0,2844,563,129,150,20,0.0293,"{""IC"": 2790, ""S"": 478, ""PYO"": 22, ""HSM"": 19, ""HDM"": 96, ""AE"": 202, ""MV"": 79}","[5, 6, 8, 7, 12, 9, 11, 10, 14, 13]",0.2993
2018,1,21,7,202,14676,72.65,6,108,5616,0.3827,2817,2799,50,11.01,9.0,4392,1127,97,0,32,0.026,"{""IC"": 3952, ""S"": 1247, ""PVV"": 4, ""PYO"": 53, ""HSM"": 54, ""HDM"": 106, ""AE"": 148, ""MV"": 52}","[5, 7, 6, 9, 8, 10, 11, 12, 13, 14]",0.3387
2018,1,22,1,249,17250,69.28,11,222,6639,0.3849,3335,3304,73,12.76,9.0,5285,839,355,160,30,0.0213,"{""IC"": 5054, ""S"": 890, ""PVV"": 32, ""HSM"": 56, ""HDM"": 118, ""AE"": 340, ""MV"": 149}","[5, 6, 7, 10, 9, 8, 12, 11, 13, 14]",0.3617
2018,1,23,2,251,17544,69.9,5,182,7557,0.4307,3799,3758,71,12.86,9.0,5693,1305,522,37,40,0.0217,"{""IC"": 5785, ""S"": 1149, ""PVV"": 28, ""PYO"": 34, ""HSM"": 106, ""HDM"": 147, ""AE"": 197, ""MV"": 111}","[6, 5, 7, 8, 9, 10, 12, 11, 13, 14]",0.3903
2018,1,24,3,246,17414,70.79,4,132,10247,0.5884,5136,5111,151,18.32,14.0,5295,3233,1503,216,73,0.0175,"{""S"": 2092, ""IC"": 7383, ""PVV"": 97, ""PYO"": 118, ""HSM"": 20, ""HDM"": 286, ""AE"": 237, ""MV"": 14}","[7, 5, 6, 8, 10, 9, 13, 11, 15, 12]",0.4236
2018,1,25,4,248,17546,70.75,5,150,6431,0.3665,3222,3209,81,14.66,11.0,4146,1684,588,13,44,0.0235,"{""S"": 823, ""IC"": 4977, ""PVV"": 66, ""PYO"": 51, ""HSM"": 23, ""HDM"": 127, ""AE"": 268, ""MV"": 96}","[5, 6, 7, 9, 8, 14, 10, 12, 11, 13]",0.4091
2018,1,26,5,251,17774,70.81,5,112,4364,0.2455,2184,2180,108,9.47,8.0,3843,476,23,22,31,0.0363,"{""IC"": 3479, ""S"": 542, ""PVV"": 11, ""PYO"": 109, ""HDM"": 89, ""AE"": 38, ""MV"": 96}","[5, 6, 7, 8, 10, 9, 11, 12, 13, 15]",0.3796
2018,1,27,6,191,14226,74.48,5,90,1662,0.1168,837,825,53,11.65,7.0,1319,202,141,0,11,0.0514,"{""IC"": 1207, ""S"": 166, ""PYO"": 59, ""HSM"": 12, ""HDM"": 45, ""AE"": 112, ""MV"": 61}","[5, 6, 7, 9, 8, 13, 12, 11, 15, 14]",0.3594
2018,1,28,7,203,14896,73.38,4,70,3344,0.2245,1680,1664,59,10.46,8.0,2711,523,110,0,15,0.0343,"{""IC"": 2281, ""S"": 734, ""PVV"": 49, ""PYO"": 61, ""HSM"": 18, ""HDM"": 50, ""AE"": 123, ""MV"": 28}","[5, 6, 7, 8, 9, 10, 11, 12, 13, 16]",0.3368
2018,1,29,1,243,17148,70.57,1,20,3481,0.203,1746,1735,65,13.63,8.0,2574,535,329,43,19,0.0292,"{""IC"": 2625, ""S"": 425, ""PYO"": 93, ""HSM"": 15, ""HDM"": 115, ""AE"": 188, ""MV"": 20}","[5, 6, 7, 8, 9, 12, 10, 11, 16, 13]",0.3108
2018,1,30,2,254,17932,70.6,2,364,7446,0.4152,3731,3715,117,17.15,11.0,4705,1719,708,314,47,0.0209,"{""IC"": 4713, ""S"": 1789, ""PVV"": 15, ""PYO"": 41, ""HSM"": 130, ""HDM"": 75, ""AE"": 316, ""MV"": 367}","[5, 6, 8, 7, 11, 9, 10, 13, 12, 14]",0.3086
2018,1,31,3,255,18106,71.0,3,434,4540,0.2507,2277,2263,157,15.27,9.0,3326,815,274,125,30,0.0283,"{""IC"": 2703, ""S"": 823, ""PVV"": 69, ""PYO"": 68, ""HSM"": 106, ""HDM"": 93, ""AE"": 223, ""MV"": 455}","[5, 6, 8, 7, 9, 10, 11, 15, 12, 14]",0.2603
2018,2,1,4,245,17462,71.27,6,102,8580,0.4914,4304,4276,101,17.2,13.0,4875,2549,921,235,55,0.0202,"{""IC"": 5958, ""S"": 1896, ""PVV"": 10, ""PYO"": 157, ""HSM"": 63, ""HDM"": 157, ""AE"": 332, ""MV"": 7}","[5, 6, 9, 8, 7, 13, 12, 10, 15, 14]",0.2782
2018,2,2,5,248,17786,71.72,0,58,8663,0.4871,4346,4317,68,15.4,12.0,5277,2362,955,69,59,0.0203,"{""IC"": 6721, ""S"": 1235, ""PVV"": 71, ""PYO"": 46, ""HSM"": 60, ""HDM"": 212, ""AE"": 203, ""MV"": 115}","[5, 6, 7, 8, 9, 10, 11, 12, 13, 14]",0.3127
2018,2,3,6,187,14136,75.59,4,80,4559,0.3225,2289,2270,50,10.96,9.0,3706,693,160,0,18,0.0293,"{""IC"": 3472, ""S"": 573, ""PVV"": 4, ""PYO"": 63, ""HSM"": 67, ""HDM"": 115, ""AE"": 265}","[5, 6, 9, 7, 10, 8, 11, 12, 13, 16]",0.3421
2018,2,4,7,203,14968,73.73,0,0,6164,0.4118,3101,3063,86,13.87,11.0,3880,1878,375,31,37,0.0226,"{""IC"": 4383, ""S"": 1219, ""PYO"": 130, ""HSM"": 53, ""HDM"": 71, ""AE"": 188, ""MV"": 120}","[5, 6, 7, 8, 11, 10, 9, 12, 16, 14]",0.3688
2018,2,5,1,254,18144,71.43,3,378,9915,0.5465,4969,4946,201,19.79,13.0,5319,2891,1379,326,68,0.0162,"{""IC"": 6763, ""S"": 1852, ""PVV"": 101, ""PYO"": 235, ""HSM"": 43, ""HDM"": 182, ""AE"": 399, ""MV"": 340}","[6, 5, 8, 7, 9, 11, 12, 10, 17, 13]",0.4179
2018,2,6,2,244,17596,72.11,0,16,9951,0.5655,4997,4954,351,19.71,14.0,5259,2787,1604,301,65,0.0187,"{""IC"": 6942, ""S"": 1617, ""PVV"": 73, ""PYO"": 283, ""HSM"": 77, ""HDM"": 255, ""AE"": 506, ""MV"": 198}","[5, 6, 7, 10, 9, 12, 13, 11, 8, 14]",0.4394
2018,2,7,3,250,17812,71.25,3,160,8888,0.499,4464,4424,110,15.3,12.0,5622,2425,715,126,57,0.0181,"{""IC"": 6241, ""S"": 1552, ""PVV"": 95, ""PYO"": 169, ""HSM"": 103, ""HDM"": 161, ""P"": 176, ""AE"": 278, ""MV"": 113}","[5, 6, 7, 9, 8, 11, 10, 12, 13, 14]",0.4748
2018,2,8,4,249,17878,71.8,5,130,8418,0.4709,4216,4202,86,17.23,11.0,5112,2106,950,250,50,0.0185,"{""IC"": 6165, ""S"": 1385, ""PVV"": 18, ""PYO"": 112, ""HSM"": 32, ""HDM"": 149, ""AE"": 296, ""MV"": 261}","[5, 6, 7, 8, 10, 9, 11, 12, 13, 14]",0.4719
2018,2,9,5,250,18304,73.22,1,90,6787,0.3708,3401,3386,132,18.15,10.0,4641,1156,644,346,37,0.0192,"{""S"": 1275, ""IC"": 4428, ""PVV"": 3, ""PYO"": 313, ""HSM"": 40, ""HDM"": 178, ""AE"": 462, ""MV"": 88}","[5, 6, 7, 8, 9, 10, 11, 12, 13, 14]",0.4553
2018,2,10,6,190,14684,77.28,0,0,3420,0.2329,1710,1710,50,12.11,8.0,2595,535,290,0,18,0.0344,"{""S"": 360, ""IC"": 2654, ""PVV"": 3, ""PYO"": 81, ""HSM"": 40, ""HDM"": 47, ""AE"": 147, ""MV"": 88}","[5, 6, 7, 8, 9, 10, 11, 12, 13, 16]",0.4425
2018,2,11,7,205,15214,74.21,2,108,4607,0.3028,2307,2300,92,11.93,8.0,3852,442,205,108,20,0.028,"{""IC"": 3400, ""S"": 858, ""PYO"": 59, ""HSM"": 36, ""HDM"": 54, ""AE"": 151, ""MV"": 49}","[5, 6, 7, 8, 9, 11, 10, 12, 13, 14]",0.4269
2018,2,12,1,245,17594,71.81,0,0,4773,0.2713,2402,2371,44,11.6,8.0,3596,930,247,0,18,0.0286,"{""IC"": 3588, ""S"": 640, ""PVV"": 5, ""PYO"": 70, ""HSM"": 19, ""HDM"": 45, ""AE"": 406}","[5, 6, 7, 8, 9, 10, 12, 11, 13, 16]",0.3876
2018,2,13,2,246,17554,71.36,2,36,4823,0.2748,2415,2408,54,11.99,9.0,3524,1039,260,0,25,0.0294,"{""IC"": 3920, ""PVV"": 13, ""S"": 553, ""PYO"": 65, ""HSM"": 25, ""HDM"": 86, ""AE"": 151, ""MV"": 10}","[5, 6, 7, 8, 9, 10, 11, 12, 13, 14]",0.3461
2018,2,14,3,251,17932,71.44,4,304,5219,0.291,2610,2609,94,15.0,10.0,3757,969,289,204,31,0.0262,"{""IC"": 3609, ""S"": 959, ""PYO"": 200, ""HSM"": 58, ""HDM"": 82, ""AE"": 178, ""MV"": 133}","[5, 6, 7, 9, 8, 14, 10, 13, 12, 11]",0.3164
2018,2,15,4,249,17644,70.86,3,130,4818,0.2731,2413,2405,118,14.04,9.0,3453,883,407,75,28,0.0296,"{""IC"": 3667, ""S"": 734, ""PVV"": 5, ""PYO"": 110, ""HSM"": 25, ""HDM"": 122, ""AE"": 41, ""MUS"": 12, ""MV"": 102}","[5, 6, 7, 8, 9, 10, 11, 12, 13, 23]",0.2881
2018,2,16,5,256,18374,71.77,2,108,6673,0.3632,3346,3327,119,13.63,9.0,4748,1340,531,54,40,0.0246,"{""IC"": 4412, ""S"": 1040, ""PVV"": 81, ""PYO"": 393, ""HSM"": 64, ""HDM"": 159, ""AE"": 404, ""MV"": 120}","[5, 6, 7, 9, 8, 10, 11, 12, 13, 17]",0.287
2018,2,17,6,193,14638,75.84,1,6,3128,0.2137,1570,1558,42,11.13,8.0,2423,541,164,0,13,0.0336,"{""IC"": 2124, ""PVV"": 56, ""S"": 420, ""PYO"": 188, ""HDM"": 74, ""AE"": 197, ""MV"": 69}","[5, 6, 7, 8, 9, 10, 11, 14, 16, 19]",0.2843
2018,2,18,7,200,14868,74.34,3,60,3672,0.247,1837,1835,126,15.45,8.0,2768,488,278,138,16,0.0288,"{""IC"": 2675, ""S"": 584, ""PVV"": 40, ""PYO"": 108, ""HDM"": 40, ""AE"": 205, ""MV"": 20}","[5, 6, 7, 8, 9, 10, 12, 11, 13, 14]",0.2763
2018,2,19,1,245,17422,71.11,6,144,5344,0.3067,2684,2660,78,14.34,9.0,3957,739,495,153,24,0.0236,"{""IC"": 3904, ""S"": 948, ""PVV"": 2, ""PYO"": 57, ""HSM"": 42, ""HDM"": 50, ""AE"": 341}","[5, 6, 7, 8, 9, 11, 10, 12, 13, 15]",0.2814
2018,2,20,2,248,17488,70.52,4,118,5682,0.3249,2845,2837,125,15.69,10.0,3742,1350,500,90,38,0.0227,"{""IC"": 4224, ""S"": 924, ""PVV"": 16, ""PYO"": 157, ""HSM"": 25, ""HDM"": 66, ""AE"": 174, ""MV"": 96}","[5, 6, 7, 9, 8, 10, 11, 12, 14, 13]",0.2885
2018,2,21,3,251,17784,70.85,3,180,5139,0.289,2572,2567,274,21.27,10.0,3502,922,476,239,30,0.0196,"{""IC"": 3650, ""S"": 664, ""PVV"": 101, ""PYO"": 250, ""HSM"": 50, ""HDM"": 63, ""AE"": 239, ""MV"": 122}","[5, 6, 8, 7, 9, 10, 11, 14, 15, 12]",0.2882
2018,2,22,4,249,17632,70.81,4,144,8422,0.4777,4215,4207,102,18.77,13.0,4786,2063,1355,218,62,0.0197,"{""IC"": 5657, ""S"": 1756, ""PVV"": 85, ""PYO"": 108, ""HSM"": 44, ""HDM"": 215, ""AE"": 361, ""MV"": 196}","[5, 6, 11, 8, 7, 12, 10, 9, 13, 14]",0.3175
2018,2,23,5,253,18474,73.02,0,0,6867,0.3717,3441,3426,199,17.57,9.0,4833,1385,302,347,35,0.0188,"{""IC"": 4145, ""S"": 1539, ""PVV"": 154, ""PYO"": 535, ""HSM"": 73, ""HDM"": 108, ""AE"": 267, ""MV"": 46}","[5, 6, 7, 8, 9, 10, 11, 13, 12, 16]",0.3187
2018,2,24,6,192,14748,76.81,0,0,3727,0.2527,1875,1852,114,18.61,9.0,2422,666,449,190,25,0.0261,"{""IC"": 2674, ""S"": 253, ""PYO"": 291, ""HSM"": 18, ""HDM"": 67, ""AE"": 272, ""MV"": 152}","[5, 6, 7, 8, 9, 10, 11, 20, 19, 23]",0.3242
2018,2,25,7,203,14936,73.58,0,0,5460,0.3656,2734,2726,46,11.68,9.0,4063,1232,165,0,28,0.0242,"{""IC"": 4020, ""S"": 770, ""PVV"": 72, ""PYO"": 183, ""HSM"": 4, ""HDM"": 105, ""AE"": 282, ""MV"": 24}","[6, 5, 7, 8, 11, 10, 9, 12, 13, 14]",0.3412
2018,2,26,1,250,17610,70.44,0,0,6287,0.357,3162,3125,49,12.98,10.0,4426,1430,431,0,40,0.0281,"{""IC"": 4385, ""S"": 887, ""PVV"": 48, ""PYO"": 162, ""HSM"": 96, ""HDM"": 149, ""AE"": 402, ""MV"": 158}","[5, 6, 7, 8, 9, 10, 11, 14, 12, 13]",0.3484
2018,2,27,2,244,17556,71.95,3,220,5785,0.3295,2901,2884,127,13.44,9.0,4351,953,361,120,28,0.0287,"{""IC"": 4180, ""S"": 977, ""PVV"": 4, ""PYO"": 121, ""HSM"": 50, ""HDM"": 80, ""AE"": 373}","[5, 6, 7, 9, 8, 10, 11, 12, 15, 13]",0.349
2018,2,28,3,247,17658,71.49,4,290,5677,0.3215,2838,2839,65,11.92,9.0,4363,1044,255,15,32,0.0266,"{""IC"": 4000, ""S"": 1110, ""PVV"": 79, ""PYO"": 144, ""HSM"": 60, ""HDM"": 55, ""AE"": 217, ""MV"": 12}","[5, 6, 7, 8, 9, 10, 13, 14, 12, 11]",0.3537
2018,3,1,4,250,17524,70.1,10,420,5369,0.3064,2685,2684,67,13.87,10.0,3483,1384,482,20,37,0.0278,"{""IC"": 3822, ""S"": 1146, ""PVV"": 56, ""PYO"": 86, ""HSM"": 21, ""HDM"": 125, ""AE"": 90, ""MV"": 23}","[5, 6, 7, 8, 9, 11, 10, 20, 18, 17]",0.3292
2018,3,2,5,249,18142,72.86,4,96,6242,0.3441,3134,3108,77,11.32,9.0,4878,1158,201,5,41,0.0252,"{""IC"": 4301, ""S"": 1189, ""PVV"": 72, ""PYO"": 302, ""HSM"": 34, ""HDM"": 187, ""AE"": 157}","[5, 6, 7, 9, 8, 10, 11, 14, 12, 13]",0.3253
2018,3,3,6,191,14604,76.46,0,0,3447,0.236,1721,1726,41,11.13,9.0,2660,699,88,0,15,0.0359,"{""IC"": 2845, ""S"": 278, ""PYO"": 105, ""HDM"": 71, ""AE"": 137, ""MV"": 11}","[5, 6, 9, 7, 8, 10, 11, 12, 16, 14]",0.3229
2018,3,4,7,201,14940,74.33,0,0,4481,0.2999,2247,2234,93,13.46,8.0,3342,869,118,152,23,0.0255,"{""IC"": 2755, ""S"": 1093, ""PVV"": 83, ""PYO"": 36, ""HSM"": 52, ""HDM"": 142, ""AE"": 228, ""MV"": 92}","[5, 6, 7, 8, 9, 10, 11, 14, 15, 12]",0.3135
2018,3,5,1,246,17430,70.85,6,124,3787,0.2173,1891,1896,117,9.9,7.0,3496,186,32,73,23,0.0369,"{""IC"": 2835, ""S"": 490, ""PVV"": 30, ""PYO"": 44, ""HDM"": 160, ""AE"": 194, ""MV"": 34}","[5, 6, 7, 9, 8, 10, 11, 12, 14, 13]",0.2935
2018,3,6,2,248,17590,70.93,2,166,3426,0.1948,1717,1709,172,14.57,8.0,2676,503,126,121,17,0.0393,"{""IC"": 2299, ""S"": 730, ""PVV"": 7, ""PYO"": 25, ""HSM"": 32, ""HDM"": 66, ""AE"": 147, ""MV"": 120}","[5, 6, 7, 8, 9, 10, 11, 15, 12, 14]",0.2743
2018,3,7,3,246,17638,71.7,4,78,3864,0.2191,1947,1917,60,11.72,8.0,2994,643,225,2,24,0.034,"{""IC"": 2700, ""S"": 675, ""PVV"": 11, ""PYO"": 41, ""HSM"": 37, ""HDM"": 46, ""AE"": 111, ""MV"": 243}","[5, 6, 7, 8, 9, 10, 12, 11, 19, 13]",0.2597
2018,3,8,4,246,17492,71.11,3,42,3453,0.1974,1738,1715,70,14.03,9.0,2477,543,405,28,16,0.032,"{""IC"": 2465, ""S"": 478, ""PVV"": 108, ""PYO"": 113, ""HSM"": 18, ""HDM"": 95, ""AE"": 114, ""MV"": 62}","[5, 6, 7, 9, 8, 10, 11, 14, 17, 13]",0.2441
2018,3,9,5,251,18384,73.24,0,46,7557,0.4111,3794,3763,113,14.0,9.0,5382,1431,650,94,43,0.0225,"{""IC"": 4999, ""S"": 1325, ""PVV"": 51, ""PYO"": 360, ""HSM"": 117, ""HDM"": 191, ""AE"": 440, ""MV"": 74}","[5, 6, 7, 8, 9, 10, 11, 13, 12, 14]",0.2537
2018,3,10,6,195,14784,75.82,2,40,3241,0.2192,1617,1624,91,11.17,9.0,2528,635,66,12,15,0.0336,"{""IC"": 2496, ""S"": 116, ""PVV"": 103, ""PYO"": 271, ""HSM"": 4, ""HDM"": 46, ""AE"": 117, ""MV"": 88}","[5, 6, 7, 11, 10, 8, 9, 12, 14, 13]",0.2513
2018,3,11,7,208,15346,73.78,5,244,5364,0.3495,2693,2671,112,17.48,11.0,3337,1341,357,329,30,0.024,"{""IC"": 3415, ""S"": 1039, ""PVV"": 116, ""PYO"": 101, ""HSM"": 19, ""HDM"": 123, ""AE"": 304, ""MV"": 247}","[5, 6, 7, 8, 9, 10, 11, 12, 13, 14]",0.2583
2018,3,12,1,247,17566,71.12,7,130,4799,0.2732,2404,2395,115,12.46,8.0,4190,357,85,167,33,0.028,"{""S"": 1016, ""IC"": 3037, ""PVV"": 33, ""PYO"": 129, ""HSM"": 89, ""HDM"": 27, ""AE"": 348, ""MV"": 120}","[5, 6, 7, 8, 9, 10, 13, 12, 11, 14]",0.2663
2018,3,13,2,249,17694,71.06,8,208,5541,0.3132,2791,2750,59,11.65,9.0,4066,1213,262,0,28,0.0259,"{""S"": 712, ""IC"": 3993, ""PVV"": 47, ""PYO"": 156, ""HSM"": 90, ""HDM"": 86, ""AE"": 349, ""MV"": 108}","[5, 6, 7, 8, 9, 10, 11, 13, 18, 17]",0.2832
2018,3,14,3,244,17402,71.32,1,18,6994,0.4019,3504,3490,109,16.23,12.0,4171,2074,598,151,39,0.0226,"{""IC"": 4988, ""S"": 1290, ""PVV"": 93, ""PYO"": 99, ""HSM"": 49, ""HDM"": 181, ""AE"": 255, ""MV"": 39}","[5, 6, 7, 8, 10, 11, 9, 12, 19, 13]",0.3094
2018,3,15,4,248,17634,71.1,3,60,7531,0.4271,3769,3762,99,16.52,10.0,5050,1532,751,198,43,0.0194,"{""IC"": 5427, ""S"": 1270, ""PVV"": 23, ""PYO"": 133, ""HSM"": 68, ""HDM"": 174, ""AE"": 282, ""MV"": 154}","[5, 6, 7, 8, 9, 10, 11, 13, 14, 12]",0.3422
2018,3,16,5,251,18278,72.82,1,138,6807,0.3724,3405,3402,60,11.96,10.0,4946,1595,265,1,41,0.0228,"{""S"": 1224, ""IC"": 4716, ""PVV"": 9, ""PYO"": 305, ""HSM"": 50, ""HDM"": 130, ""AE"": 300, ""MV"": 73}","[5, 6, 7, 8, 9, 11, 10, 12, 13, 15]",0.3366
2018,3,17,6,189,14596,77.23,0,0,2841,0.1946,1425,1416,98,17.62,10.0,1858,455,406,122,12,0.0268,"{""IC"": 2089, ""S"": 67, ""PYO"": 440, ""HSM"": 25, ""HDM"": 48, ""AE"": 172}","[5, 6, 7, 9, 8, 10, 11, 13, 12, 16]",0.3331
2018,3,18,7,199,14848,74.61,0,0,4356,0.2934,2183,2173,96,9.92,8.0,3700,598,32,26,25,0.0322,"{""IC"": 2939, ""S"": 839, ""PYO"": 109, ""HSM"": 40, ""HDM"": 119, ""AE"": 310}","[5, 6, 7, 8, 9, 10, 11, 14, 13, 12]",0.3251
2018,3,19,1,244,17450,71.52,0,0,4055,0.2324,2036,2019,50,9.74,7.0,3382,600,73,0,14,0.0356,"{""IC"": 3081, ""S"": 630, ""PYO"": 109, ""HSM"": 33, ""HDM"": 51, ""AE"": 151}","[5, 6, 7, 8, 9, 11, 10, 12, 13, 21]",0.3193
2018,3,20,2,249,17588,70.63,5,220,6740,0.3832,3387,3353,70,13.26,9.0,5294,833,464,149,34,0.0235,"{""IC"": 4657, ""S"": 1180, ""PYO"": 130, ""HSM"": 54, ""HDM"": 116, ""AE"": 482, ""MV"": 121}","[5, 6, 7, 8, 10, 11, 9, 12, 13, 14]",0.3293
2018,3,21,3,250,17914,71.66,1,284,6524,0.3642,3281,3243,87,15.7,9.0,4338,1371,582,233,30,0.0231,"{""S"": 1176, ""IC"": 4360, ""PVV"": 99, ""PYO"": 118, ""HSM"": 77, ""HDM"": 116, ""AE"": 365, ""MV"": 213}","[5, 6, 7, 8, 9, 11, 10, 15, 12, 13]",0.3239
2018,3,22,4,251,17634,70.25,3,40,6867,0.3894,3445,3422,102,14.05,10.0,4733,1613,361,160,34,0.0251,"{""IC"": 4729, ""S"": 1261, ""PVV"": 82, ""PYO"": 96, ""HDM"": 104, ""AE"": 403, ""MV"": 192}","[5, 6, 7, 8, 9, 10, 11, 12, 15, 14]",0.3185
2018,3,23,5,259,18416,71.1,17,340,5933,0.3222,2960,2973,65,12.11,8.0,4698,751,454,30,30,0.0265,"{""IC"": 3998, ""S"": 1151, ""PVV"": 13, ""PYO"": 239, ""HSM"": 5, ""HDM"": 137, ""AE"": 319, ""MV"": 71}","[5, 6, 7, 8, 9, 10, 11, 12, 13, 14]",0.3113
2018,3,24,6,192,14664,76.38,13,236,4547,0.3101,2289,2258,115,15.16,9.0,3218,861,289,179,22,0.0217,"{""IC"": 2972, ""PVV"": 46, ""S"": 447, ""PYO"": 674, ""HSM"": 56, ""HDM"": 98, ""AE"": 250, ""MV"": 4}","[5, 6, 7, 8, 9, 10, 11, 13, 12, 14]",0.3278
2018,3,25,7,203,14954,73.67,12,252,4430,0.2962,2209,2221,99,12.62,9.0,3355,785,209,81,33,0.0328,"{""IC"": 3368, ""S"": 546, ""PVV"": 6, ""PYO"": 169, ""HSM"": 21, ""HDM"": 174, ""AE"": 106, ""MV"": 40}","[5, 6, 7, 8, 9, 11, 10, 12, 13, 14]",0.3282
2018,3,26,1,252,17702,70.25,18,352,4414,0.2494,2207,2207,87,11.7,8.0,3515,626,218,55,24,0.0306,"{""IC"": 2852, ""S"": 750, ""PVV"": 4, ""PYO"": 192, ""HSM"": 33, ""HDM"": 141, ""AE"": 364, ""MV"": 78}","[5, 6, 7, 8, 9, 10, 11, 12, 14, 13]",0.3307
2018,3,27,2,248,17606,70.99,16,306,3494,0.1985,1754,1740,81,10.56,8.0,2975,379,92,48,18,0.0423,"{""IC"": 2410, ""S"": 383, ""PVV"": 3, ""PYO"": 161, ""HSM"": 24, ""HDM"": 114, ""AE"": 391, ""MV"": 8}","[5, 6, 7, 8, 9, 10, 11, 12, 16, 13]",0.3043
2018,3,28,3,259,18420,71.12,20,506,4456,0.2419,2222,2234,66,12.43,10.0,3163,1073,219,1,22,0.0353,"{""IC"": 2941, ""S"": 505, ""PVV"": 89, ""PYO"": 241, ""HSM"": 41, ""HDM"": 88, ""AE"": 480, ""MV"": 71}","[5, 6, 7, 8, 11, 9, 10, 12, 13, 16]",0.2868
2018,3,29,4,260,18618,71.61,7,232,5188,0.2787,2587,2601,113,13.45,10.0,3693,1196,227,72,35,0.0283,"{""IC"": 3469, ""S"": 578, ""PVV"": 12, ""PYO"": 344, ""HSM"": 60, ""HDM"": 127, ""AE"": 453, ""MV"": 145}","[5, 7, 6, 8, 9, 10, 11, 12, 15, 16]",0.271
2018,3,30,5,213,16432,77.15,0,0,3144,0.1913,1559,1585,56,10.23,8.0,2644,414,86,0,23,0.0458,"{""IC"": 2152, ""S"": 569, ""PVV"": 107, ""PYO"": 87, ""HDM"": 89, ""AE"": 116, ""MV"": 24}","[5, 6, 7, 8, 9, 10, 11, 14, 15, 12]",0.2523
2018,3,31,6,196,14950,76.28,0,0,2396,0.1603,1198,1198,72,12.29,9.0,1813,442,128,13,17,0.0476,"{""IC"": 1444, ""S"": 98, ""PVV"": 86, ""PYO"": 102, ""HSM"": 18, ""HDM"": 52, ""AE"": 344, ""MV"": 252}","[5, 6, 7, 9, 8, 10, 13, 12, 14, 11]",0.2309
2018,4,1,7,174,12996,74.69,1,20,2071,0.1594,1032,1039,151,20.83,9.0,1545,263,91,172,17,0.0337,"{""IC"": 1243, ""S"": 202, ""PYO"": 256, ""HSM"": 69, ""HDM"": 85, ""AE"": 206, ""MV"": 10}","[5, 6, 7, 9, 8, 10, 12, 11, 13, 14]",0.2114
2018,4,2,1,206,15506,75.27,0,2,6648,0.4287,3319,3329,75,13.43,10.0,4699,1536,308,105,46,0.0238,"{""IC"": 4422, ""S"": 1114, ""PVV"": 67, ""PYO"": 440, ""HSM"": 33, ""HDM"": 165, ""AE"": 397, ""MV"": 10}","[5, 7, 6, 9, 8, 10, 11, 12, 13, 14]",0.237
2018,4,3,2,252,17546,69.63,7,122,4266,0.2431,2141,2125,157,15.2,9.0,3098,724,313,131,20,0.0313,"{""IC"": 2971, ""S"": 667, ""PVV"": 64, ""PYO"": 155, ""HSM"": 47, ""HDM"": 90, ""AE"": 258, ""MV"": 14}","[5, 6, 7, 8, 9, 11, 10, 12, 14, 13]",0.2433
2018,4,4,3,252,17646,70.02,17,300,4189,0.2374,2097,2092,145,16.55,9.0,2979,595,338,277,28,0.0262,"{""IC"": 2804, ""S"": 553, ""PVV"": 32, ""PYO"": 201, ""HSM"": 49, ""HDM"": 52, ""AE"": 429, ""MV"": 69}","[5, 6, 7, 8, 9, 11, 10, 12, 13, 14]",0.2427
2018,4,5,4,259,17872,69.0,9,146,3309,0.1851,1652,1657,61,12.73,9.0,2445,589,267,8,21,0.0396,"{""IC"": 2127, ""S"": 500, ""PVV"": 6, ""PYO"": 50, ""HSM"": 108, ""HDM"": 59, ""AE"": 339, ""MV"": 120}","[5, 7, 8, 6, 9, 11, 10, 12, 13, 14]",0.2293
2018,4,6,5,255,18474,72.45,2,28,4705,0.2547,2351,2354,95,15.03,10.0,3532,534,497,142,37,0.0303,"{""IC"": 2327, ""S"": 1316, ""PVV"": 59, ""PYO"": 318, ""HSM"": 111, ""HDM"": 201, ""AE"": 283, ""MV"": 90}","[5, 6, 7, 9, 8, 11, 10, 12, 13, 14]",0.2384
2018,4,7,6,195,14816,75.98,0,76,2497,0.1685,1251,1246,164,20.17,9.0,1783,236,330,148,12,0.0406,"{""IC"": 1637, ""S"": 387, ""PVV"": 16, ""PYO"": 129, ""HSM"": 31, ""HDM"": 76, ""AE"": 137, ""MV"": 84}","[5, 6, 7, 8, 9, 13, 12, 10, 17, 44]",0.2396
2018,4,8,7,207,15124,73.06,2,186,4552,0.301,2271,2281,96,23.57,12.0,2506,752,736,558,23,0.0218,"{""IC"": 2995, ""S"": 867, ""PVV"": 43, ""PYO"": 155, ""HSM"": 5, ""HDM"": 43, ""AE"": 284, ""IC2"": 66, ""MV"": 94}","[5, 6, 8, 7, 9, 10, 11, 15, 14, 16]",0.2598
2018,4,9,1,256,17742,69.3,3,156,4352,0.2453,2178,2174,103,23.24,15.0,2123,872,1113,244,38,0.0278,"{""IC"": 2685, ""S"": 849, ""PVV"": 11, ""PYO"": 61, ""HSM"": 103, ""HDM"": 171, ""AE"": 250, ""MV"": 222}","[5, 6, 7, 8, 9, 10, 11, 12, 30, 28]",0.2336
2018,4,10,2,251,17608,70.15,4,176,3759,0.2135,1876,1883,75,16.62,10.0,2487,668,472,132,22,0.0326,"{""IC"": 2525, ""S"": 902, ""PVV"": 8, ""PYO"": 37, ""HSM"": 54, ""HDM"": 50, ""AE"": 116, ""MV"": 67}","[5, 6, 7, 8, 12, 9, 10, 11, 13, 17]",0.2294
2018,4,11,3,252,17618,69.91,4,186,3461,0.1964,1740,1721,111,16.84,10.0,2287,590,448,136,24,0.0361,"{""IC"": 2140, ""S"": 736, ""PVV"": 17, ""PYO"": 53, ""HSM"": 7, ""HDM"": 109, ""AE"": 354, ""MV"": 45}","[5, 6, 9, 8, 7, 10, 11, 13, 12, 26]",0.2235
2018,4,12,4,254,17622,69.38,4,156,4000,0.227,2001,1999,94,16.28,11.0,2635,795,458,112,26,0.0328,"{""IC"": 2302, ""S"": 1143, ""PVV"": 2, ""PYO"": 82, ""HSM"": 84, ""HDM"": 117, ""AE"": 214, ""MV"": 56}","[5, 7, 6, 8, 10, 9, 11, 12, 14, 13]",0.2295
2018,4,13,5,255,18364,72.02,3,244,3610,0.1966,1803,1807,211,18.98,9.0,2664,541,238,167,22,0.0323,"{""IC"": 2126, ""S"": 758, ""PVV"": 92, ""PYO"": 139, ""HSM"": 54, ""HDM"": 139, ""AE"": 227, ""MV"": 75}","[5, 6, 7, 10, 9, 8, 11, 12, 14, 13]",0.2212
2018,4,14,6,190,14640,77.05,2,40,1621,0.1107,806,815,38,8.98,7.0,1462,135,24,0,9,0.0745,"{""IC"": 946, ""S"": 252, ""PVV"": 17, ""PYO"": 58, ""HSM"": 1, ""HDM"": 13, ""AE"": 334}","[5, 6, 7, 8, 10, 9, 11, 12, 13, 22]",0.2129
2018,4,15,7,201,14938,74.32,0,0,1429,0.0957,713,716,32,7.72,6.0,1286,140,3,0,8,0.0731,"{""IC"": 828, ""S"": 438, ""PVV"": 10, ""PYO"": 40, ""HDM"": 40, ""AE"": 68, ""MUS"": 5}","[5, 6, 7, 8, 9, 17, 11, 10, 18, 12]",0.1836
2018,4,16,1,250,17570,70.28,4,48,2199,0.1252,1099,1100,170,11.77,8.0,1793,265,129,12,18,0.0543,"{""IC"": 1511, ""S"": 365, ""PVV"": 56, ""PYO"": 40, ""HSM"": 65, ""HDM"": 27, ""AE"": 135}","[5, 6, 7, 8, 9, 10, 11, 12, 16, 15]",0.1664
2018,4,17,2,250,17542,70.17,2,30,2472,0.1409,1230,1242,84,11.49,7.0,2092,161,173,46,10,0.0484,"{""IC"": 1697, ""S"": 398, ""PVV"": 10, ""PYO"": 16, ""HSM"": 31, ""HDM"": 46, ""AE"": 274}","[5, 6, 7, 8, 9, 10, 11, 14, 13, 12]",0.1561
2018,4,18,3,250,17554,70.22,0,0,1839,0.1048,925,914,55,8.74,7.0,1636,169,34,0,10,0.0658,"{""IC"": 1297, ""S"": 193, ""PVV"": 61, ""PYO"": 29, ""HSM"": 34, ""HDM"": 26, ""AE"": 184, ""MV"": 15}","[5, 6, 7, 8, 9, 10, 11, 15, 13, 12]",0.143
2018,4,19,4,253,17594,69.54,2,28,1970,0.112,983,987,40,9.53,7.0,1603,354,13,0,9,0.0623,"{""IC"": 1531, ""S"": 184, ""PVV"": 10, ""PYO"": 37, ""HSM"": 4, ""HDM"": 26, ""AE"": 177, ""V"": 1}","[5, 6, 7, 8, 9, 10, 11, 18, 15, 12]",0.1266
2018,4,20,5,268,18542,69.19,13,218,3555,0.1917,1774,1781,165,10.97,8.0,2856,627,50,22,21,0.0415,"{""IC"": 2421, ""S"": 421, ""PVV"": 12, ""PYO"": 173, ""HSM"": 88, ""HDM"": 54, ""AE"": 364, ""MUS"": 22}","[5, 6, 7, 8, 9, 10, 11, 13, 12, 14]",0.1259
2018,4,21,6,198,14788,74.69,1,32,1871,0.1265,928,943,46,10.07,7.0,1514,304,53,0,12,0.065,"{""IC"": 1368, ""S"": 244, ""PVV"": 5, ""PYO"": 23, ""HSM"": 18, ""HDM"": 32, ""AE"": 83, ""MUS"": 4, ""MV"": 94}","[5, 6, 7, 8, 9, 10, 11, 17, 19, 18]",0.1281
2018,4,22,7,208,14846,71.38,0,0,2391,0.1611,1190,1201,87,14.04,8.0,1909,120,297,65,20,0.0474,"{""IC"": 1466, ""S"": 512, ""PYO"": 11, ""HSM"": 42, ""HDM"": 60, ""AE"": 221, ""MUS"": 19, ""MV"": 60}","[5, 6, 7, 8, 9, 10, 11, 12, 41, 30]",0.1375
2018,4,23,1,256,17290,67.54,0,10,2433,0.1407,1215,1218,95,13.96,8.0,1809,326,236,62,20,0.0421,"{""IC"": 1487, ""PVV"": 11, ""S"": 542, ""HSM"": 28, ""HDM"": 81, ""AE"": 283, ""MUS"": 1}","[5, 6, 7, 8, 9, 10, 11, 12, 13, 31]",0.1397
2018,4,24,2,248,17090,68.91,0,0,2413,0.1412,1206,1207,53,10.12,7.0,2035,320,58,0,13,0.0465,"{""IC"": 1829, ""S"": 233, ""PVV"": 14, ""HSM"": 3, ""HDM"": 46, ""AE"": 288}","[5, 6, 7, 8, 9, 10, 11, 12, 13, 15]",0.1397
2018,4,25,3,251,17388,69.27,0,0,2655,0.1527,1331,1324,66,10.63,8.0,2203,321,126,5,18,0.0518,"{""IC"": 1545, ""S"": 531, ""PVV"": 72, ""PYO"": 55, ""HSM"": 54, ""HDM"": 42, ""AE"": 294, ""MV"": 62}","[5, 6, 8, 7, 9, 10, 13, 12, 11, 15]",0.1466
2018,4,26,4,251,17392,69.29,2,28,1600,0.092,806,794,35,7.79,6.0,1515,32,53,0,12,0.0738,"{""IC"": 1079, ""S"": 173, ""PVV"": 19, ""PYO"": 9, ""HSM"": 15, ""HDM"": 12, ""AE"": 233, ""MV"": 60}","[5, 6, 7, 8, 9, 10, 11, 12, 13, 34]",0.1437
2018,4,27,5,249,17586,70.63,0,0,3322,0.1889,1651,1671,71,13.44,9.0,2430,506,344,42,22,0.0381,"{""IC"": 1857, ""S"": 770, ""PVV"": 69, ""PYO"": 59, ""HSM"": 119, ""HDM"": 93, ""AE"": 355}","[5, 6, 7, 9, 8, 10, 12, 11, 15, 13]",0.1433
2018,4,28,6,193,14744,76.39,0,0,1636,0.111,820,816,49,11.86,9.0,1234,339,63,0,5,0.0598,"{""IC"": 841, ""S"": 97, ""PVV"": 152, ""PYO"": 83, ""HDM"": 17, ""AE"": 182, ""MUS"": 16, ""MV"": 248}","[5, 6, 7, 8, 10, 9, 12, 11, 14, 15]",0.1411
2018,4,29,7,202,14854,73.53,3,42,2134,0.1437,1069,1065,40,9.57,8.0,1895,174,65,0,14,0.052,"{""IC"": 1422, ""S"": 411, ""PVV"": 20, ""PYO"": 61, ""HSM"": 18, ""HDM"": 13, ""AE"": 170, ""MUS"": 19}","[5, 6, 7, 8, 9, 11, 10, 12, 14, 19]",0.1386
2018,4,30,1,251,17264,68.78,1,34,3432,0.1988,1716,1716,164,13.48,10.0,2487,617,320,8,26,0.0462,"{""IC"": 1731, ""S"": 1070, ""PVV"": 116, ""PYO"": 14, ""HSM"": 89, ""HDM"": 49, ""AE"": 288, ""MV"": 75}","[5, 6, 7, 8, 12, 10, 9, 11, 14, 15]",0.1469
2018,5,1,2,224,16056,71.68,3,90,3107,0.1935,1568,1539,86,12.97,8.0,2381,329,367,30,19,0.0369,"{""IC"": 2167, ""S"": 393, ""PVV"": 41, ""PYO"": 15, ""HDM"": 11, ""AE"": 339, ""MUS"": 2, ""MV"": 137, ""V"": 2}","[6, 5, 7, 8, 9, 10, 11, 12, 13, 15]",0.1544
2018,5,2,3,243,17008,69.99,4,136,3074,0.1807,1544,1530,86,13.11,7.0,2645,144,109,176,16,0.0349,"{""IC"": 2257, ""S"": 440, ""PVV"": 41, ""HSM"": 34, ""HDM"": 35, ""AE"": 267}","[5, 6, 7, 8, 9, 11, 10, 12, 13, 14]",0.1584
2018,5,3,4,257,17282,67.25,4,76,2379,0.1377,1192,1187,48,10.45,8.0,1966,313,100,0,16,0.0509,"{""IC"": 1734, ""S"": 268, ""PVV"": 13, ""HSM"": 22, ""HDM"": 15, ""AE"": 195, ""MV"": 132}","[5, 6, 7, 8, 9, 10, 11, 12, 13, 17]",0.1649
2018,5,4,5,257,17566,68.35,1,90,4518,0.2572,2255,2263,79,13.36,9.0,3562,609,179,168,33,0.0338,"{""IC"": 3155, ""S"": 718, ""PVV"": 59, ""HSM"": 18, ""HDM"": 72, ""AE"": 169, ""MUS"": 128, ""MV"": 199}","[5, 6, 7, 8, 9, 10, 11, 13, 12, 14]",0.1747
2018,5,5,6,197,13438,68.21,0,0,2033,0.1513,1014,1019,66,14.59,8.0,1527,195,262,49,21,0.0422,"{""IC"": 1153, ""S"": 288, ""PVV"": 67, ""HSM"": 9, ""HDM"": 58, ""AE"": 277, ""MUS"": 89, ""MV"": 92}","[5, 6, 7, 9, 8, 11, 10, 13, 12, 14]",0.1804
2018,5,6,7,210,14812,70.53,1,16,3217,0.2172,1609,1608,57,12.28,8.0,2404,554,259,0,25,0.0399,"{""IC"": 2044, ""S"": 735, ""HDM"": 78, ""AE"": 164, ""MUS"": 15, ""MV"": 181}","[5, 6, 7, 8, 9, 10, 11, 12, 19, 18]",0.1909
2018,5,7,1,249,17148,68.87,0,0,3806,0.222,1912,1894,94,14.67,9.0,2770,660,244,132,24,0.0368,"{""S"": 603, ""IC"": 2736, ""PVV"": 65, ""HSM"": 26, ""HDM"": 213, ""AE"": 111, ""MV"": 52}","[5, 6, 7, 8, 9, 10, 11, 12, 13, 15]",0.1942
2018,5,8,2,248,17160,69.19,1,54,2308,0.1345,1163,1145,42,8.22,6.0,2144,122,42,0,12,0.0632,"{""IC"": 1636, ""S"": 358, ""PVV"": 20, ""HSM"": 50, ""HDM"": 31, ""AE"": 207, ""V"": 6}","[5, 6, 7, 8, 9, 10, 11, 13, 12, 14]",0.1858
2018,5,9,3,250,17114,68.46,0,0,3310,0.1934,1657,1653,42,10.04,8.0,2728,516,66,0,20,0.0422,"{""S"": 419, ""IC"": 2406, ""PVV"": 119, ""HSM"": 96, ""HDM"": 80, ""AE"": 174, ""MUS"": 1, ""MV"": 15}","[5, 6, 7, 8, 9, 10, 11, 12, 23, 21]",0.1876
2018,5,10,4,222,15844,71.37,2,28,2115,0.1335,1067,1048,30,9.19,7.0,1806,304,5,0,8,0.0552,"{""IC"": 1385, ""S"": 357, ""PVV"": 2, ""HSM"": 16, ""HDM"": 51, ""AE"": 183, ""MV"": 121}","[5, 6, 7, 8, 9, 10, 11, 13, 16, 17]",0.187
2018,5,11,5,252,17528,69.56,2,52,3565,0.2034,1777,1788,82,10.79,8.0,2934,528,75,28,28,0.0412,"{""IC"": 2415, ""S"": 606, ""PVV"": 83, ""HSM"": 49, ""HDM"": 175, ""AE"": 178, ""MV"": 37, ""V"": 22}","[5, 6, 7, 9, 8, 10, 11, 12, 13, 17]",0.1793
2018,5,12,6,190,13480,70.95,0,0,2520,0.1869,1268,1252,360,28.2,9.0,1745,443,199,133,11,0.022,"{""IC"": 2014, ""S"": 266, ""PVV"": 16, ""HSM"": 27, ""HDM"": 59, ""AE"": 133, ""MUS"": 5}","[5, 6, 7, 8, 9, 10, 13, 11, 12, 14]",0.1844
2018,5,13,7,201,14636,72.82,2,110,5447,0.3722,2717,2730,160,22.69,12.0,3123,1379,393,552,35,0.0201,"{""IC"": 3755, ""S"": 1088, ""PVV"": 37, ""HSM"": 32, ""HDM"": 114, ""AE"": 421}","[5, 6, 7, 8, 9, 10, 11, 12, 14, 15]",0.2066
2018,5,14,1,252,17270,68.53,1,92,4814,0.2787,2405,2409,79,11.86,9.0,3811,726,255,22,39,0.0332,"{""IC"": 3127, ""S"": 971, ""PVV"": 17, ""HSM"": 83, ""HDM"": 41, ""AE"": 539, ""MV"": 36}","[5, 6, 7, 8, 9, 10, 11, 12, 13, 14]",0.2147
2018,5,15,2,250,17406,69.62,3,200,2935,0.1686,1476,1459,45,10.31,8.0,2391,487,57,0,14,0.0426,"{""IC"": 2010, ""S"": 596, ""PVV"": 2, ""HSM"": 11, ""HDM"": 34, ""AE"": 206, ""MV"": 76}","[5, 6, 7, 8, 9, 10, 14, 13, 11, 15]",0.2195
2018,5,16,3,256,17420,68.05,2,108,4146,0.238,2074,2072,230,16.85,8.0,3221,593,150,182,26,0.0306,"{""S"": 875, ""IC"": 2679, ""PVV"": 62, ""HSM"": 22, ""HDM"": 75, ""AE"": 284, ""MUS"": 28, ""MV"": 119, ""V"": 2}","[5, 6, 7, 8, 9, 10, 11, 12, 14, 13]",0.2259
2018,5,17,4,254,17422,68.59,3,192,4996,0.2868,2500,2496,262,24.22,11.0,3184,1031,322,459,39,0.0237,"{""IC"": 3354, ""S"": 745, ""PVV"": 67, ""HSM"": 83, ""HDM"": 143, ""AE"": 358, ""MV"": 246}","[5, 6, 7, 8, 11, 9, 12, 10, 14, 13]",0.2478
2018,5,18,5,254,17548,69.09,1,30,4790,0.273,2397,2393,196,31.61,10.0,3002,711,229,848,34,0.0208,"{""IC"": 3285, ""S"": 851, ""PVV"": 75, ""HSM"": 51, ""HDM"": 91, ""AE"": 337, ""MV"": 100}","[5, 6, 7, 8, 9, 11, 10, 12, 13, 14]",0.2577
2018,5,19,6,193,13590,70.41,0,0,2269,0.167,1134,1135,46,11.29,8.0,1767,354,148,0,16,0.0441,"{""IC"": 1662, ""PVV"": 61, ""S"": 258, ""HSM"": 6, ""HDM"": 33, ""P"": 18, ""AE"": 198, ""MUS"": 30, ""V"": 3}","[5, 6, 7, 8, 9, 10, 11, 13, 12, 16]",0.2549
2018,5,20,7,199,14488,72.8,0,0,2335,0.1612,1168,1167,35,8.44,7.0,2072,225,38,0,11,0.0521,"{""IC"": 1647, ""S"": 426, ""PVV"": 8, ""HDM"": 9, ""AE"": 207, ""MV"": 38}","[5, 6, 7, 8, 9, 10, 11, 18, 17, 14]",0.2248
2018,5,21,1,247,17014,68.88,0,2,3686,0.2166,1850,1836,123,18.13,9.0,2755,456,43,432,17,0.034,"{""IC"": 2623, ""S"": 635, ""PVV"": 62, ""HDM"": 102, ""AE"": 264}","[5, 6, 8, 9, 7, 10, 11, 13, 12, 15]",0.2159
2018,5,22,2,247,17134,69.37,0,0,4518,0.2637,2268,2250,43,11.03,9.0,3547,894,77,0,35,0.0343,"{""IC"": 3410, ""S"": 649, ""PVV"": 3, ""HSM"": 132, ""HDM"": 57, ""AE"": 230, ""MV"": 37}","[5, 6, 7, 8, 10, 11, 12, 9, 13, 14]",0.2295
2018,5,23,3,250,17338,69.35,1,88,3440,0.1984,1728,1712,136,12.85,8.0,2918,263,130,129,21,0.0408,"{""IC"": 2176, ""S"": 645, ""PVV"": 25, ""HSM"": 45, ""HDM"": 36, ""AE"": 318, ""MV"": 195}","[5, 6, 7, 9, 8, 10, 11, 12, 14, 13]",0.2238
2018,5,24,4,253,17318,68.45,1,70,3098,0.1789,1546,1552,56,12.65,8.0,2302,539,257,0,18,0.0381,"{""IC"": 1827, ""S"": 543, ""PVV"": 2, ""HSM"": 41, ""HDM"": 33, ""AE"": 437, ""MV"": 215}","[5, 6, 7, 8, 10, 9, 11, 12, 19, 17]",0.2084
2018,5,25,5,255,17852,70.01,3,316,3766,0.211,1885,1881,85,10.84,7.0,3191,450,33,92,17,0.0383,"{""IC"": 2422, ""S"": 834, ""PVV"": 164, ""HSM"": 35, ""HDM"": 51, ""AE"": 221, ""MV"": 39}","[5, 6, 7, 8, 9, 10, 11, 12, 16, 13]",0.1995
2018,5,26,6,201,13742,68.37,1,32,2257,0.1642,1125,1132,54,12.47,9.0,1813,235,209,0,17,0.0446,"{""IC"": 1283, ""S"": 423, ""PVV"": 144, ""HSM"": 37, ""HDM"": 53, ""AE"": 234, ""MUS"": 1, ""MV"": 81, ""V"": 1}","[5, 6, 7, 8, 9, 10, 11, 13, 12, 14]",0.1991
2018,5,27,7,198,14504,73.25,0,0,2609,0.1799,1301,1308,23,8.3,7.0,2437,172,0,0,12,0.0485,"{""IC"": 1662, ""S"": 463, ""PVV"": 116, ""HSM"": 27, ""HDM"": 15, ""AE"": 326}","[5, 6, 7, 8, 9, 10, 11, 13, 14, 12]",0.2018
2018,5,28,1,249,17074,68.57,0,6,2505,0.1467,1255,1250,42,9.04,7.0,2254,137,114,0,16,0.0558,"{""IC"": 1700, ""S"": 312, ""PVV"": 66, ""HSM"": 9, ""HDM"": 56, ""AE"": 329, ""MV"": 33}","[5, 6, 7, 8, 9, 10, 11, 12, 13, 32]",0.1918
2018,5,29,2,246,17046,69.29,0,0,3020,0.1772,1515,1505,48,10.63,9.0,2530,398,92,0,13,0.0444,"{""IC"": 2008, ""S"": 380, ""PVV"": 79, ""HSM"": 41, ""HDM"": 34, ""AE"": 478}","[5, 6, 7, 12, 10, 9, 8, 11, 14, 13]",0.1795
2018,5,30,3,246,17046,69.29,0,0,2124,0.1246,1072,1052,31,8.17,7.0,1978,139,7,0,12,0.0543,"{""S"": 233, ""IC"": 1547, ""PVV"": 4, ""HSM"": 26, ""HDM"": 37, ""AE"": 277}","[5, 6, 7, 8, 9, 10, 11, 12, 25, 24]",0.1689
2018,5,31,4,249,17186,69.02,2,28,3323,0.1934,1667,1656,95,10.12,8.0,2974,289,6,54,13,0.0416,"{""IC"": 2539, ""S"": 314, ""PVV"": 20, ""HSM"": 6, ""HDM"": 61, ""AE"": 296, ""MV"": 87}","[5, 6, 7, 8, 11, 9, 12, 10, 13, 14]",0.171
2018,6,1,5,256,17754,69.35,0,66,3869,0.2179,1929,1940,89,10.26,8.0,3369,399,74,27,24,0.0419,"{""IC"": 2738, ""S"": 645, ""PVV"": 15, ""HSM"": 69, ""HDM"": 93, ""AE"": 175, ""MV"": 134}","[5, 6, 7, 8, 9, 12, 13, 10, 11, 15]",0.172
2018,6,2,6,188,13944,74.17,3,504,1876,0.1345,931,945,36,8.65,7.0,1670,174,32,0,5,0.0534,"{""IC"": 1362, ""PVV"": 17, ""S"": 168, ""HSM"": 4, ""HDM"": 36, ""AE"": 214, ""MV"": 75}","[5, 6, 7, 10, 8, 9, 11, 15, 17, 14]",0.1677
2018,6,3,7,195,14562,74.68,2,28,3367,0.2312,1680,1687,46,10.81,9.0,2605,728,34,0,19,0.0372,"{""IC"": 2188, ""S"": 622, ""PVV"": 39, ""HSM"": 22, ""HDM"": 60, ""AE"": 360, ""MUS"": 34, ""MV"": 42}","[5, 6, 7, 9, 10, 8, 11, 12, 13, 19]",0.1751
2018,6,4,1,254,16750,65.94,3,314,7206,0.4302,3608,3598,314,44.06,13.0,3807,1227,756,1416,39,0.0167,"{""IC"": 5149, ""S"": 1334, ""PVV"": 118, ""HSM"": 119, ""HDM"": 125, ""AE"": 231, ""MUS"": 84, ""MV"": 46}","[5, 6, 7, 8, 9, 10, 11, 12, 13, 23]",0.2156
2018,6,5,2,247,16670,67.49,0,110,6063,0.3637,3039,3024,64,11.91,9.0,4740,900,395,28,27,0.0255,"{""IC"": 4462, ""S"": 931, ""PVV"": 67, ""HSM"": 74, ""HDM"": 83, ""AE"": 346, ""MV"": 100}","[5, 6, 7, 8, 9, 10, 11, 12, 13, 14]",0.2422
2018,6,6,3,251,16990,67.69,0,24,5111,0.3008,2552,2559,142,14.17,9.0,3891,820,216,184,31,0.0265,"{""IC"": 3492, ""S"": 908, ""PVV"": 116, ""HSM"": 65, ""HDM"": 57, ""AE"": 298, ""MV"": 175}","[5, 6, 7, 8, 9, 10, 11, 12, 13, 14]",0.2674
2018,6,7,4,258,16974,65.79,2,78,6234,0.3673,3122,3112,137,15.82,10.0,4337,1203,390,304,43,0.0262,"{""IC"": 4777, ""S"": 819, ""PVV"": 106, ""HSM"": 1, ""HDM"": 64, ""AE"": 243, ""MV"": 224}","[6, 5, 7, 8, 9, 10, 11, 14, 13, 12]",0.2922
2018,6,8,5,258,17590,68.18,0,48,5299,0.3013,2639,2660,73,13.52,10.0,3835,1056,337,71,40,0.0262,"{""IC"": 3555, ""S"": 1055, ""PVV"": 108, ""HSM"": 85, ""HDM"": 176, ""AE"": 179, ""MV"": 100, ""V"": 41}","[5, 6, 7, 8, 11, 9, 12, 10, 13, 14]",0.3041
2018,6,9,6,193,13994,72.51,1,548,3222,0.2302,1604,1618,358,18.91,10.0,2171,627,260,164,21,0.033,"{""S"": 568, ""IC"": 2294, ""PVV"": 65, ""HSM"": 18, ""HDM"": 50, ""AE"": 168, ""MUS"": 38, ""MV"": 21}","[5, 6, 8, 7, 9, 10, 11, 12, 14, 15]",0.3178
2018,6,10,7,195,14444,74.07,1,30,3829,0.2651,1900,1929,45,9.73,8.0,3330,440,59,0,26,0.0311,"{""IC"": 2757, ""S"": 573, ""PVV"": 156, ""HSM"": 18, ""HDM"": 44, ""AE"": 194, ""MV"": 53, ""V"": 34}","[5, 7, 6, 8, 9, 10, 11, 12, 15, 13]",0.3227
2018,6,11,1,246,16546,67.26,3,60,3864,0.2335,1939,1925,42,9.39,8.0,3410,404,50,0,13,0.0367,"{""IC"": 2877, ""S"": 677, ""PVV"": 64, ""HSM"": 8, ""HDM"": 38, ""AE"": 200}","[5, 6, 7, 8, 9, 10, 11, 12, 13, 14]",0.2946
2018,6,12,2,245,16576,67.66,1,20,2681,0.1617,1339,1342,60,13.64,7.0,1922,465,292,2,17,0.0365,"{""S"": 458, ""IC"": 1905, ""PVV"": 35, ""HSM"": 45, ""HDM"": 80, ""AE"": 152, ""V"": 6}","[5, 6, 7, 8, 10, 9, 11, 26, 25, 46]",0.2657
2018,6,13,3,249,16864,67.73,0,0,4069,0.2413,2036,2033,66,10.94,8.0,3194,729,145,1,24,0.0366,"{""IC"": 2750, ""S"": 767, ""PVV"": 52, ""PYO"": 67, ""HSM"": 73, ""HDM"": 38, ""AE"": 290, ""MV"": 28, ""V"": 4}","[5, 6, 7, 8, 9, 10, 11, 14, 12, 13]",0.2572
2018,6,14,4,250,16974,67.9,5,88,3344,0.197,1661,1683,43,9.57,7.0,2884,312,148,0,18,0.0397,"{""IC"": 2419, ""S"": 542, ""PVV"": 81, ""PYO"": 58, ""HSM"": 11, ""HDM"": 6, ""AE"": 199, ""MV"": 28}","[5, 6, 7, 8, 10, 9, 12, 13, 11, 14]",0.2329
2018,6,15,5,259,17730,68.46,3,48,3676,0.2073,1828,1848,108,12.39,8.0,2977,328,312,59,21,0.0396,"{""IC"": 2674, ""S"": 515, ""PVV"": 61, ""PYO"": 38, ""HSM"": 37, ""HDM"": 68, ""AE"": 198, ""MUS"": 16, ""MV"": 59, ""V"": 10}","[5, 6, 7, 8, 9, 10, 11, 12, 13, 14]",0.2194
2018,6,16,6,207,14566,70.37,1,506,1956,0.1343,974,982,189,11.2,7.0,1613,252,69,22,14,0.0619,"{""S"": 285, ""IC"": 1110, ""PVV"": 69, ""PYO"": 105, ""HSM"": 28, ""HDM"": 49, ""AE"": 189, ""MUS"": 77, ""MV"": 30, ""V"": 14}","[5, 6, 7, 8, 9, 13, 10, 15, 16, 12]",0.2057
2018,6,17,7,202,14720,72.87,0,0,3497,0.2376,1733,1764,42,10.2,8.0,2874,580,43,0,18,0.0376,"{""IC"": 2245, ""S"": 627, ""PVV"": 60, ""PYO"": 91, ""HSM"": 2, ""HDM"": 41, ""AE"": 320, ""MUS"": 51, ""MV"": 14, ""V"": 46}","[5, 6, 7, 9, 8, 10, 11, 12, 13, 16]",0.2018
2018,6,18,1,252,17494,69.42,0,126,3437,0.1965,1718,1719,66,13.23,9.0,2455,649,319,14,27,0.0405,"{""IC"": 2199, ""S"": 684, ""PVV"": 61, ""PYO"": 9, ""HSM"": 56, ""HDM"": 196, ""AE"": 133, ""MV"": 90, ""V"": 9}","[5, 6, 7, 8, 9, 10, 15, 12, 11, 16]",0.1965
2018,6,19,2,255,17674,69.31,2,156,3991,0.2258,2014,1977,43,11.01,9.0,3063,861,67,0,23,0.0359,"{""IC"": 2964, ""S"": 528, ""PVV"": 59, ""PYO"": 71, ""HSM"": 14, ""HDM"": 99, ""AE"": 196, ""MV"": 60}","[5, 6, 7, 8, 9, 10, 11, 12, 13, 14]",0.2057
2018,6,20,3,254,17678,69.6,5,430,4376,0.2475,2184,2192,198,17.31,9.0,3167,639,336,234,33,0.0302,"{""IC"": 3157, ""S"": 687, ""PVV"": 88, ""PYO"": 10, ""HSM"": 97, ""HDM"": 172, ""AE"": 102, ""MV"": 63}","[5, 6, 7, 8, 9, 10, 11, 12, 15, 13]",0.2066
2018,6,21,4,259,18034,69.63,1,36,5421,0.3006,2721,2700,153,19.09,10.0,3640,970,408,403,35,0.0257,"{""IC"": 3978, ""S"": 486, ""PVV"": 160, ""PYO"": 90, ""HSM"": 52, ""HDM"": 117, ""AE"": 426, ""MV"": 112}","[5, 6, 7, 8, 10, 9, 12, 15, 11, 13]",0.2214
2018,6,22,5,202,12742,63.08,3,62,2965,0.2327,1487,1478,104,19.34,11.0,1817,571,321,256,30,0.0337,"{""IC"": 1861, ""S"": 704, ""HSM"": 18, ""HDM"": 261, ""AE"": 11, ""MV"": 110}","[7, 5, 6, 10, 8, 9, 11, 14, 12, 22]",0.225
2018,6,23,6,167,11004,65.89,0,68,1275,0.1159,639,636,37,8.43,7.0,1188,82,5,0,15,0.0762,"{""IC"": 930, ""S"": 208, ""PYO"": 41, ""HDM"": 57, ""AE"": 6, ""MV"": 33}","[6, 5, 7, 8, 9, 11, 10, 12, 13, 15]",0.2224
2018,6,24,7,206,13834,67.16,0,242,2947,0.213,1474,1473,68,15.88,11.0,1855,668,376,48,22,0.0399,"{""IC"": 1990, ""S"": 747, ""PYO"": 32, ""HSM"": 1, ""HDM"": 91, ""AE"": 10, ""MV"": 76}","[5, 6, 7, 8, 13, 9, 11, 15, 14, 10]",0.2189
2018,6,25,1,251,17366,69.19,1,66,4320,0.2488,2154,2166,52,12.6,10.0,3080,1035,205,0,21,0.0328,"{""IC"": 2983, ""S"": 868, ""PVV"": 156, ""PYO"": 53, ""HSM"": 20, ""HDM"": 63, ""AE"": 139, ""MV"": 38}","[5, 6, 7, 8, 11, 9, 10, 12, 13, 14]",0.2263
2018,6,26,2,255,17388,68.19,0,0,4073,0.2342,2046,2027,103,13.26,8.0,3194,539,225,115,25,0.04,"{""IC"": 2462, ""S"": 767, ""PVV"": 83, ""PYO"": 85, ""HSM"": 33, ""HDM"": 110, ""AE"": 505, ""MUS"": 16, ""MV"": 12}","[5, 6, 7, 8, 9, 10, 11, 12, 13, 14]",0.2275
2018,6,27,3,254,17492,68.87,0,0,5401,0.3088,2699,2702,66,10.72,9.0,4249,1067,75,10,28,0.0333,"{""IC"": 3540, ""S"": 1109, ""PVV"": 100, ""PYO"": 18, ""HSM"": 17, ""HDM"": 120, ""AE"": 468, ""MUS"": 25, ""MV"": 4}","[5, 6, 7, 8, 9, 11, 10, 12, 13, 16]",0.2363
2018,6,28,4,270,17836,66.06,9,400,6095,0.3417,3046,3049,241,17.26,11.0,3762,1624,519,190,39,0.0293,"{""IC"": 4226, ""S"": 1022, ""PVV"": 142, ""PYO"": 67, ""HSM"": 85, ""HDM"": 108, ""AE"": 295, ""MV"": 135, ""MUS"": 15}","[5, 6, 7, 8, 9, 11, 10, 14, 13, 12]",0.2422
2018,6,29,5,272,18090,66.51,4,104,6274,0.3468,3143,3131,71,13.6,10.0,4453,1322,467,32,38,0.0298,"{""IC"": 4637, ""S"": 1038, ""PVV"": 151, ""PYO"": 29, ""HSM"": 8, ""HDM"": 101, ""AE"": 136, ""MUS"": 25, ""MV"": 149}","[5, 7, 6, 8, 9, 12, 10, 11, 13, 14]",0.2585
2018,6,30,6,223,14926,66.93,4,76,1836,0.123,925,911,47,9.78,7.0,1554,235,47,0,20,0.0724,"{""IC"": 1174, ""S"": 258, ""PVV"": 81, ""PYO"": 56, ""HSM"": 11, ""HDM"": 42, ""AE"": 13, ""MUS"": 74, ""MV"": 116, ""V"": 11}","[5, 6, 7, 8, 9, 13, 14, 15, 11, 10]",0.2595
2018,7,1,7,208,14982,72.03,1,86,2504,0.1671,1244,1260,54,8.71,7.0,2286,190,28,0,9,0.054,"{""IC"": 1574, ""S"": 638, ""PVV"": 95, ""PYO"": 17, ""HDM"": 57, ""AE"": 105, ""MUS"": 18}","[5, 6, 7, 8, 9, 10, 11, 12, 14, 13]",0.2529
2018,7,2,1,249,17484,70.22,0,66,3902,0.2232,1954,1948,51,11.6,8.0,3028,658,216,0,19,0.0384,"{""IC"": 2796, ""S"": 518, ""PVV"": 99, ""PYO"": 48, ""HSM"": 46, ""HDM"": 99, ""AE"": 225, ""MV"": 71}","[5, 6, 7, 8, 9, 10, 11, 13, 12, 14]",0.2493
2018,7,3,2,250,17438,69.75,2,8,5245,0.3008,2631,2614,87,15.05,10.0,3493,1315,237,200,33,0.0295,"{""IC"": 3563, ""S"": 821, ""PVV"": 135, ""PYO"": 58, ""HSM"": 110, ""HDM"": 179, ""AE"": 334, ""V"": 45}","[5, 6, 7, 9, 8, 10, 11, 12, 13, 18]",0.2588
2018,7,4,3,253,17644,69.74,3,60,3314,0.1878,1660,1654,114,12.7,8.5,2551,525,195,43,22,0.0418,"{""IC"": 2301, ""S"": 494, ""PVV"": 110, ""PYO"": 33, ""HSM"": 32, ""HDM"": 75, ""AE"": 149, ""MV"": 120}","[5, 6, 7, 8, 9, 10, 11, 13, 15, 12]",0.2415
2018,7,5,4,249,17536,70.43,1,426,5159,0.2942,2566,2593,198,33.75,12.0,2877,770,571,941,31,0.036,"{""IC"": 3668, ""S"": 1110, ""PVV"": 84, ""PYO"": 52, ""HSM"": 38, ""HDM"": 163, ""AE"": 30, ""MV"": 14}","[5, 6, 7, 8, 9, 10, 11, 12, 13, 15]",0.2347
2018,7,6,5,260,17786,68.41,2,24,3887,0.2185,1934,1953,106,10.73,8.0,3113,588,180,6,21,0.0415,"{""IC"": 2655, ""S"": 464, ""PVV"": 115, ""PYO"": 11, ""HSM"": 29, ""HDM"": 50, ""AE"": 479, ""MUS"": 24, ""MV"": 60}","[5, 6, 7, 8, 9, 11, 10, 12, 17, 14]",0.2164
2018,7,7,6,200,13112,65.56,1,144,2170,0.1655,1080,1090,76,10.53,7.0,1841,215,98,16,18,0.0555,"{""IC"": 1624, ""S"": 325, ""PYO"": 61, ""HSM"": 3, ""HDM"": 137, ""AE"": 6, ""MUS"": 14}","[5, 6, 7, 8, 9, 12, 11, 10, 13, 14]",0.2224
2018,7,8,7,208,13666,65.7,0,8,1826,0.1336,909,917,67,11.39,7.0,1422,282,109,13,14,0.0629,"{""IC"": 1134, ""S"": 475, ""PYO"": 46, ""HDM"": 61, ""AE"": 6, ""MUS"": 2, ""MV"": 102}","[5, 6, 7, 8, 12, 9, 11, 10, 13, 19]",0.2177
2018,7,9,1,255,17712,69.46,0,0,5413,0.3056,2708,2705,244,14.66,9.0,4195,761,160,297,29,0.0303,"{""IC"": 3515, ""S"": 897, ""PVV"": 115, ""PYO"": 12, ""HSM"": 16, ""HDM"": 142, ""AE"": 557, ""MUS"": 30, ""MV"": 129}","[5, 6, 7, 10, 8, 9, 11, 12, 13, 15]",0.2294
2018,7,10,2,250,17640,70.56,2,48,4403,0.2496,2209,2194,43,10.02,8.0,3643,649,111,0,21,0.038,"{""IC"": 3143, ""S"": 418, ""PVV"": 140, ""PYO"": 32, ""HSM"": 73, ""HDM"": 106, ""AE"": 381, ""MUS"": 3, ""MV"": 107}","[5, 6, 7, 8, 9, 10, 11, 12, 13, 15]",0.2221
2018,7,11,3,257,17922,69.74,4,118,3772,0.2105,1884,1888,105,11.55,8.0,3282,349,52,89,23,0.0372,"{""IC"": 2415, ""S"": 426, ""PVV"": 19, ""PYO"": 25, ""HSM"": 54, ""HDM"": 90, ""AE"": 499, ""MUS"": 10, ""MV"": 234}","[5, 6, 7, 8, 10, 11, 9, 12, 13, 14]",0.2254
2018,7,12,4,258,18128,70.26,3,206,6424,0.3544,3206,3218,122,19.36,11.0,3974,1428,548,474,39,0.024,"{""IC"": 4395, ""S"": 854, ""PVV"": 123, ""PYO"": 89, ""HSM"": 119, ""HDM"": 117, ""AE"": 242, ""MUS"": 11, ""MV"": 474}","[5, 6, 7, 8, 9, 10, 11, 13, 14, 15]",0.234
2018,7,13,5,261,17898,68.57,1,20,5951,0.3325,2964,2987,109,15.25,10.0,4052,1293,413,193,39,0.0267,"{""IC"": 4111, ""S"": 819, ""PVV"": 171, ""PYO"": 185, ""HSM"": 78, ""HDM"": 190, ""AE"": 242, ""MUS"": 32, ""MV"": 115, ""V"": 8}","[5, 6, 7, 8, 9, 10, 12, 13, 11, 17]",0.2502
2018,7,14,6,224,14710,65.67,3,204,3421,0.2326,1702,1719,108,18.09,9.0,2201,624,333,263,28,0.0436,"{""IC"": 2052, ""S"": 480, ""PVV"": 91, ""PYO"": 47, ""HSM"": 18, ""HDM"": 202, ""AE"": 349, ""MUS"": 60, ""MV"": 122}","[5, 6, 7, 9, 8, 10, 12, 15, 13, 19]",0.2598
2018,7,15,7,228,15336,67.26,3,124,3719,0.2425,1855,1864,81,16.61,12.0,2174,1115,332,98,31,0.0357,"{""IC"": 2345, ""S"": 412, ""PVV"": 89, ""PYO"": 85, ""HSM"": 73, ""HDM"": 131, ""AE"": 399, ""MUS"": 35, ""MV"": 150}","[5, 6, 7, 8, 11, 10, 14, 13, 12, 15]",0.2754
2018,7,16,1,253,17786,70.3,3,92,7421,0.4172,3698,3723,296,20.75,11.0,4348,1744,1023,306,68,0.0224,"{""IC"": 4866, ""S"": 1413, ""PVV"": 87, ""PYO"": 40, ""HSM"": 120, ""HDM"": 245, ""AE"": 574, ""MUS"": 1, ""MV"": 75}","[5, 6, 7, 8, 9, 10, 14, 11, 12, 15]",0.2913
2018,7,17,2,259,18086,69.83,7,180,5793,0.3203,2898,2895,62,13.64,10.0,3867,1454,470,2,44,0.0292,"{""IC"": 3959, ""S"": 1370, ""PVV"": 68, ""PYO"": 22, ""HSM"": 104, ""HDM"": 149, ""AE"": 39, ""MUS"": 22, ""MV"": 60}","[5, 6, 7, 8, 9, 10, 12, 11, 15, 16]",0.3014
2018,7,18,3,249,17670,70.96,0,0,5099,0.2886,2554,2545,83,14.26,10.0,3566,983,488,62,28,0.0332,"{""IC"": 3576, ""S"": 1074, ""PVV"": 49, ""PYO"": 46, ""HSM"": 51, ""HDM"": 146, ""AE"": 93, ""MV"": 64}","[5, 6, 7, 9, 8, 10, 11, 13, 12, 15]",0.3126
2018,7,19,4,259,18062,69.74,3,214,4175,0.2311,2080,2095,74,13.61,10.0,2838,1050,273,14,35,0.039,"{""IC"": 3082, ""S"": 485, ""PVV"": 66, ""PYO"": 49, ""HSM"": 6, ""HDM"": 92, ""AE"": 210, ""MUS"": 58, ""MV"": 121, ""V"": 6}","[5, 6, 7, 8, 12, 9, 13, 15, 10, 11]",0.295
2018,7,20,5,256,18108,70.73,0,24,6726,0.3714,3357,3369,97,15.07,10.0,4687,1229,652,158,50,0.0237,"{""IC"": 4973, ""S"": 948, ""PVV"": 82, ""PYO"": 40, ""HSM"": 38, ""HDM"": 259, ""AE"": 283, ""MV"": 103}","[5, 8, 6, 7, 9, 10, 11, 13, 12, 14]",0.3005
2018,7,21,6,208,15164,72.9,3,210,2764,0.1823,1384,1380,42,10.46,8.0,2113,619,32,0,16,0.0464,"{""S"": 614, ""IC"": 1606, ""PVV"": 50, ""PYO"": 44, ""HSM"": 72, ""HDM"": 49, ""AE"": 222, ""MUS"": 28, ""MV"": 79}","[5, 6, 7, 8, 10, 9, 16, 11, 15, 28]",0.2933
2018,7,22,7,206,14846,72.07,1,6,3907,0.2632,1948,1959,148,19.21,9.0,2801,416,376,314,25,0.0231,"{""IC"": 2527, ""S"": 660, ""PVV"": 86, ""PYO"": 101, ""HSM"": 46, ""HDM"": 109, ""AE"": 163, ""MUS"": 3, ""MV"": 212}","[5, 6, 7, 8, 9, 10, 11, 14, 13, 12]",0.2963
2018,7,23,1,252,17498,69.44,0,42,4017,0.2296,2011,2006,94,13.97,9.0,2974,679,287,77,33,0.0335,"{""IC"": 2381, ""S"": 878, ""PVV"": 108, ""PYO"": 138, ""HSM"": 40, ""HDM"": 190, ""AE"": 119, ""MV"": 163}","[5, 6, 7, 8, 9, 10, 11, 12, 14, 15]",0.2695
2018,7,24,2,251,17550,69.92,2,40,3035,0.1729,1518,1517,58,13.64,9.0,2136,599,300,0,21,0.0429,"{""IC"": 1855, ""S"": 718, ""PVV"": 63, ""PYO"": 15, ""HSM"": 31, ""HDM"": 69, ""AE"": 128, ""MV"": 156}","[5, 6, 7, 9, 8, 10, 12, 11, 13, 18]",0.2484
2018,7,25,3,248,17526,70.67,4,80,6662,0.3801,3334,3328,126,21.32,14.0,3372,1684,1241,365,38,0.017,"{""IC"": 4735, ""S"": 1446, ""PVV"": 36, ""PYO"": 84, ""HSM"": 15, ""HDM"": 58, ""AE"": 268, ""MV"": 20}","[5, 6, 7, 8, 9, 10, 11, 12, 18, 13]",0.2615
2018,7,26,4,258,17738,68.75,3,64,4641,0.2616,2307,2334,81,13.46,9.0,3307,969,310,55,35,0.0335,"{""IC"": 3208, ""S"": 918, ""PVV"": 51, ""PYO"": 30, ""HSM"": 86, ""HDM"": 140, ""AE"": 110, ""MV"": 98}","[5, 6, 7, 8, 9, 10, 11, 12, 13, 14]",0.2659
2018,7,27,5,261,17874,68.48,0,0,4752,0.2659,2365,2387,139,16.9,9.0,3440,668,477,167,32,0.0243,"{""IC"": 3683, ""S"": 814, ""PVV"": 16, ""PYO"": 7, ""HSM"": 30, ""HDM"": 135, ""AE"": 33, ""MV"": 34}","[5, 6, 7, 8, 10, 9, 11, 12, 14, 13]",0.2508
2018,7,28,6,215,15016,69.84,8,332,2657,0.1769,1323,1334,219,24.93,11.0,1675,487,244,251,20,0.0314,"{""IC"": 1695, ""PVV"": 26, ""S"": 351, ""PYO"": 205, ""HSM"": 47, ""HDM"": 121, ""AE"": 63, ""MUS"": 35, ""MV"": 46, ""V"": 68}","[5, 6, 7, 8, 11, 12, 13, 9, 10, 16]",0.25
2018,7,29,7,221,15042,68.06,9,178,4237,0.2817,2110,2127,143,17.39,14.0,2152,1550,472,63,48,0.0307,"{""S"": 901, ""IC"": 2846, ""PVV"": 25, ""PYO"": 24, ""HSM"": 48, ""HDM"": 121, ""AE"": 146, ""MUS"": 10, ""MV"": 116}","[5, 6, 8, 7, 9, 10, 12, 11, 20, 19]",0.2527
2018,7,30,1,248,17586,70.91,1,142,5054,0.2874,2539,2515,85,18.39,13.0,2711,1313,885,145,40,0.026,"{""S"": 678, ""IC"": 3895, ""PVV"": 76, ""PYO"": 28, ""HSM"": 3, ""HDM"": 192, ""AE"": 92, ""MV"": 90}","[5, 6, 7, 9, 8, 11, 10, 16, 14, 15]",0.2609
2018,7,31,2,250,17598,70.39,3,204,5663,0.3218,2828,2835,100,23.13,14.0,2979,1269,787,628,49,0.0244,"{""IC"": 4202, ""S"": 868, ""PVV"": 94, ""PYO"": 80, ""HSM"": 20, ""HDM"": 178, ""AE"": 106, ""MV"": 115}","[5, 6, 7, 8, 10, 9, 12, 13, 11, 14]",0.2822
2018,8,1,3,254,17850,70.28,2,144,5872,0.329,2932,2940,97,18.73,11.0,3683,1073,765,351,45,0.0235,"{""S"": 793, ""IC"": 4361, ""PVV"": 56, ""PYO"": 35, ""HSM"": 66, ""HDM"": 221, ""AE"": 87, ""MV"": 253}","[5, 6, 7, 8, 10, 9, 11, 13, 12, 14]",0.2749
2018,8,2,4,254,17640,69.45,2,124,6538,0.3706,3270,3268,102,20.43,14.0,3416,1547,1392,183,52,0.0251,"{""IC"": 4899, ""S"": 783, ""PVV"": 79, ""PYO"": 95, ""HSM"": 95, ""HDM"": 231, ""AE"": 273, ""MV"": 75, ""V"": 8}","[5, 6, 8, 7, 9, 10, 12, 11, 13, 14]",0.2905
2018,8,3,5,255,17772,69.69,1,24,5914,0.3328,2953,2961,350,14.61,11.0,3861,1631,378,44,50,0.0328,"{""IC"": 4503, ""S"": 602, ""PVV"": 128, ""PYO"": 58, ""HSM"": 156, ""HDM"": 342, ""AE"": 89, ""MUS"": 36}","[5, 7, 6, 9, 8, 10, 11, 13, 12, 14]",0.3
2018,8,4,6,202,14564,72.1,1,20,3816,0.262,1903,1913,81,14.79,10.0,2666,749,290,111,26,0.033,"{""S"": 656, ""IC"": 2522, ""PVV"": 108, ""PYO"": 151, ""HSM"": 19, ""HDM"": 202, ""AE"": 93, ""MUS"": 53, ""MV"": 12}","[5, 7, 6, 8, 9, 11, 10, 13, 12, 14]",0.3122
2018,8,5,7,209,15040,71.96,0,72,5007,0.3329,2497,2510,156,23.02,14.0,2673,1139,700,495,31,0.0235,"{""IC"": 3035, ""S"": 1321, ""PVV"": 155, ""PYO"": 18, ""HSM"": 16, ""HDM"": 188, ""AE"": 133, ""MUS"": 6, ""MV"": 135}","[5, 6, 7, 8, 9, 15, 14, 10, 12, 13]",0.3195
2018,8,6,1,234,17234,73.65,0,0,3768,0.2186,1884,1884,65,13.1,9.0,2743,666,342,17,28,0.0384,"{""S"": 484, ""IC"": 2776, ""PVV"": 6, ""PYO"": 7, ""HDM"": 164, ""AE"": 225, ""MV"": 106}","[5, 6, 7, 8, 9, 12, 10, 11, 13, 18]",0.3097
2018,8,7,2,235,17272,73.5,3,60,3711,0.2149,1864,1847,54,11.62,9.0,2910,592,209,0,24,0.0395,"{""IC"": 2762, ""S"": 508, ""PVV"": 11, ""PYO"": 17, ""HSM"": 46, ""HDM"": 168, ""AE"": 97, ""MUS"": 5, ""MV"": 97}","[5, 6, 7, 8, 9, 10, 11, 13, 14, 12]",0.2944
2018,8,8,3,234,17268,73.79,1,20,2860,0.1656,1429,1431,57,10.34,8.0,2383,415,62,0,21,0.0478,"{""IC"": 2139, ""S"": 386, ""PVV"": 64, ""HDM"": 178, ""AE"": 53, ""MV"": 40}","[5, 6, 7, 8, 9, 13, 14, 12, 10, 16]",0.2711
2018,8,9,4,234,17178,73.41,3,86,3836,0.2233,1913,1923,157,16.03,10.0,2787,795,121,133,29,0.0345,"{""S"": 613, ""IC"": 2594, ""PVV"": 52, ""PYO"": 38, ""HSM"": 29, ""HDM"": 211, ""AE"": 295, ""MV"": 4}","[5, 6, 7, 8, 10, 9, 13, 12, 11, 14]",0.25
2018,8,10,5,241,17632,73.16,1,20,5794,0.3286,2895,2899,235,21.79,13.0,3207,1578,692,317,42,0.0217,"{""S"": 709, ""IC"": 4415, ""PVV"": 131, ""PYO"": 35, ""HSM"": 12, ""HDM"": 178, ""AE"": 185, ""MV"": 129}","[5, 8, 7, 6, 9, 10, 11, 12, 15, 16]",0.2494
2018,8,11,6,183,14352,78.43,0,0,3747,0.2611,1865,1882,54,13.96,10.0,2469,934,344,0,26,0.0332,"{""IC"": 2625, ""PVV"": 60, ""S"": 636, ""PYO"": 55, ""HDM"": 150, ""AE"": 173, ""MV"": 48}","[5, 6, 7, 8, 9, 10, 11, 13, 12, 14]",0.2493
2018,8,12,7,208,15110,72.64,0,6,3968,0.2626,1973,1995,49,11.07,9.0,3116,724,128,0,31,0.0365,"{""IC"": 2661, ""S"": 669, ""PVV"": 158, ""PYO"": 37, ""HSM"": 18, ""HDM"": 144, ""P"": 42, ""AE"": 158, ""MV"": 81}","[5, 6, 7, 8, 9, 10, 13, 12, 14, 11]",0.2392
2018,8,13,1,239,17468,73.09,1,68,4352,0.2491,2179,2173,140,15.63,8.0,3081,540,613,118,21,0.0299,"{""IC"": 3186, ""S"": 658, ""PVV"": 92, ""PYO"": 35, ""HSM"": 14, ""HDM"": 90, ""AE"": 193, ""MV"": 27, ""V"": 57}","[5, 6, 7, 8, 9, 10, 11, 12, 13, 20]",0.2436
2018,8,14,2,237,17502,73.85,3,264,5284,0.3019,2646,2638,131,21.59,11.0,3020,1363,358,543,23,0.0192,"{""IC"": 4001, ""S"": 919, ""PVV"": 11, ""PYO"": 70, ""HSM"": 18, ""HDM"": 82, ""AE"": 183}","[5, 6, 7, 9, 8, 10, 12, 19, 11, 20]",0.256
2018,8,15,3,235,17348,73.82,2,36,3891,0.2243,1950,1941,39,9.57,8.0,3393,410,88,0,17,0.0411,"{""IC"": 2960, ""S"": 598, ""PVV"": 19, ""PYO"": 26, ""HSM"": 23, ""HDM"": 58, ""AE"": 207}","[5, 6, 7, 8, 9, 10, 11, 12, 14, 13]",0.2644
2018,8,16,4,239,17460,73.05,2,36,3839,0.2199,1915,1924,168,16.0,8.0,3111,282,94,352,13,0.0303,"{""IC"": 2816, ""S"": 608, ""PVV"": 75, ""PYO"": 127, ""HSM"": 18, ""HDM"": 68, ""AE"": 123, ""MV"": 4}","[5, 7, 6, 8, 9, 10, 11, 13, 12, 14]",0.2639
2018,8,17,5,245,17922,73.15,2,102,4680,0.2611,2340,2340,153,11.44,8.0,3759,688,205,28,32,0.0344,"{""IC"": 3284, ""S"": 1008, ""PVV"": 25, ""PYO"": 78, ""HSM"": 22, ""HDM"": 112, ""AE"": 128, ""MUS"": 22, ""MV"": 1}","[5, 6, 7, 8, 9, 10, 11, 12, 13, 15]",0.2543
2018,8,18,6,203,14820,73.0,1,8,3121,0.2106,1558,1563,43,10.36,8.0,2622,364,135,0,16,0.0408,"{""IC"": 2284, ""S"": 365, ""PVV"": 48, ""PYO"": 48, ""HDM"": 62, ""AE"": 187, ""MUS"": 18, ""MV"": 109}","[5, 6, 7, 8, 9, 11, 10, 13, 14, 12]",0.2471
2018,8,19,7,203,15100,74.38,1,88,3317,0.2197,1655,1662,34,9.03,7.0,2928,347,42,0,19,0.0416,"{""IC"": 2609, ""S"": 440, ""PVV"": 63, ""PYO"": 25, ""HDM"": 83, ""AE"": 13, ""MUS"": 84}","[5, 6, 7, 8, 9, 10, 12, 11, 13, 14]",0.2409
2018,8,20,1,257,17672,68.76,3,32,3796,0.2148,1898,1898,52,10.99,8.0,2974,672,150,0,15,0.0389,"{""S"": 467, ""IC"": 2968, ""PVV"": 74, ""PYO"": 26, ""HDM"": 94, ""AE"": 166, ""V"": 1}","[5, 6, 7, 8, 9, 10, 12, 11, 14, 13]",0.236
2018,8,21,2,250,17644,70.58,0,0,4003,0.2269,2001,2002,60,12.26,9.0,3063,689,247,4,23,0.0384,"{""S"": 494, ""IC"": 2998, ""PVV"": 64, ""PYO"": 10, ""HSM"": 98, ""HDM"": 128, ""AE"": 211}","[5, 6, 7, 8, 9, 12, 10, 14, 13, 11]",0.2253
2018,8,22,3,250,17692,70.77,0,0,2630,0.1487,1317,1313,83,11.35,8.0,2136,282,196,16,17,0.0476,"{""S"": 446, ""IC"": 2029, ""PVV"": 24, ""PYO"": 4, ""HSM"": 33, ""HDM"": 52, ""AE"": 42}","[5, 6, 7, 8, 9, 10, 11, 13, 12, 14]",0.2145
2018,8,23,4,254,17720,69.76,1,30,2921,0.1648,1464,1457,112,10.0,8.0,2569,312,21,19,12,0.0447,"{""IC"": 2271, ""S"": 409, ""PVV"": 57, ""PYO"": 26, ""HSM"": 5, ""HDM"": 40, ""AE"": 39, ""MV"": 74}","[5, 6, 7, 9, 8, 10, 11, 12, 13, 14]",0.2067
2018,8,24,5,262,18516,70.67,1,270,3095,0.1672,1533,1562,108,13.89,8.0,2524,243,209,119,18,0.0375,"{""IC"": 2250, ""S"": 421, ""PVV"": 31, ""PYO"": 194, ""HSM"": 82, ""HDM"": 35, ""AE"": 55, ""MV"": 27}","[5, 6, 7, 8, 10, 9, 11, 12, 13, 15]",0.1932
2018,8,25,6,208,15186,73.01,0,56,2221,0.1463,1101,1120,66,10.88,7.0,1855,241,114,11,17,0.0532,"{""S"": 341, ""IC"": 1610, ""PVV"": 115, ""PYO"": 49, ""HDM"": 13, ""AE"": 58, ""MUS"": 9, ""MV"": 26}","[5, 6, 7, 8, 9, 10, 11, 12, 13, 16]",0.1841
2018,8,26,7,208,15032,72.27,1,32,2651,0.1764,1325,1326,39,9.77,8.0,2306,258,87,0,15,0.0478,"{""IC"": 2013, ""S"": 322, ""PVV"": 48, ""PYO"": 32, ""HSM"": 19, ""HDM"": 46, ""AE"": 127, ""MUS"": 2, ""MV"": 42}","[5, 6, 7, 10, 8, 9, 11, 12, 28, 13]",0.1779
2018,8,27,1,250,17572,70.29,0,0,3033,0.1726,1517,1516,27,9.22,8.0,2666,367,0,0,15,0.0471,"{""IC"": 2566, ""S"": 346, ""PVV"": 16, ""PYO"": 20, ""HSM"": 19, ""HDM"": 59, ""AE"": 7}","[5, 7, 6, 8, 9, 11, 10, 12, 13, 15]",0.1718
2018,8,28,2,252,17744,70.41,0,0,2651,0.1494,1323,1328,32,8.5,7.0,2411,235,5,0,7,0.0479,"{""IC"": 1933, ""S"": 539, ""PVV"": 100, ""PYO"": 15, ""HDM"": 35, ""AE"": 29}","[5, 6, 7, 8, 9, 10, 12, 13, 11, 14]",0.1608
2018,8,29,3,250,17628,70.51,3,54,2201,0.1249,1095,1106,42,8.61,6.0,1960,192,49,0,9,0.058,"{""IC"": 1535, ""PVV"": 66, ""S"": 379, ""PYO"": 40, ""HDM"": 49, ""AE"": 132}","[5, 6, 7, 8, 9, 11, 10, 12, 13, 16]",0.1574
2018,8,30,4,251,17660,70.36,2,32,3606,0.2042,1811,1795,49,10.65,8.0,2936,511,159,0,13,0.0372,"{""IC"": 2549, ""S"": 634, ""PVV"": 128, ""PYO"": 17, ""HSM"": 56, ""HDM"": 53, ""AE"": 169}","[5, 6, 7, 8, 10, 9, 11, 12, 16, 14]",0.163
2018,8,31,5,261,18276,70.02,0,0,2953,0.1616,1473,1480,83,9.73,7.0,2595,248,99,11,14,0.0487,"{""IC"": 1965, ""S"": 423, ""PVV"": 99, ""PYO"": 46, ""HDM"": 75, ""AE"": 189, ""MUS"": 5, ""MV"": 122, ""V"": 29}","[5, 6, 7, 8, 9, 10, 11, 12, 16, 13]",0.1622
2018,9,1,6,204,14948,73.27,2,216,2411,0.1613,1199,1212,102,15.83,8.0,1824,275,153,159,18,0.0408,"{""IC"": 1717, ""S"": 295, ""PVV"": 61, ""PYO"": 99, ""HDM"": 12, ""AE"": 78, ""MUS"": 2, ""MV"": 144, ""V"": 3}","[5, 6, 7, 8, 9, 10, 15, 12, 11, 13]",0.1643
2018,9,2,7,212,15166,71.54,0,10,2643,0.1743,1320,1323,51,10.42,8.0,2137,451,55,0,14,0.0459,"{""IC"": 1677, ""S"": 651, ""PVV"": 58, ""PYO"": 34, ""HDM"": 55, ""AE"": 148, ""MUS"": 5, ""MV"": 15}","[5, 6, 8, 7, 9, 10, 11, 20, 12, 13]",0.164
2018,9,3,1,254,17442,68.67,0,12,3061,0.1755,1526,1535,100,13.8,8.0,2284,475,182,120,17,0.0365,"{""IC"": 2044, ""S"": 808, ""PVV"": 4, ""PYO"": 16, ""HSM"": 39, ""HDM"": 18, ""AE"": 40, ""MV"": 92}","[5, 6, 7, 8, 9, 10, 12, 11, 13, 14]",0.1645
2018,9,4,2,247,17128,69.34,0,0,2821,0.1647,1415,1406,59,11.16,7.0,2396,218,207,0,13,0.0379,"{""IC"": 2006, ""S"": 468, ""PVV"": 33, ""PYO"": 14, ""HSM"": 4, ""HDM"": 35, ""AE"": 261}","[5, 6, 7, 9, 8, 10, 11, 12, 13, 15]",0.1666
2018,9,5,3,251,17300,68.92,6,108,3243,0.1875,1616,1627,55,11.14,8.0,2489,598,156,0,21,0.0391,"{""IC"": 2116, ""S"": 487, ""PVV"": 47, ""PYO"": 36, ""HSM"": 18, ""HDM"": 131, ""AE"": 240, ""MV"": 168}","[5, 6, 7, 8, 9, 10, 11, 15, 14, 16]",0.1756
2018,9,6,4,249,17184,69.01,0,0,2701,0.1572,1345,1356,37,10.88,8.0,2140,375,186,0,21,0.0452,"{""IC"": 1945, ""S"": 468, ""PVV"": 33, ""PYO"": 24, ""HSM"": 6, ""HDM"": 97, ""AE"": 114, ""MV"": 14}","[5, 6, 8, 7, 9, 10, 11, 12, 30, 15]",0.1689
2018,9,7,5,260,18154,69.82,2,20,4347,0.2395,2171,2176,59,15.56,9.0,2871,703,773,0,24,0.0292,"{""IC"": 3408, ""S"": 496, ""PYO"": 202, ""HSM"": 13, ""HDM"": 44, ""AE"": 168, ""MV"": 16}","[5, 6, 7, 8, 9, 10, 11, 12, 14, 22]",0.18
2018,9,8,6,213,14616,68.62,0,0,2164,0.1481,1076,1088,59,10.4,8.0,1733,388,43,0,19,0.0568,"{""IC"": 1629, ""S"": 199, ""PVV"": 60, ""PYO"": 50, ""HSM"": 3, ""HDM"": 66, ""MUS"": 24, ""MV"": 129, ""V"": 4}","[5, 6, 7, 8, 9, 10, 11, 17, 14, 15]",0.1781
2018,9,9,7,202,14950,74.01,0,0,2504,0.1675,1242,1262,32,8.9,7.0,2138,363,3,0,12,0.0482,"{""IC"": 1805, ""S"": 556, ""PVV"": 48, ""PYO"": 9, ""HDM"": 36, ""AE"": 33, ""MV"": 17}","[5, 6, 7, 8, 9, 11, 10, 19, 12, 20]",0.1771
2018,9,10,1,250,17140,68.56,1,36,2329,0.1359,1156,1173,37,9.05,6.0,2071,126,132,0,13,0.0504,"{""IC"": 1728, ""S"": 248, ""PVV"": 27, ""PYO"": 59, ""HSM"": 4, ""HDM"": 52, ""AE"": 203, ""MV"": 8}","[5, 6, 7, 8, 9, 10, 12, 11, 13, 35]",0.1715
2018,9,11,2,249,17156,68.9,0,0,3079,0.1795,1539,1540,106,11.33,7.0,2454,491,79,55,17,0.0454,"{""IC"": 2367, ""S"": 430, ""PVV"": 6, ""PYO"": 82, ""HSM"": 1, ""HDM"": 57, ""AE"": 115, ""MV"": 21}","[5, 6, 7, 8, 9, 10, 15, 16, 11, 17]",0.1736
2018,9,12,3,249,17272,69.37,0,0,2950,0.1708,1474,1476,40,8.43,7.0,2713,215,22,0,21,0.0444,"{""IC"": 2150, ""S"": 285, ""PVV"": 22, ""PYO"": 142, ""HSM"": 5, ""HDM"": 166, ""AE"": 137, ""MV"": 43}","[5, 6, 7, 8, 9, 10, 11, 12, 13, 14]",0.1712
2018,9,13,4,253,17316,68.44,1,16,2746,0.1586,1368,1378,57,10.27,7.0,2297,387,62,0,18,0.043,"{""IC"": 2184, ""S"": 262, ""PVV"": 11, ""PYO"": 56, ""HSM"": 21, ""HDM"": 19, ""AE"": 110, ""MV"": 83}","[5, 6, 7, 8, 9, 10, 11, 12, 13, 16]",0.1714
2018,9,14,5,258,18194,70.52,0,0,4283,0.2354,2137,2146,116,13.36,7.0,3563,421,87,212,18,0.0298,"{""IC"": 3100, ""S"": 695, ""PVV"": 50, ""PYO"": 141, ""HSM"": 13, ""HDM"": 100, ""AE"": 165, ""MV"": 19}","[5, 6, 7, 8, 9, 10, 11, 13, 14, 12]",0.1708
2018,9,15,6,200,14562,72.81,0,0,1460,0.1003,727,733,40,11.09,8.0,1176,194,90,0,13,0.0569,"{""IC"": 1023, ""S"": 170, ""PVV"": 5, ""PYO"": 47, ""HSM"": 18, ""HDM"": 8, ""AE"": 84, ""MUS"": 5, ""MV"": 100}","[5, 6, 7, 10, 11, 9, 8, 12, 13, 14]",0.164
2018,9,16,7,199,15030,75.53,0,0,2623,0.1745,1304,1319,65,9.7,7.0,2282,248,80,13,15,0.0443,"{""IC"": 1866, ""S"": 513, ""PVV"": 2, ""PYO"": 22, ""HSM"": 6, ""HDM"": 19, ""AE"": 47, ""MUS"": 50, ""MV"": 98}","[5, 6, 7, 8, 9, 10, 12, 11, 15, 13]",0.165
2018,9,17,1,254,17504,68.91,2,80,2370,0.1354,1187,1183,74,10.98,8.0,1874,428,35,33,14,0.0484,"{""S"": 189, ""IC"": 1918, ""PVV"": 70, ""PYO"": 8, ""HSM"": 3, ""HDM"": 114, ""AE"": 60, ""MV"": 8}","[5, 6, 7, 8, 11, 9, 10, 12, 15, 13]",0.1649
2018,9,18,2,253,17622,69.65,2,102,4033,0.2289,2014,2019,66,17.22,11.0,2385,934,610,104,30,0.0314,"{""IC"": 2732, ""S"": 925, ""PVV"": 21, ""PYO"": 6, ""HSM"": 20, ""HDM"": 97, ""AE"": 139, ""MV"": 93}","[5, 6, 7, 8, 9, 10, 11, 12, 18, 21]",0.172
2018,9,19,3,253,17564,69.42,1,60,4717,0.2686,2361,2356,177,59.71,25.0,1986,422,442,1867,26,0.0181,"{""IC"": 3280, ""S"": 598, ""PVV"": 147, ""PYO"": 229, ""HSM"": 8, ""HDM"": 144, ""AE"": 209, ""MV"": 102}","[5, 6, 7, 8, 9, 10, 12, 11, 156, 18]",0.186
2018,9,20,4,259,17784,68.66,3,76,4514,0.2538,2256,2258,67,14.19,9.0,3309,707,411,87,23,0.0291,"{""IC"": 3390, ""S"": 508, ""PVV"": 96, ""PYO"": 48, ""HSM"": 19, ""HDM"": 218, ""AE"": 41, ""MV"": 194}","[5, 6, 7, 8, 9, 12, 10, 11, 13, 15]",0.1996
2018,9,21,5,260,18262,70.24,1,270,5971,0.327,2973,2998,82,14.85,10.0,4089,1433,198,251,37,0.0235,"{""IC"": 4016, ""S"": 1240, ""PVV"": 47, ""PYO"": 97, ""HSM"": 67, ""HDM"": 122, ""AE"": 204, ""MV"": 178}","[5, 6, 7, 8, 9, 10, 13, 12, 11, 14]",0.2126
2018,9,22,6,192,13878,72.28,1,18,2358,0.1699,1178,1180,69,14.54,8.0,1759,205,356,38,11,0.0363,"{""S"": 214, ""IC"": 1748, ""PVV"": 48, ""PYO"": 263, ""HSM"": 1, ""HDM"": 63, ""AE"": 4, ""MV"": 17}","[5, 6, 7, 8, 9, 10, 11, 12, 15, 13]",0.2226
2018,9,23,7,197,15008,76.18,1,44,2331,0.1553,1159,1172,95,10.75,7.0,1948,306,43,34,10,0.0458,"{""IC"": 1630, ""S"": 354, ""PYO"": 33, ""HDM"": 36, ""AE"": 120, ""MV"": 158}","[5, 6, 7, 8, 9, 10, 11, 14, 13, 12]",0.2198
2018,9,24,1,256,17692,69.11,0,0,3392,0.1917,1701,1691,49,8.42,7.0,3185,164,43,0,24,0.0429,"{""S"": 479, ""IC"": 2555, ""PVV"": 47, ""PYO"": 7, ""HSM"": 15, ""HDM"": 59, ""AE"": 164, ""MV"": 66}","[5, 6, 7, 8, 9, 10, 12, 13, 11, 14]",0.2279
2018,9,25,2,255,17644,69.19,4,110,2862,0.1622,1430,1432,67,13.97,9.0,2025,459,376,2,29,0.0461,"{""S"": 628, ""IC"": 1897, ""PYO"": 68, ""HSM"": 34, ""HDM"": 34, ""AE"": 18, ""MV"": 183}","[5, 6, 7, 8, 9, 10, 11, 12, 15, 13]",0.2184
2018,9,26,3,251,17492,69.69,4,80,4152,0.2374,2076,2076,193,19.18,9.0,2872,749,261,270,20,0.0217,"{""IC"": 3133, ""S"": 536, ""PVV"": 56, ""PYO"": 54, ""HSM"": 6, ""HDM"": 64, ""AE"": 243, ""MV"": 60}","[5, 6, 7, 8, 9, 10, 11, 14, 15, 16]",0.2139
2018,9,27,4,255,17742,69.58,4,146,3215,0.1812,1605,1610,148,13.14,8.0,2670,332,100,113,15,0.0401,"{""S"": 603, ""IC"": 2103, ""PVV"": 13, ""PYO"": 18, ""HSM"": 8, ""HDM"": 84, ""AE"": 248, ""MV"": 138}","[5, 6, 7, 8, 9, 10, 11, 12, 13, 16]",0.2035
2018,9,28,5,263,17750,67.49,1,38,4895,0.2758,2441,2454,97,15.44,8.0,3458,758,469,210,34,0.0269,"{""IC"": 3593, ""S"": 777, ""PVV"": 136, ""PYO"": 63, ""HSM"": 59, ""HDM"": 201, ""AE"": 43, ""MUS"": 10, ""MV"": 13}","[5, 6, 7, 8, 9, 10, 11, 13, 12, 31]",0.1962
2018,9,29,6,192,13760,71.67,0,0,2572,0.1869,1288,1284,88,10.33,8.0,2144,404,0,24,9,0.042,"{""IC"": 1731, ""S"": 450, ""PVV"": 62, ""PYO"": 3, ""HSM"": 35, ""HDM"": 45, ""AE"": 215, ""MV"": 31}","[5, 6, 8, 7, 9, 10, 11, 12, 13, 15]",0.1986
2018,9,30,7,204,14880,72.94,2,56,3499,0.2351,1735,1764,85,11.42,8.0,2682,673,128,16,17,0.0321,"{""IC"": 2644, ""S"": 544, ""PVV"": 11, ""PYO"": 6, ""HSM"": 35, ""HDM"": 42, ""AE"": 213, ""MV"": 4}","[5, 6, 7, 8, 10, 9, 11, 20, 12, 13]",0.21
2018,10,1,1,250,17572,70.29,3,108,2334,0.1328,1169,1165,178,14.37,7.0,2008,185,62,79,8,0.0406,"{""IC"": 1884, ""S"": 206, ""PVV"": 86, ""PYO"": 20, ""HSM"": 16, ""HDM"": 18, ""AE"": 104}","[5, 6, 8, 7, 9, 11, 10, 13, 12, 14]",0.2016
2018,10,2,2,250,17668,70.67,0,66,2780,0.1573,1389,1391,56,9.74,8.0,2450,264,66,0,14,0.0475,"{""S"": 418, ""IC"": 2244, ""PVV"": 15, ""PYO"": 7, ""HSM"": 7, ""HDM"": 68, ""AE"": 10, ""MV"": 11}","[5, 6, 7, 8, 9, 10, 11, 12, 14, 15]",0.2009
2018,10,3,3,250,17646,70.58,0,0,3287,0.1863,1638,1649,74,12.2,8.0,2489,611,167,20,20,0.0352,"{""IC"": 2417, ""S"": 434, ""PVV"": 166, ""PYO"": 3, ""HSM"": 60, ""HDM"": 93, ""AE"": 114}","[5, 6, 7, 8, 9, 10, 17, 12, 11, 13]",0.1936
2018,10,4,4,254,17792,70.05,1,32,3068,0.1724,1536,1532,101,15.41,9.5,1902,809,295,62,18,0.033,"{""IC"": 2366, ""S"": 343, ""PVV"": 10, ""PYO"": 77, ""HSM"": 21, ""HDM"": 41, ""AE"": 62, ""MV"": 148}","[5, 6, 7, 8, 9, 10, 17, 18, 13, 16]",0.1924
2018,10,5,5,258,18012,69.81,2,64,5472,0.3038,2730,2742,51,13.31,10.0,3694,1512,266,0,35,0.0253,"{""IC"": 4100, ""S"": 645, ""PVV"": 98, ""PYO"": 37, ""HSM"": 32, ""HDM"": 191, ""AE"": 341, ""MV"": 28}","[5, 6, 8, 7, 9, 10, 12, 13, 11, 14]",0.1964
2018,10,6,6,205,13928,67.94,0,14,1323,0.095,656,667,50,11.58,8.0,1033,220,70,0,10,0.0577,"{""IC"": 1136, ""PVV"": 4, ""S"": 60, ""PYO"": 54, ""HDM"": 34, ""MUS"": 14, ""MV"": 21}","[5, 6, 7, 8, 9, 12, 11, 14, 13, 10]",0.1832
2018,10,7,7,206,15012,72.87,0,0,2507,0.167,1244,1263,53,11.24,8.0,1959,432,116,0,13,0.0389,"{""IC"": 1912, ""S"": 378, ""PYO"": 37, ""HDM"": 17, ""AE"": 19, ""MV"": 144}","[5, 6, 7, 10, 8, 9, 11, 12, 15, 13]",0.1735
2018,10,8,1,253,17718,70.03,0,90,4787,0.2702,2394,2393,142,18.21,9.0,3324,740,366,357,27,0.026,"{""IC"": 3628, ""S"": 462, ""PVV"": 115, ""PYO"": 46, ""HSM"": 52, ""HDM"": 133, ""AE"": 205, ""MV"": 126, ""V"": 20}","[5, 6, 8, 7, 9, 11, 10, 12, 13, 14]",0.1931
2018,10,9,2,256,18008,70.34,0,90,2706,0.1503,1357,1349,155,17.17,8.0,2008,442,122,134,15,0.0365,"{""IC"": 2131, ""S"": 303, ""PVV"": 2, ""PYO"": 21, ""HSM"": 56, ""HDM"": 20, ""AE"": 111, ""MV"": 62}","[5, 6, 7, 8, 9, 10, 143, 12, 15, 13]",0.1921
2018,10,10,3,253,17778,70.27,0,42,2935,0.1651,1476,1459,151,17.14,9.0,2110,438,240,147,15,0.0401,"{""IC"": 2049, ""S"": 366, ""PVV"": 58, ""PYO"": 4, ""HSM"": 23, ""HDM"": 41, ""AE"": 295, ""MV"": 99}","[5, 6, 7, 8, 9, 10, 11, 13, 16, 12]",0.1891
2018,10,11,4,258,17964,69.63,4,382,4884,0.2719,2447,2437,308,22.52,11.0,2908,1149,426,401,40,0.0314,"{""IC"": 3714, ""S"": 501, ""PVV"": 2, ""PYO"": 19, ""HSM"": 27, ""HDM"": 137, ""AE"": 243, ""IC2"": 52, ""MV"": 189}","[5, 6, 7, 8, 9, 11, 10, 13, 12, 14]",0.2033
2018,10,12,5,254,17872,70.36,0,8,3951,0.2211,1978,1973,121,12.23,7.0,3266,466,96,123,14,0.0301,"{""IC"": 3009, ""S"": 497, ""PVV"": 7, ""PYO"": 120, ""HSM"": 8, ""HDM"": 96, ""AE"": 214}","[5, 6, 7, 8, 9, 10, 11, 12, 13, 14]",0.1915
2018,10,13,6,200,14298,71.49,1,44,2638,0.1845,1317,1321,120,18.27,10.0,1635,566,315,122,17,0.0302,"{""IC"": 1866, ""S"": 97, ""PVV"": 57, ""PYO"": 180, ""HSM"": 30, ""HDM"": 29, ""AE"": 95, ""MV"": 284}","[5, 6, 7, 9, 10, 8, 11, 12, 15, 25]",0.2043
2018,10,14,7,204,14926,73.17,2,106,3237,0.2169,1621,1616,103,15.8,9.0,2158,665,306,108,19,0.0319,"{""IC"": 2610, ""S"": 297, ""PVV"": 67, ""PYO"": 30, ""HSM"": 20, ""HDM"": 92, ""AE"": 83, ""MV"": 38}","[5, 6, 7, 8, 9, 10, 15, 16, 11, 14]",0.2114
2018,10,15,1,252,17596,69.83,0,20,5198,0.2954,2610,2588,137,14.47,9.0,3712,906,513,67,25,0.0313,"{""IC"": 4023, ""S"": 732, ""PVV"": 2, ""PYO"": 11, ""HSM"": 60, ""HDM"": 230, ""AE"": 116, ""MV"": 24}","[5, 6, 7, 8, 9, 10, 11, 12, 13, 14]",0.215
2018,10,16,2,257,18014,70.09,3,78,4705,0.2612,2360,2345,93,13.68,9.0,3459,803,376,67,19,0.0306,"{""IC"": 3228, ""S"": 922, ""PVV"": 46, ""PYO"": 34, ""HSM"": 10, ""HDM"": 170, ""AE"": 213, ""MV"": 82}","[5, 6, 7, 8, 9, 10, 11, 13, 14, 15]",0.2309
2018,10,17,3,251,17664,70.37,1,38,4610,0.261,2307,2303,52,11.36,9.0,3409,1065,136,0,24,0.0337,"{""IC"": 2998, ""S"": 919, ""PVV"": 69, ""PYO"": 45, ""HSM"": 23, ""HDM"": 111, ""AE"": 386, ""MV"": 59}","[5, 6, 7, 8, 10, 9, 11, 12, 15, 16]",0.2446
2018,10,18,4,254,17822,70.17,2,32,4608,0.2586,2303,2305,66,12.23,9.0,3563,670,365,10,20,0.0282,"{""IC"": 3341, ""S"": 536, ""PVV"": 6, ""PYO"": 86, ""HSM"": 28, ""HDM"": 88, ""AE"": 432, ""MV"": 91}","[5, 7, 6, 8, 9, 10, 11, 12, 13, 14]",0.2427
2018,10,19,5,255,17896,70.18,1,24,3671,0.2051,1826,1845,72,11.47,8.0,2924,532,198,17,14,0.0348,"{""IC"": 2377, ""S"": 459, ""PVV"": 79, ""PYO"": 154, ""HSM"": 6, ""HDM"": 82, ""AE"": 514}","[5, 6, 7, 8, 9, 10, 11, 15, 16, 12]",0.2404
2018,10,20,6,196,13838,70.6,0,44,2931,0.2118,1458,1473,139,20.68,10.0,1819,432,485,195,18,0.024,"{""IC"": 1747, ""S"": 291, ""PVV"": 92, ""PYO"": 218, ""HDM"": 77, ""AE"": 385, ""MV"": 121}","[5, 6, 7, 8, 9, 12, 11, 13, 15, 10]",0.2443
2018,10,21,7,205,14960,72.98,0,72,3670,0.2453,1836,1834,155,10.12,8.0,3090,478,95,7,19,0.0422,"{""IC"": 2799, ""S"": 524, ""PYO"": 46, ""HSM"": 5, ""HDM"": 65, ""AE"": 225, ""MV"": 6}","[5, 6, 7, 8, 10, 9, 11, 12, 13, 15]",0.2483
2018,10,22,1,255,17754,69.62,5,116,4120,0.2321,2068,2052,45,10.18,8.0,3427,581,112,0,19,0.0356,"{""IC"": 3088, ""S"": 366, ""PVV"": 15, ""PYO"": 101, ""HSM"": 31, ""HDM"": 104, ""AE"": 376, ""MV"": 39}","[5, 6, 7, 8, 9, 10, 11, 14, 13, 12]",0.2393
2018,10,23,2,256,17884,69.86,15,324,5174,0.2893,2587,2587,79,12.02,9.0,3918,1045,156,55,20,0.029,"{""IC"": 4111, ""S"": 595, ""PVV"": 49, ""PYO"": 22, ""HSM"": 72, ""HDM"": 52, ""AE"": 267, ""MV"": 6}","[5, 6, 7, 8, 9, 10, 13, 11, 12, 14]",0.2433
2018,10,24,3,252,17708,70.27,14,204,3940,0.2225,1970,1970,56,10.29,7.0,3380,388,172,0,19,0.0396,"{""IC"": 2808, ""S"": 639, ""PVV"": 33, ""PYO"": 22, ""HSM"": 65, ""HDM"": 34, ""AE"": 268, ""MV"": 71}","[5, 6, 7, 8, 9, 10, 12, 11, 13, 14]",0.2378
2018,10,25,4,257,17798,69.25,7,108,4194,0.2356,2092,2102,104,9.54,8.0,3648,496,42,8,16,0.0378,"{""S"": 634, ""IC"": 2956, ""PYO"": 48, ""HSM"": 71, ""HDM"": 98, ""AE"": 331, ""MUS"": 4, ""MV"": 52}","[5, 6, 7, 8, 9, 10, 11, 12, 13, 16]",0.2345
2018,10,26,5,256,17900,69.92,0,4,5105,0.2852,2558,2547,241,11.86,8.0,4318,477,256,54,31,0.0341,"{""IC"": 3673, ""S"": 730, ""PVV"": 91, ""PYO"": 24, ""HSM"": 20, ""HDM"": 185, ""AE"": 355, ""MV"": 27}","[5, 6, 7, 8, 9, 10, 11, 12, 14, 13]",0.246
2018,10,27,6,201,14638,72.83,0,0,2854,0.195,1427,1427,214,20.49,8.0,1936,295,214,409,9,0.0283,"{""S"": 366, ""IC"": 1898, ""PVV"": 87, ""PYO"": 212, ""HSM"": 6, ""HDM"": 69, ""AE"": 147, ""MUS"": 4, ""MV"": 60, ""V"": 5}","[5, 6, 7, 8, 9, 10, 11, 61, 59, 20]",0.2436
2018,10,28,7,209,15104,72.27,1,46,3976,0.2632,1993,1983,44,11.43,8.0,3170,386,420,0,18,0.0309,"{""IC"": 2661, ""S"": 593, ""PVV"": 19, ""PYO"": 79, ""HSM"": 6, ""HDM"": 18, ""AE"": 403, ""MV"": 197}","[5, 6, 7, 8, 9, 10, 11, 12, 13, 34]",0.2461
2018,10,29,1,256,17666,69.01,4,140,6246,0.3536,3133,3113,99,17.97,10.0,4082,1078,749,337,36,0.021,"{""IC"": 4512, ""S"": 1001, ""PVV"": 2, ""HSM"": 123, ""HDM"": 56, ""AE"": 418, ""MV"": 134}","[5, 6, 7, 11, 9, 8, 10, 12, 13, 15]",0.2635
2018,10,30,2,262,17996,68.69,7,362,6266,0.3482,3135,3131,77,12.94,10.0,4859,837,528,42,37,0.0245,"{""IC"": 4534, ""S"": 1030, ""HSM"": 91, ""HDM"": 107, ""AE"": 301, ""MV"": 203}","[5, 6, 7, 9, 8, 10, 11, 12, 13, 14]",0.2719
2018,10,31,3,259,17940,69.27,1,76,5865,0.3269,2933,2932,156,12.53,10.0,4158,1469,211,27,39,0.0292,"{""IC"": 4573, ""S"": 512, ""PVV"": 7, ""PYO"": 56, ""HSM"": 37, ""HDM"": 149, ""AE"": 347, ""MV"": 184}","[5, 6, 7, 10, 8, 9, 11, 14, 12, 13]",0.2868
2018,11,1,4,258,17906,69.4,2,32,5281,0.2949,2640,2641,44,11.01,9.0,4095,1107,79,0,24,0.0304,"{""IC"": 3775, ""S"": 784, ""PVV"": 17, ""PYO"": 44, ""HSM"": 9, ""HDM"": 114, ""AE"": 374, ""MV"": 164}","[5, 6, 7, 9, 8, 10, 11, 13, 12, 14]",0.2953
2018,11,2,5,257,17978,69.95,0,0,5898,0.3281,2956,2942,48,11.68,9.0,4557,1095,246,0,35,0.0277,"{""IC"": 4247, ""S"": 739, ""PVV"": 79, ""PYO"": 73, ""HSM"": 60, ""HDM"": 200, ""AE"": 446, ""MV"": 54}","[5, 6, 7, 9, 10, 8, 11, 12, 13, 14]",0.3014
2018,11,3,6,197,14394,73.07,0,0,2767,0.1922,1382,1385,53,10.44,7.0,2233,391,143,0,10,0.0373,"{""IC"": 1999, ""S"": 197, ""PVV"": 91, ""PYO"": 151, ""HSM"": 12, ""HDM"": 19, ""AE"": 288, ""MV"": 10}","[5, 6, 7, 8, 9, 10, 11, 13, 14, 12]",0.301
2018,11,4,7,201,14570,72.49,0,0,3605,0.2474,1808,1797,97,14.07,8.0,2636,561,353,55,23,0.0359,"{""IC"": 2740, ""S"": 537, ""PVV"": 3, ""PYO"": 16, ""HSM"": 14, ""HDM"": 59, ""AE"": 156, ""MV"": 80}","[5, 6, 7, 8, 9, 10, 12, 11, 13, 15]",0.2988
2018,11,5,1,257,17958,69.88,1,56,4302,0.2396,2150,2152,39,11.06,9.0,3246,997,59,0,28,0.0365,"{""IC"": 3036, ""S"": 662, ""PVV"": 8, ""PYO"": 30, ""HSM"": 74, ""HDM"": 89, ""AE"": 161, ""MV"": 242}","[5, 7, 6, 8, 9, 10, 12, 11, 16, 17]",0.2825
2018,11,6,2,253,17768,70.23,0,0,4383,0.2467,2192,2191,39,11.25,10.0,3321,1007,55,0,33,0.0362,"{""IC"": 2976, ""S"": 727, ""PVV"": 140, ""PYO"": 25, ""HSM"": 87, ""HDM"": 128, ""AE"": 274, ""MV"": 26}","[5, 6, 9, 8, 7, 11, 13, 14, 10, 16]",0.268
2018,11,7,3,253,17768,70.23,2,82,4631,0.2606,2321,2310,70,12.69,9.0,3603,727,169,132,30,0.0302,"{""IC"": 3415, ""S"": 608, ""PVV"": 2, ""PYO"": 33, ""HSM"": 41, ""HDM"": 118, ""AE"": 414}","[6, 5, 7, 8, 10, 9, 11, 12, 14, 13]",0.2585
2018,11,8,4,258,17920,69.46,7,232,5067,0.2828,2538,2529,33,9.52,8.0,4294,770,3,0,23,0.0339,"{""IC"": 3809, ""S"": 634, ""PVV"": 20, ""PYO"": 37, ""HSM"": 36, ""HDM"": 135, ""AE"": 390, ""MV"": 6}","[5, 6, 7, 8, 9, 12, 10, 11, 13, 14]",0.2568
2018,11,9,5,259,18050,69.69,2,82,4492,0.2489,2242,2250,47,10.27,8.0,3769,624,99,0,18,0.0341,"{""S"": 618, ""IC"": 3346, ""PVV"": 79, ""PYO"": 82, ""HSM"": 22, ""HDM"": 78, ""AE"": 267}","[5, 6, 7, 8, 9, 10, 11, 12, 13, 14]",0.2455
2018,11,10,6,197,11856,60.18,3,188,2482,0.2093,1244,1238,56,15.54,11.0,1454,734,294,0,20,0.0358,"{""IC"": 1962, ""S"": 220, ""PYO"": 30, ""HSM"": 25, ""HDM"": 78, ""AE"": 62, ""MV"": 105}","[5, 6, 7, 8, 9, 26, 10, 23, 11, 22]",0.2479
2018,11,11,7,207,15052,72.71,0,0,3386,0.225,1692,1694,95,13.82,8.0,2498,602,188,98,23,0.0322,"{""IC"": 2444, ""S"": 469, ""PVV"": 10, ""PYO"": 40, ""HSM"": 35, ""HDM"": 88, ""AE"": 300}","[5, 6, 7, 8, 9, 10, 11, 20, 12, 24]",0.2447
2018,11,12,1,261,18014,69.02,3,124,6581,0.3653,3300,3281,60,12.44,9.0,4697,1497,376,11,42,0.0271,"{""IC"": 4820, ""S"": 764, ""PVV"": 27, ""PYO"": 84, ""HSM"": 72, ""HDM"": 156, ""AE"": 431, ""MV"": 227}","[5, 6, 7, 8, 9, 10, 11, 16, 12, 14]",0.2627
2018,11,13,2,257,17952,69.85,4,176,6068,0.338,3040,3028,62,14.41,11.0,3947,1464,601,56,37,0.0241,"{""IC"": 4445, ""S"": 1012, ""PYO"": 36, ""HSM"": 43, ""HDM"": 150, ""AE"": 270, ""MV"": 112}","[5, 6, 7, 9, 8, 10, 14, 16, 15, 11]",0.2757
2018,11,14,3,254,17822,70.17,4,164,3791,0.2127,1901,1890,42,10.09,8.0,3143,566,82,0,18,0.0368,"{""IC"": 2977, ""S"": 613, ""PYO"": 8, ""HSM"": 26, ""HDM"": 39, ""AE"": 95, ""MV"": 33}","[5, 6, 7, 10, 8, 9, 11, 12, 14, 13]",0.2689
2018,11,15,4,259,17972,69.39,6,196,3984,0.2217,1988,1996,48,10.36,8.0,3265,571,148,0,22,0.033,"{""IC"": 3022, ""S"": 608, ""PVV"": 2, ""PYO"": 76, ""HSM"": 51, ""HDM"": 90, ""AE"": 126, ""MV"": 9}","[5, 6, 7, 8, 9, 11, 12, 10, 14, 15]",0.2601
2018,11,16,5,262,18206,69.49,5,200,4816,0.2645,2402,2414,42,10.73,8.0,3911,678,227,0,22,0.0312,"{""IC"": 3655, ""S"": 674, ""PYO"": 49, ""HDM"": 133, ""AE"": 289, ""MV"": 16}","[5, 6, 8, 7, 9, 10, 11, 12, 13, 16]",0.2624
2018,11,17,6,187,11532,61.67,2,82,2190,0.1899,1089,1101,64,12.65,10.0,1656,400,107,27,24,0.0455,"{""IC"": 1727, ""S"": 183, ""PVV"": 5, ""PYO"": 78, ""HSM"": 23, ""HDM"": 164, ""AE"": 10}","[5, 6, 7, 13, 11, 8, 10, 12, 9, 15]",0.2596
2018,11,18,7,206,14954,72.59,0,0,4514,0.3019,2249,2265,98,13.2,10.0,3202,1083,172,57,29,0.0328,"{""IC"": 3158, ""S"": 988, ""PYO"": 25, ""HSM"": 18, ""HDM"": 173, ""AE"": 136, ""MUS"": 14, ""MV"": 1, ""V"": 1}","[5, 6, 7, 8, 10, 12, 9, 15, 14, 11]",0.2706
2018,11,19,1,261,17704,67.83,4,110,4355,0.246,2180,2175,71,11.04,9.0,3419,885,15,36,18,0.0315,"{""IC"": 3376, ""S"": 514, ""PVV"": 37, ""PYO"": 32, ""HSM"": 1, ""HDM"": 71, ""AE"": 266, ""MV"": 58}","[5, 6, 7, 8, 9, 10, 11, 12, 13, 14]",0.2535
2018,11,20,2,255,17642,69.18,4,170,4059,0.2301,2028,2031,57,11.94,8.0,3044,728,287,0,26,0.0347,"{""IC"": 2948, ""S"": 747, ""PVV"": 61, ""PYO"": 59, ""HSM"": 45, ""HDM"": 104, ""AE"": 95}","[5, 6, 7, 8, 9, 10, 11, 12, 13, 15]",0.2381
2018,11,21,3,255,17688,69.36,4,164,5045,0.2852,2524,2521,46,10.75,9.0,4158,740,147,0,33,0.0301,"{""IC"": 3659, ""S"": 695, ""PYO"": 10, ""HSM"": 88, ""HDM"": 108, ""AE"": 393, ""MV"": 92}","[5, 6, 7, 8, 10, 9, 11, 12, 14, 13]",0.2485
2018,11,22,4,260,18118,69.68,5,306,5046,0.2785,2535,2511,130,11.93,8.0,4154,604,193,95,27,0.0307,"{""IC"": 3554, ""S"": 845, ""PVV"": 82, ""PYO"": 64, ""HSM"": 42, ""HDM"": 68, ""AE"": 202, ""P"": 26, ""V"": 30, ""MV"": 133}","[5, 6, 7, 9, 8, 10, 11, 12, 13, 14]",0.2566
2018,11,23,5,265,18128,68.41,4,164,5450,0.3006,2732,2718,82,13.02,8.0,4139,926,281,104,30,0.0283,"{""IC"": 3638, ""S"": 1093, ""PVV"": 90, ""PYO"": 60, ""HSM"": 88, ""HDM"": 86, ""AE"": 326, ""MUS"": 48, ""V"": 21}","[6, 5, 7, 8, 12, 9, 11, 10, 13, 14]",0.2617
2018,11,24,6,198,11724,59.21,3,90,2937,0.2505,1476,1461,78,14.99,10.0,1984,640,268,45,25,0.0317,"{""IC"": 2548, ""S"": 193, ""PVV"": 2, ""PYO"": 31, ""HSM"": 38, ""HDM"": 33, ""AE"": 86, ""MUS"": 4, ""MV"": 2}","[5, 6, 7, 8, 11, 9, 10, 12, 13, 15]",0.2704
2018,11,25,7,211,15180,71.94,0,0,5538,0.3648,2767,2771,119,17.62,9.0,3766,968,467,337,26,0.0207,"{""IC"": 3619, ""S"": 1127, ""PVV"": 43, ""PYO"": 24, ""HSM"": 18, ""HDM"": 123, ""AE"": 407, ""MUS"": 159, ""MV"": 18}","[5, 6, 7, 8, 9, 13, 12, 10, 14, 11]",0.2794
2018,11,26,1,259,17572,67.85,3,62,6361,0.362,3203,3158,130,17.51,10.0,4135,1446,446,334,31,0.0224,"{""IC"": 4832, ""S"": 800, ""PVV"": 47, ""PYO"": 13, ""HSM"": 85, ""HDM"": 142, ""AE"": 378, ""MV"": 64}","[5, 6, 7, 8, 9, 11, 10, 16, 18, 13]",0.296
2018,11,27,2,260,17840,68.62,1,114,5809,0.3256,2908,2901,56,10.71,9.0,4543,1179,87,0,33,0.0305,"{""IC"": 3879, ""S"": 944, ""PVV"": 6, ""PYO"": 84, ""HSM"": 65, ""HDM"": 161, ""AE"": 454, ""MV"": 216}","[5, 6, 7, 8, 12, 9, 10, 11, 15, 13]",0.3096
2018,11,28,3,253,17550,69.37,3,132,6083,0.3466,3043,3040,152,12.53,9.0,4481,1264,316,22,40,0.0281,"{""IC"": 4042, ""S"": 1315, ""PVV"": 10, ""PYO"": 26, ""HSM"": 120, ""HDM"": 130, ""AE"": 426, ""MV"": 14}","[5, 6, 7, 8, 11, 9, 10, 12, 13, 14]",0.3184
2018,11,29,4,259,17966,69.37,6,206,5616,0.3126,2812,2804,74,13.04,10.0,4351,882,287,96,28,0.0276,"{""IC"": 4117, ""S"": 685, ""PVV"": 45, ""PYO"": 19, ""HSM"": 42, ""HDM"": 114, ""AE"": 334, ""MV"": 260}","[5, 6, 7, 8, 9, 11, 10, 12, 13, 14]",0.3232
2018,11,30,5,260,17932,68.97,1,48,5717,0.3188,2867,2850,55,12.27,9.0,4119,1379,219,0,37,0.0287,"{""IC"": 4220, ""S"": 711, ""PVV"": 14, ""PYO"": 57, ""HSM"": 97, ""HDM"": 135, ""AE"": 345, ""MUS"": 1, ""MV"": 137}","[5, 7, 6, 8, 9, 10, 11, 12, 17, 13]",0.3258
2018,12,1,6,180,11350,63.06,3,158,2594,0.2285,1292,1302,40,10.12,7.0,2163,336,95,0,15,0.0416,"{""IC"": 1924, ""S"": 203, ""PVV"": 22, ""PYO"": 101, ""HDM"": 2, ""AE"": 224, ""MV"": 118}","[5, 6, 7, 8, 9, 10, 12, 11, 13, 14]",0.3227
2018,12,2,7,208,15144,72.81,1,120,5006,0.3306,2501,2505,64,12.0,8.0,4298,303,384,21,21,0.0287,"{""IC"": 3456, ""S"": 871, ""PVV"": 3, ""PYO"": 42, ""HSM"": 36, ""HDM"": 73, ""AE"": 485, ""V"": 40}","[6, 5, 7, 8, 10, 9, 11, 12, 13, 14]",0.3178
2018,12,3,1,256,17660,68.98,0,0,6751,0.3823,3378,3373,95,13.66,10.0,4344,1887,508,12,39,0.0259,"{""IC"": 4980, ""S"": 1070, ""PVV"": 3, ""PYO"": 115, ""HSM"": 56, ""HDM"": 117, ""AE"": 372, ""MV"": 38}","[5, 6, 7, 8, 9, 10, 12, 16, 13, 18]",0.3207
2018,12,4,2,258,17888,69.33,3,370,7635,0.4268,3822,3813,115,15.19,10.0,5257,1660,509,209,43,0.022,"{""IC"": 5621, ""S"": 1142, ""PVV"": 48, ""PYO"": 34, ""HSM"": 136, ""HDM"": 108, ""AE"": 430, ""MV"": 116}","[5, 7, 6, 8, 9, 10, 11, 12, 13, 14]",0.3352
2018,12,5,3,252,17712,70.29,5,336,5987,0.338,2992,2995,108,14.97,10.0,4317,1147,360,163,25,0.0244,"{""IC"": 4483, ""S"": 730, ""PVV"": 103, ""PYO"": 54, ""HSM"": 8, ""HDM"": 143, ""AE"": 388, ""MV"": 78}","[5, 6, 7, 8, 9, 11, 10, 12, 13, 14]",0.3339
2018,12,6,4,223,16438,73.71,1,34,3565,0.2169,1782,1783,63,12.31,7.0,2846,404,223,92,15,0.0321,"{""IC"": 2672, ""S"": 468, ""PYO"": 24, ""HDM"": 65, ""AE"": 305, ""MV"": 31}","[5, 6, 7, 8, 9, 10, 11, 12, 15, 16]",0.3203
2018,12,7,5,256,18090,70.66,1,66,6481,0.3583,3241,3240,51,11.09,9.0,5069,1281,131,0,33,0.0281,"{""IC"": 4171, ""S"": 1473, ""PVV"": 56, ""PYO"": 76, ""HSM"": 62, ""HDM"": 86, ""AE"": 498, ""MV"": 59}","[5, 7, 6, 8, 9, 10, 11, 12, 14, 13]",0.3259
2018,12,8,6,171,11186,65.42,0,10,3391,0.3031,1703,1688,77,16.2,9.0,2309,708,169,205,14,0.0233,"{""IC"": 2622, ""S"": 182, ""PVV"": 35, ""PYO"": 119, ""HSM"": 24, ""HDM"": 35, ""AE"": 314, ""MV"": 60}","[5, 6, 7, 8, 9, 10, 13, 11, 12, 14]",0.3366
2018,12,9,7,192,14948,77.85,0,4,6069,0.406,3038,3031,236,20.44,10.0,4310,935,442,382,24,0.0188,"{""IC"": 4149, ""PVV"": 3, ""S"": 1384, ""PYO"": 131, ""HSM"": 25, ""HDM"": 121, ""AE"": 194, ""MV"": 62}","[5, 6, 7, 12, 8, 10, 11, 9, 13, 14]",0.3473
2018,12,10,1,257,18300,71.21,1,58,6688,0.3655,3361,3327,67,10.83,8.0,5467,880,304,37,32,0.0257,"{""IC"": 5064, ""S"": 1260, ""PYO"": 26, ""HSM"": 62, ""HDM"": 192, ""AE"": 84}","[5, 6, 7, 8, 9, 10, 11, 12, 14, 15]",0.3449
2018,12,11,2,255,18274,71.66,0,8,5271,0.2884,2642,2629,56,11.27,8.0,4079,1039,153,0,22,0.028,"{""IC"": 3960, ""S"": 986, ""PVV"": 123, ""PYO"": 32, ""HSM"": 7, ""HDM"": 73, ""AE"": 90}","[5, 6, 7, 8, 9, 11, 10, 12, 14, 13]",0.3252
2018,12,12,3,258,18454,71.53,7,144,5676,0.3076,2846,2830,124,12.63,9.0,4544,860,135,137,30,0.0262,"{""IC"": 4349, ""S"": 946, ""PVV"": 23, ""PYO"": 45, ""HDM"": 134, ""AE"": 41, ""MV"": 138}","[5, 6, 7, 8, 9, 10, 11, 12, 14, 13]",0.3208
2018,12,13,4,260,18364,70.63,3,62,5616,0.3058,2813,2803,61,12.11,9.0,4352,852,410,2,22,0.0274,"{""IC"": 4189, ""S"": 942, ""PVV"": 6, ""PYO"": 48, ""HSM"": 49, ""HDM"": 101, ""AE"": 268, ""MV"": 13}","[5, 6, 7, 8, 9, 10, 11, 12, 13, 16]",0.3335
2018,12,14,5,264,18592,70.42,0,16,4328,0.2328,2164,2164,93,10.96,8.0,3637,470,185,36,13,0.0333,"{""IC"": 3290, ""S"": 480, ""PVV"": 82, ""PYO"": 114, ""HSM"": 31, ""HDM"": 69, ""AE"": 186, ""MV"": 76}","[5, 6, 7, 8, 9, 10, 11, 12, 13, 14]",0.3156
2018,12,15,6,203,15010,73.94,0,28,2255,0.1502,1121,1134,40,11.0,7.0,1759,346,150,0,12,0.0454,"{""IC"": 1578, ""S"": 308, ""PVV"": 8, ""PYO"": 124, ""HSM"": 23, ""HDM"": 21, ""AE"": 189, ""MV"": 4}","[5, 6, 7, 8, 9, 13, 11, 10, 12, 24]",0.2938
2018,12,16,7,209,15178,72.62,2,144,3747,0.2469,1869,1878,129,16.81,9.0,2767,450,316,214,20,0.0248,"{""IC"": 2629, ""S"": 646, ""PYO"": 79, ""HDM"": 47, ""AE"": 257, ""MUS"": 2, ""MV"": 87}","[5, 6, 7, 9, 8, 11, 10, 12, 14, 13]",0.271
2018,12,17,1,257,18306,71.23,1,128,6527,0.3565,3264,3263,225,18.99,11.0,4244,1205,670,408,39,0.0232,"{""S"": 1216, ""IC"": 4729, ""PVV"": 8, ""PYO"": 11, ""HSM"": 54, ""HDM"": 145, ""AE"": 300, ""MV"": 64}","[5, 6, 7, 8, 10, 9, 11, 12, 13, 14]",0.2697
2018,12,18,2,261,18784,71.97,3,196,5343,0.2844,2671,2672,145,14.22,8.0,4209,584,449,101,29,0.0295,"{""S"": 1027, ""IC"": 3689, ""PVV"": 81, ""PYO"": 81, ""HSM"": 44, ""HDM"": 60, ""AE"": 207, ""MV"": 154}","[5, 6, 7, 8, 10, 9, 11, 12, 13, 14]",0.2692
2018,12,19,3,261,19106,73.2,0,0,6589,0.3449,3299,3290,72,13.75,10.0,4484,1552,459,94,43,0.0229,"{""IC"": 4404, ""S"": 1228, ""PVV"": 14, ""PYO"": 359, ""HSM"": 113, ""HDM"": 169, ""AE"": 260, ""MV"": 42}","[5, 6, 7, 8, 9, 11, 10, 12, 13, 19]",0.2745
2018,12,20,4,266,19360,72.78,3,136,5595,0.289,2792,2803,61,10.91,8.0,4588,741,262,4,30,0.0318,"{""IC"": 3766, ""S"": 1062, ""PVV"": 172, ""PYO"": 164, ""HSM"": 44, ""HDM"": 126, ""AE"": 197, ""MV"": 64}","[6, 5, 7, 8, 9, 10, 11, 12, 13, 14]",0.2721
2018,12,21,5,264,19228,72.83,0,0,6463,0.3361,3221,3242,89,12.35,9.0,4788,1392,196,87,39,0.0258,"{""IC"": 4581, ""S"": 968, ""PVV"": 50, ""PYO"": 332, ""HSM"": 126, ""HDM"": 119, ""AE"": 199, ""MV"": 88}","[5, 6, 7, 8, 9, 10, 11, 15, 16, 12]",0.2869
2018,12,22,6,207,15746,76.07,1,122,6313,0.4009,3142,3171,79,14.4,11.0,4187,1507,563,56,39,0.023,"{""IC"": 4431, ""S"": 878, ""PVV"": 2, ""PYO"": 276, ""HSM"": 41, ""HDM"": 175, ""AE"": 374, ""MV"": 136}","[5, 6, 7, 8, 9, 10, 11, 12, 13, 14]",0.3227
2018,12,23,7,210,16478,78.47,0,0,6823,0.4141,3410,3413,147,19.48,12.0,3876,1842,847,258,33,0.0175,"{""IC"": 4682, ""S"": 1057, ""PYO"": 452, ""HSM"": 11, ""HDM"": 163, ""AE"": 409, ""MV"": 49}","[5, 6, 7, 8, 11, 12, 9, 10, 14, 13]",0.3466
2018,12,24,1,123,8430,68.54,0,0,2367,0.2808,1184,1183,53,14.0,9.0,1632,395,340,0,16,0.0212,"{""IC"": 1902, ""PVV"": 50, ""S"": 242, ""HDM"": 45, ""AE"": 116, ""MV"": 12}","[5, 6, 9, 7, 8, 10, 15, 11, 16, 13]",0.3357
2018,12,25,2,135,10556,78.19,0,0,3120,0.2956,1555,1565,78,18.42,10.0,1831,644,517,128,13,0.0191,"{""IC"": 2251, ""S"": 438, ""PVV"": 60, ""PYO"": 211, ""HDM"": 35, ""AE"": 99, ""MV"": 26}","[5, 6, 7, 8, 10, 9, 22, 21, 11, 16]",0.3373
2018,12,26,3,218,16486,75.62,7,148,7250,0.4398,3615,3635,233,17.28,10.0,5076,1182,508,484,44,0.0201,"{""IC"": 4702, ""S"": 1587, ""PVV"": 31, ""PYO"": 390, ""HDM"": 71, ""AE"": 347, ""MV"": 122}","[5, 6, 7, 8, 11, 10, 12, 9, 13, 14]",0.3509
2018,12,27,4,272,19158,70.43,13,592,6601,0.3446,3299,3302,116,17.38,9.0,4545,1141,449,466,38,0.0208,"{""IC"": 4417, ""S"": 1188, ""PVV"": 25, ""PYO"": 149, ""HSM"": 29, ""HDM"": 121, ""AE"": 292, ""MUS"": 4, ""MV"": 376}","[5, 6, 7, 8, 9, 10, 11, 12, 13, 14]",0.3588
2018,12,28,5,280,19620,70.07,0,0,4802,0.2448,2396,2406,79,13.12,9.0,3158,1328,314,2,32,0.0333,"{""S"": 703, ""IC"": 2854, ""PVV"": 153, ""PYO"": 451, ""HSM"": 58, ""HDM"": 90, ""AE"": 192, ""MUS"": 19, ""MV"": 265, ""V"": 17}","[5, 6, 8, 7, 9, 10, 16, 12, 11, 20]",0.3458
2018,12,29,6,217,15998,73.72,0,0,4515,0.2822,2248,2267,135,14.53,10.0,3058,1117,256,84,30,0.0282,"{""IC"": 2922, ""S"": 587, ""PVV"": 88, ""PYO"": 288, ""HSM"": 45, ""HDM"": 119, ""AE"": 325, ""MUS"": 16, ""V"": 35, ""MV"": 90}","[5, 6, 7, 10, 8, 9, 11, 12, 14, 13]",0.3288
2018,12,30,7,218,16476,75.58,3,116,5082,0.3084,2535,2547,155,14.93,9.0,3535,1117,314,116,26,0.0239,"{""IC"": 2747, ""S"": 1163, ""PVV"": 143, ""PYO"": 386, ""HSM"": 35, ""HDM"": 83, ""AE"": 346, ""MUS"": 177, ""V"": 2}","[5, 6, 7, 8, 9, 10, 12, 11, 17, 15]",0.3137
2018,12,31,1,247,17338,70.19,0,0,4151,0.2394,2077,2074,52,11.44,8.0,3135,855,161,0,17,0.0332,"{""IC"": 2982, ""PVV"": 2, ""S"": 685, ""HSM"": 40, ""HDM"": 65, ""AE"": 247, ""MV"": 130}","[5, 6, 7, 8, 9, 11, 13, 12, 15, 10]",0.3078
2019,1,1,2,223,16992,76.2,4,206,6141,0.3614,3074,3067,185,25.64,12.0,3539,1243,523,836,27,0.0187,"{""IC"": 3526, ""S"": 1285, ""PYO"": 740, ""HSM"": 18, ""HDM"": 109, ""PVV"": 71, ""AE"": 310, ""MV"": 82}","[5, 6, 7, 8, 10, 11, 9, 12, 13, 16]",0.3172
2019,1,2,3,267,19358,72.5,7,310,14918,0.7706,7471,7447,346,45.0,32.0,3509,3482,3940,3987,116,0.0143,"{""IC"": 9407, ""S"": 3312, ""PVV"": 306, ""PYO"": 682, ""HSM"": 233, ""HDM"": 339, ""AE"": 535, ""MV"": 104}","[5, 9, 6, 7, 12, 8, 11, 24, 10, 26]",0.3645
2019,1,3,4,268,19548,72.94,4,60,11549,0.5908,5786,5763,97,18.41,14.0,6131,3358,1792,268,78,0.0168,"{""IC"": 7833, ""S"": 2078, ""PVV"": 155, ""PYO"": 304, ""HSM"": 89, ""HDM"": 283, ""AE"": 535, ""MV"": 272}","[5, 6, 7, 8, 9, 11, 12, 10, 16, 15]",0.3997
2019,1,4,5,266,19350,72.74,0,4,7742,0.4001,3883,3859,78,15.24,11.0,5214,1550,846,132,35,0.0211,"{""IC"": 5413, ""S"": 1065, ""PVV"": 189, ""PYO"": 199, ""HSM"": 34, ""HDM"": 210, ""AE"": 579, ""MV"": 53}","[5, 6, 7, 8, 10, 11, 12, 9, 13, 14]",0.4218
2019,1,5,6,209,15916,76.15,2,84,4489,0.282,2246,2243,181,24.67,10.0,3108,398,398,585,22,0.0207,"{""IC"": 3205, ""S"": 530, ""PVV"": 146, ""PYO"": 136, ""HSM"": 7, ""HDM"": 55, ""AE"": 373, ""MV"": 37}","[5, 6, 7, 9, 8, 12, 10, 13, 11, 14]",0.4218
2019,1,6,7,207,15410,74.44,0,8,4189,0.2718,2098,2091,49,10.7,8.0,3350,746,93,0,19,0.0295,"{""IC"": 2905, ""S"": 506, ""PVV"": 134, ""PYO"": 13, ""HSM"": 18, ""HDM"": 101, ""AE"": 439, ""MV"": 73}","[5, 6, 7, 8, 9, 10, 11, 12, 13, 14]",0.4166
2019,1,7,1,263,18472,70.24,6,142,4793,0.2595,2391,2402,46,11.05,8.0,3810,721,262,0,26,0.0294,"{""IC"": 3236, ""S"": 730, ""PVV"": 233, ""PYO"": 52, ""HSM"": 83, ""HDM"": 162, ""AE"": 281, ""MV"": 16}","[5, 6, 7, 8, 9, 10, 14, 11, 12, 13]",0.4195
2019,1,8,2,258,18390,71.28,2,216,5928,0.3223,2973,2955,125,12.81,8.0,4948,553,286,141,25,0.0248,"{""IC"": 4319, ""S"": 765, ""PVV"": 136, ""PYO"": 44, ""HSM"": 38, ""HDM"": 95, ""AE"": 485, ""MV"": 46}","[5, 6, 7, 8, 9, 11, 10, 12, 13, 14]",0.4139
2019,1,9,3,258,18478,71.62,0,0,7540,0.4081,3776,3764,56,12.78,10.0,5290,1903,347,0,48,0.021,"{""IC"": 5375, ""S"": 1322, ""PVV"": 142, ""PYO"": 74, ""HSM"": 146, ""HDM"": 133, ""AE"": 348}","[5, 6, 7, 8, 9, 13, 12, 10, 14, 11]",0.3621
2019,1,10,4,259,18334,70.79,1,28,6426,0.3505,3218,3208,391,13.59,10.0,4797,1278,310,41,30,0.0271,"{""IC"": 4721, ""S"": 976, ""PVV"": 162, ""PYO"": 55, ""HSM"": 45, ""HDM"": 102, ""AE"": 361, ""MV"": 4}","[5, 6, 7, 8, 10, 9, 11, 12, 13, 16]",0.3278
2019,1,11,5,263,18500,70.34,2,222,4425,0.2392,2218,2207,125,18.46,9.0,3181,591,319,334,23,0.0232,"{""IC"": 3327, ""S"": 490, ""PVV"": 86, ""PYO"": 25, ""HSM"": 45, ""HDM"": 97, ""AE"": 327, ""MV"": 28}","[5, 6, 7, 8, 9, 10, 11, 12, 14, 13]",0.3048
2019,1,12,6,200,15056,75.28,4,266,3338,0.2217,1661,1677,94,16.99,9.0,2300,672,156,210,15,0.0269,"{""S"": 453, ""IC"": 2441, ""PVV"": 16, ""PYO"": 57, ""HSM"": 5, ""HDM"": 81, ""AE"": 285}","[5, 6, 7, 8, 9, 13, 15, 10, 12, 11]",0.2962
2019,1,13,7,205,15204,74.17,0,0,4393,0.2889,2204,2189,58,12.33,9.0,3250,872,271,0,16,0.0257,"{""IC"": 3150, ""S"": 640, ""PVV"": 3, ""PYO"": 18, ""HSM"": 7, ""HDM"": 87, ""AE"": 466, ""MV"": 22}","[5, 6, 7, 9, 8, 10, 11, 16, 12, 15]",0.2986
2019,1,14,1,259,18482,71.36,0,0,6958,0.3765,3481,3477,97,14.61,9.0,4921,1399,444,194,32,0.02,"{""IC"": 5068, ""S"": 1152, ""PVV"": 158, ""PYO"": 50, ""HSM"": 29, ""HDM"": 71, ""AE"": 388, ""MV"": 42}","[5, 6, 7, 8, 9, 10, 11, 12, 13, 14]",0.3153
2019,1,15,2,258,18468,71.58,0,2,6664,0.3608,3331,3333,75,13.13,9.0,5102,889,631,42,39,0.0217,"{""IC"": 4850, ""S"": 1121, ""PVV"": 124, ""PYO"": 8, ""HSM"": 21, ""HDM"": 159, ""AE"": 293, ""MV"": 88}","[5, 6, 7, 8, 9, 10, 11, 12, 13, 14]",0.3208
2019,1,16,3,260,18596,71.52,6,108,7076,0.3805,3548,3528,96,14.89,9.0,5124,1248,392,312,33,0.0229,"{""IC"": 4878, ""S"": 1370, ""PYO"": 30, ""HSM"": 60, ""HDM"": 157, ""AE"": 421, ""MV"": 160}","[5, 6, 7, 8, 9, 10, 11, 12, 13, 14]",0.3169
2019,1,17,4,263,18508,70.37,13,284,8765,0.4736,4395,4370,114,16.88,13.0,5042,2567,1048,108,52,0.0181,"{""S"": 1586, ""IC"": 6053, ""PVV"": 77, ""PYO"": 108, ""HSM"": 103, ""HDM"": 178, ""AE"": 519, ""MV"": 141}","[5, 6, 9, 7, 8, 10, 11, 15, 14, 12]",0.3345
2019,1,18,5,264,18750,71.02,15,402,11829,0.6309,5931,5898,218,26.38,16.0,5218,3583,1834,1194,69,0.014,"{""IC"": 8387, ""S"": 2117, ""PVV"": 78, ""PYO"": 155, ""HSM"": 187, ""HDM"": 259, ""AE"": 432, ""MV"": 214}","[5, 9, 6, 7, 8, 10, 13, 11, 12, 16]",0.3904
2019,1,19,6,203,15262,75.18,12,222,6161,0.4037,3089,3072,163,17.6,12.0,3554,1645,771,191,30,0.021,"{""IC"": 4596, ""S"": 674, ""PVV"": 23, ""PYO"": 147, ""HSM"": 41, ""HDM"": 71, ""AE"": 449, ""MV"": 160}","[5, 6, 7, 8, 9, 11, 10, 12, 15, 14]",0.4164
2019,1,20,7,206,15292,74.23,13,360,8302,0.5429,4169,4133,167,25.63,16.0,3734,2511,1242,815,41,0.0153,"{""IC"": 5530, ""S"": 1781, ""PVV"": 78, ""PYO"": 108, ""HSM"": 43, ""HDM"": 165, ""AE"": 585, ""MV"": 12}","[5, 6, 7, 8, 9, 14, 10, 11, 16, 17]",0.4527
2019,1,21,1,261,18360,70.34,1,46,13370,0.7282,6709,6661,116,23.67,17.0,5536,4573,2287,974,91,0.0159,"{""IC"": 9271, ""S"": 2571, ""PVV"": 146, ""PYO"": 101, ""HSM"": 309, ""HDM"": 269, ""AE"": 595, ""V"": 36, ""MV"": 72}","[5, 6, 8, 7, 11, 9, 13, 15, 12, 14]",0.5029
2019,1,22,2,263,18792,71.45,9,678,12767,0.6794,6410,6357,141,23.52,16.0,5668,3882,2355,862,89,0.0162,"{""IC"": 8596, ""S"": 2639, ""PVV"": 136, ""PYO"": 204, ""HSM"": 197, ""HDM"": 242, ""AE"": 643, ""MV"": 110}","[5, 6, 8, 7, 10, 11, 13, 9, 14, 12]",0.5485
2019,1,23,3,270,19080,70.67,6,204,10802,0.5661,5410,5392,143,20.17,14.0,5473,3146,1921,262,55,0.0167,"{""IC"": 7694, ""S"": 1610, ""PVV"": 54, ""PYO"": 329, ""HSM"": 26, ""HDM"": 217, ""AE"": 556, ""MV"": 316}","[6, 5, 7, 8, 9, 10, 12, 11, 13, 14]",0.575
2019,1,24,4,264,18840,71.36,4,138,11001,0.5839,5509,5492,161,23.59,17.0,4680,3328,2556,437,85,0.0162,"{""IC"": 7343, ""S"": 1994, ""PVV"": 137, ""PYO"": 168, ""HSM"": 128, ""HDM"": 403, ""AE"": 654, ""MV"": 174}","[5, 6, 7, 8, 10, 9, 14, 12, 15, 13]",0.5907
2019,1,25,5,267,18914,70.84,3,72,10875,0.575,5452,5423,165,21.34,15.0,5104,3802,1457,512,78,0.0159,"{""S"": 1873, ""IC"": 7597, ""PVV"": 4, ""PYO"": 355, ""HSM"": 91, ""HDM"": 272, ""AE"": 557, ""MV"": 126}","[5, 7, 6, 8, 9, 10, 12, 11, 15, 17]",0.5827
2019,1,26,6,210,15230,72.52,3,42,7912,0.5195,3966,3946,126,20.44,15.0,3752,2479,1251,430,41,0.0182,"{""IC"": 5607, ""S"": 1402, ""PYO"": 97, ""HSM"": 84, ""HDM"": 92, ""AE"": 596, ""MUS"": 6, ""MV"": 28}","[5, 6, 7, 8, 9, 18, 11, 10, 16, 19]",0.5993
2019,1,27,7,212,15730,74.2,1,32,11365,0.7225,5702,5663,168,25.3,21.0,4090,3693,2994,588,78,0.0156,"{""IC"": 7253, ""S"": 2612, ""PVV"": 93, ""PYO"": 270, ""HSM"": 100, ""HDM"": 292, ""AE"": 571, ""MV"": 174}","[10, 5, 9, 12, 8, 11, 6, 7, 19, 23]",0.6249
2019,1,28,1,269,19196,71.36,6,660,13025,0.6785,6543,6482,135,33.28,27.0,3813,3125,4135,1952,89,0.0167,"{""IC"": 8744, ""S"": 2654, ""PVV"": 178, ""PYO"": 181, ""HSM"": 181, ""HDM"": 255, ""AE"": 615, ""MV"": 217}","[6, 5, 9, 8, 7, 11, 10, 20, 22, 21]",0.6178
2019,1,29,2,259,18578,71.73,3,74,12625,0.6796,6336,6289,120,23.48,16.0,5608,3899,2272,846,78,0.0151,"{""IC"": 8864, ""S"": 2061, ""PVV"": 75, ""PYO"": 406, ""HSM"": 238, ""HDM"": 265, ""AE"": 669, ""MV"": 47}","[5, 7, 6, 8, 9, 10, 12, 11, 14, 13]",0.6179
2019,1,30,3,265,19002,71.71,2,154,13132,0.6911,6577,6555,137,20.04,16.0,5809,4832,2126,365,100,0.0171,"{""IC"": 9009, ""S"": 2621, ""PVV"": 76, ""PYO"": 214, ""HSM"": 167, ""HDM"": 292, ""AE"": 583, ""MV"": 170}","[5, 6, 8, 9, 10, 11, 7, 13, 12, 14]",0.6357
2019,1,31,4,263,18778,71.4,2,76,9794,0.5216,4911,4883,83,16.64,13.0,5325,3234,1131,104,54,0.0173,"{""IC"": 7121, ""S"": 1803, ""PVV"": 27, ""PYO"": 150, ""HSM"": 45, ""HDM"": 156, ""AE"": 372, ""MV"": 120}","[5, 6, 7, 8, 9, 10, 11, 12, 15, 16]",0.6268
2019,2,1,5,263,18808,71.51,2,46,10312,0.5483,5166,5146,222,29.68,13.0,5596,2092,1155,1469,63,0.016,"{""IC"": 7589, ""S"": 1761, ""PVV"": 31, ""PYO"": 207, ""HSM"": 144, ""HDM"": 183, ""AE"": 397}","[5, 6, 7, 8, 9, 10, 11, 13, 12, 14]",0.623
2019,2,2,6,209,15252,72.98,1,186,8467,0.5551,4244,4223,101,18.1,13.0,4664,2588,1045,170,50,0.0176,"{""IC"": 5793, ""S"": 1683, ""PVV"": 49, ""PYO"": 173, ""HSM"": 29, ""HDM"": 189, ""AE"": 371, ""MV"": 180}","[5, 6, 7, 9, 10, 8, 12, 11, 16, 13]",0.6281
2019,2,3,7,212,15674,73.93,9,328,12081,0.7708,6056,6025,376,51.38,26.0,3309,3283,2519,2970,83,0.0134,"{""IC"": 7914, ""S"": 2488, ""PVV"": 89, ""PYO"": 323, ""HSM"": 69, ""HDM"": 245, ""AE"": 659, ""MV"": 294}","[7, 6, 11, 5, 8, 10, 9, 14, 12, 17]",0.635
2019,2,4,1,274,19592,71.5,11,886,12498,0.6379,6261,6237,179,24.63,17.0,5385,3588,2589,936,100,0.0152,"{""IC"": 8267, ""S"": 2412, ""PVV"": 83, ""PYO"": 352, ""HSM"": 132, ""HDM"": 327, ""AE"": 476, ""MV"": 449}","[5, 6, 7, 8, 10, 11, 9, 13, 14, 16]",0.6292
2019,2,5,2,268,19120,71.34,18,1532,10404,0.5441,5223,5181,142,20.9,16.0,4872,3362,1680,490,57,0.0163,"{""IC"": 6993, ""S"": 1934, ""PVV"": 90, ""PYO"": 225, ""HSM"": 145, ""HDM"": 229, ""AE"": 571, ""MV"": 217}","[5, 6, 7, 8, 11, 9, 10, 18, 17, 16]",0.6098
2019,2,6,3,261,18996,72.78,28,1534,12574,0.6619,6303,6271,158,25.95,20.0,4425,4019,3364,766,83,0.0165,"{""IC"": 8613, ""S"": 2425, ""PVV"": 65, ""PYO"": 307, ""HSM"": 132, ""HDM"": 301, ""AE"": 604, ""MV"": 127}","[5, 6, 15, 14, 16, 9, 7, 13, 11, 12]",0.6057
2019,2,7,4,268,19050,71.08,20,688,12448,0.6534,6243,6205,163,31.1,20.0,4266,3754,2629,1799,84,0.0153,"{""IC"": 7982, ""S"": 2783, ""PVV"": 43, ""PYO"": 191, ""HSM"": 132, ""HDM"": 359, ""AE"": 553, ""MV"": 405}","[5, 6, 14, 7, 8, 15, 12, 16, 21, 10]",0.6245
2019,2,8,5,267,19340,72.43,9,340,10100,0.5222,5062,5038,90,18.68,14.0,5258,2901,1758,183,71,0.0183,"{""IC"": 6941, ""S"": 2053, ""PVV"": 10, ""PYO"": 278, ""HSM"": 41, ""HDM"": 227, ""AE"": 443, ""MV"": 107}","[5, 6, 7, 8, 10, 9, 11, 12, 13, 14]",0.6208
2019,2,9,6,212,15958,75.27,6,326,5815,0.3644,2909,2906,173,23.35,12.0,3185,1387,720,523,25,0.0181,"{""IC"": 3916, ""S"": 983, ""PVV"": 1, ""PYO"": 199, ""HSM"": 39, ""HDM"": 76, ""AE"": 348, ""MV"": 253}","[5, 6, 7, 8, 11, 10, 9, 12, 16, 14]",0.5935
2019,2,10,7,213,15706,73.74,6,194,5905,0.376,2950,2955,73,12.79,9.0,4274,1363,159,109,38,0.0226,"{""IC"": 4184, ""S"": 948, ""PYO"": 88, ""HSM"": 19, ""HDM"": 132, ""AE"": 274, ""MV"": 260}","[5, 6, 7, 8, 10, 9, 11, 12, 13, 14]",0.5371
2019,2,11,1,261,18660,71.49,3,150,5198,0.2786,2605,2593,61,12.95,8.0,3837,802,558,1,23,0.0258,"{""IC"": 3808, ""S"": 636, ""PVV"": 90, ""PYO"": 85, ""HSM"": 45, ""HDM"": 96, ""AE"": 412, ""MV"": 26}","[5, 6, 7, 8, 10, 9, 11, 12, 16, 13]",0.4858
2019,2,12,2,265,18942,71.48,8,250,5998,0.3167,3005,2993,114,17.05,10.0,4008,1238,455,297,35,0.0255,"{""IC"": 4143, ""S"": 868, ""PVV"": 64, ""PYO"": 75, ""HSM"": 41, ""HDM"": 75, ""AE"": 543, ""MV"": 189}","[5, 6, 7, 8, 9, 10, 11, 12, 13, 14]",0.4533
2019,2,13,3,265,18856,71.15,3,158,9254,0.4908,4645,4609,202,21.62,13.0,5058,2456,1213,527,57,0.0206,"{""IC"": 6176, ""S"": 1741, ""PVV"": 95, ""PYO"": 97, ""HSM"": 125, ""HDM"": 182, ""AE"": 540, ""MV"": 298}","[6, 5, 7, 8, 10, 11, 9, 12, 13, 14]",0.4289
2019,2,14,4,265,18896,71.31,4,262,7464,0.395,3739,3725,162,17.7,11.0,4836,1669,643,316,45,0.0201,"{""IC"": 5114, ""S"": 1365, ""PVV"": 144, ""PYO"": 235, ""HSM"": 23, ""HDM"": 172, ""AE"": 323, ""MV"": 88}","[5, 8, 9, 6, 7, 10, 11, 13, 14, 12]",0.392
2019,2,15,5,269,19294,71.72,0,14,7849,0.4068,3928,3921,180,14.61,10.0,5624,1377,725,123,41,0.0239,"{""S"": 1281, ""IC"": 5522, ""PYO"": 377, ""HSM"": 30, ""HDM"": 139, ""AE"": 485, ""MV"": 15}","[5, 6, 7, 8, 9, 10, 11, 12, 13, 15]",0.3755
2019,2,16,6,215,16348,76.04,0,140,5332,0.3262,2663,2669,96,17.53,11.0,3295,1147,738,152,33,0.0241,"{""IC"": 3713, ""S"": 476, ""PVV"": 64, ""PYO"": 178, ""HSM"": 35, ""HDM"": 104, ""AE"": 366, ""MUS"": 33, ""MV"": 363}","[5, 6, 7, 8, 9, 11, 10, 12, 13, 15]",0.37
2019,2,17,7,215,15778,73.39,11,198,4390,0.2782,2193,2197,95,12.81,9.0,3194,931,231,34,19,0.0298,"{""IC"": 2844, ""S"": 712, ""PVV"": 6, ""PYO"": 137, ""HSM"": 21, ""HDM"": 90, ""AE"": 416, ""MUS"": 59, ""MV"": 105}","[5, 6, 7, 8, 9, 10, 11, 12, 13, 14]",0.356
2019,2,18,1,266,18760,70.53,3,212,5759,0.307,2886,2873,127,17.08,12.0,3514,1559,529,157,36,0.0258,"{""IC"": 4069, ""S"": 792, ""PVV"": 68, ""PYO"": 110, ""HSM"": 50, ""HDM"": 145, ""AE"": 441, ""MV"": 84}","[5, 7, 6, 9, 8, 10, 14, 11, 12, 13]",0.3601
2019,2,19,2,257,18570,72.26,0,52,5761,0.3102,2890,2871,167,16.46,12.0,3375,1819,522,45,40,0.0259,"{""IC"": 4190, ""S"": 842, ""PYO"": 58, ""HSM"": 59, ""HDM"": 159, ""AE"": 453}","[5, 6, 7, 8, 9, 10, 11, 12, 13, 14]",0.3592
2019,2,20,3,260,18762,72.16,2,218,5107,0.2722,2556,2551,104,14.94,11.0,3289,1229,588,1,35,0.026,"{""IC"": 3773, ""S"": 621, ""PVV"": 43, ""PYO"": 53, ""HSM"": 69, ""HDM"": 177, ""AE"": 350, ""MV"": 21}","[5, 6, 7, 8, 11, 9, 12, 10, 13, 14]",0.3279
2019,2,21,4,263,18720,71.18,1,16,6298,0.3364,3152,3146,112,15.9,11.0,4050,1737,225,286,39,0.0252,"{""IC"": 4425, ""S"": 960, ""PVV"": 3, ""PYO"": 216, ""HSM"": 29, ""HDM"": 117, ""AE"": 412, ""MV"": 136}","[5, 8, 6, 9, 7, 10, 11, 12, 15, 13]",0.3196
2019,2,22,5,272,19468,71.57,2,158,10528,0.5408,5259,5269,211,22.0,14.0,5437,3342,1078,671,69,0.0148,"{""IC"": 6679, ""S"": 2248, ""PVV"": 100, ""PYO"": 550, ""HSM"": 129, ""HDM"": 218, ""AE"": 487, ""MV"": 117}","[5, 6, 7, 8, 9, 10, 14, 11, 12, 13]",0.3387
2019,2,23,6,204,15638,76.66,1,60,4107,0.2626,2050,2057,107,16.08,10.0,2655,909,350,193,24,0.0281,"{""IC"": 2757, ""S"": 388, ""PVV"": 92, ""PYO"": 185, ""HDM"": 74, ""AE"": 526, ""MV"": 85}","[5, 6, 7, 8, 9, 11, 10, 12, 15, 13]",0.3296
2019,2,24,7,205,15572,75.96,0,158,4406,0.2829,2199,2207,91,18.1,9.0,3082,295,896,133,24,0.0244,"{""IC"": 2940, ""S"": 961, ""PVV"": 9, ""PYO"": 50, ""HDM"": 47, ""AE"": 399}","[5, 6, 7, 8, 9, 10, 11, 12, 53, 13]",0.3303
2019,2,25,1,271,18998,70.1,6,170,3552,0.187,1774,1778,42,10.74,8.0,2724,772,56,0,23,0.0434,"{""IC"": 2277, ""S"": 549, ""PVV"": 16, ""PYO"": 26, ""HSM"": 30, ""HDM"": 72, ""AE"": 374, ""MV"": 208}","[5, 6, 7, 8, 9, 10, 12, 11, 15, 16]",0.3132
2019,2,26,2,261,18714,71.7,1,44,3752,0.2005,1885,1867,84,17.5,10.0,2545,582,402,223,17,0.0292,"{""IC"": 2648, ""S"": 597, ""PVV"": 19, ""PYO"": 10, ""HSM"": 23, ""HDM"": 61, ""AE"": 238, ""MV"": 156}","[5, 6, 7, 8, 9, 13, 12, 10, 11, 15]",0.2975
2019,2,27,3,256,18508,72.3,0,50,2369,0.128,1192,1177,128,12.71,7.0,1935,254,123,57,17,0.0473,"{""IC"": 1633, ""S"": 258, ""PVV"": 4, ""PYO"": 75, ""HSM"": 12, ""HDM"": 103, ""AE"": 284}","[5, 6, 7, 8, 9, 10, 15, 11, 13, 12]",0.2769
2019,2,28,4,264,18802,71.22,4,118,5796,0.3083,2903,2893,203,15.02,9.0,4361,923,319,193,28,0.0246,"{""IC"": 4119, ""S"": 736, ""PVV"": 50, ""PYO"": 191, ""HSM"": 60, ""HDM"": 81, ""AE"": 387, ""MV"": 172}","[5, 6, 8, 7, 9, 10, 14, 11, 13, 12]",0.2729
2019,3,1,5,267,19320,72.36,1,32,5326,0.2757,2656,2670,105,17.48,9.0,3688,895,377,366,30,0.0234,"{""IC"": 3429, ""S"": 964, ""PVV"": 24, ""PYO"": 348, ""HSM"": 20, ""HDM"": 179, ""AE"": 352, ""MV"": 10}","[5, 6, 7, 8, 11, 10, 9, 12, 13, 23]",0.235
2019,3,2,6,206,15668,76.06,1,32,5305,0.3386,2660,2645,48,13.28,10.0,3714,1138,453,0,27,0.0256,"{""IC"": 3764, ""S"": 757, ""PVV"": 26, ""PYO"": 310, ""HSM"": 18, ""HDM"": 109, ""AE"": 293, ""MV"": 28}","[5, 6, 7, 8, 9, 10, 12, 11, 13, 14]",0.2459
2019,3,3,7,207,15508,74.92,0,0,4714,0.304,2364,2350,57,12.68,9.0,3486,869,359,0,31,0.0262,"{""IC"": 3321, ""S"": 696, ""PVV"": 74, ""PYO"": 102, ""HSM"": 5, ""HDM"": 130, ""AE"": 333, ""MV"": 53}","[5, 6, 7, 8, 10, 9, 11, 12, 13, 14]",0.2489
2019,3,4,1,265,18638,70.33,4,150,5292,0.2839,2654,2638,62,10.78,8.0,4267,887,120,18,23,0.0296,"{""IC"": 3704, ""S"": 1004, ""PVV"": 2, ""PYO"": 44, ""HSM"": 42, ""HDM"": 81, ""AE"": 371, ""MV"": 44}","[5, 6, 7, 8, 9, 12, 10, 13, 11, 14]",0.2627
2019,3,5,2,261,18592,71.23,3,62,5942,0.3196,2987,2955,159,15.64,10.0,3949,1423,420,150,33,0.0227,"{""IC"": 4314, ""S"": 994, ""PYO"": 221, ""HSM"": 38, ""HDM"": 105, ""AE"": 249, ""MUS"": 16, ""MV"": 5}","[5, 6, 7, 8, 9, 11, 12, 13, 10, 16]",0.2797
2019,3,6,3,258,18592,72.06,2,28,6091,0.3276,3051,3040,59,11.67,8.0,4742,959,390,0,37,0.0255,"{""IC"": 4512, ""S"": 824, ""PVV"": 39, ""PYO"": 128, ""HSM"": 41, ""HDM"": 89, ""AE"": 374, ""MV"": 84}","[5, 6, 7, 8, 9, 10, 11, 12, 13, 14]",0.3082
2019,3,7,4,263,18662,70.96,4,126,6781,0.3634,3397,3384,136,16.06,9.0,4994,1072,450,265,30,0.0198,"{""IC"": 4917, ""S"": 1065, ""PVV"": 90, ""PYO"": 221, ""HSM"": 18, ""HDM"": 92, ""AE"": 334, ""MV"": 44}","[5, 6, 7, 8, 9, 10, 11, 12, 14, 13]",0.3161
2019,3,8,5,269,19250,71.56,0,0,6635,0.3447,3314,3321,166,16.25,10.0,4861,1248,277,249,43,0.0213,"{""IC"": 4631, ""S"": 1012, ""PVV"": 22, ""PYO"": 293, ""HSM"": 25, ""HDM"": 133, ""AE"": 422, ""MV"": 97}","[5, 6, 7, 9, 8, 10, 11, 12, 13, 15]",0.326
2019,3,9,6,206,15784,76.62,1,248,5232,0.3315,2610,2622,109,18.89,10.0,3422,1089,304,417,26,0.0182,"{""IC"": 3798, ""S"": 535, ""PVV"": 21, ""PYO"": 319, ""HSM"": 25, ""HDM"": 65, ""AE"": 373, ""MV"": 96}","[5, 6, 7, 8, 9, 10, 11, 14, 15, 13]",0.325
2019,3,10,7,206,15472,75.11,0,0,5581,0.3607,2792,2789,117,11.46,9.0,4422,926,200,33,21,0.0272,"{""IC"": 3950, ""S"": 760, ""PVV"": 154, ""PYO"": 161, ""HSM"": 10, ""HDM"": 65, ""AE"": 478, ""MV"": 3}","[5, 6, 9, 7, 8, 10, 11, 13, 12, 14]",0.3331
2019,3,11,1,264,18794,71.19,1,20,6721,0.3576,3368,3353,91,15.05,10.0,4640,1489,337,255,31,0.021,"{""IC"": 4816, ""S"": 903, ""PVV"": 79, ""PYO"": 137, ""HSM"": 22, ""HDM"": 88, ""AE"": 444, ""MV"": 232}","[5, 6, 7, 9, 8, 11, 10, 12, 13, 14]",0.3436
2019,3,12,2,267,19136,71.67,1,330,5854,0.3059,2935,2919,145,14.1,10.0,4396,920,380,158,29,0.0266,"{""S"": 1002, ""IC"": 3914, ""PYO"": 192, ""HSM"": 23, ""HDM"": 83, ""AE"": 433, ""MV"": 207}","[5, 6, 7, 8, 9, 10, 11, 12, 13, 14]",0.3416
2019,3,13,3,261,18688,71.6,2,56,5449,0.2916,2737,2712,106,17.87,10.0,3267,1409,447,326,33,0.0239,"{""IC"": 3499, ""S"": 1117, ""PVV"": 6, ""PYO"": 169, ""HSM"": 34, ""HDM"": 79, ""AE"": 420, ""MV"": 125}","[5, 6, 7, 8, 9, 10, 16, 13, 22, 18]",0.3365
2019,3,14,4,263,18892,71.83,10,248,7129,0.3774,3570,3559,117,15.75,10.0,4794,1659,491,185,39,0.0223,"{""IC"": 4963, ""S"": 1350, ""PVV"": 33, ""PYO"": 97, ""HSM"": 7, ""HDM"": 103, ""AE"": 532, ""MV"": 44}","[5, 6, 7, 8, 9, 10, 11, 14, 13, 15]",0.3385
2019,3,15,5,272,19524,71.78,1,80,5930,0.3037,2977,2953,104,11.14,8.0,4626,1072,216,16,27,0.0316,"{""IC"": 3813, ""S"": 1032, ""PVV"": 91, ""PYO"": 380, ""HSM"": 30, ""HDM"": 103, ""AE"": 402, ""MV"": 79}","[5, 6, 7, 8, 9, 10, 11, 14, 12, 13]",0.3326
2019,3,16,6,205,15606,76.13,1,20,3218,0.2062,1610,1608,93,11.47,8.0,2540,523,121,34,16,0.0403,"{""IC"": 2259, ""S"": 355, ""PVV"": 92, ""PYO"": 119, ""HSM"": 7, ""HDM"": 40, ""AE"": 271, ""MV"": 75}","[5, 6, 7, 8, 10, 9, 11, 12, 15, 14]",0.3147
2019,3,17,7,205,15408,75.16,1,20,4802,0.3117,2403,2399,45,13.18,10.0,3097,1398,307,0,17,0.0233,"{""IC"": 3475, ""S"": 670, ""PVV"": 3, ""PYO"": 182, ""HSM"": 18, ""HDM"": 82, ""AE"": 368, ""MV"": 4}","[5, 6, 7, 8, 9, 10, 11, 12, 18, 15]",0.3077
2019,3,18,1,262,18708,71.4,0,52,4693,0.2509,2353,2340,136,13.38,9.0,3649,748,188,108,23,0.0324,"{""IC"": 3052, ""S"": 827, ""PVV"": 102, ""PYO"": 106, ""HSM"": 48, ""HDM"": 127, ""AE"": 289, ""MV"": 142}","[5, 6, 7, 8, 9, 10, 11, 12, 13, 15]",0.2925
2019,3,19,2,259,18654,72.02,2,56,4616,0.2475,2318,2298,54,12.05,9.0,3604,706,306,0,27,0.0331,"{""IC"": 3209, ""S"": 999, ""PVV"": 2, ""PYO"": 57, ""HSM"": 28, ""HDM"": 59, ""AE"": 262}","[5, 6, 7, 8, 9, 10, 11, 12, 13, 14]",0.2841
2019,3,20,3,263,18736,71.24,2,36,5426,0.2896,2720,2706,111,14.89,10.0,3794,1209,263,160,33,0.0264,"{""IC"": 3911, ""S"": 987, ""PVV"": 3, ""PYO"": 88, ""HSM"": 46, ""HDM"": 86, ""AE"": 197, ""MV"": 108}","[5, 6, 7, 8, 10, 9, 11, 14, 12, 15]",0.2839
2019,3,21,4,269,18934,70.39,7,240,5989,0.3163,2994,2995,101,19.34,12.0,3546,1358,761,324,34,0.0214,"{""IC"": 4135, ""S"": 1278, ""PVV"": 29, ""PYO"": 111, ""HSM"": 20, ""HDM"": 171, ""AE"": 83, ""MV"": 162}","[5, 6, 7, 8, 10, 9, 11, 14, 13, 12]",0.2751
2019,3,22,5,271,19510,71.99,2,60,4627,0.2372,2315,2312,60,10.37,8.0,3758,747,121,1,23,0.0349,"{""IC"": 2844, ""S"": 1117, ""PVV"": 43, ""PYO"": 247, ""HSM"": 48, ""HDM"": 58, ""AE"": 148, ""MV"": 122}","[5, 6, 7, 8, 9, 12, 11, 10, 13, 18]",0.2656
2019,3,23,6,207,15636,75.54,1,148,2387,0.1527,1191,1196,47,11.06,8.0,1876,399,112,0,14,0.0516,"{""IC"": 1680, ""S"": 132, ""PVV"": 20, ""PYO"": 127, ""HDM"": 68, ""AE"": 328, ""MV"": 32}","[5, 6, 7, 8, 9, 10, 13, 11, 12, 15]",0.258
2019,3,24,7,208,15462,74.34,2,28,4409,0.2852,2197,2212,68,13.98,8.0,3101,922,265,121,29,0.0269,"{""IC"": 2552, ""S"": 1184, ""PVV"": 77, ""PYO"": 33, ""HSM"": 26, ""HDM"": 102, ""AE"": 365, ""MV"": 70}","[5, 6, 7, 8, 9, 10, 11, 16, 17, 13]",0.2542
2019,3,25,1,263,18778,71.4,0,0,3230,0.172,1622,1608,68,12.44,8.0,2483,530,132,85,19,0.0383,"{""IC"": 2067, ""S"": 468, ""PYO"": 147, ""HSM"": 66, ""HDM"": 102, ""AE"": 248, ""MV"": 132}","[5, 6, 7, 8, 9, 10, 13, 11, 12, 15]",0.2429
2019,3,26,2,258,18686,72.43,0,0,4863,0.2602,2436,2427,172,17.86,9.0,3431,778,446,208,23,0.0239,"{""IC"": 3406, ""PVV"": 20, ""S"": 769, ""PYO"": 146, ""HSM"": 55, ""HDM"": 44, ""AE"": 349, ""MV"": 74}","[5, 6, 7, 8, 9, 10, 13, 11, 14, 12]",0.2447
2019,3,27,3,262,18740,71.53,5,240,3601,0.1922,1806,1795,105,10.01,7.0,3037,511,32,21,14,0.042,"{""IC"": 2434, ""S"": 695, ""PYO"": 69, ""HDM"": 38, ""AE"": 239, ""MV"": 126}","[5, 6, 7, 8, 9, 10, 11, 12, 13, 14]",0.2308
2019,3,28,4,260,18656,71.75,2,32,4501,0.2413,2251,2250,81,16.16,10.0,2906,982,488,125,25,0.0266,"{""S"": 590, ""IC"": 3340, ""PVV"": 3, ""PYO"": 111, ""HSM"": 38, ""HDM"": 88, ""AE"": 330, ""MV"": 1}","[5, 6, 7, 8, 9, 12, 13, 11, 17, 14]",0.2201
2019,3,29,5,267,19260,72.13,6,178,4961,0.2576,2475,2486,86,14.73,10.0,3227,1296,319,119,29,0.0301,"{""IC"": 3352, ""S"": 927, ""PVV"": 3, ""PYO"": 218, ""HSM"": 42, ""HDM"": 159, ""AE"": 260}","[5, 6, 7, 8, 9, 10, 11, 14, 12, 22]",0.223
2019,3,30,6,202,15558,77.02,1,20,3925,0.2523,1960,1965,81,16.91,13.0,2267,1004,576,78,19,0.0275,"{""IC"": 2940, ""S"": 302, ""PVV"": 23, ""PYO"": 214, ""HSM"": 11, ""HDM"": 97, ""AE"": 338}","[5, 6, 9, 11, 7, 8, 12, 13, 16, 10]",0.2373
2019,3,31,7,206,15482,75.16,0,48,5011,0.3237,2498,2513,187,12.31,8.0,4034,743,176,58,21,0.0291,"{""IC"": 3353, ""S"": 986, ""PVV"": 45, ""PYO"": 80, ""HSM"": 19, ""HDM"": 71, ""AE"": 393, ""MV"": 64}","[5, 6, 7, 8, 9, 11, 10, 14, 13, 12]",0.2428
2019,4,1,1,270,18954,70.2,4,258,4665,0.2461,2338,2327,73,17.44,11.0,2869,1025,660,111,35,0.0308,"{""IC"": 3034, ""S"": 969, ""PVV"": 43, ""PYO"": 28, ""HSM"": 63, ""HDM"": 112, ""AE"": 255, ""MV"": 161}","[5, 6, 8, 7, 9, 10, 11, 12, 14, 13]",0.2533
2019,4,2,2,264,18786,71.16,2,4,3308,0.1761,1654,1654,56,12.92,9.0,2329,799,180,0,17,0.0367,"{""S"": 375, ""IC"": 2590, ""PVV"": 9, ""PYO"": 25, ""HSM"": 24, ""HDM"": 26, ""AE"": 255, ""MV"": 4}","[5, 6, 7, 8, 9, 10, 11, 21, 12, 14]",0.2413
2019,4,3,3,260,18828,72.42,0,0,3186,0.1692,1596,1590,89,14.76,8.0,2398,470,172,146,20,0.0393,"{""IC"": 2313, ""S"": 334, ""PVV"": 59, ""PYO"": 1, ""HSM"": 21, ""HDM"": 93, ""AE"": 265, ""MV"": 100}","[5, 6, 7, 8, 9, 10, 13, 11, 12, 14]",0.238
2019,4,4,4,265,18894,71.3,0,0,3656,0.1935,1829,1827,131,12.43,9.0,2847,552,228,29,25,0.0365,"{""IC"": 2610, ""S"": 496, ""PVV"": 22, ""PYO"": 120, ""HSM"": 27, ""HDM"": 61, ""AE"": 210, ""MV"": 110}","[5, 6, 7, 8, 9, 10, 11, 13, 12, 14]",0.2312
2019,4,5,5,270,19426,71.95,0,0,3810,0.1961,1900,1910,55,10.5,7.0,3059,622,129,0,34,0.037,"{""IC"": 2340, ""S"": 776, ""PVV"": 74, ""PYO"": 279, ""HSM"": 18, ""HDM"": 42, ""AE"": 139, ""MV"": 142}","[5, 6, 7, 8, 9, 10, 11, 12, 14, 13]",0.2224
2019,4,6,6,204,15618,76.56,0,14,2630,0.1684,1318,1312,67,12.14,9.0,1962,506,152,10,18,0.0426,"{""IC"": 1869, ""S"": 250, ""PVV"": 11, ""PYO"": 189, ""HSM"": 17, ""HDM"": 54, ""AE"": 180, ""MV"": 60}","[5, 6, 7, 8, 10, 9, 12, 11, 13, 14]",0.2104
2019,4,7,7,208,15390,73.99,0,0,3642,0.2366,1822,1820,79,15.55,8.0,2643,464,361,174,14,0.0288,"{""IC"": 2627, ""S"": 670, ""PVV"": 10, ""PYO"": 5, ""HDM"": 72, ""AE"": 216, ""MV"": 42}","[5, 6, 7, 8, 9, 11, 12, 13, 10, 14]",0.198
2019,4,8,1,266,18910,71.09,1,138,4617,0.2442,2317,2300,130,15.33,10.0,3363,880,167,207,24,0.0319,"{""IC"": 3099, ""S"": 712, ""PVV"": 119, ""PYO"": 204, ""HSM"": 73, ""HDM"": 54, ""AE"": 230, ""MV"": 126}","[5, 6, 7, 9, 8, 10, 12, 11, 13, 14]",0.1977
2019,4,9,2,264,19108,72.38,1,178,4884,0.2556,2458,2426,116,17.18,10.0,3163,978,497,246,24,0.0241,"{""IC"": 3410, ""S"": 785, ""PVV"": 59, ""PYO"": 100, ""HSM"": 63, ""HDM"": 76, ""AE"": 254, ""MV"": 137}","[5, 6, 7, 8, 9, 10, 11, 12, 15, 16]",0.2091
2019,4,10,3,272,19332,71.07,14,466,4717,0.244,2372,2345,71,12.35,10.0,3745,696,205,71,23,0.0347,"{""IC"": 3026, ""S"": 716, ""PVV"": 81, ""PYO"": 162, ""HSM"": 58, ""HDM"": 75, ""AE"": 426, ""MV"": 173}","[5, 7, 6, 9, 8, 10, 11, 13, 12, 14]",0.2198
2019,4,11,4,264,18864,71.45,3,76,5468,0.2899,2732,2736,108,15.43,11.0,3535,1153,734,46,33,0.0255,"{""IC"": 3869, ""S"": 1072, ""PVV"": 110, ""PYO"": 44, ""HSM"": 47, ""HDM"": 104, ""AE"": 160, ""MV"": 62}","[5, 6, 7, 8, 9, 11, 10, 12, 13, 15]",0.2335
2019,4,12,5,272,19504,71.71,3,100,4927,0.2526,2468,2459,139,17.68,8.0,3621,457,421,428,33,0.0266,"{""IC"": 3315, ""S"": 933, ""PVV"": 69, ""PYO"": 183, ""HSM"": 5, ""HDM"": 129, ""AE"": 172, ""MV"": 101, ""V"": 20}","[5, 6, 7, 8, 9, 10, 11, 14, 12, 13]",0.2416
2019,4,13,6,209,15646,74.86,0,2,2540,0.1623,1266,1274,92,15.84,9.0,1800,404,200,136,19,0.039,"{""IC"": 1783, ""S"": 350, ""PVV"": 48, ""PYO"": 161, ""HSM"": 18, ""HDM"": 46, ""AE"": 96, ""MV"": 38}","[5, 6, 7, 8, 9, 12, 10, 11, 16, 13]",0.2407
2019,4,14,7,211,15556,73.73,2,164,4077,0.2621,2032,2045,130,18.8,9.0,2507,718,681,171,18,0.0268,"{""IC"": 2826, ""S"": 717, ""PVV"": 91, ""PYO"": 58, ""HSM"": 1, ""HDM"": 37, ""AE"": 183, ""MV"": 164}","[5, 6, 7, 8, 9, 10, 19, 18, 20, 11]",0.2444
2019,4,15,1,262,18812,71.8,0,0,3174,0.1687,1576,1598,42,11.46,8.0,2409,599,166,0,24,0.0405,"{""IC"": 1938, ""S"": 624, ""PVV"": 62, ""PYO"": 80, ""HSM"": 53, ""HDM"": 38, ""AE"": 308, ""MV"": 71}","[5, 6, 7, 8, 10, 9, 11, 15, 18, 29]",0.2336
2019,4,16,2,260,18788,72.26,0,0,2470,0.1315,1241,1229,38,9.15,7.0,2153,236,81,0,14,0.0546,"{""IC"": 1777, ""S"": 312, ""PYO"": 63, ""HSM"": 19, ""HDM"": 52, ""AE"": 187, ""MV"": 60}","[5, 6, 7, 8, 9, 10, 11, 12, 17, 16]",0.2159
2019,4,17,3,269,19618,72.93,4,208,4535,0.2312,2263,2272,134,13.4,8.0,3440,761,255,79,32,0.0315,"{""IC"": 3066, ""S"": 766, ""PVV"": 75, ""PYO"": 200, ""HSM"": 30, ""HDM"": 109, ""AE"": 173, ""MV"": 116}","[5, 6, 7, 8, 9, 10, 12, 11, 13, 16]",0.214
2019,4,18,4,274,19840,72.41,0,0,3282,0.1654,1642,1640,65,10.03,7.0,2735,475,71,1,23,0.0486,"{""IC"": 1879, ""S"": 571, ""PVV"": 57, ""PYO"": 42, ""HSM"": 45, ""HDM"": 82, ""AE"": 320, ""MUS"": 32, ""MV"": 254}","[5, 6, 7, 8, 10, 12, 9, 11, 13, 17]",0.1963
2019,4,19,5,230,17140,74.52,0,0,2622,0.153,1300,1322,75,9.65,7.0,2332,220,38,32,13,0.0479,"{""IC"": 1682, ""S"": 271, ""PVV"": 77, ""PYO"": 115, ""HSM"": 21, ""HDM"": 85, ""AE"": 319, ""MUS"": 5, ""MV"": 47}","[5, 6, 7, 8, 10, 9, 11, 12, 13, 16]",0.182
2019,4,20,6,222,15716,70.79,0,0,2513,0.1599,1256,1257,82,11.31,7.0,2085,353,16,59,15,0.0509,"{""IC"": 1642, ""S"": 271, ""PVV"": 2, ""PYO"": 109, ""HSM"": 18, ""HDM"": 85, ""AE"": 304, ""MUS"": 21, ""MV"": 61}","[5, 6, 7, 9, 8, 12, 10, 11, 13, 23]",0.1817
2019,4,21,7,180,13248,73.6,1,14,5343,0.4033,2669,2674,137,14.48,10.0,3599,1398,228,118,22,0.0211,"{""IC"": 3411, ""S"": 868, ""PVV"": 38, ""PYO"": 444, ""HSM"": 18, ""HDM"": 42, ""AE"": 472, ""MUS"": 18, ""V"": 32}","[5, 6, 7, 8, 12, 11, 9, 13, 10, 16]",0.2019
2019,4,22,1,211,16464,78.03,1,14,5189,0.3152,2585,2604,53,10.91,8.0,4017,999,173,0,28,0.03,"{""IC"": 3271, ""S"": 1266, ""PVV"": 108, ""PYO"": 111, ""HSM"": 36, ""HDM"": 82, ""AE"": 275, ""MV"": 40}","[5, 6, 7, 8, 9, 10, 11, 13, 14, 12]",0.2228
2019,4,23,2,263,18608,70.75,0,4,4696,0.2524,2349,2347,57,11.54,9.0,3539,1037,120,0,25,0.0356,"{""IC"": 3151, ""S"": 872, ""PVV"": 159, ""PYO"": 42, ""HSM"": 17, ""HDM"": 120, ""AE"": 277, ""MV"": 58}","[6, 5, 7, 9, 8, 10, 11, 12, 13, 14]",0.2401
2019,4,24,3,259,18552,71.63,1,20,3073,0.1656,1538,1535,70,11.3,9.0,2349,677,41,6,20,0.044,"{""IC"": 1794, ""S"": 748, ""PVV"": 102, ""PYO"": 48, ""HSM"": 37, ""HDM"": 162, ""AE"": 152, ""MV"": 30}","[5, 6, 7, 9, 8, 10, 11, 14, 13, 15]",0.2307
2019,4,25,4,267,18698,70.03,4,60,2644,0.1414,1323,1321,62,11.14,8.0,2228,262,151,3,14,0.0507,"{""IC"": 1465, ""S"": 599, ""PVV"": 81, ""PYO"": 15, ""HDM"": 54, ""AE"": 398, ""MV"": 32}","[5, 6, 7, 10, 8, 9, 12, 11, 13, 14]",0.2273
2019,4,26,5,264,18842,71.37,0,0,2965,0.1574,1487,1478,52,9.92,7.0,2461,436,68,0,13,0.0505,"{""S"": 507, ""IC"": 1667, ""PVV"": 156, ""PYO"": 125, ""HSM"": 29, ""HDM"": 91, ""AE"": 362, ""MV"": 28}","[5, 6, 7, 8, 9, 13, 10, 12, 11, 14]",0.2279
2019,4,27,6,206,15580,75.63,3,158,2119,0.136,1061,1058,86,15.01,9.0,1557,383,49,130,8,0.047,"{""IC"": 1203, ""S"": 238, ""PVV"": 116, ""PYO"": 127, ""HDM"": 48, ""AE"": 380, ""MV"": 7}","[5, 6, 7, 8, 9, 12, 10, 11, 13, 17]",0.2245
2019,4,28,7,205,15252,74.4,0,0,5300,0.3475,2653,2647,147,14.71,9.0,4169,793,140,198,29,0.0222,"{""IC"": 3037, ""S"": 1477, ""PVV"": 176, ""PYO"": 2, ""HSM"": 7, ""HDM"": 81, ""AE"": 445, ""MV"": 75}","[5, 7, 6, 8, 9, 11, 12, 10, 13, 15]",0.2165
2019,4,29,1,262,18342,70.01,2,64,3318,0.1809,1663,1655,66,12.95,8.0,2224,829,260,5,21,0.0431,"{""IC"": 1941, ""S"": 796, ""PVV"": 37, ""HSM"": 39, ""HDM"": 158, ""AE"": 230, ""MV"": 117}","[5, 6, 7, 8, 9, 10, 19, 16, 21, 20]",0.1973
2019,4,30,2,267,18810,70.45,0,0,2746,0.146,1382,1364,36,10.3,8.0,2243,443,60,0,18,0.0446,"{""IC"": 1894, ""PVV"": 183, ""S"": 357, ""PYO"": 31, ""HSM"": 6, ""HDM"": 42, ""AE"": 105, ""MV"": 128}","[5, 6, 7, 8, 9, 10, 11, 12, 14, 27]",0.1821
2019,5,1,3,231,17550,75.97,15,366,3172,0.1807,1588,1584,240,16.81,8.0,2294,509,233,136,17,0.0383,"{""IC"": 1662, ""S"": 687, ""PVV"": 99, ""PYO"": 15, ""HSM"": 19, ""HDM"": 51, ""AE"": 361, ""MV"": 278}","[5, 7, 6, 8, 9, 10, 11, 12, 17, 16]",0.1843
2019,5,2,4,258,18314,70.98,3,54,2694,0.1471,1348,1346,56,9.4,7.0,2245,448,1,0,15,0.0447,"{""IC"": 1504, ""S"": 734, ""PVV"": 167, ""HSM"": 40, ""HDM"": 104, ""AE"": 145}","[5, 6, 7, 10, 9, 8, 11, 12, 15, 16]",0.1851
2019,5,3,5,267,18818,70.48,2,152,4432,0.2355,2214,2218,70,11.2,8.0,3406,830,195,1,18,0.0321,"{""IC"": 3231, ""S"": 585, ""PVV"": 128, ""PYO"": 49, ""HDM"": 74, ""AE"": 249, ""MV"": 116}","[5, 6, 7, 8, 9, 10, 11, 12, 16, 17]",0.1962
2019,5,4,6,205,15098,73.65,0,0,2796,0.1852,1405,1391,219,23.05,8.5,1932,438,95,331,12,0.0271,"{""S"": 184, ""IC"": 2025, ""PVV"": 114, ""PYO"": 14, ""HSM"": 1, ""HDM"": 57, ""AE"": 289, ""MUS"": 4, ""MV"": 108}","[5, 6, 7, 8, 9, 10, 11, 15, 14, 16]",0.2033
2019,5,5,7,202,14940,73.96,0,0,4870,0.326,2440,2430,105,12.14,8.0,4071,528,121,150,17,0.0256,"{""IC"": 3073, ""S"": 1169, ""PVV"": 73, ""HSM"": 11, ""HDM"": 50, ""AE"": 494}","[5, 6, 7, 8, 9, 10, 11, 12, 13, 15]",0.2002
2019,5,6,1,265,18510,69.85,3,96,2318,0.1252,1158,1160,81,10.15,7.0,2017,212,52,37,9,0.0478,"{""S"": 416, ""IC"": 1578, ""PVV"": 143, ""HSM"": 6, ""HDM"": 1, ""AE"": 34, ""MV"": 140}","[5, 6, 7, 8, 9, 12, 11, 10, 13, 14]",0.1922
2019,5,7,2,266,18594,69.9,0,0,2772,0.1491,1388,1384,109,13.22,7.0,2221,423,10,118,12,0.04,"{""IC"": 2003, ""S"": 259, ""PVV"": 57, ""HSM"": 64, ""HDM"": 51, ""AE"": 206, ""MUS"": 8, ""MV"": 124}","[5, 6, 7, 8, 9, 10, 12, 13, 11, 20]",0.1927
2019,5,8,3,259,18496,71.41,2,4,3033,0.164,1520,1513,37,9.35,7.0,2577,420,36,0,14,0.0446,"{""S"": 510, ""IC"": 2168, ""PVV"": 159, ""PYO"": 11, ""HSM"": 31, ""HDM"": 57, ""AE"": 97}","[5, 6, 7, 9, 8, 10, 11, 12, 19, 16]",0.1903
2019,5,9,4,264,18604,70.47,3,78,4673,0.2512,2343,2330,121,14.62,9.0,3250,1046,244,133,28,0.0312,"{""IC"": 2844, ""S"": 1127, ""PVV"": 141, ""PYO"": 6, ""HSM"": 58, ""HDM"": 145, ""AE"": 295, ""MV"": 57}","[5, 6, 8, 7, 9, 10, 13, 12, 11, 15]",0.2052
2019,5,10,5,265,18736,70.7,0,0,4646,0.248,2327,2319,75,13.87,8.0,3439,690,371,146,24,0.0285,"{""IC"": 2932, ""S"": 1071, ""PVV"": 177, ""PYO"": 63, ""HSM"": 27, ""HDM"": 108, ""AE"": 240, ""MV"": 28}","[5, 6, 7, 8, 9, 10, 11, 12, 13, 14]",0.207
2019,5,11,6,203,15090,74.33,0,18,2080,0.1378,1042,1038,113,9.62,8.0,1934,108,20,18,7,0.0524,"{""IC"": 1422, ""S"": 252, ""PVV"": 237, ""PYO"": 16, ""HDM"": 57, ""AE"": 96}","[5, 6, 7, 9, 8, 10, 11, 12, 13, 14]",0.2002
2019,5,12,7,205,14998,73.16,0,32,2905,0.1937,1442,1463,121,13.49,10.0,2006,715,137,47,14,0.0364,"{""IC"": 2200, ""PVV"": 116, ""S"": 318, ""HSM"": 1, ""HDM"": 64, ""AE"": 171, ""MV"": 35}","[5, 6, 7, 8, 16, 15, 14, 11, 13, 9]",0.1813
2019,5,13,1,261,18328,70.22,2,56,3550,0.1937,1775,1775,59,12.55,8.0,2598,652,300,0,21,0.0389,"{""IC"": 2717, ""S"": 536, ""PVV"": 128, ""HSM"": 7, ""HDM"": 109, ""AE"": 4, ""MV"": 49}","[5, 6, 7, 8, 9, 10, 12, 11, 13, 14]",0.1911
2019,5,14,2,258,18332,71.05,0,8,2100,0.1146,1053,1047,163,10.95,7.0,1757,318,0,25,8,0.047,"{""IC"": 1566, ""S"": 254, ""PVV"": 108, ""HSM"": 6, ""HDM"": 34, ""AE"": 97, ""MV"": 35}","[5, 6, 7, 8, 9, 11, 10, 12, 14, 15]",0.1861
2019,5,15,3,259,18608,71.85,1,28,3770,0.2026,1892,1878,137,11.18,8.0,3028,625,89,28,21,0.0386,"{""IC"": 2429, ""S"": 863, ""PVV"": 81, ""PYO"": 59, ""HSM"": 32, ""HDM"": 65, ""AE"": 213, ""MV"": 28}","[5, 6, 8, 7, 9, 10, 11, 12, 13, 14]",0.1917
2019,5,16,4,261,18606,71.29,2,32,4564,0.2453,2291,2273,89,11.22,8.0,3532,832,194,6,21,0.0357,"{""IC"": 3281, ""S"": 738, ""PYO"": 48, ""HSM"": 45, ""HDM"": 77, ""AE"": 357, ""MV"": 18}","[5, 6, 7, 8, 9, 11, 10, 12, 15, 13]",0.1908
2019,5,17,5,271,19024,70.2,0,40,5230,0.2749,2602,2628,66,13.18,9.0,3872,914,370,74,33,0.026,"{""IC"": 3771, ""S"": 967, ""PVV"": 22, ""PYO"": 7, ""HSM"": 26, ""HDM"": 94, ""AE"": 72, ""MUS"": 28, ""MV"": 243}","[5, 6, 7, 8, 9, 10, 12, 11, 13, 19]",0.1947
2019,5,18,6,211,15294,72.48,0,0,2735,0.1788,1366,1369,82,14.08,8.0,2140,309,142,144,11,0.0379,"{""IC"": 2002, ""S"": 415, ""PYO"": 17, ""HSM"": 16, ""HDM"": 38, ""P"": 11, ""AE"": 180, ""MUS"": 37, ""MV"": 19}","[5, 6, 7, 8, 9, 12, 10, 13, 11, 14]",0.2005
2019,5,19,7,212,15260,71.98,0,0,4627,0.3032,2306,2321,216,15.32,8.0,3484,732,306,105,31,0.0262,"{""IC"": 2921, ""S"": 1151, ""PVV"": 85, ""HSM"": 50, ""HDM"": 162, ""AE"": 70, ""MUS"": 81, ""MV"": 92, ""V"": 15}","[5, 6, 7, 8, 9, 10, 11, 16, 17, 13]",0.2162
2019,5,20,1,263,18416,70.02,0,0,5840,0.3171,2919,2921,50,11.47,9.0,4571,1132,137,0,36,0.0271,"{""IC"": 3975, ""S"": 1252, ""PVV"": 154, ""HSM"": 46, ""HDM"": 124, ""AE"": 169, ""MV"": 116, ""V"": 4}","[5, 6, 7, 8, 9, 10, 11, 12, 13, 14]",0.2338
2019,5,21,2,260,18346,70.56,0,102,4209,0.2294,2109,2100,96,15.13,8.0,2995,741,293,180,23,0.0303,"{""S"": 700, ""IC"": 3140, ""PVV"": 92, ""HSM"": 57, ""HDM"": 99, ""AE"": 72, ""MV"": 49}","[5, 6, 7, 8, 10, 9, 19, 11, 12, 18]",0.2502
2019,5,22,3,259,18572,71.71,1,142,5525,0.2975,2760,2765,103,12.84,9.0,4020,1212,196,97,30,0.0251,"{""IC"": 3696, ""S"": 1178, ""PVV"": 13, ""PYO"": 77, ""HSM"": 39, ""HDM"": 144, ""AE"": 338, ""V"": 40}","[5, 6, 7, 8, 9, 11, 16, 10, 13, 17]",0.2637
2019,5,23,4,262,18646,71.17,2,40,3483,0.1868,1737,1746,104,10.8,8.0,2892,482,55,54,20,0.0338,"{""S"": 583, ""IC"": 2472, ""PVV"": 53, ""PYO"": 113, ""HSM"": 1, ""HDM"": 54, ""AE"": 124, ""MV"": 83}","[5, 6, 7, 8, 10, 9, 11, 12, 13, 17]",0.2554
2019,5,24,5,264,18666,70.7,3,74,3689,0.1976,1841,1848,49,9.43,7.0,3223,293,173,0,20,0.0373,"{""IC"": 2653, ""S"": 710, ""PVV"": 44, ""PYO"": 18, ""HSM"": 29, ""HDM"": 53, ""AE"": 172, ""MV"": 10}","[5, 6, 7, 8, 9, 10, 11, 12, 15, 19]",0.2443
2019,5,25,6,216,15242,70.56,0,124,3095,0.2031,1543,1552,46,10.59,8.0,2481,532,82,0,18,0.0377,"{""S"": 370, ""IC"": 2442, ""PVV"": 19, ""PYO"": 5, ""HSM"": 25, ""HDM"": 56, ""AE"": 138, ""MUS"": 19, ""MV"": 21}","[5, 6, 7, 8, 9, 10, 11, 12, 16, 17]",0.2478
2019,5,26,7,210,15144,72.11,2,164,5789,0.3823,2898,2891,82,13.78,10.0,3915,1579,250,45,34,0.0223,"{""IC"": 4250, ""S"": 1018, ""PVV"": 87, ""HSM"": 53, ""HDM"": 120, ""AE"": 253, ""MV"": 8}","[5, 6, 7, 8, 10, 9, 11, 13, 16, 12]",0.2591
2019,5,27,1,262,18520,70.69,2,270,3193,0.1724,1598,1595,45,11.81,9.0,2303,806,84,0,15,0.0406,"{""IC"": 2511, ""S"": 492, ""PVV"": 26, ""HSM"": 2, ""HDM"": 82, ""AE"": 44, ""MV"": 36}","[5, 6, 7, 8, 10, 9, 13, 12, 14, 11]",0.2384
2019,5,28,2,262,18480,70.53,0,0,2641,0.1429,1317,1324,30,8.73,7.0,2349,288,4,0,11,0.0421,"{""S"": 536, ""IC"": 1973, ""PVV"": 8, ""HSM"": 11, ""HDM"": 20, ""AE"": 49, ""MV"": 44}","[5, 6, 7, 8, 9, 12, 10, 11, 13, 14]",0.2261
2019,5,29,3,262,18622,71.08,1,66,3850,0.2067,1919,1931,138,14.28,8.0,3106,327,175,242,20,0.034,"{""IC"": 2752, ""S"": 594, ""PVV"": 3, ""PYO"": 56, ""HSM"": 37, ""HDM"": 84, ""AE"": 94, ""MV"": 230}","[5, 6, 7, 8, 9, 10, 11, 12, 14, 13]",0.2131
2019,5,30,4,228,17170,75.31,2,32,3142,0.183,1571,1571,84,12.63,7.0,2615,295,75,157,17,0.0374,"{""IC"": 2328, ""S"": 456, ""PYO"": 46, ""HSM"": 18, ""HDM"": 29, ""AE"": 33, ""MV"": 232}","[5, 6, 7, 8, 9, 10, 11, 12, 13, 14]",0.2126
2019,5,31,5,261,18578,71.18,0,24,3966,0.2135,1984,1982,229,18.53,10.0,2647,808,256,255,21,0.0299,"{""IC"": 3037, ""S"": 607, ""PVV"": 119, ""PYO"": 65, ""HDM"": 87, ""AE"": 51}","[5, 6, 7, 8, 9, 15, 10, 14, 12, 11]",0.2148
2019,6,1,6,206,15272,74.14,1,198,2377,0.1556,1184,1193,29,8.89,7.0,2064,313,0,0,12,0.0502,"{""IC"": 1560, ""S"": 543, ""PVV"": 45, ""PYO"": 21, ""HDM"": 70, ""AE"": 138}","[5, 6, 7, 8, 9, 10, 12, 13, 15, 14]",0.2081
2019,6,2,7,208,15348,73.79,0,102,4399,0.2866,2192,2207,117,14.24,9.0,3097,1076,67,159,26,0.0248,"{""S"": 838, ""IC"": 3374, ""PVV"": 68, ""HSM"": 2, ""HDM"": 67, ""AE"": 37, ""MV"": 13}","[5, 6, 7, 8, 9, 11, 10, 12, 16, 17]",0.1944
2019,6,3,1,259,18338,70.8,2,80,4401,0.24,2199,2202,73,12.29,9.0,3353,703,338,7,21,0.031,"{""IC"": 3305, ""S"": 603, ""PVV"": 128, ""HSM"": 18, ""HDM"": 40, ""AE"": 233, ""MV"": 74}","[5, 6, 7, 8, 9, 10, 11, 14, 12, 13]",0.204
2019,6,4,2,253,18190,71.9,0,2,3902,0.2145,1942,1960,45,10.2,8.0,3198,621,83,0,23,0.0433,"{""IC"": 2945, ""S"": 551, ""PVV"": 143, ""HSM"": 40, ""HDM"": 221, ""MV"": 2}","[5, 7, 6, 8, 9, 10, 11, 12, 17, 14]",0.2143
2019,6,5,3,256,18472,72.16,0,0,3846,0.2082,1923,1923,47,12.74,8.0,2822,748,276,0,21,0.0342,"{""IC"": 2933, ""S"": 590, ""PVV"": 57, ""PYO"": 110, ""HSM"": 21, ""HDM"": 132, ""AE"": 3}","[5, 6, 7, 8, 9, 10, 13, 12, 11, 24]",0.2145
2019,6,6,4,268,18958,70.74,6,174,6232,0.3287,3118,3114,120,18.13,13.0,3495,1722,803,212,41,0.0245,"{""S"": 1120, ""IC"": 4671, ""PVV"": 56, ""PYO"": 9, ""HSM"": 45, ""HDM"": 242, ""AE"": 42, ""MUS"": 18, ""MV"": 29}","[5, 6, 7, 9, 8, 10, 11, 12, 13, 19]",0.2353
2019,6,7,5,275,18796,68.35,2,36,5066,0.2695,2532,2534,116,13.33,9.0,3595,981,466,24,31,0.0302,"{""IC"": 3693, ""S"": 847, ""PVV"": 79, ""PYO"": 19, ""HSM"": 61, ""HDM"": 87, ""AE"": 205, ""MUS"": 49, ""V"": 26}","[5, 6, 7, 8, 9, 10, 11, 12, 15, 13]",0.2433
2019,6,8,6,220,15244,69.29,0,0,5388,0.3535,2688,2700,173,24.69,15.0,2673,1392,894,429,40,0.023,"{""IC"": 4095, ""S"": 678, ""PVV"": 61, ""PYO"": 19, ""HSM"": 18, ""HDM"": 181, ""AE"": 215, ""MUS"": 44, ""MV"": 77}","[5, 6, 7, 8, 15, 13, 11, 9, 10, 14]",0.2716
2019,6,9,7,215,15320,71.26,0,0,4366,0.285,2172,2194,80,10.91,9.0,3481,805,69,11,30,0.0313,"{""IC"": 3303, ""S"": 705, ""PVV"": 21, ""HDM"": 117, ""AE"": 110, ""MUS"": 100, ""MV"": 10}","[5, 6, 7, 8, 11, 13, 14, 12, 10, 9]",0.2713
2019,6,10,1,255,18400,72.16,0,0,4325,0.2351,2154,2171,75,12.7,8.0,3132,879,273,41,28,0.0313,"{""S"": 731, ""IC"": 3292, ""PVV"": 4, ""PYO"": 63, ""HSM"": 33, ""HDM"": 70, ""AE"": 132}","[5, 6, 7, 8, 9, 16, 14, 12, 13, 11]",0.2706
2019,6,11,2,257,18708,72.79,2,206,6365,0.3402,3172,3193,156,18.43,11.0,3829,1618,660,258,41,0.0201,"{""IC"": 4619, ""S"": 1222, ""PVV"": 154, ""PYO"": 37, ""HSM"": 18, ""HDM"": 120, ""AE"": 127, ""MV"": 68}","[5, 6, 7, 8, 9, 10, 12, 11, 14, 16]",0.2886
2019,6,12,3,264,18754,71.04,2,40,6492,0.3462,3241,3251,60,13.11,9.0,4614,1220,656,2,43,0.025,"{""IC"": 4603, ""S"": 1503, ""PVV"": 142, ""PYO"": 42, ""HSM"": 18, ""HDM"": 61, ""AE"": 91, ""MUS"": 31, ""MV"": 1}","[5, 6, 7, 8, 9, 10, 11, 12, 14, 13]",0.3083
2019,6,13,4,269,18884,70.2,1,16,5968,0.316,2981,2987,100,17.84,11.0,3630,1328,815,195,52,0.0243,"{""IC"": 4262, ""S"": 952, ""PVV"": 3, ""PYO"": 25, ""HSM"": 45, ""HDM"": 104, ""AE"": 307, ""MUS"": 17, ""MV"": 253}","[5, 6, 10, 7, 9, 11, 8, 12, 13, 15]",0.3065
2019,6,14,5,263,18642,70.88,0,0,4813,0.2582,2402,2411,169,18.21,9.0,3476,633,431,273,29,0.0239,"{""IC"": 3617, ""S"": 832, ""PVV"": 6, ""PYO"": 30, ""HSM"": 18, ""HDM"": 65, ""AE"": 183, ""MUS"": 62}","[5, 6, 7, 9, 10, 8, 11, 13, 12, 16]",0.3049
2019,6,15,6,209,15350,73.44,0,28,2239,0.1459,1113,1126,84,12.08,8.0,1877,231,23,108,5,0.0458,"{""IC"": 1753, ""S"": 377, ""PVV"": 33, ""PYO"": 40, ""HDM"": 2, ""AE"": 25, ""MUS"": 2, ""MV"": 7}","[5, 6, 7, 8, 9, 10, 11, 17, 18, 13]",0.2752
2019,6,16,7,220,15502,70.46,2,116,4127,0.2662,2050,2077,125,13.27,10.0,2973,984,109,61,31,0.0336,"{""IC"": 2801, ""PVV"": 46, ""S"": 874, ""PYO"": 3, ""HSM"": 65, ""HDM"": 121, ""AE"": 147, ""MUS"": 5, ""MV"": 65}","[5, 6, 7, 9, 8, 12, 13, 10, 11, 15]",0.2725
2019,6,17,1,258,18450,71.51,6,76,4228,0.2292,2116,2112,291,18.69,11.0,2523,1055,506,144,26,0.0297,"{""IC"": 3082, ""S"": 679, ""PVV"": 18, ""PYO"": 88, ""HSM"": 25, ""HDM"": 127, ""AE"": 143, ""MV"": 66}","[5, 6, 7, 8, 9, 11, 15, 10, 16, 12]",0.2717
2019,6,18,2,261,18642,71.43,1,76,2943,0.1579,1468,1475,50,12.24,9.0,2122,624,197,0,20,0.0426,"{""IC"": 1993, ""S"": 562, ""PYO"": 36, ""HSM"": 17, ""HDM"": 37, ""AE"": 131, ""MV"": 144, ""V"": 23}","[5, 6, 7, 8, 10, 9, 11, 15, 16, 14]",0.2457
2019,6,19,3,259,18518,71.5,2,32,3312,0.1789,1641,1671,46,10.99,7.0,2633,456,223,0,16,0.0396,"{""IC"": 2678, ""S"": 411, ""PVV"": 11, ""PYO"": 18, ""HDM"": 101, ""AE"": 1, ""MV"": 92}","[5, 6, 7, 8, 9, 10, 14, 15, 13, 11]",0.2218
2019,6,20,4,264,18894,71.57,0,138,5480,0.29,2727,2753,209,22.67,10.0,3782,756,396,546,29,0.0222,"{""IC"": 4184, ""S"": 674, ""PVV"": 20, ""PYO"": 158, ""HSM"": 37, ""HDM"": 134, ""AE"": 133, ""MV"": 140}","[5, 6, 7, 8, 9, 10, 12, 11, 13, 14]",0.218
2019,6,21,5,186,10450,56.18,0,114,2225,0.2129,1108,1117,202,29.15,10.0,1393,240,280,312,18,0.0259,"{""IC"": 1647, ""S"": 305, ""PVV"": 3, ""HSM"": 13, ""HDM"": 142, ""AE"": 43, ""MV"": 72}","[5, 6, 7, 8, 9, 118, 10, 14, 13, 15]",0.2116
2019,6,22,6,165,9712,58.86,0,0,1939,0.1996,974,965,147,20.82,10.0,1334,400,45,160,19,0.0357,"{""IC"": 1488, ""S"": 159, ""PYO"": 18, ""HSM"": 15, ""HDM"": 98, ""MV"": 161}","[5, 6, 10, 8, 9, 12, 7, 11, 16, 13]",0.2192
2019,6,23,7,215,15882,73.87,0,0,4494,0.283,2239,2255,94,12.58,8.0,3647,456,286,105,25,0.0306,"{""IC"": 2476, ""S"": 1145, ""PVV"": 123, ""PYO"": 12, ""HSM"": 18, ""HDM"": 184, ""AE"": 361, ""MV"": 175}","[5, 6, 7, 8, 10, 9, 14, 13, 11, 12]",0.2216
2019,6,24,1,259,17964,69.36,1,48,3556,0.198,1775,1781,147,15.69,9.0,2454,720,258,124,17,0.0322,"{""S"": 627, ""IC"": 2458, ""PVV"": 6, ""PYO"": 69, ""HSM"": 5, ""HDM"": 97, ""AE"": 243, ""MV"": 51}","[5, 6, 7, 8, 11, 10, 12, 13, 9, 21]",0.2172
2019,6,25,2,259,18112,69.93,1,40,3773,0.2083,1887,1886,108,14.04,9.0,2715,737,211,110,20,0.0283,"{""IC"": 2773, ""S"": 471, ""PVV"": 32, ""PYO"": 65, ""HDM"": 75, ""AE"": 262, ""MV"": 95}","[5, 6, 7, 8, 9, 12, 10, 13, 11, 14]",0.2244
2019,6,26,3,256,17956,70.14,0,0,3807,0.212,1902,1905,44,10.2,8.0,3166,573,68,0,14,0.0359,"{""IC"": 2947, ""S"": 323, ""PVV"": 3, ""PYO"": 67, ""HSM"": 17, ""HDM"": 65, ""AE"": 357, ""MV"": 28}","[6, 5, 7, 8, 9, 10, 11, 14, 12, 13]",0.2291
2019,6,27,4,259,18094,69.86,4,36,2953,0.1632,1473,1480,35,9.92,8.0,2471,422,60,0,20,0.0404,"{""IC"": 2264, ""S"": 490, ""PVV"": 3, ""PYO"": 13, ""HSM"": 13, ""HDM"": 62, ""AE"": 108}","[5, 6, 7, 8, 10, 9, 11, 13, 12, 14]",0.211
2019,6,28,5,264,18470,69.96,4,8,2379,0.1288,1184,1195,104,9.34,7.0,2025,345,1,8,8,0.0521,"{""IC"": 1591, ""S"": 647, ""PVV"": 22, ""PYO"": 72, ""HSM"": 6, ""HDM"": 33, ""MV"": 8}","[5, 6, 7, 8, 9, 11, 10, 13, 12, 14]",0.199
2019,6,29,6,226,15422,68.24,8,16,2296,0.1489,1146,1150,55,9.77,7.0,2023,149,124,0,13,0.0529,"{""IC"": 1649, ""S"": 228, ""PVV"": 78, ""PYO"": 51, ""HSM"": 18, ""HDM"": 45, ""AE"": 102, ""MUS"": 5, ""MV"": 120}","[5, 6, 7, 8, 9, 10, 11, 12, 15, 44]",0.1917
2019,6,30,7,200,14948,74.74,7,14,2498,0.1671,1246,1252,52,9.75,7.0,2178,186,134,0,8,0.0489,"{""IC"": 1721, ""S"": 534, ""PVV"": 68, ""PYO"": 27, ""HDM"": 32, ""AE"": 47, ""MUS"": 25, ""MV"": 44}","[5, 6, 7, 8, 9, 10, 11, 16, 13, 12]",0.1752
2019,7,1,1,258,17624,68.31,1,14,5242,0.2974,2619,2623,139,17.4,12.0,3391,1242,335,274,35,0.0268,"{""IC"": 3637, ""S"": 933, ""PVV"": 74, ""HSM"": 1, ""HDM"": 188, ""AE"": 387, ""MV"": 22}","[5, 6, 7, 12, 8, 13, 10, 9, 11, 14]",0.1894
2019,7,2,2,253,17464,69.03,0,152,4746,0.2718,2380,2366,88,19.92,12.0,2679,855,985,227,34,0.025,"{""IC"": 3125, ""S"": 920, ""PVV"": 107, ""HSM"": 36, ""HDM"": 169, ""AE"": 349, ""MUS"": 19, ""MV"": 21}","[5, 6, 7, 8, 9, 10, 11, 14, 13, 12]",0.1985
2019,7,3,3,257,17924,69.74,3,56,4703,0.2624,2344,2359,165,16.39,10.0,3290,997,260,156,26,0.0275,"{""IC"": 3206, ""S"": 740, ""PVV"": 108, ""PYO"": 110, ""HSM"": 41, ""HDM"": 170, ""AE"": 263, ""MUS"": 23, ""MV"": 42}","[5, 6, 7, 8, 9, 10, 11, 13, 12, 14]",0.2057
2019,7,4,4,259,18138,70.03,1,16,3826,0.2109,1911,1915,60,12.01,9.0,2835,822,168,1,29,0.037,"{""IC"": 2883, ""S"": 632, ""PVV"": 40, ""PYO"": 27, ""HSM"": 25, ""HDM"": 142, ""AE"": 10, ""MV"": 67}","[5, 6, 7, 8, 11, 9, 10, 12, 13, 14]",0.2125
2019,7,5,5,264,18604,70.47,3,88,5285,0.2841,2642,2643,82,11.81,9.0,4147,845,220,73,27,0.0311,"{""IC"": 3581, ""S"": 830, ""PVV"": 158, ""PYO"": 102, ""HSM"": 49, ""HDM"": 113, ""AE"": 372, ""MV"": 80}","[5, 6, 7, 8, 9, 10, 11, 14, 13, 15]",0.2347
2019,7,6,6,217,15694,72.32,0,112,2306,0.1469,1144,1162,56,10.34,8.0,1835,413,58,0,19,0.0462,"{""IC"": 1506, ""S"": 486, ""PVV"": 11, ""PYO"": 122, ""HSM"": 5, ""HDM"": 33, ""AE"": 9, ""MUS"": 65, ""MV"": 69}","[5, 6, 7, 8, 9, 10, 11, 16, 21, 15]",0.2344
2019,7,7,7,217,15582,71.81,0,102,4154,0.2666,2067,2087,78,10.86,8.0,3381,627,121,25,27,0.0354,"{""IC"": 2698, ""S"": 1029, ""PVV"": 79, ""PYO"": 11, ""HDM"": 195, ""AE"": 106, ""MUS"": 34, ""MV"": 2}","[5, 6, 7, 8, 9, 10, 11, 13, 12, 14]",0.2486
2019,7,8,1,266,18696,70.29,0,2,3388,0.1812,1699,1689,69,11.65,8.0,2718,402,256,12,31,0.0448,"{""IC"": 2314, ""S"": 645, ""PVV"": 38, ""PYO"": 70, ""HSM"": 24, ""HDM"": 72, ""AE"": 48, ""MUS"": 36, ""MV"": 133, ""V"": 8}","[5, 6, 7, 8, 9, 10, 11, 12, 13, 14]",0.232
2019,7,9,2,255,18420,72.24,8,156,3090,0.1678,1552,1538,65,9.78,7.0,2623,417,40,10,13,0.0505,"{""IC"": 2106, ""S"": 690, ""PVV"": 19, ""PYO"": 10, ""HSM"": 16, ""HDM"": 90, ""AE"": 138, ""MUS"": 21}","[5, 6, 7, 8, 12, 9, 14, 13, 11, 10]",0.2171
2019,7,10,3,261,18574,71.16,1,64,3165,0.1704,1573,1592,133,12.73,8.0,2686,338,14,127,26,0.0416,"{""S"": 753, ""IC"": 2045, ""PVV"": 55, ""PYO"": 61, ""HSM"": 35, ""HDM"": 127, ""AE"": 54, ""MUS"": 8, ""V"": 27}","[5, 7, 6, 8, 9, 10, 11, 12, 13, 15]",0.204
2019,7,11,4,264,18566,70.33,0,0,2614,0.1408,1309,1305,92,9.51,7.0,2307,199,94,14,16,0.0533,"{""IC"": 1614, ""S"": 662, ""PVV"": 86, ""PYO"": 53, ""HSM"": 19, ""HDM"": 63, ""AE"": 21, ""MUS"": 11, ""MV"": 85}","[5, 6, 7, 8, 10, 9, 11, 12, 14, 13]",0.194
2019,7,12,5,263,18682,71.03,0,0,4172,0.2233,2084,2088,200,29.22,9.0,2775,570,312,515,21,0.0215,"{""IC"": 3022, ""S"": 654, ""PVV"": 176, ""PYO"": 73, ""HSM"": 19, ""HDM"": 121, ""AE"": 83, ""MUS"": 24}","[5, 6, 7, 8, 9, 10, 11, 14, 13, 12]",0.1853
2019,7,13,6,207,15408,74.43,0,0,2287,0.1484,1134,1153,37,10.39,7.0,1879,256,152,0,7,0.0487,"{""IC"": 1688, ""S"": 261, ""PVV"": 48, ""PYO"": 82, ""HSM"": 1, ""HDM"": 50, ""AE"": 76, ""MUS"": 20, ""MV"": 61}","[5, 6, 7, 8, 9, 10, 11, 12, 13, 24]",0.1855
2019,7,14,7,198,15254,77.04,0,0,2514,0.1648,1259,1255,108,15.13,7.0,2156,119,68,171,9,0.0405,"{""IC"": 2022, ""S"": 422, ""PVV"": 2, ""PYO"": 22, ""HSM"": 1, ""HDM"": 43, ""AE"": 1, ""MUS"": 1}","[5, 6, 7, 8, 9, 11, 12, 10, 13, 14]",0.171
2019,7,15,1,268,19160,71.49,7,194,4350,0.227,2169,2181,219,22.54,9.0,3003,692,279,376,23,0.0232,"{""IC"": 3455, ""S"": 573, ""PVV"": 67, ""PYO"": 26, ""HSM"": 2, ""HDM"": 121, ""AE"": 6, ""MV"": 100}","[5, 6, 7, 8, 9, 10, 11, 12, 14, 13]",0.1775
2019,7,16,2,260,18576,71.45,2,80,3894,0.2096,1947,1947,158,17.97,9.0,2760,617,304,213,20,0.0276,"{""IC"": 2590, ""S"": 848, ""PYO"": 33, ""HSM"": 39, ""HDM"": 127, ""AE"": 169, ""MV"": 88}","[5, 6, 7, 8, 10, 9, 13, 11, 12, 14]",0.1835
2019,7,17,3,270,19018,70.44,3,160,2866,0.1507,1433,1433,57,14.14,9.0,1951,518,397,0,26,0.045,"{""IC"": 2006, ""S"": 389, ""PVV"": 33, ""PYO"": 10, ""HDM"": 138, ""AE"": 85, ""MV"": 205}","[5, 6, 7, 8, 9, 12, 11, 10, 13, 14]",0.1807
2019,7,18,4,260,18612,71.58,2,108,3032,0.1629,1518,1514,204,18.39,8.0,2181,422,338,91,13,0.0362,"{""IC"": 2201, ""S"": 495, ""PVV"": 74, ""PYO"": 42, ""HSM"": 16, ""HDM"": 41, ""AE"": 93, ""MV"": 70}","[5, 6, 7, 8, 9, 11, 10, 12, 18, 204]",0.1838
2019,7,19,5,262,18658,71.21,2,36,3626,0.1943,1804,1822,89,13.34,8.0,2703,509,357,57,15,0.036,"{""IC"": 2862, ""S"": 326, ""PVV"": 74, ""PYO"": 54, ""HSM"": 16, ""HDM"": 96, ""AE"": 16, ""MV"": 182}","[5, 6, 7, 8, 9, 11, 10, 12, 13, 14]",0.1797
2019,7,20,6,220,15926,72.39,2,64,2397,0.1505,1202,1195,64,11.7,8.0,2003,186,201,7,13,0.0513,"{""S"": 248, ""IC"": 1641, ""PVV"": 43, ""PYO"": 163, ""HSM"": 18, ""HDM"": 47, ""AE"": 51, ""MUS"": 40, ""MV"": 144, ""V"": 2}","[5, 6, 8, 7, 9, 10, 11, 13, 12, 14]",0.18
2019,7,21,7,203,15366,75.69,0,0,1995,0.1298,990,1005,25,8.7,7.0,1712,283,0,0,16,0.0574,"{""IC"": 1381, ""S"": 388, ""PVV"": 3, ""PYO"": 19, ""HDM"": 85, ""AE"": 60, ""MUS"": 5, ""MV"": 42, ""V"": 12}","[5, 6, 7, 8, 9, 16, 10, 12, 13, 17]",0.175
2019,7,22,1,258,18414,71.37,5,120,3179,0.1726,1585,1594,96,17.44,10.0,2022,506,557,94,17,0.0362,"{""S"": 481, ""IC"": 2383, ""PYO"": 61, ""HSM"": 1, ""HDM"": 164, ""AE"": 46, ""MV"": 43}","[5, 6, 7, 8, 9, 12, 10, 13, 11, 34]",0.1672
2019,7,23,2,260,18598,71.53,2,202,3326,0.1788,1666,1660,123,19.5,10.0,2332,448,206,340,21,0.0324,"{""IC"": 2462, ""S"": 497, ""PYO"": 16, ""HSM"": 57, ""HDM"": 121, ""AE"": 28, ""MV"": 145}","[5, 6, 7, 8, 11, 10, 9, 12, 13, 14]",0.1628
2019,7,24,3,261,18550,71.07,3,124,3616,0.1949,1806,1810,84,14.39,9.0,2665,575,299,77,17,0.0384,"{""IC"": 2684, ""S"": 455, ""PVV"": 1, ""PYO"": 36, ""HSM"": 1, ""HDM"": 127, ""AE"": 152, ""MV"": 160}","[5, 6, 7, 9, 8, 10, 14, 11, 12, 13]",0.1691
2019,7,25,4,266,18676,70.21,7,114,3116,0.1668,1562,1554,256,28.21,9.0,2021,366,138,591,15,0.0322,"{""IC"": 2586, ""S"": 222, ""PVV"": 19, ""PYO"": 50, ""HDM"": 169, ""AE"": 14, ""MV"": 56}","[5, 6, 7, 8, 9, 10, 12, 11, 27, 14]",0.1697
2019,7,26,5,272,18722,68.83,2,24,4721,0.2522,2347,2374,192,31.31,10.0,3037,596,198,890,30,0.02,"{""IC"": 3753, ""PVV"": 33, ""S"": 405, ""PYO"": 54, ""HDM"": 193, ""AE"": 219, ""MUS"": 8, ""MV"": 56}","[5, 6, 8, 7, 9, 11, 10, 12, 13, 14]",0.1779
2019,7,27,6,214,15524,72.54,0,10,4345,0.2799,2166,2179,261,21.35,10.0,2722,780,396,447,32,0.0254,"{""IC"": 2869, ""S"": 667, ""PVV"": 106, ""PYO"": 150, ""HSM"": 79, ""HDM"": 128, ""AE"": 232, ""MUS"": 19, ""MV"": 95}","[5, 6, 7, 8, 9, 10, 12, 15, 11, 13]",0.1964
2019,7,28,7,198,15112,76.32,0,0,4215,0.2789,2094,2121,91,13.6,10.0,2996,986,167,66,28,0.0284,"{""IC"": 3228, ""S"": 669, ""PVV"": 21, ""PYO"": 19, ""HDM"": 153, ""HSM"": 31, ""AE"": 89, ""MV"": 5}","[5, 6, 8, 7, 10, 9, 12, 11, 14, 13]",0.2177
2019,7,29,1,247,18228,73.8,0,0,2651,0.1454,1323,1328,63,9.05,8.0,2413,224,5,9,18,0.0568,"{""S"": 350, ""IC"": 2124, ""PYO"": 5, ""HSM"": 18, ""HDM"": 150, ""AE"": 2, ""MV"": 2}","[5, 6, 7, 8, 10, 9, 11, 12, 13, 15]",0.2138
2019,7,30,2,246,18522,75.29,1,112,3127,0.1688,1562,1565,38,11.01,8.0,2399,614,114,0,22,0.0445,"{""IC"": 2326, ""S"": 459, ""PVV"": 10, ""PYO"": 10, ""HDM"": 124, ""AE"": 180, ""MV"": 18}","[5, 6, 7, 8, 9, 13, 11, 12, 10, 14]",0.2124
2019,7,31,3,244,18154,74.4,1,32,3392,0.1868,1697,1695,129,12.22,8.0,2411,835,126,20,25,0.041,"{""IC"": 2342, ""S"": 695, ""PVV"": 140, ""PYO"": 47, ""HDM"": 134, ""AE"": 21, ""MV"": 1, ""V"": 12}","[5, 6, 7, 8, 9, 11, 16, 10, 17, 24]",0.2113
2019,8,1,4,249,18480,74.22,3,50,2197,0.1189,1099,1098,57,9.79,7.0,1910,218,69,0,19,0.0568,"{""IC"": 1626, ""S"": 382, ""PYO"": 10, ""HSM"": 5, ""HDM"": 149, ""AE"": 5, ""MV"": 20}","[5, 6, 7, 8, 9, 10, 11, 12, 14, 13]",0.2044
2019,8,2,5,249,18552,74.51,1,20,1407,0.0758,700,707,126,9.56,6.0,1326,35,23,23,8,0.0742,"{""IC"": 980, ""PVV"": 28, ""S"": 171, ""PYO"": 33, ""HSM"": 1, ""HDM"": 63, ""AE"": 129, ""V"": 2}","[5, 6, 7, 8, 9, 14, 13, 12, 10, 15]",0.1792
2019,8,3,6,184,14186,77.1,4,90,2513,0.1771,1252,1261,45,10.76,8.0,1955,475,83,0,16,0.0468,"{""IC"": 2021, ""S"": 405, ""PYO"": 21, ""HSM"": 5, ""HDM"": 44, ""MUS"": 1, ""MV"": 16}","[5, 6, 7, 8, 9, 13, 15, 14, 12, 10]",0.1645
2019,8,4,7,187,14958,79.99,0,10,2388,0.1596,1188,1200,108,12.13,8.0,1807,416,164,1,10,0.0414,"{""IC"": 1795, ""S"": 468, ""PYO"": 38, ""HDM"": 42, ""AE"": 41, ""MUS"": 3, ""V"": 1}","[5, 6, 7, 8, 9, 10, 12, 11, 14, 13]",0.1475
2019,8,5,1,242,18084,74.73,0,0,2578,0.1426,1280,1298,46,8.46,7.0,2438,69,71,0,14,0.05,"{""IC"": 1793, ""S"": 359, ""PVV"": 72, ""PYO"": 64, ""HDM"": 57, ""AE"": 233}","[5, 6, 7, 8, 9, 10, 11, 12, 15, 44]",0.1471
2019,8,6,2,243,18176,74.8,0,0,3286,0.1808,1643,1643,79,11.33,9.0,2737,453,47,49,22,0.0427,"{""IC"": 2399, ""S"": 461, ""PVV"": 101, ""PYO"": 9, ""HDM"": 70, ""AE"": 186, ""MV"": 60}","[5, 6, 7, 8, 9, 11, 10, 12, 13, 14]",0.1488
2019,8,7,3,248,18330,73.91,0,28,2862,0.1561,1430,1432,71,12.61,8.0,2261,447,51,103,20,0.0479,"{""IC"": 1872, ""S"": 457, ""PVV"": 88, ""PYO"": 15, ""HSM"": 4, ""HDM"": 76, ""AE"": 185, ""MUS"": 7, ""MV"": 158}","[5, 6, 7, 8, 10, 9, 14, 11, 13, 12]",0.1444
2019,8,8,4,245,18230,74.41,3,66,2627,0.1441,1318,1309,153,21.15,8.0,1851,321,88,367,10,0.0299,"{""IC"": 1968, ""S"": 257, ""PVV"": 153, ""PYO"": 40, ""HSM"": 5, ""HDM"": 70, ""AE"": 134}","[5, 6, 7, 8, 9, 11, 12, 10, 13, 14]",0.148
2019,8,9,5,248,18404,74.21,3,54,2856,0.1552,1424,1432,62,11.17,8.0,2197,543,108,8,19,0.0482,"{""IC"": 2174, ""S"": 395, ""PVV"": 86, ""PYO"": 1, ""HDM"": 70, ""AE"": 42, ""MV"": 88}","[5, 6, 7, 8, 9, 10, 11, 12, 15, 16]",0.1594
2019,8,10,6,199,15324,77.01,0,0,2406,0.157,1201,1205,54,12.66,9.0,1702,599,105,0,14,0.0483,"{""IC"": 1483, ""S"": 195, ""PVV"": 90, ""PYO"": 14, ""HSM"": 4, ""HDM"": 92, ""AE"": 331, ""MV"": 165, ""V"": 32}","[5, 6, 7, 8, 9, 14, 13, 10, 17, 12]",0.1565
2019,8,11,7,217,15652,72.13,0,110,5006,0.3198,2506,2500,150,17.33,11.0,3154,1297,357,198,33,0.0239,"{""IC"": 3474, ""S"": 877, ""PVV"": 162, ""PYO"": 76, ""HDM"": 122, ""P"": 29, ""AE"": 142, ""MV"": 124}","[5, 6, 7, 8, 9, 12, 11, 10, 17, 16]",0.1794
2019,8,12,1,263,18616,70.78,1,24,2574,0.1383,1283,1291,50,9.59,7.0,2233,269,72,0,18,0.0545,"{""IC"": 1486, ""S"": 481, ""PVV"": 112, ""PYO"": 66, ""HSM"": 17, ""HDM"": 137, ""AE"": 273, ""MUS"": 2}","[5, 6, 7, 8, 9, 11, 10, 12, 13, 15]",0.1788
2019,8,13,2,264,18628,70.56,0,28,4303,0.231,2159,2144,324,13.82,9.0,3142,844,179,138,20,0.0406,"{""S"": 743, ""IC"": 2785, ""PVV"": 73, ""PYO"": 38, ""HSM"": 25, ""HDM"": 141, ""AE"": 405, ""MUS"": 11, ""MV"": 82}","[5, 6, 7, 8, 9, 10, 11, 12, 16, 13]",0.1859
2019,8,14,3,263,18632,70.84,2,38,1591,0.0854,803,788,105,11.49,6.0,1421,104,0,66,7,0.061,"{""IC"": 1104, ""S"": 188, ""PVV"": 6, ""PYO"": 45, ""HSM"": 1, ""HDM"": 72, ""AE"": 174, ""V"": 1}","[5, 6, 7, 8, 11, 9, 10, 12, 14, 13]",0.1758
2019,8,15,4,259,18538,71.58,0,8,2732,0.1474,1367,1365,44,8.89,8.0,2457,261,14,0,16,0.0544,"{""S"": 496, ""IC"": 1951, ""PVV"": 48, ""PYO"": 50, ""HDM"": 175, ""AE"": 12}","[5, 6, 7, 9, 8, 10, 11, 12, 15, 14]",0.1763
2019,8,16,5,270,18818,69.7,1,114,3532,0.1877,1757,1775,61,12.63,8.0,2610,636,273,13,24,0.0364,"{""IC"": 2591, ""S"": 665, ""PVV"": 21, ""PYO"": 34, ""HDM"": 161, ""AE"": 42, ""MUS"": 9, ""MV"": 9}","[5, 6, 7, 8, 9, 10, 13, 11, 12, 14]",0.1809
2019,8,17,6,209,15506,74.19,0,0,1725,0.1112,862,863,37,10.38,8.0,1421,242,62,0,14,0.0574,"{""IC"": 1269, ""S"": 186, ""PVV"": 70, ""PYO"": 76, ""HSM"": 15, ""HDM"": 28, ""AE"": 42, ""MUS"": 10, ""MV"": 29}","[5, 6, 7, 8, 9, 10, 11, 15, 14, 12]",0.1744
2019,8,18,7,206,15374,74.63,0,28,2314,0.1505,1159,1155,52,11.64,7.0,1848,246,220,0,7,0.0424,"{""IC"": 1905, ""S"": 236, ""PVV"": 26, ""PYO"": 12, ""HDM"": 35, ""AE"": 100}","[5, 6, 7, 8, 9, 10, 11, 12, 14, 21]",0.1502
2019,8,19,1,258,18008,69.8,0,0,2105,0.1169,1052,1053,29,9.09,7.0,1817,288,0,0,16,0.055,"{""IC"": 1335, ""S"": 325, ""PVV"": 79, ""PYO"": 19, ""HSM"": 18, ""HDM"": 52, ""AE"": 277}","[5, 6, 7, 8, 9, 10, 11, 12, 26, 18]",0.1472
2019,8,20,2,264,18380,69.62,3,116,2419,0.1316,1215,1204,163,24.63,10.0,1604,403,69,343,16,0.0309,"{""IC"": 1722, ""S"": 363, ""PVV"": 44, ""PYO"": 35, ""HSM"": 49, ""HDM"": 58, ""AE"": 29, ""MV"": 119}","[7, 6, 5, 8, 9, 10, 12, 11, 13, 14]",0.133
2019,8,21,3,262,18114,69.14,3,82,2347,0.1296,1178,1169,107,10.08,7.0,1934,345,54,14,15,0.0515,"{""IC"": 1584, ""S"": 535, ""PVV"": 30, ""PYO"": 68, ""HSM"": 66, ""HDM"": 29, ""AE"": 11, ""MUS"": 2, ""MV"": 20, ""V"": 2}","[5, 6, 7, 8, 9, 10, 11, 12, 20, 17]",0.1393
2019,8,22,4,262,18338,69.99,0,0,3693,0.2014,1841,1852,95,13.22,8.0,2802,517,308,66,21,0.0332,"{""IC"": 2428, ""S"": 892, ""PVV"": 8, ""PYO"": 63, ""HSM"": 18, ""HDM"": 51, ""AE"": 204, ""MUS"": 1, ""MV"": 28}","[5, 6, 7, 8, 9, 10, 11, 12, 16, 31]",0.147
2019,8,23,5,272,19100,70.22,4,176,6927,0.3627,3455,3472,122,15.06,11.0,4598,1563,696,70,48,0.0262,"{""IC"": 5042, ""S"": 988, ""PVV"": 64, ""PYO"": 187, ""HSM"": 50, ""HDM"": 146, ""AE"": 360, ""MV"": 90}","[5, 6, 7, 8, 10, 11, 9, 13, 12, 17]",0.172
2019,8,24,6,210,15450,73.57,2,92,1922,0.1244,956,966,32,8.28,7.0,1732,189,1,0,12,0.0596,"{""S"": 250, ""IC"": 1428, ""PVV"": 11, ""PYO"": 40, ""HDM"": 33, ""AE"": 116, ""MUS"": 43, ""MV"": 1}","[5, 6, 7, 8, 9, 10, 11, 12, 13, 16]",0.1739
2019,8,25,7,211,15296,72.49,0,0,4203,0.2748,2104,2099,73,12.77,8.0,3323,595,86,199,19,0.0291,"{""IC"": 2727, ""S"": 871, ""PVV"": 117, ""PYO"": 40, ""HSM"": 1, ""HDM"": 68, ""AE"": 371, ""MUS"": 8}","[5, 6, 7, 8, 9, 10, 11, 14, 13, 12]",0.1916
2019,8,26,1,257,17988,69.99,0,0,2836,0.1577,1424,1412,35,9.46,8.0,2441,384,11,0,17,0.048,"{""IC"": 1776, ""S"": 437, ""PVV"": 78, ""PYO"": 24, ""HSM"": 36, ""HDM"": 80, ""AE"": 400, ""MV"": 5}","[5, 6, 8, 7, 9, 13, 12, 10, 11, 14]",0.1975
2019,8,27,2,253,17976,71.05,0,12,3016,0.1678,1514,1502,45,10.25,8.0,2412,516,88,0,20,0.0435,"{""IC"": 1966, ""S"": 610, ""PVV"": 100, ""PYO"": 10, ""HSM"": 3, ""HDM"": 87, ""AE"": 232, ""MV"": 8}","[5, 6, 7, 8, 9, 10, 11, 12, 15, 16]",0.2026
2019,8,28,3,260,18088,69.57,1,16,2751,0.1521,1376,1375,49,8.41,6.0,2464,262,25,0,12,0.0467,"{""IC"": 1904, ""S"": 396, ""PVV"": 67, ""PYO"": 82, ""HSM"": 6, ""HDM"": 18, ""AE"": 237, ""MV"": 41}","[5, 6, 7, 8, 9, 10, 11, 12, 16, 15]",0.2058
2019,8,29,4,261,18294,70.09,3,12,2602,0.1422,1302,1300,45,9.18,7.0,2340,161,101,0,9,0.0485,"{""IC"": 1860, ""S"": 331, ""PVV"": 40, ""PYO"": 91, ""HSM"": 54, ""HDM"": 28, ""AE"": 195, ""MUS"": 3}","[5, 6, 7, 8, 9, 10, 11, 12, 13, 20]",0.1974
2019,8,30,5,268,18934,70.65,0,4,3922,0.2071,1961,1961,88,13.52,9.0,2689,877,344,12,26,0.0362,"{""IC"": 2734, ""S"": 638, ""PVV"": 22, ""PYO"": 45, ""HSM"": 35, ""HDM"": 49, ""AE"": 291, ""MV"": 78, ""V"": 30}","[5, 6, 7, 8, 9, 10, 11, 12, 14, 21]",0.1752
2019,8,31,6,207,15444,74.61,0,0,1995,0.1292,993,1002,195,17.71,8.0,1476,310,105,104,11,0.0448,"{""IC"": 1365, ""S"": 229, ""PVV"": 7, ""PYO"": 162, ""HDM"": 29, ""AE"": 143, ""MV"": 60}","[5, 6, 7, 9, 8, 10, 14, 15, 11, 13]",0.1758
2019,9,1,7,207,15446,74.62,0,0,3380,0.2188,1685,1695,97,16.71,8.0,2636,171,342,231,15,0.0277,"{""IC"": 2198, ""S"": 556, ""PVV"": 69, ""PYO"": 16, ""HSM"": 12, ""HDM"": 19, ""AE"": 407, ""MUS"": 13, ""MV"": 90}","[5, 6, 7, 8, 9, 11, 12, 10, 13, 39]",0.1678
2019,9,2,1,258,18460,71.55,0,0,2615,0.1417,1307,1308,50,8.24,7.0,2465,146,4,0,10,0.05,"{""IC"": 1818, ""S"": 511, ""PVV"": 114, ""PYO"": 55, ""HDM"": 26, ""AE"": 91}","[5, 6, 7, 8, 9, 10, 11, 12, 13, 14]",0.1656
2019,9,3,2,257,18492,71.95,0,0,2699,0.146,1356,1343,91,16.33,10.0,1646,619,377,57,14,0.0388,"{""IC"": 1689, ""S"": 634, ""PVV"": 1, ""PYO"": 38, ""HSM"": 7, ""HDM"": 107, ""AE"": 223}","[5, 6, 7, 8, 9, 10, 13, 40, 12, 27]",0.1624
2019,9,4,3,262,18664,71.24,3,142,2819,0.151,1418,1401,180,11.1,7.0,2585,98,101,35,11,0.0481,"{""IC"": 2035, ""S"": 488, ""PVV"": 56, ""PYO"": 4, ""HDM"": 82, ""AE"": 154}","[5, 6, 7, 8, 9, 10, 13, 11, 12, 14]",0.1623
2019,9,5,4,272,19432,71.44,6,156,3158,0.1625,1585,1573,84,16.87,10.0,1956,782,252,168,24,0.0354,"{""IC"": 2209, ""S"": 483, ""PVV"": 10, ""PYO"": 38, ""HSM"": 7, ""HDM"": 69, ""AE"": 72, ""MV"": 270}","[5, 6, 7, 9, 8, 10, 11, 14, 19, 12]",0.1652
2019,9,6,5,266,19036,71.56,1,14,3051,0.1603,1523,1528,111,14.39,9.0,2189,639,124,99,13,0.0366,"{""IC"": 2407, ""S"": 380, ""PVV"": 74, ""PYO"": 50, ""HSM"": 7, ""HDM"": 39, ""AE"": 91, ""V"": 3}","[5, 6, 8, 9, 7, 11, 12, 10, 16, 13]",0.1585
2019,9,7,6,208,15376,73.92,0,4,2166,0.1409,1075,1091,79,16.96,10.0,1401,425,269,71,15,0.0374,"{""S"": 33, ""IC"": 1853, ""PVV"": 21, ""PYO"": 38, ""HSM"": 4, ""HDM"": 22, ""AE"": 151, ""MV"": 44}","[5, 6, 7, 8, 11, 15, 9, 13, 12, 16]",0.1602
2019,9,8,7,211,15386,72.92,0,0,1563,0.1016,781,782,30,8.52,7.0,1427,132,4,0,12,0.0614,"{""IC"": 1076, ""S"": 315, ""PYO"": 4, ""HSM"": 1, ""HDM"": 6, ""AE"": 102, ""MV"": 24, ""V"": 35}","[5, 6, 7, 8, 9, 10, 11, 13, 12, 18]",0.1434
2019,9,9,1,261,18662,71.5,1,18,3184,0.1706,1590,1594,89,8.75,7.0,2902,247,5,30,22,0.0476,"{""IC"": 2433, ""S"": 373, ""PVV"": 45, ""PYO"": 30, ""HSM"": 28, ""HDM"": 141, ""AE"": 134}","[5, 6, 7, 8, 9, 10, 11, 17, 14, 13]",0.1476
2019,9,10,2,257,18492,71.95,5,64,3741,0.2023,1876,1865,78,13.58,9.0,2672,755,296,18,20,0.0339,"{""IC"": 2833, ""S"": 595, ""PVV"": 14, ""PYO"": 53, ""HSM"": 18, ""HDM"": 106, ""AE"": 122}","[5, 6, 8, 7, 9, 10, 11, 16, 12, 13]",0.1556
2019,9,11,3,267,18826,70.51,1,44,2967,0.1576,1487,1480,38,9.1,7.0,2625,288,54,0,14,0.0487,"{""IC"": 1779, ""S"": 719, ""PVV"": 63, ""PYO"": 48, ""HSM"": 37, ""HDM"": 64, ""AE"": 192, ""MV"": 65}","[5, 6, 7, 8, 9, 10, 12, 11, 18, 13]",0.1565
2019,9,12,4,258,18754,72.69,0,0,3874,0.2066,1941,1933,32,10.44,8.0,3085,738,51,0,23,0.0403,"{""IC"": 2886, ""S"": 769, ""PYO"": 38, ""HDM"": 112, ""AE"": 69}","[5, 6, 7, 8, 9, 10, 14, 13, 11, 12]",0.1628
2019,9,13,5,265,18870,71.21,3,50,2792,0.148,1393,1399,123,10.61,7.0,2419,318,11,44,18,0.0496,"{""IC"": 1975, ""S"": 495, ""PVV"": 50, ""PYO"": 76, ""HSM"": 36, ""HDM"": 89, ""AE"": 27, ""MUS"": 44}","[5, 6, 7, 8, 9, 10, 11, 12, 13, 15]",0.1611
2019,9,14,6,207,14840,71.69,0,0,1417,0.0955,714,703,79,13.03,8.0,1031,265,117,4,7,0.0615,"{""IC"": 1141, ""PVV"": 1, ""S"": 89, ""PYO"": 61, ""HDM"": 36, ""AE"": 63, ""MUS"": 16, ""MV"": 10}","[5, 6, 7, 8, 9, 10, 11, 12, 15, 19]",0.1546
2019,9,15,7,211,14892,70.58,0,0,3084,0.2071,1539,1545,40,9.95,8.0,2673,263,148,0,21,0.0342,"{""IC"": 1804, ""S"": 690, ""PYO"": 24, ""HSM"": 5, ""HDM"": 94, ""AE"": 384, ""MUS"": 23, ""MV"": 60}","[5, 7, 6, 8, 9, 10, 11, 12, 13, 14]",0.1697
2019,9,16,1,258,17662,68.46,4,160,2537,0.1436,1273,1264,67,11.42,8.0,1976,465,89,7,14,0.0423,"{""IC"": 1528, ""S"": 733, ""HSM"": 35, ""HDM"": 40, ""AE"": 73, ""MV"": 128}","[5, 6, 7, 8, 9, 10, 12, 11, 13, 14]",0.1658
2019,9,17,2,252,17448,69.24,0,26,3121,0.1789,1575,1546,96,13.06,8.0,2517,450,28,126,12,0.0318,"{""IC"": 2159, ""S"": 651, ""PVV"": 2, ""HSM"": 20, ""HDM"": 103, ""AE"": 161, ""MV"": 25}","[5, 6, 7, 8, 9, 10, 11, 14, 13, 12]",0.1625
2019,9,18,3,264,18186,68.89,4,80,4016,0.2208,2014,2002,108,16.68,10.0,2732,707,393,184,24,0.0299,"{""IC"": 2473, ""S"": 960, ""PYO"": 70, ""HSM"": 2, ""HDM"": 50, ""AE"": 182, ""MV"": 279}","[5, 6, 7, 9, 8, 10, 11, 14, 15, 13]",0.1715
2019,9,19,4,260,18562,71.39,0,0,2302,0.124,1154,1148,29,8.92,7.0,1962,340,0,0,13,0.0563,"{""IC"": 1763, ""S"": 266, ""PYO"": 38, ""HSM"": 6, ""HDM"": 104, ""AE"": 97, ""MV"": 28}","[5, 6, 7, 8, 9, 10, 13, 11, 16, 12]",0.1597
2019,9,20,5,267,18940,70.94,2,64,2941,0.1553,1471,1470,175,9.68,7.0,2595,213,130,3,17,0.0464,"{""IC"": 2418, ""S"": 180, ""PVV"": 3, ""PYO"": 52, ""HSM"": 55, ""HDM"": 76, ""AE"": 129, ""MV"": 28}","[5, 6, 7, 8, 9, 11, 10, 12, 13, 14]",0.1607
2019,9,21,6,205,15358,74.92,0,0,2353,0.1532,1182,1171,68,14.97,9.0,1670,446,141,96,11,0.0413,"{""IC"": 1819, ""S"": 89, ""PYO"": 20, ""HDM"": 24, ""AE"": 185, ""MV"": 216}","[5, 6, 7, 8, 10, 13, 9, 14, 12, 11]",0.169
2019,9,22,7,202,14956,74.04,0,0,3692,0.2469,1845,1847,72,14.91,9.0,2533,805,139,215,17,0.0267,"{""IC"": 2125, ""S"": 892, ""PVV"": 93, ""PYO"": 53, ""HDM"": 112, ""AE"": 417}","[5, 6, 7, 8, 9, 12, 11, 13, 10, 17]",0.1747
2019,9,23,1,263,18556,70.56,2,258,3958,0.2133,1982,1976,138,17.84,10.0,2540,870,301,247,24,0.0283,"{""IC"": 2609, ""S"": 985, ""PVV"": 23, ""PYO"": 11, ""HSM"": 44, ""HDM"": 57, ""AE"": 229}","[5, 6, 7, 10, 8, 9, 11, 16, 12, 15]",0.1846
2019,9,24,2,261,18640,71.42,0,204,4054,0.2175,2031,2023,102,19.58,11.0,2389,587,887,191,28,0.0294,"{""IC"": 2793, ""S"": 724, ""PVV"": 53, ""PYO"": 10, ""HSM"": 31, ""HDM"": 96, ""AE"": 301, ""MV"": 46}","[5, 7, 6, 8, 9, 11, 10, 31, 12, 33]",0.1901
2019,9,25,3,262,18634,71.12,3,112,3980,0.2136,1992,1988,79,12.73,9.0,3244,439,187,110,13,0.0318,"{""IC"": 2800, ""S"": 837, ""PVV"": 49, ""PYO"": 45, ""HSM"": 24, ""HDM"": 42, ""AE"": 123, ""MV"": 60}","[5, 6, 7, 8, 10, 9, 11, 12, 14, 13]",0.1891
2019,9,26,4,261,18898,72.41,2,58,1832,0.0969,914,918,49,9.24,7.0,1603,201,28,0,12,0.0622,"{""IC"": 1351, ""S"": 259, ""PVV"": 3, ""PYO"": 128, ""HDM"": 41, ""AE"": 50}","[5, 6, 7, 8, 9, 10, 11, 13, 12, 14]",0.1852
2019,9,27,5,273,19166,70.21,1,126,5856,0.3055,2932,2924,174,20.19,12.0,3312,1531,616,397,37,0.0229,"{""IC"": 4062, ""S"": 1143, ""PVV"": 18, ""PYO"": 250, ""HSM"": 69, ""HDM"": 106, ""AE"": 153, ""MUS"": 32, ""MV"": 23}","[5, 6, 7, 8, 10, 9, 11, 12, 18, 14]",0.2067
2019,9,28,6,215,15276,71.05,0,14,2078,0.136,1037,1041,47,10.49,8.0,1650,360,68,0,17,0.0531,"{""IC"": 1580, ""S"": 360, ""PYO"": 73, ""HDM"": 24, ""AE"": 4, ""MUS"": 5, ""MV"": 32}","[5, 6, 7, 8, 9, 10, 11, 17, 18, 15]",0.2042
2019,9,29,7,212,15286,72.1,0,0,3128,0.2046,1578,1550,43,10.11,7.0,2600,414,114,0,18,0.041,"{""IC"": 2220, ""S"": 458, ""PVV"": 13, ""PYO"": 63, ""HSM"": 10, ""HDM"": 53, ""AE"": 174, ""MUS"": 21, ""MV"": 116}","[5, 6, 7, 8, 9, 10, 14, 15, 12, 13]",0.1982
2019,9,30,1,262,18580,70.92,3,112,5057,0.2722,2536,2521,101,15.03,9.0,3731,863,272,191,23,0.027,"{""IC"": 3605, ""S"": 842, ""PVV"": 126, ""PYO"": 64, ""HSM"": 53, ""HDM"": 108, ""AE"": 231, ""MV"": 28}","[5, 6, 7, 8, 9, 10, 11, 12, 13, 14]",0.2066
2019,10,1,2,259,18630,71.93,0,0,5065,0.2719,2550,2515,91,14.1,9.0,3566,1074,279,146,26,0.0318,"{""IC"": 3880, ""S"": 791, ""PVV"": 104, ""PYO"": 7, ""HSM"": 35, ""HDM"": 79, ""AE"": 86, ""MV"": 83}","[5, 6, 7, 8, 9, 10, 13, 11, 12, 15]",0.2144
2019,10,2,3,264,18604,70.47,3,64,5181,0.2785,2604,2577,275,22.38,10.0,3302,1134,373,372,26,0.0223,"{""IC"": 3714, ""S"": 1059, ""PVV"": 3, ""PYO"": 142, ""HSM"": 22, ""HDM"": 136, ""AE"": 103, ""MV"": 2}","[5, 6, 7, 9, 8, 10, 11, 12, 14, 13]",0.2237
2019,10,3,4,262,18904,72.15,1,36,5620,0.2973,2818,2802,154,14.4,8.0,4120,1035,309,156,36,0.0283,"{""IC"": 4016, ""S"": 1125, ""PVV"": 1, ""PYO"": 25, ""HSM"": 5, ""HDM"": 161, ""AE"": 77, ""MV"": 210}","[5, 6, 7, 8, 10, 9, 11, 16, 15, 17]",0.2523
2019,10,4,5,263,18650,70.91,1,36,4747,0.2545,2377,2370,70,13.13,8.0,3478,892,251,126,27,0.0264,"{""IC"": 3548, ""S"": 656, ""PVV"": 4, ""PYO"": 38, ""HSM"": 18, ""HDM"": 127, ""AE"": 354, ""MV"": 2}","[5, 7, 6, 8, 9, 10, 11, 12, 15, 16]",0.245
2019,10,5,6,215,15168,70.55,4,22,2863,0.1888,1441,1422,81,11.29,8.0,2264,429,169,1,15,0.0426,"{""IC"": 2037, ""S"": 535, ""PYO"": 86, ""HDM"": 44, ""AE"": 113, ""MUS"": 46, ""MV"": 2}","[5, 6, 7, 8, 9, 11, 10, 14, 12, 13]",0.2525
2019,10,6,7,214,15154,70.81,4,62,4445,0.2933,2217,2228,120,15.6,10.0,2980,967,298,200,24,0.0247,"{""IC"": 2939, ""S"": 1015, ""PVV"": 10, ""PYO"": 84, ""HDM"": 90, ""AE"": 130, ""MV"": 169, ""V"": 8}","[5, 6, 7, 9, 8, 10, 11, 15, 17, 12]",0.2652
2019,10,7,1,266,18738,70.44,2,86,2715,0.1449,1362,1353,110,18.55,9.0,1836,565,92,222,15,0.035,"{""IC"": 2236, ""S"": 266, ""PVV"": 2, ""PYO"": 49, ""HSM"": 23, ""HDM"": 102, ""AE"": 4, ""MV"": 24, ""V"": 9}","[5, 6, 7, 8, 9, 15, 10, 16, 13, 11]",0.247
2019,10,8,2,262,18646,71.17,1,50,2834,0.152,1417,1417,101,11.54,8.0,2213,487,117,17,17,0.0468,"{""IC"": 2378, ""S"": 190, ""PVV"": 26, ""PYO"": 19, ""HSM"": 5, ""HDM"": 111, ""AE"": 91, ""MV"": 14}","[5, 6, 7, 8, 9, 10, 11, 15, 12, 14]",0.2299
2019,10,9,3,263,18728,71.21,9,158,2815,0.1503,1415,1400,124,15.52,8.0,2147,389,104,175,10,0.0358,"{""IC"": 2124, ""S"": 304, ""PVV"": 77, ""PYO"": 57, ""HSM"": 1, ""HDM"": 87, ""AE"": 115, ""MV"": 50}","[5, 6, 7, 9, 8, 10, 11, 14, 15, 12]",0.2116
2019,10,10,4,259,18662,72.05,0,0,3165,0.1696,1579,1586,132,11.25,8.0,2614,425,98,28,15,0.0421,"{""IC"": 2374, ""S"": 570, ""PVV"": 44, ""PYO"": 42, ""HSM"": 1, ""HDM"": 25, ""AE"": 4, ""MV"": 105}","[5, 6, 7, 8, 9, 10, 11, 12, 13, 14]",0.1933
2019,10,11,5,266,18760,70.53,0,146,5331,0.2842,2665,2666,65,12.3,8.0,3945,956,420,10,30,0.0281,"{""IC"": 3943, ""S"": 897, ""PYO"": 44, ""HSM"": 19, ""HDM"": 118, ""AE"": 128, ""MV"": 182}","[5, 6, 7, 8, 9, 10, 11, 12, 18, 15]",0.1976
2019,10,12,6,203,15126,74.51,1,24,2906,0.1921,1456,1450,50,14.8,9.0,1920,605,381,0,14,0.0316,"{""IC"": 2404, ""S"": 403, ""PYO"": 47, ""HDM"": 40, ""AE"": 9, ""MUS"": 3}","[5, 6, 7, 8, 9, 10, 11, 12, 15, 28]",0.1981
2019,10,13,7,205,15232,74.3,0,0,4345,0.2853,2178,2167,47,10.14,8.0,3663,577,105,0,18,0.0322,"{""IC"": 3013, ""S"": 723, ""PVV"": 30, ""PYO"": 27, ""HDM"": 156, ""AE"": 320, ""MV"": 76}","[5, 6, 7, 8, 9, 10, 11, 12, 13, 14]",0.1969
2019,10,14,1,263,18568,70.6,0,0,4422,0.2382,2220,2202,94,12.98,8.0,3469,724,45,184,20,0.032,"{""IC"": 3359, ""S"": 620, ""PVV"": 3, ""PYO"": 29, ""HSM"": 7, ""HDM"": 91, ""AE"": 304, ""MV"": 9}","[5, 6, 7, 8, 9, 10, 12, 13, 11, 17]",0.2102
2019,10,15,2,261,18726,71.75,0,66,3099,0.1655,1556,1543,61,11.43,8.0,2541,322,235,1,16,0.043,"{""IC"": 2379, ""S"": 426, ""PYO"": 17, ""HSM"": 11, ""HDM"": 95, ""AE"": 114, ""MV"": 57}","[5, 6, 7, 8, 9, 10, 12, 11, 14, 16]",0.2122
2019,10,16,3,262,18614,71.05,3,52,6249,0.3357,3128,3121,163,13.85,9.0,4152,1723,286,88,35,0.0243,"{""IC"": 4655, ""S"": 1183, ""PVV"": 26, ""PYO"": 31, ""HSM"": 11, ""HDM"": 120, ""AE"": 195, ""MV"": 28}","[5, 6, 7, 8, 9, 10, 16, 15, 18, 17]",0.2387
2019,10,17,4,269,19208,71.41,1,154,6269,0.3264,3143,3126,94,14.94,10.0,4535,992,525,217,39,0.0251,"{""IC"": 4366, ""S"": 1075, ""PVV"": 10, ""PYO"": 27, ""HDM"": 115, ""AE"": 248, ""MV"": 416, ""V"": 12}","[5, 6, 7, 9, 10, 12, 11, 8, 13, 16]",0.2611
2019,10,18,5,265,18698,70.56,2,28,6040,0.323,3019,3021,97,16.69,9.0,4169,1036,423,412,25,0.0234,"{""IC"": 3978, ""S"": 1429, ""PVV"": 26, ""PYO"": 68, ""HSM"": 10, ""HDM"": 93, ""AE"": 436}","[5, 6, 7, 8, 9, 10, 13, 14, 15, 11]",0.2666
2019,10,19,6,204,15210,74.56,0,0,4290,0.2821,2153,2137,63,12.28,8.0,3208,828,239,15,15,0.0268,"{""IC"": 3466, ""S"": 426, ""PVV"": 1, ""PYO"": 224, ""HDM"": 92, ""AE"": 53, ""MV"": 28}","[5, 6, 7, 8, 9, 10, 13, 12, 14, 11]",0.2795
2019,10,20,7,202,15084,74.67,0,0,4307,0.2855,2153,2154,129,15.33,9.0,3069,820,327,91,19,0.0262,"{""IC"": 3259, ""S"": 903, ""PVV"": 7, ""PYO"": 21, ""HSM"": 2, ""HDM"": 80, ""AE"": 35}","[5, 6, 9, 8, 7, 10, 11, 14, 13, 20]",0.2795
2019,10,21,1,261,18620,71.34,1,36,3908,0.2099,1959,1949,119,9.99,7.0,3459,356,57,36,18,0.0392,"{""IC"": 3043, ""S"": 584, ""PVV"": 58, ""PYO"": 51, ""HSM"": 26, ""HDM"": 57, ""AE"": 83, ""MV"": 6}","[5, 6, 7, 8, 9, 10, 11, 12, 20, 18]",0.2754
2019,10,22,2,266,18824,70.77,2,274,5136,0.2728,2570,2566,712,63.73,9.0,3362,680,210,884,19,0.014,"{""IC"": 3939, ""S"": 695, ""PVV"": 38, ""PYO"": 134, ""HSM"": 4, ""HDM"": 39, ""AE"": 157, ""MV"": 130}","[5, 6, 7, 8, 9, 10, 16, 15, 13, 12]",0.2908
2019,10,23,3,266,18888,71.01,6,240,5965,0.3158,2989,2976,135,22.26,14.0,3081,1420,1107,357,28,0.0203,"{""IC"": 4110, ""S"": 1430, ""PVV"": 48, ""PYO"": 64, ""HSM"": 1, ""HDM"": 168, ""AE"": 6, ""MV"": 138}","[5, 6, 7, 8, 9, 30, 11, 10, 12, 29]",0.2879
2019,10,24,4,260,18726,72.02,6,132,5370,0.2868,2700,2670,465,14.76,10.0,3729,1155,425,61,27,0.0322,"{""IC"": 3569, ""S"": 809, ""PVV"": 98, ""PYO"": 17, ""HSM"": 122, ""HDM"": 101, ""AE"": 446, ""MV"": 208}","[5, 6, 7, 8, 9, 10, 11, 13, 12, 16]",0.2823
2019,10,25,5,261,18578,71.18,4,80,7942,0.4275,3981,3961,169,11.75,9.0,6359,1342,182,59,38,0.0219,"{""IC"": 5809, ""S"": 1246, ""PVV"": 100, ""PYO"": 122, ""HSM"": 89, ""HDM"": 126, ""AE"": 450}","[5, 6, 7, 8, 9, 10, 11, 12, 13, 14]",0.2972
2019,10,26,6,207,15196,73.41,1,20,3542,0.2331,1772,1770,169,23.7,9.0,2364,410,219,549,16,0.0258,"{""IC"": 2656, ""S"": 324, ""PVV"": 1, ""PYO"": 184, ""HDM"": 109, ""AE"": 262, ""MV"": 6}","[5, 6, 7, 8, 12, 11, 9, 13, 17, 61]",0.2902
2019,10,27,7,207,15170,73.29,0,40,4666,0.3076,2336,2330,71,17.05,10.0,2923,860,705,178,26,0.0261,"{""IC"": 3306, ""S"": 849, ""PVV"": 59, ""PYO"": 40, ""HSM"": 21, ""HDM"": 156, ""AE"": 226, ""MV"": 9}","[5, 6, 7, 8, 11, 9, 10, 12, 19, 18]",0.2934
2019,10,28,1,263,18564,70.59,1,90,3626,0.1953,1816,1810,49,12.32,9.0,2833,492,301,0,21,0.0371,"{""IC"": 2549, ""S"": 738, ""PYO"": 5, ""HDM"": 61, ""AE"": 125, ""MV"": 148}","[5, 6, 8, 9, 7, 10, 12, 11, 13, 15]",0.2913
2019,10,29,2,274,18722,68.33,1,168,4833,0.2581,2414,2419,251,26.33,10.0,3167,701,494,471,45,0.0281,"{""IC"": 3470, ""S"": 665, ""PVV"": 13, ""PYO"": 28, ""HSM"": 8, ""HDM"": 138, ""AE"": 459, ""MV"": 46, ""V"": 6}","[5, 6, 7, 9, 8, 10, 11, 13, 12, 14]",0.2892
2019,10,30,3,266,18592,69.89,4,144,4271,0.2297,2141,2130,140,14.6,8.0,3426,469,165,211,22,0.031,"{""IC"": 2660, ""S"": 876, ""PVV"": 97, ""PYO"": 27, ""HSM"": 12, ""HDM"": 97, ""AE"": 418, ""MV"": 84}","[5, 6, 7, 10, 8, 9, 12, 11, 13, 14]",0.2769
2019,10,31,4,267,18816,70.47,0,0,3448,0.1832,1733,1715,163,11.19,7.0,2886,332,204,26,15,0.0381,"{""IC"": 2463, ""S"": 713, ""PVV"": 23, ""PYO"": 19, ""HSM"": 28, ""HDM"": 31, ""AE"": 96, ""MV"": 75}","[5, 6, 7, 8, 9, 10, 11, 13, 32, 20]",0.2621
2019,11,1,5,262,18614,71.05,0,0,4577,0.2459,2286,2291,37,8.76,7.0,4051,520,6,0,16,0.0334,"{""IC"": 3388, ""PVV"": 1, ""S"": 678, ""PYO"": 42, ""HSM"": 36, ""HDM"": 64, ""AE"": 368}","[5, 7, 6, 8, 9, 10, 11, 13, 12, 14]",0.2361
2019,11,2,6,202,15122,74.86,0,0,3766,0.249,1878,1888,64,14.88,10.0,2552,689,512,13,17,0.0272,"{""IC"": 3009, ""S"": 242, ""PVV"": 64, ""PYO"": 59, ""HDM"": 29, ""AE"": 335, ""MV"": 28}","[5, 6, 7, 8, 13, 12, 9, 15, 10, 14]",0.2384
2019,11,3,7,206,15056,73.09,0,0,3477,0.2309,1740,1737,66,10.02,8.0,3164,180,71,62,13,0.0308,"{""IC"": 2353, ""S"": 689, ""PYO"": 78, ""HSM"": 7, ""HDM"": 50, ""AE"": 300}","[5, 6, 7, 8, 10, 9, 11, 12, 13, 14]",0.2274
2019,11,4,1,265,18566,70.06,2,54,3331,0.1794,1669,1662,83,17.05,8.0,2172,601,386,172,16,0.027,"{""IC"": 2430, ""S"": 503, ""PVV"": 46, ""PYO"": 87, ""HSM"": 11, ""HDM"": 64, ""AE"": 132, ""MV"": 58}","[5, 6, 7, 8, 9, 10, 11, 12, 16, 18]",0.2252
2019,11,5,2,261,18494,70.86,0,0,3767,0.2037,1883,1884,53,14.01,10.0,2357,1076,334,0,15,0.0332,"{""IC"": 2682, ""S"": 680, ""PVV"": 60, ""PYO"": 45, ""HSM"": 3, ""HDM"": 77, ""AE"": 210, ""MV"": 10}","[5, 6, 7, 9, 8, 10, 19, 20, 14, 21]",0.2174
2019,11,6,3,266,18654,70.13,5,222,4081,0.2188,2046,2035,109,12.8,8.0,3378,420,167,116,17,0.0316,"{""IC"": 2975, ""S"": 903, ""PYO"": 28, ""HSM"": 23, ""HDM"": 71, ""AE"": 78, ""MV"": 3}","[5, 6, 7, 8, 9, 10, 11, 12, 13, 14]",0.2158
2019,11,7,4,274,18992,69.31,2,70,4360,0.2296,2176,2184,64,12.15,9.0,3414,599,340,7,21,0.0281,"{""IC"": 2866, ""S"": 907, ""PVV"": 37, ""PYO"": 81, ""HSM"": 28, ""HDM"": 53, ""AE"": 149, ""MV"": 239}","[5, 6, 7, 8, 10, 11, 9, 12, 13, 16]",0.2225
2019,11,8,5,265,18706,70.59,0,0,4909,0.2624,2453,2456,58,12.72,10.0,3766,822,321,0,23,0.0272,"{""IC"": 3575, ""S"": 993, ""PVV"": 6, ""PYO"": 24, ""HSM"": 5, ""HDM"": 50, ""AE"": 171, ""MV"": 85}","[5, 6, 7, 10, 11, 9, 8, 13, 12, 14]",0.2248
2019,11,9,6,202,15098,74.74,0,0,2953,0.1956,1475,1478,71,11.55,7.0,2227,524,186,16,17,0.0389,"{""IC"": 2465, ""S"": 286, ""PYO"": 13, ""HSM"": 12, ""HDM"": 51, ""AE"": 124, ""V"": 2}","[5, 6, 7, 8, 9, 10, 11, 24, 33, 20]",0.2172
2019,11,10,7,202,15084,74.67,0,0,4237,0.2809,2127,2110,123,14.48,9.0,3063,858,218,98,24,0.0267,"{""IC"": 3265, ""S"": 708, ""PYO"": 20, ""HDM"": 82, ""AE"": 162}","[5, 6, 7, 8, 9, 13, 11, 12, 10, 14]",0.2243
2019,11,11,1,258,18376,71.22,1,62,4355,0.237,2169,2186,117,12.82,9.0,3357,716,215,67,28,0.029,"{""IC"": 3136, ""S"": 904, ""PVV"": 42, ""PYO"": 55, ""HSM"": 15, ""HDM"": 113, ""AE"": 90}","[5, 6, 7, 8, 11, 9, 10, 12, 13, 14]",0.2326
2019,11,12,2,258,18444,71.49,0,0,3228,0.175,1629,1599,25,8.83,7.0,2871,357,0,0,11,0.0391,"{""IC"": 2284, ""S"": 669, ""PVV"": 1, ""PYO"": 29, ""HSM"": 37, ""HDM"": 28, ""AE"": 179, ""MV"": 1}","[5, 6, 7, 8, 9, 10, 12, 11, 13, 18]",0.2285
2019,11,13,3,266,18692,70.27,6,120,4150,0.222,2081,2069,54,12.06,9.0,3101,787,262,0,20,0.0326,"{""IC"": 3038, ""PVV"": 34, ""S"": 709, ""PYO"": 40, ""HSM"": 1, ""HDM"": 62, ""AE"": 137, ""MV"": 129}","[5, 6, 7, 9, 8, 10, 12, 13, 11, 14]",0.2289
2019,11,14,4,272,19114,70.27,0,0,4986,0.2609,2486,2500,117,13.93,9.0,3713,762,410,101,29,0.0289,"{""IC"": 3393, ""S"": 835, ""PVV"": 34, ""PYO"": 31, ""HSM"": 2, ""HDM"": 77, ""AE"": 172, ""MV"": 442}","[5, 6, 7, 8, 9, 10, 11, 12, 14, 13]",0.2334
2019,11,15,5,266,18498,69.54,1,68,4193,0.2267,2099,2094,91,14.71,9.0,3139,648,218,188,23,0.0308,"{""IC"": 3145, ""S"": 508, ""PVV"": 41, ""HSM"": 18, ""HDM"": 85, ""AE"": 159, ""MV"": 237}","[5, 6, 7, 9, 8, 10, 11, 12, 13, 18]",0.2283
2019,11,16,6,198,13356,67.45,2,60,1758,0.1316,884,874,67,15.54,10.0,1045,457,211,45,13,0.0349,"{""IC"": 1318, ""S"": 287, ""PVV"": 35, ""HSM"": 18, ""HDM"": 59, ""AE"": 7, ""MV"": 34}","[5, 6, 8, 7, 9, 19, 17, 16, 20, 11]",0.2192
2019,11,17,7,197,13584,68.95,1,20,3467,0.2552,1735,1732,73,16.11,10.0,2283,692,332,160,13,0.0225,"{""IC"": 2462, ""PVV"": 55, ""S"": 854, ""HDM"": 38, ""AE"": 18, ""MV"": 40}","[5, 6, 7, 10, 8, 9, 11, 13, 21, 12]",0.2155
2019,11,18,1,264,18610,70.49,0,0,4244,0.228,2121,2123,63,10.92,8.0,3566,447,221,10,20,0.0349,"{""S"": 1011, ""IC"": 2882, ""PVV"": 1, ""PYO"": 14, ""HDM"": 61, ""AE"": 228, ""MV"": 47}","[5, 6, 7, 8, 9, 10, 11, 12, 13, 14]",0.2142
2019,11,19,2,261,18476,70.79,0,20,3337,0.1806,1667,1670,121,15.71,9.0,2422,593,176,146,16,0.0345,"{""IC"": 2463, ""S"": 603, ""PVV"": 3, ""PYO"": 31, ""HSM"": 38, ""HDM"": 80, ""AE"": 91, ""MV"": 28}","[5, 6, 8, 7, 9, 10, 11, 12, 17, 13]",0.215
2019,11,20,3,263,18540,70.49,6,90,2026,0.1093,1010,1016,66,14.02,10.0,1358,483,145,40,10,0.0515,"{""IC"": 1367, ""S"": 419, ""PVV"": 89, ""PYO"": 33, ""HSM"": 11, ""HDM"": 84, ""AE"": 23}","[5, 6, 9, 8, 7, 10, 11, 16, 17, 15]",0.1989
2019,11,21,4,264,18742,70.99,8,284,3063,0.1634,1525,1538,92,13.62,10.0,2188,632,154,89,19,0.0378,"{""IC"": 2368, ""PVV"": 6, ""S"": 550, ""PYO"": 62, ""HSM"": 20, ""HDM"": 36, ""AE"": 10, ""MV"": 11}","[5, 6, 7, 8, 13, 12, 10, 11, 9, 14]",0.185
2019,11,22,5,268,18996,70.88,5,162,3564,0.1876,1784,1780,58,13.42,9.0,2487,760,317,0,19,0.0332,"{""IC"": 2688, ""S"": 585, ""PVV"": 26, ""PYO"": 31, ""HDM"": 129, ""AE"": 54, ""MV"": 51}","[5, 6, 7, 8, 9, 10, 14, 12, 15, 11]",0.1794
2019,11,23,6,214,15526,72.55,1,72,1964,0.1265,979,985,70,14.45,9.0,1393,385,80,106,10,0.0495,"{""S"": 236, ""IC"": 1460, ""PVV"": 6, ""PYO"": 11, ""HSM"": 4, ""HDM"": 28, ""AE"": 138, ""MUS"": 32, ""MV"": 49}","[5, 6, 7, 8, 9, 11, 10, 12, 13, 17]",0.1787
2019,11,24,7,214,15634,73.06,2,132,4869,0.3114,2425,2444,250,43.7,20.0,2087,1055,587,1140,32,0.0147,"{""IC"": 3462, ""S"": 1030, ""PVV"": 63, ""PYO"": 32, ""HSM"": 3, ""HDM"": 52, ""AE"": 99, ""MUS"": 69, ""MV"": 59}","[5, 6, 8, 7, 9, 12, 10, 11, 25, 24]",0.1867
2019,11,25,1,266,18610,69.96,5,186,2360,0.1268,1179,1181,73,11.28,8.0,1796,486,56,22,15,0.05,"{""IC"": 1977, ""S"": 259, ""PYO"": 15, ""HDM"": 65, ""AE"": 10, ""MV"": 34}","[5, 6, 7, 8, 9, 10, 17, 11, 18, 19]",0.1722
2019,11,26,2,263,18640,70.87,1,14,3012,0.1616,1505,1507,97,12.55,9.0,2315,501,156,40,15,0.0368,"{""IC"": 2362, ""S"": 369, ""PYO"": 2, ""HSM"": 18, ""HDM"": 66, ""AE"": 135, ""MV"": 60}","[5, 6, 7, 8, 9, 13, 10, 11, 12, 14]",0.1695
2019,11,27,3,263,18610,70.76,2,40,3362,0.1807,1682,1680,89,13.33,8.0,2586,534,105,137,14,0.0361,"{""IC"": 2585, ""S"": 649, ""PYO"": 24, ""HSM"": 2, ""HDM"": 44, ""AE"": 35, ""MV"": 23}","[5, 6, 7, 8, 9, 10, 11, 12, 13, 14]",0.1797
2019,11,28,4,265,18754,70.77,3,116,4639,0.2474,2328,2311,71,10.9,8.0,3922,520,158,39,26,0.0326,"{""IC"": 3298, ""S"": 773, ""PVV"": 46, ""PYO"": 31, ""HSM"": 48, ""HDM"": 100, ""AE"": 206, ""MV"": 137}","[5, 6, 7, 9, 8, 10, 11, 12, 14, 13]",0.1917
2019,11,29,5,267,18714,70.09,1,36,4798,0.2564,2395,2403,129,13.48,9.0,3573,803,379,43,24,0.03,"{""IC"": 3658, ""S"": 719, ""PVV"": 44, ""PYO"": 114, ""HSM"": 25, ""HDM"": 85, ""AE"": 105, ""MUS"": 28, ""MV"": 14, ""V"": 6}","[5, 6, 7, 8, 9, 10, 12, 11, 13, 14]",0.2015
2019,11,30,6,204,15238,74.7,3,256,5260,0.3452,2623,2637,246,30.05,16.0,2457,1467,490,846,36,0.0183,"{""IC"": 3679, ""S"": 914, ""PVV"": 40, ""PYO"": 165, ""HSM"": 36, ""HDM"": 30, ""AE"": 272, ""MV"": 118, ""V"": 6}","[5, 6, 7, 8, 9, 10, 11, 18, 19, 22]",0.2328
2019,12,1,7,204,15144,74.24,0,0,4052,0.2676,2029,2023,38,9.54,7.0,3424,561,67,0,17,0.0288,"{""IC"": 3139, ""S"": 753, ""PYO"": 31, ""HSM"": 1, ""HDM"": 48, ""AE"": 20, ""MV"": 60}","[5, 6, 7, 8, 9, 10, 12, 13, 11, 15]",0.2265
2019,12,2,1,263,18490,70.3,3,172,7465,0.4037,3735,3730,168,39.11,19.0,3090,1257,1358,1760,38,0.0157,"{""IC"": 5245, ""S"": 1520, ""PVV"": 84, ""PYO"": 125, ""HSM"": 62, ""HDM"": 82, ""AE"": 347}","[5, 6, 8, 7, 11, 9, 10, 12, 13, 14]",0.2661
2019,12,3,2,267,18674,69.94,4,92,4447,0.2381,2232,2215,64,14.3,9.0,3037,1008,365,37,22,0.0297,"{""IC"": 3254, ""S"": 849, ""PVV"": 5, ""PYO"": 22, ""HSM"": 52, ""HDM"": 60, ""AE"": 175, ""MV"": 30}","[5, 6, 7, 8, 9, 10, 11, 14, 25, 12]",0.277
2019,12,4,3,265,18594,70.17,1,16,3659,0.1968,1827,1832,43,10.32,8.0,2981,623,55,0,28,0.036,"{""IC"": 2686, ""S"": 579, ""PYO"": 66, ""HSM"": 61, ""HDM"": 103, ""AE"": 134, ""MUS"": 10, ""MV"": 20}","[5, 6, 7, 8, 10, 9, 11, 12, 19, 13]",0.2793
2019,12,5,4,264,18622,70.54,0,0,3393,0.1822,1689,1704,59,12.32,8.0,2539,627,227,0,20,0.0356,"{""IC"": 2639, ""S"": 490, ""PYO"": 34, ""HSM"": 34, ""HDM"": 73, ""AE"": 123}","[5, 6, 7, 9, 10, 8, 11, 12, 20, 16]",0.27
2019,12,6,5,218,16436,75.39,0,0,2632,0.1601,1313,1319,108,12.44,8.0,1945,463,218,6,13,0.0399,"{""IC"": 2172, ""S"": 121, ""PVV"": 5, ""PYO"": 66, ""HDM"": 30, ""AE"": 214, ""MV"": 14, ""V"": 10}","[5, 6, 7, 8, 9, 10, 11, 12, 13, 17]",0.2562
2019,12,7,6,204,15174,74.38,0,0,1831,0.1207,916,915,149,20.52,8.0,1509,95,0,227,5,0.0386,"{""IC"": 1522, ""S"": 137, ""PVV"": 52, ""PYO"": 68, ""HDM"": 18, ""AE"": 34}","[5, 6, 7, 10, 9, 8, 11, 13, 12, 15]",0.2242
2019,12,8,7,208,15158,72.88,1,20,2593,0.1711,1290,1303,195,23.23,8.0,1920,353,95,225,12,0.0259,"{""IC"": 2022, ""S"": 419, ""PYO"": 18, ""HSM"": 5, ""HDM"": 57, ""AE"": 60, ""V"": 12}","[5, 6, 7, 8, 10, 9, 11, 12, 13, 16]",0.2104
2019,12,9,1,261,18420,70.57,2,44,2930,0.1591,1460,1470,91,11.72,9.0,2271,534,115,10,14,0.0416,"{""S"": 314, ""IC"": 2538, ""PYO"": 7, ""HDM"": 65, ""AE"": 6}","[5, 6, 7, 9, 8, 11, 10, 13, 12, 14]",0.1754
2019,12,10,2,260,18484,71.09,0,0,2867,0.1551,1437,1430,134,12.48,8.0,2374,389,15,89,14,0.0362,"{""IC"": 2305, ""S"": 305, ""PYO"": 127, ""HSM"": 34, ""HDM"": 38, ""AE"": 51, ""MV"": 7}","[5, 6, 7, 8, 10, 9, 11, 12, 15, 13]",0.1636
2019,12,11,3,265,18690,70.53,1,16,4182,0.2238,2099,2083,62,12.99,9.0,3272,447,417,46,26,0.0368,"{""IC"": 2761, ""S"": 1131, ""PYO"": 20, ""HSM"": 18, ""HDM"": 154, ""AE"": 72, ""MV"": 26}","[5, 6, 7, 8, 9, 10, 11, 12, 14, 13]",0.1674
2019,12,12,4,263,18528,70.45,0,38,2765,0.1492,1388,1377,66,13.26,10.0,1870,766,77,52,18,0.042,"{""IC"": 1809, ""S"": 647, ""PVV"": 11, ""PYO"": 53, ""HSM"": 13, ""HDM"": 106, ""AE"": 112, ""MV"": 14}","[5, 6, 7, 8, 9, 10, 11, 15, 16, 21]",0.1627
2019,12,13,5,263,18624,70.81,0,20,3559,0.1911,1776,1783,61,10.82,8.0,2959,424,174,2,20,0.0371,"{""S"": 470, ""IC"": 2828, ""PYO"": 17, ""HSM"": 1, ""HDM"": 107, ""AE"": 92, ""MV"": 44}","[5, 6, 7, 8, 9, 10, 11, 12, 13, 14]",0.1672
2019,12,14,6,214,15508,72.47,0,0,1646,0.1061,819,827,50,12.2,9.0,1199,340,107,0,13,0.0541,"{""IC"": 1255, ""S"": 114, ""PYO"": 54, ""HSM"": 13, ""HDM"": 41, ""AE"": 4, ""MV"": 165}","[5, 6, 7, 9, 8, 14, 10, 17, 11, 13]",0.1651
2019,12,15,7,221,16206,73.33,2,228,3377,0.2084,1685,1692,176,26.98,9.0,2228,306,396,447,22,0.0248,"{""IC"": 2745, ""S"": 307, ""PYO"": 23, ""HSM"": 56, ""HDM"": 61, ""AE"": 100, ""MV"": 85}","[5, 7, 6, 8, 9, 11, 10, 12, 13, 14]",0.1704
2019,12,16,1,270,19956,73.91,3,452,3989,0.1999,1993,1996,104,16.34,11.0,2739,682,494,74,23,0.0355,"{""IC"": 3086, ""S"": 465, ""PVV"": 10, ""PYO"": 48, ""HSM"": 35, ""HDM"": 76, ""AE"": 149, ""MV"": 120}","[5, 6, 7, 11, 8, 9, 12, 10, 13, 14]",0.1762
2019,12,17,2,259,19852,76.65,0,40,4219,0.2125,2109,2110,74,11.82,8.0,3342,574,292,11,21,0.0363,"{""IC"": 3400, ""S"": 503, ""PYO"": 51, ""HSM"": 35, ""HDM"": 130, ""AE"": 100}","[6, 5, 7, 8, 9, 10, 11, 13, 12, 14]",0.1844
2019,12,18,3,266,20524,77.16,4,216,5959,0.2903,2989,2970,227,29.78,13.0,3232,1005,873,849,36,0.0241,"{""IC"": 4720, ""S"": 366, ""PVV"": 82, ""PYO"": 276, ""HSM"": 7, ""HDM"": 215, ""AE"": 275, ""MV"": 18}","[5, 6, 7, 8, 10, 9, 11, 13, 12, 14]",0.1939
2019,12,19,4,275,20752,75.46,24,1432,8980,0.4327,4496,4484,193,34.2,23.0,3233,2022,2168,1557,60,0.0189,"{""IC"": 6556, ""S"": 1729, ""PVV"": 43, ""PYO"": 306, ""HSM"": 13, ""HDM"": 198, ""AE"": 63, ""MV"": 72}","[5, 6, 9, 7, 8, 10, 12, 13, 11, 18]",0.2344
2019,12,20,5,274,20774,75.82,1,86,5882,0.2831,2942,2940,181,16.6,11.0,3896,1275,509,202,37,0.0306,"{""IC"": 4342, ""S"": 829, ""PVV"": 48, ""PYO"": 271, ""HSM"": 5, ""HDM"": 112, ""AE"": 114, ""MV"": 161}","[5, 6, 7, 8, 9, 10, 11, 13, 12, 14]",0.2476
2019,12,21,6,222,17356,78.18,2,100,3505,0.2019,1747,1758,109,18.1,10.0,2260,608,492,145,23,0.0302,"{""IC"": 2339, ""S"": 639, ""PVV"": 47, ""PYO"": 191, ""HSM"": 43, ""HDM"": 74, ""AE"": 143, ""MV"": 29}","[5, 6, 7, 9, 8, 10, 11, 12, 14, 13]",0.2613
2019,12,22,7,219,17218,78.62,0,0,3926,0.228,1954,1972,180,16.22,10.0,2796,735,185,210,22,0.0369,"{""IC"": 2724, ""S"": 594, ""PYO"": 286, ""HSM"": 18, ""HDM"": 147, ""AE"": 157}","[5, 8, 6, 7, 9, 10, 11, 14, 16, 17]",0.2641
2019,12,23,1,266,20102,75.57,0,0,2666,0.1326,1322,1344,180,13.41,9.0,1842,671,148,5,19,0.05,"{""S"": 295, ""IC"": 2138, ""PVV"": 26, ""PYO"": 63, ""HSM"": 1, ""HDM"": 97, ""AE"": 46}","[5, 6, 7, 9, 8, 10, 11, 26, 28, 12]",0.2544
2019,12,24,2,119,8780,73.78,0,2,960,0.1093,481,479,63,24.63,19.0,381,201,361,17,10,0.0296,"{""IC"": 833, ""PVV"": 10, ""S"": 24, ""HSM"": 19, ""HDM"": 29, ""AE"": 44, ""MV"": 1}","[5, 6, 7, 31, 17, 11, 8, 43, 14, 47]",0.2397
2019,12,25,3,159,12086,76.01,2,62,1536,0.1271,764,772,38,11.44,8.0,1160,324,52,0,11,0.0538,"{""IC"": 1107, ""S"": 232, ""PYO"": 31, ""HDM"": 87, ""AE"": 6, ""MV"": 73}","[5, 6, 7, 9, 10, 8, 12, 11, 15, 13]",0.2164
2019,12,26,4,227,17170,75.64,2,78,2729,0.1589,1365,1364,129,15.13,11.0,1845,701,108,75,16,0.0498,"{""IC"": 2113, ""S"": 186, ""PVV"": 4, ""PYO"": 187, ""HDM"": 115, ""AE"": 31, ""MUS"": 7, ""MV"": 86}","[5, 6, 7, 10, 8, 9, 11, 14, 12, 13]",0.1773
2019,12,27,5,279,20888,74.87,0,0,6631,0.3175,3304,3327,105,17.14,10.0,4567,1247,420,397,38,0.0221,"{""IC"": 4895, ""S"": 901, ""PVV"": 123, ""PYO"": 320, ""HSM"": 6, ""HDM"": 179, ""AE"": 199, ""MUS"": 8}","[5, 6, 7, 8, 9, 10, 11, 12, 14, 13]",0.1822
2019,12,28,6,224,16818,75.08,1,128,3966,0.2358,1984,1982,181,21.9,11.0,2302,692,587,385,17,0.0256,"{""IC"": 2907, ""S"": 584, ""PVV"": 223, ""PYO"": 87, ""HSM"": 1, ""HDM"": 57, ""AE"": 83, ""MUS"": 24}","[5, 6, 7, 10, 8, 11, 9, 13, 15, 12]",0.187
2019,12,29,7,223,17034,76.39,0,0,3985,0.2339,1984,2001,182,12.73,8.0,2839,834,310,2,33,0.0365,"{""IC"": 2658, ""S"": 668, ""PVV"": 173, ""PYO"": 202, ""HSM"": 29, ""HDM"": 45, ""AE"": 153, ""MUS"": 16, ""MV"": 41}","[5, 6, 7, 8, 9, 10, 14, 11, 15, 28]",0.1879
2019,12,30,1,270,20866,77.28,2,284,4080,0.1955,2039,2041,180,12.27,9.0,3003,852,209,16,22,0.0424,"{""IC"": 2978, ""S"": 499, ""PVV"": 181, ""PYO"": 87, ""HSM"": 43, ""HDM"": 41, ""AE"": 159, ""MV"": 92}","[5, 6, 7, 8, 9, 13, 10, 11, 14, 12]",0.1969
2019,12,31,2,258,19456,75.41,1,8,2039,0.1048,1014,1025,130,12.18,9.0,1509,392,134,4,17,0.0597,"{""S"": 73, ""IC"": 1737, ""PVV"": 45, ""HSM"": 20, ""HDM"": 40, ""AE"": 84, ""MV"": 40}","[5, 6, 7, 8, 9, 10, 12, 13, 17, 11]",0.1962
2020,1,1,3,235,18702,79.58,1,16,2256,0.1206,1130,1126,182,11.17,8.0,1870,271,113,2,16,0.0621,"{""IC"": 1661, ""S"": 137, ""PVV"": 107, ""PYO"": 170, ""HDM"": 24, ""AE"": 83, ""MV"": 74}","[5, 6, 8, 7, 9, 10, 11, 12, 27, 15]",0.1953
2020,1,2,4,266,20124,75.65,2,32,2445,0.1215,1225,1220,180,11.29,9.0,1906,502,35,2,14,0.0618,"{""S"": 103, ""IC"": 1770, ""PVV"": 159, ""PYO"": 56, ""HSM"": 4, ""HDM"": 80, ""AE"": 262, ""MV"": 11}","[5, 6, 7, 8, 9, 10, 11, 12, 13, 14]",0.1899
2020,1,3,5,270,20786,76.99,0,0,3204,0.1541,1593,1611,180,8.78,7.0,2850,348,4,2,19,0.0584,"{""IC"": 2103, ""S"": 225, ""PVV"": 240, ""PYO"": 246, ""HSM"": 20, ""HDM"": 85, ""AE"": 285}","[5, 6, 7, 8, 9, 10, 11, 12, 16, 13]",0.1666
2020,1,4,6,219,17230,78.68,0,0,2275,0.132,1132,1143,181,9.92,7.0,1973,191,109,2,19,0.0737,"{""S"": 219, ""IC"": 1583, ""PVV"": 109, ""PYO"": 108, ""HSM"": 54, ""HDM"": 37, ""AE"": 122, ""MV"": 43}","[5, 6, 7, 11, 10, 8, 9, 12, 13, 17]",0.1518
2020,1,5,7,188,14606,77.69,0,48,2651,0.1815,1313,1338,187,21.28,11.0,1559,568,411,113,19,0.0415,"{""IC"": 1755, ""S"": 361, ""PVV"": 148, ""PYO"": 117, ""HSM"": 36, ""HDM"": 98, ""AE"": 128, ""MV"": 8}","[5, 6, 8, 9, 7, 11, 10, 12, 26, 25]",0.1443
2020,1,6,1,220,16980,77.18,1,24,3149,0.1855,1570,1579,180,12.05,8.0,2548,476,48,77,14,0.0423,"{""IC"": 2410, ""S"": 285, ""PVV"": 71, ""PYO"": 167, ""HSM"": 13, ""HDM"": 89, ""AE"": 105, ""MV"": 9}","[5, 6, 7, 8, 10, 9, 15, 17, 12, 14]",0.1429
2020,1,7,2,265,20110,75.89,1,102,3202,0.1592,1594,1608,181,16.09,8.0,2202,557,240,203,19,0.0368,"{""IC"": 2193, ""S"": 599, ""PVV"": 145, ""PYO"": 28, ""HSM"": 30, ""HDM"": 77, ""AE"": 104, ""MV"": 26}","[5, 6, 7, 8, 9, 10, 11, 13, 12, 18]",0.1506
2020,1,8,3,264,20072,76.03,1,16,2685,0.1338,1342,1343,181,8.65,7.0,2400,283,0,2,10,0.0572,"{""IC"": 1911, ""S"": 317, ""PVV"": 92, ""PYO"": 30, ""HSM"": 7, ""HDM"": 46, ""AE"": 233, ""MV"": 49}","[5, 6, 7, 9, 10, 8, 11, 15, 13, 12]",0.1525
2020,1,9,4,263,19992,76.02,2,28,3223,0.1612,1607,1616,181,11.55,8.0,2539,562,93,29,18,0.0465,"{""IC"": 2138, ""S"": 620, ""PVV"": 127, ""PYO"": 86, ""HSM"": 2, ""HDM"": 40, ""AE"": 182, ""MV"": 28}","[5, 6, 8, 7, 9, 10, 11, 12, 13, 14]",0.1582
2020,1,10,5,270,20164,74.68,2,36,3846,0.1907,1930,1916,181,10.38,9.0,3171,616,57,2,15,0.0447,"{""IC"": 3134, ""S"": 546, ""PVV"": 26, ""PYO"": 47, ""HSM"": 1, ""HDM"": 55, ""AE"": 9, ""MV"": 28}","[5, 6, 8, 9, 7, 10, 11, 12, 13, 14]",0.1634
2020,1,11,6,218,16604,76.17,0,0,1802,0.1085,897,905,181,11.34,8.0,1457,248,93,4,8,0.0712,"{""IC"": 1517, ""S"": 114, ""PVV"": 19, ""PYO"": 32, ""HDM"": 29, ""AE"": 59, ""MV"": 32}","[5, 6, 7, 8, 11, 12, 13, 9, 10, 14]",0.1601
2020,1,12,7,219,16164,73.81,1,2,1749,0.1082,869,880,180,13.32,9.0,1308,271,168,2,15,0.0623,"{""IC"": 1302, ""S"": 138, ""PVV"": 52, ""PYO"": 30, ""HSM"": 25, ""HDM"": 134, ""AE"": 2, ""MV"": 66}","[5, 6, 7, 9, 8, 11, 10, 12, 41, 14]",0.1496
2020,1,13,1,264,20072,76.03,2,124,2604,0.1297,1301,1303,94,9.69,7.0,2294,276,6,28,13,0.0548,"{""IC"": 1866, ""S"": 426, ""PVV"": 2, ""PYO"": 56, ""HDM"": 64, ""AE"": 155, ""MV"": 35}","[5, 6, 7, 8, 9, 10, 11, 12, 13, 16]",0.1416
2020,1,14,2,261,19960,76.48,1,36,2841,0.1423,1428,1413,182,14.82,9.0,2037,531,178,95,6,0.0427,"{""S"": 425, ""IC"": 2140, ""PVV"": 16, ""PYO"": 48, ""HSM"": 13, ""HDM"": 8, ""AE"": 153, ""MV"": 38}","[5, 6, 7, 8, 11, 9, 12, 10, 17, 13]",0.1392
2020,1,15,3,262,19936,76.09,2,32,2062,0.1034,1034,1028,182,12.56,8.0,1565,364,110,23,3,0.0603,"{""S"": 281, ""IC"": 1616, ""PYO"": 30, ""HSM"": 13, ""HDM"": 11, ""AE"": 84, ""MV"": 27}","[5, 6, 7, 8, 9, 10, 12, 19, 11, 13]",0.1349
2020,1,16,4,259,19884,76.77,0,22,2382,0.1198,1191,1191,180,25.77,14.0,1205,454,421,302,8,0.0385,"{""IC"": 1826, ""S"": 222, ""PVV"": 65, ""PYO"": 19, ""HSM"": 18, ""HDM"": 31, ""AE"": 201}","[5, 6, 7, 8, 9, 21, 13, 14, 12, 10]",0.1289
2020,1,17,5,264,20094,76.11,0,10,2294,0.1142,1139,1155,180,9.76,7.0,2018,171,103,2,7,0.0638,"{""S"": 293, ""IC"": 1879, ""PVV"": 1, ""PYO"": 40, ""HSM"": 20, ""HDM"": 40, ""AE"": 21}","[5, 6, 7, 9, 8, 10, 11, 12, 13, 37]",0.118
2020,1,18,6,220,16562,75.28,3,68,1524,0.092,757,767,181,10.99,8.0,1246,225,51,2,8,0.0694,"{""S"": 334, ""IC"": 946, ""PYO"": 98, ""HDM"": 21, ""AE"": 122, ""MV"": 3}","[5, 6, 7, 8, 10, 11, 12, 13, 9, 14]",0.1157
2020,1,19,7,218,16142,74.05,1,8,1906,0.1181,951,955,47,14.25,12.0,1168,626,112,0,13,0.0476,"{""IC"": 1407, ""S"": 243, ""PYO"": 7, ""HDM"": 24, ""AE"": 127, ""MV"": 98}","[5, 6, 7, 8, 12, 25, 24, 13, 11, 10]",0.1171
2020,1,20,1,266,19948,74.99,0,0,2070,0.1038,1030,1040,180,17.69,9.0,1384,368,155,163,9,0.0589,"{""IC"": 1388, ""S"": 193, ""PYO"": 67, ""HSM"": 5, ""HDM"": 52, ""AE"": 304, ""MV"": 61}","[5, 6, 7, 8, 9, 10, 11, 15, 13, 12]",0.1134
2020,1,21,2,262,19980,76.26,0,0,1956,0.0979,975,981,180,11.22,8.0,1539,296,119,2,9,0.0678,"{""IC"": 1420, ""S"": 206, ""PYO"": 75, ""HDM"": 77, ""AE"": 140, ""MV"": 38}","[5, 6, 7, 8, 9, 12, 10, 13, 11, 14]",0.107
2020,1,22,3,264,20084,76.08,1,72,1804,0.0898,905,899,37,12.19,9.0,1225,533,46,0,9,0.0561,"{""S"": 180, ""IC"": 1338, ""PVV"": 2, ""PYO"": 44, ""HSM"": 99, ""HDM"": 57, ""AE"": 55, ""MV"": 29}","[5, 6, 7, 8, 10, 16, 9, 11, 28, 18]",0.1051
2020,1,23,4,261,20000,76.63,1,40,2619,0.131,1306,1313,181,9.05,7.0,2275,335,7,2,11,0.0614,"{""S"": 290, ""IC"": 2001, ""PVV"": 10, ""PYO"": 44, ""HSM"": 17, ""HDM"": 103, ""AE"": 109, ""MV"": 45}","[5, 6, 7, 8, 11, 9, 10, 12, 16, 13]",0.1067
2020,1,24,5,264,20094,76.11,2,54,4649,0.2314,2328,2321,181,16.26,11.0,2771,1160,716,2,22,0.0331,"{""IC"": 3609, ""S"": 696, ""PVV"": 37, ""PYO"": 62, ""HSM"": 12, ""HDM"": 149, ""AE"": 84}","[5, 6, 8, 7, 9, 11, 15, 10, 12, 16]",0.1234
2020,1,25,6,215,16592,77.17,0,4,2217,0.1336,1107,1110,180,18.64,9.0,1371,370,331,145,12,0.045,"{""IC"": 1425, ""S"": 534, ""PYO"": 79, ""HSM"": 1, ""HDM"": 71, ""AE"": 85, ""MV"": 18, ""V"": 4}","[5, 6, 7, 8, 9, 12, 10, 16, 13, 31]",0.1294
2020,1,26,7,211,15992,75.79,2,88,1659,0.1037,831,828,180,15.21,8.0,1237,198,172,52,5,0.0599,"{""IC"": 1331, ""S"": 164, ""PYO"": 76, ""HDM"": 15, ""AE"": 73}","[5, 6, 7, 8, 9, 11, 10, 14, 12, 15]",0.1273
2020,1,27,1,262,19900,75.95,2,44,3233,0.1625,1621,1612,180,17.08,8.0,2055,674,275,229,13,0.0322,"{""IC"": 2481, ""S"": 448, ""PVV"": 80, ""PYO"": 112, ""HSM"": 18, ""HDM"": 86, ""AE"": 8}","[5, 6, 7, 8, 20, 18, 17, 19, 9, 14]",0.1357
2020,1,28,2,263,20002,76.05,0,12,3738,0.1869,1874,1864,201,18.74,10.0,2604,816,42,276,19,0.0327,"{""IC"": 3002, ""S"": 393, ""PVV"": 34, ""PYO"": 52, ""HSM"": 51, ""HDM"": 60, ""AE"": 93, ""MV"": 53}","[5, 6, 7, 8, 9, 11, 10, 12, 13, 14]",0.1484
2020,1,29,3,268,20398,76.11,2,104,2894,0.1419,1446,1448,103,15.86,10.0,1995,554,241,104,19,0.0381,"{""IC"": 2155, ""S"": 359, ""PVV"": 5, ""PYO"": 114, ""HDM"": 12, ""AE"": 10, ""MV"": 239}","[5, 6, 7, 8, 11, 10, 13, 9, 12, 15]",0.1559
2020,1,30,4,260,19914,76.59,1,64,5250,0.2636,2636,2614,70,11.56,9.0,4044,1053,110,43,24,0.0286,"{""IC"": 4221, ""S"": 594, ""PYO"": 86, ""HSM"": 29, ""HDM"": 92, ""AE"": 196, ""MV"": 32}","[5, 6, 7, 8, 9, 11, 10, 13, 12, 14]",0.1748
2020,1,31,5,269,20250,75.28,2,40,4626,0.2284,2307,2319,87,15.29,10.0,3091,1012,358,165,28,0.0292,"{""IC"": 3614, ""S"": 553, ""PYO"": 86, ""HSM"": 50, ""HDM"": 144, ""AE"": 104, ""MV"": 75}","[5, 6, 7, 8, 11, 10, 9, 13, 12, 15]",0.1744
2020,2,1,6,213,16426,77.12,0,26,2484,0.1512,1244,1240,101,15.31,8.0,1898,223,203,160,14,0.036,"{""IC"": 2011, ""S"": 218, ""PYO"": 144, ""HSM"": 1, ""HDM"": 18, ""AE"": 66, ""MV"": 26}","[5, 6, 7, 8, 9, 10, 13, 11, 14, 12]",0.1769
2020,2,2,7,211,15992,75.79,0,0,2559,0.16,1275,1284,47,9.91,7.0,2227,257,75,0,12,0.0464,"{""IC"": 2118, ""S"": 317, ""PYO"": 63, ""HDM"": 25, ""AE"": 36}","[5, 6, 7, 9, 8, 10, 11, 12, 13, 21]",0.1849
2020,2,3,1,262,19928,76.06,2,50,2912,0.1461,1454,1458,80,12.9,8.0,2296,383,120,113,11,0.0414,"{""IC"": 2354, ""S"": 396, ""PYO"": 112, ""HDM"": 25, ""AE"": 14, ""MV"": 11}","[5, 6, 7, 8, 9, 11, 10, 12, 13, 14]",0.1826
2020,2,4,2,260,19914,76.59,0,0,2026,0.1017,1019,1007,45,12.5,8.0,1429,442,155,0,7,0.0534,"{""IC"": 1649, ""S"": 240, ""PYO"": 74, ""HSM"": 7, ""HDM"": 26, ""AE"": 30}","[5, 6, 7, 8, 9, 10, 11, 12, 26, 31]",0.1704
2020,2,5,3,265,20098,75.84,1,16,4724,0.235,2368,2356,180,15.84,12.0,2864,1393,377,90,30,0.0314,"{""IC"": 3707, ""S"": 635, ""PYO"": 73, ""HSM"": 1, ""HDM"": 132, ""AE"": 100, ""MV"": 76}","[5, 6, 7, 9, 12, 10, 8, 15, 13, 11]",0.1837
2020,2,6,4,262,19976,76.24,0,112,3592,0.1798,1796,1796,58,12.52,9.0,2530,916,146,0,22,0.0364,"{""IC"": 2640, ""S"": 585, ""PVV"": 9, ""PYO"": 53, ""HSM"": 3, ""HDM"": 86, ""AE"": 141, ""MV"": 75}","[5, 6, 7, 8, 9, 10, 11, 12, 15, 14]",0.1717
2020,2,7,5,275,20940,76.15,2,74,4540,0.2168,2274,2266,108,15.12,10.0,3069,947,493,31,25,0.0319,"{""S"": 772, ""IC"": 3298, ""PVV"": 1, ""PYO"": 149, ""HSM"": 1, ""HDM"": 82, ""AE"": 87, ""MV"": 149, ""V"": 1}","[5, 6, 7, 8, 9, 10, 11, 15, 13, 12]",0.1701
2020,2,8,6,217,17006,78.37,1,62,2304,0.1355,1151,1153,49,14.59,10.0,1393,675,236,0,16,0.0459,"{""IC"": 1798, ""S"": 211, ""PYO"": 94, ""HSM"": 29, ""HDM"": 74, ""AE"": 42, ""MV"": 56}","[5, 6, 7, 8, 9, 16, 15, 10, 14, 17]",0.1678
2020,2,9,7,215,16210,75.4,0,0,1715,0.1058,861,854,152,22.79,7.0,1373,39,87,216,4,0.0397,"{""IC"": 1120, ""S"": 422, ""PYO"": 124, ""HSM"": 1, ""HDM"": 45, ""AE"": 1, ""MV"": 2}","[5, 6, 7, 8, 9, 10, 13, 11, 12, 51]",0.1601
2020,2,10,1,269,20072,74.62,1,632,3460,0.1724,1726,1734,61,15.07,10.0,2285,751,423,1,22,0.0398,"{""IC"": 2892, ""S"": 255, ""PYO"": 20, ""HSM"": 30, ""HDM"": 109, ""AE"": 83, ""MV"": 71}","[5, 6, 7, 10, 11, 9, 8, 12, 24, 13]",0.1639
2020,2,11,2,266,20042,75.35,0,22,1884,0.094,939,945,114,13.46,8.0,1383,307,176,18,9,0.0591,"{""S"": 425, ""IC"": 1300, ""PVV"": 3, ""PYO"": 35, ""HSM"": 18, ""HDM"": 29, ""AE"": 14, ""MV"": 60}","[5, 6, 7, 8, 9, 10, 13, 14, 16, 23]",0.1628
2020,2,12,3,264,20090,76.1,4,76,2186,0.1088,1086,1100,36,10.96,9.0,1751,360,75,0,16,0.054,"{""S"": 316, ""IC"": 1740, ""PYO"": 82, ""HDM"": 39, ""AE"": 2, ""MV"": 7}","[5, 6, 7, 11, 8, 10, 9, 13, 12, 14]",0.1447
2020,2,13,4,260,19916,76.6,0,0,2273,0.1141,1136,1137,154,23.11,9.0,1630,340,85,218,9,0.0356,"{""S"": 387, ""IC"": 1647, ""PYO"": 190, ""HDM"": 20, ""AE"": 10, ""MV"": 19}","[5, 6, 8, 7, 9, 10, 11, 12, 14, 16]",0.1353
2020,2,14,5,267,20598,77.15,0,0,2205,0.107,1091,1114,82,11.34,8.0,1736,362,95,12,16,0.0573,"{""S"": 330, ""IC"": 1437, ""PVV"": 1, ""PYO"": 239, ""HSM"": 61, ""HDM"": 75, ""AE"": 23, ""MV"": 39}","[5, 6, 7, 8, 12, 11, 9, 13, 10, 14]",0.1197
2020,2,15,6,214,16864,78.8,0,0,1600,0.0949,800,800,53,10.24,7.0,1328,201,71,0,3,0.0644,"{""S"": 107, ""IC"": 1214, ""PYO"": 230, ""HSM"": 14, ""HDM"": 11, ""AE"": 24}","[5, 6, 9, 7, 10, 8, 11, 18, 14, 12]",0.1139
2020,2,16,7,215,16024,74.53,0,46,2737,0.1708,1368,1369,140,19.04,10.0,1772,671,139,155,13,0.0355,"{""S"": 277, ""IC"": 1921, ""PYO"": 159, ""HSM"": 81, ""HDM"": 113, ""AE"": 186}","[8, 5, 7, 6, 9, 10, 16, 12, 19, 11]",0.1231
2020,2,17,1,266,19880,74.74,1,52,2932,0.1475,1472,1460,33,9.61,8.0,2448,474,10,0,17,0.0519,"{""IC"": 1949, ""S"": 354, ""PVV"": 14, ""PYO"": 70, ""HSM"": 132, ""HDM"": 119, ""AE"": 277, ""MV"": 17}","[5, 6, 7, 8, 9, 10, 11, 12, 14, 15]",0.1196
2020,2,18,2,270,19918,73.77,5,10,2206,0.1108,1098,1108,26,8.61,7.0,2007,199,0,0,10,0.0619,"{""S"": 231, ""IC"": 1789, ""PYO"": 61, ""HSM"": 60, ""HDM"": 15, ""AE"": 45, ""MV"": 5}","[5, 6, 7, 8, 9, 11, 10, 13, 12, 14]",0.122
2020,2,19,3,275,20270,73.71,8,184,2874,0.1418,1435,1439,158,19.37,9.0,2031,398,209,236,17,0.0331,"{""IC"": 1887, ""S"": 516, ""PVV"": 57, ""PYO"": 68, ""HSM"": 62, ""HDM"": 87, ""AE"": 75, ""MV"": 122}","[5, 6, 7, 8, 9, 10, 11, 12, 13, 14]",0.1267
2020,2,20,4,260,20002,76.93,1,114,1712,0.0856,848,864,173,31.04,9.0,1220,183,81,228,12,0.036,"{""S"": 179, ""IC"": 1373, ""PVV"": 5, ""PYO"": 65, ""HDM"": 53, ""AE"": 37}","[5, 6, 7, 8, 9, 11, 10, 12, 13, 14]",0.1226
2020,2,21,5,267,20606,77.18,2,30,2342,0.1137,1166,1176,39,9.66,7.0,1925,389,28,0,16,0.0579,"{""S"": 279, ""IC"": 1608, ""PYO"": 242, ""HSM"": 15, ""HDM"": 101, ""AE"": 49, ""MV"": 48}","[5, 7, 6, 8, 11, 9, 10, 16, 12, 15]",0.1236
2020,2,22,6,217,16998,78.33,0,0,3383,0.199,1685,1698,131,19.03,9.0,2322,550,309,202,20,0.0296,"{""IC"": 2495, ""S"": 402, ""PVV"": 2, ""PYO"": 211, ""HSM"": 11, ""HDM"": 101, ""AE"": 81, ""MV"": 80}","[5, 6, 7, 8, 9, 10, 11, 13, 12, 15]",0.1385
2020,2,23,7,213,16020,75.21,2,28,1547,0.0966,775,772,25,8.7,8.0,1442,105,0,0,10,0.0836,"{""S"": 183, ""IC"": 1236, ""PYO"": 36, ""HDM"": 42, ""AE"": 50}","[5, 6, 7, 10, 8, 9, 11, 12, 13, 14]",0.1279
2020,2,24,1,263,20040,76.2,1,48,2685,0.134,1342,1343,71,15.71,11.0,1673,610,389,13,14,0.0379,"{""IC"": 2170, ""S"": 232, ""PYO"": 48, ""HDM"": 111, ""AE"": 59, ""MV"": 65}","[5, 6, 7, 8, 12, 9, 10, 13, 11, 14]",0.1259
2020,2,25,2,264,19992,75.73,6,166,2978,0.149,1494,1484,135,12.76,9.0,2011,841,119,7,15,0.0449,"{""IC"": 2365, ""S"": 390, ""PYO"": 111, ""HDM"": 66, ""AE"": 1, ""MV"": 45}","[5, 6, 7, 8, 9, 10, 22, 17, 20, 16]",0.1314
2020,2,26,3,266,20254,76.14,2,144,4416,0.218,2200,2216,103,20.4,13.0,2519,1093,442,362,32,0.0236,"{""S"": 633, ""IC"": 3035, ""PVV"": 2, ""PYO"": 174, ""HSM"": 13, ""HDM"": 157, ""AE"": 76, ""MV"": 326}","[5, 6, 7, 8, 10, 9, 12, 14, 13, 17]",0.1423
2020,2,27,4,262,19932,76.08,3,48,3944,0.1979,1967,1977,114,13.11,10.0,2791,976,122,55,29,0.0389,"{""S"": 361, ""IC"": 3243, ""PYO"": 59, ""HSM"": 25, ""HDM"": 85, ""AE"": 165, ""MV"": 6}","[6, 5, 7, 8, 12, 10, 11, 9, 16, 13]",0.1583
2020,2,28,5,271,20644,76.18,7,264,4667,0.2261,2327,2340,125,20.28,10.0,3040,558,628,441,28,0.0266,"{""IC"": 3606, ""S"": 399, ""PVV"": 24, ""PYO"": 125, ""HSM"": 12, ""HDM"": 103, ""AE"": 330, ""MV"": 68}","[5, 6, 7, 8, 9, 10, 12, 11, 13, 15]",0.1744
2020,2,29,6,216,16956,78.5,7,166,3256,0.192,1631,1625,300,17.93,10.0,2148,629,359,120,19,0.0401,"{""IC"": 2289, ""S"": 559, ""PVV"": 8, ""PYO"": 158, ""HSM"": 2, ""HDM"": 110, ""AE"": 90, ""MV"": 40}","[5, 7, 6, 8, 9, 14, 13, 11, 12, 15]",0.1734
2020,3,1,7,212,16006,75.5,5,142,4279,0.2673,2143,2136,109,18.16,11.0,2630,925,568,156,19,0.0239,"{""IC"": 3260, ""S"": 687, ""PVV"": 4, ""PYO"": 21, ""HSM"": 31, ""HDM"": 120, ""AE"": 149, ""MV"": 7}","[6, 5, 7, 8, 10, 9, 11, 12, 14, 13]",0.1978
2020,3,2,1,261,19928,76.35,13,328,3225,0.1618,1614,1611,43,14.56,10.0,2076,731,418,0,17,0.0358,"{""IC"": 2656, ""S"": 370, ""PYO"": 54, ""HSM"": 40, ""HDM"": 82, ""AE"": 23}","[5, 6, 7, 10, 8, 11, 9, 12, 17, 19]",0.2017
2020,3,3,2,266,20146,75.74,10,218,4302,0.2135,2158,2144,170,18.83,11.0,2790,990,309,213,17,0.026,"{""IC"": 3395, ""S"": 275, ""PVV"": 55, ""PYO"": 52, ""HDM"": 75, ""AE"": 286, ""MV"": 164}","[5, 6, 7, 8, 9, 10, 12, 11, 13, 14]",0.2109
2020,3,4,3,264,19998,75.75,5,132,4053,0.2027,2030,2023,166,18.27,9.0,2673,811,411,158,18,0.0263,"{""IC"": 3100, ""S"": 527, ""PYO"": 213, ""HSM"": 13, ""HDM"": 92, ""AE"": 108}","[5, 6, 7, 9, 8, 10, 11, 17, 15, 12]",0.2088
2020,3,5,4,263,20000,76.05,0,0,5837,0.2918,2922,2915,90,14.62,10.0,3938,1299,484,116,27,0.0259,"{""IC"": 4265, ""S"": 944, ""PVV"": 54, ""PYO"": 193, ""HSM"": 18, ""HDM"": 91, ""AE"": 199, ""MV"": 73}","[5, 6, 7, 8, 10, 9, 14, 13, 11, 12]",0.2222
2020,3,6,5,272,20772,76.37,3,190,3963,0.1908,1984,1979,83,12.61,9.0,2980,669,285,29,21,0.0385,"{""S"": 397, ""IC"": 2970, ""PYO"": 313, ""HSM"": 2, ""HDM"": 103, ""AE"": 53, ""MV"": 125}","[5, 6, 7, 8, 9, 10, 11, 12, 13, 14]",0.2171
2020,3,7,6,218,17072,78.31,4,142,3812,0.2233,1908,1904,212,29.29,15.0,1844,1071,447,450,26,0.019,"{""S"": 371, ""IC"": 2731, ""PVV"": 86, ""PYO"": 424, ""HSM"": 16, ""HDM"": 110, ""AE"": 67, ""MV"": 7}","[5, 6, 7, 11, 13, 12, 10, 8, 14, 30]",0.2216
2020,3,8,7,212,16024,75.58,0,40,2188,0.1365,1093,1095,73,14.02,9.0,1620,402,76,90,9,0.0435,"{""IC"": 1667, ""S"": 351, ""PYO"": 79, ""HSM"": 6, ""HDM"": 16, ""AE"": 58, ""MV"": 11}","[5, 6, 8, 7, 9, 10, 11, 15, 16, 12]",0.2029
2020,3,9,1,259,19764,76.31,0,0,1619,0.0819,808,811,40,8.11,7.0,1502,108,9,0,5,0.079,"{""S"": 161, ""IC"": 1366, ""PYO"": 67, ""HDM"": 21, ""AE"": 4}","[5, 6, 7, 8, 9, 10, 11, 12, 24, 16]",0.1915
2020,3,10,2,267,20146,75.45,0,0,2883,0.1431,1438,1445,50,14.37,9.0,1803,811,269,0,17,0.0424,"{""IC"": 2279, ""S"": 320, ""PYO"": 85, ""HSM"": 4, ""HDM"": 23, ""AE"": 84, ""MV"": 88}","[5, 6, 7, 8, 22, 9, 15, 12, 16, 17]",0.1814
2020,3,11,3,266,20156,75.77,2,170,2643,0.1311,1325,1318,66,9.9,7.0,2276,308,40,19,8,0.049,"{""S"": 329, ""IC"": 2054, ""PYO"": 73, ""HSM"": 13, ""HDM"": 27, ""AE"": 68, ""MV"": 79}","[5, 6, 7, 8, 9, 10, 13, 12, 11, 14]",0.1712
2020,3,12,4,262,19976,76.24,1,68,1861,0.0932,942,919,40,9.52,8.0,1616,221,24,0,4,0.0655,"{""IC"": 1395, ""PVV"": 17, ""S"": 175, ""PYO"": 44, ""HSM"": 11, ""HDM"": 86, ""AE"": 105, ""MV"": 28}","[5, 6, 8, 7, 9, 10, 12, 13, 14, 11]",0.1428
2020,3,13,5,270,20704,76.68,2,156,3161,0.1527,1584,1577,74,14.67,10.0,2340,544,101,176,18,0.0393,"{""IC"": 2426, ""PVV"": 13, ""S"": 182, ""PYO"": 177, ""HSM"": 3, ""HDM"": 79, ""AE"": 277, ""MV"": 4}","[5, 6, 7, 11, 9, 12, 8, 10, 14, 15]",0.1374
2020,3,14,6,221,17332,78.43,1,196,2643,0.1525,1326,1317,159,19.05,11.0,1829,537,54,223,16,0.0355,"{""IC"": 1652, ""S"": 410, ""PVV"": 17, ""PYO"": 148, ""HDM"": 92, ""AE"": 121, ""MV"": 203}","[5, 7, 6, 11, 10, 8, 9, 12, 14, 13]",0.1273
2020,3,15,7,215,16188,75.29,7,216,2138,0.1321,1067,1071,31,9.46,8.0,1826,307,5,0,9,0.053,"{""IC"": 1642, ""PVV"": 5, ""S"": 305, ""PYO"": 90, ""HDM"": 30, ""AE"": 66}","[5, 6, 7, 8, 11, 10, 9, 12, 15, 14]",0.1267
2020,3,16,1,262,19898,75.95,10,596,2593,0.1303,1306,1287,97,14.51,8.0,1812,338,415,28,12,0.0462,"{""IC"": 2012, ""S"": 388, ""PYO"": 85, ""HDM"": 67, ""AE"": 21, ""MV"": 20}","[5, 6, 7, 10, 8, 9, 12, 11, 33, 17]",0.1336
2020,3,17,2,258,19848,76.93,60,3190,3272,0.1649,1640,1632,135,32.62,23.0,1336,615,575,746,15,0.0232,"{""IC"": 2405, ""S"": 532, ""PVV"": 1, ""PYO"": 65, ""HDM"": 28, ""AE"": 241}","[5, 6, 7, 9, 8, 27, 31, 10, 26, 35]",0.1367
2020,3,18,3,260,19880,76.46,70,3268,1986,0.0999,996,990,71,12.07,8.0,1573,309,46,58,9,0.0562,"{""IC"": 1207, ""S"": 394, ""PVV"": 8, ""PYO"": 28, ""HDM"": 48, ""AE"": 301}","[5, 6, 7, 8, 10, 11, 9, 13, 12, 18]",0.1322
2020,3,19,4,258,19848,76.93,77,4164,1326,0.0668,665,661,52,11.4,8.0,1142,78,106,0,5,0.0748,"{""IC"": 1079, ""S"": 145, ""PYO"": 72, ""HDM"": 30}","[5, 6, 7, 8, 9, 10, 11, 48, 12, 13]",0.1285
2020,3,20,5,266,20558,77.29,76,4628,1461,0.0711,730,731,36,8.83,7.0,1308,135,18,0,7,0.0811,"{""S"": 310, ""IC"": 1066, ""PYO"": 76, ""HDM"": 9}","[5, 6, 7, 8, 9, 10, 11, 13, 15, 14]",0.1168
2020,3,21,6,221,17156,77.63,61,3696,1958,0.1141,976,982,73,16.48,13.0,1187,575,154,42,12,0.0487,"{""IC"": 1565, ""S"": 180, ""PYO"": 94, ""HSM"": 16, ""HDM"": 28, ""MV"": 75}","[5, 6, 7, 8, 13, 14, 12, 15, 11, 17]",0.1113
2020,3,22,7,218,16330,74.91,60,3994,1725,0.1056,858,867,39,11.66,9.0,1329,300,96,0,9,0.0504,"{""S"": 118, ""IC"": 1526, ""PYO"": 62, ""HDM"": 19}","[5, 6, 7, 8, 9, 11, 12, 10, 16, 14]",0.1075
2020,3,23,1,260,19774,76.05,36,2304,1834,0.0927,926,908,100,27.38,10.0,1115,149,182,388,8,0.0376,"{""IC"": 1424, ""S"": 313, ""PYO"": 37, ""HSM"": 16, ""HDM"": 44}","[5, 6, 7, 8, 9, 10, 14, 13, 11, 87]",0.1022
2020,3,24,2,262,19958,76.18,33,1980,2136,0.107,1071,1065,103,20.54,9.0,1467,204,244,221,12,0.0405,"{""IC"": 1464, ""S"": 486, ""PYO"": 116, ""HSM"": 15, ""HDM"": 9, ""MV"": 46}","[5, 6, 7, 8, 9, 10, 11, 12, 13, 31]",0.0939
2020,3,25,3,264,19872,75.27,27,1770,1940,0.0976,969,971,181,14.62,8.0,1360,257,321,2,10,0.0575,"{""S"": 154, ""IC"": 1620, ""PYO"": 66, ""HDM"": 28, ""MV"": 72}","[5, 6, 7, 8, 9, 10, 25, 11, 12, 33]",0.0936
2020,3,26,4,261,19846,76.04,31,1868,3604,0.1816,1801,1803,70,16.36,11.0,2229,845,426,104,23,0.032,"{""IC"": 2773, ""S"": 573, ""PYO"": 109, ""HSM"": 37, ""HDM"": 46, ""MV"": 66}","[5, 6, 7, 8, 10, 9, 12, 11, 13, 26]",0.11
2020,3,27,5,270,20532,76.04,32,1822,1243,0.0605,620,623,58,9.54,8.0,1049,192,2,0,5,0.0858,"{""IC"": 1043, ""S"": 42, ""PYO"": 152, ""HDM"": 6}","[5, 6, 7, 8, 9, 10, 11, 14, 15, 12]",0.1084
2020,3,28,6,206,16076,78.04,13,514,1234,0.0768,617,617,156,29.91,7.0,837,132,54,211,4,0.041,"{""IC"": 722, ""S"": 130, ""PYO"": 342, ""HDM"": 2, ""MV"": 38}","[5, 6, 7, 8, 9, 134, 12, 23, 15, 10]",0.1031
2020,3,29,7,203,15188,74.82,10,706,1336,0.088,673,663,181,16.25,11.0,798,400,126,12,12,0.0637,"{""S"": 165, ""IC"": 1045, ""PYO"": 25, ""HDM"": 37, ""MV"": 64}","[5, 6, 7, 8, 13, 9, 23, 12, 21, 20]",0.1006
2020,3,30,1,252,18962,75.25,3,504,1953,0.103,990,963,90,12.2,8.0,1527,353,20,53,9,0.0543,"{""S"": 383, ""IC"": 1570}","[5, 6, 9, 7, 8, 10, 14, 11, 16, 15]",0.1021
2020,3,31,2,254,19176,75.5,23,1018,2676,0.1395,1353,1323,75,16.37,10.0,1946,313,267,150,7,0.0356,"{""S"": 432, ""IC"": 2061, ""HSM"": 7, ""HDM"": 56, ""MV"": 120}","[5, 6, 11, 7, 10, 8, 12, 9, 13, 14]",0.1067
2020,4,1,3,256,19052,74.42,24,850,1484,0.0779,739,745,54,9.47,7.0,1291,166,27,0,10,0.0719,"{""S"": 368, ""IC"": 997, ""HSM"": 15, ""HDM"": 57, ""MV"": 47}","[5, 6, 7, 9, 8, 10, 12, 11, 13, 14]",0.1039
2020,4,2,4,250,18934,75.74,7,542,1784,0.0942,900,884,52,12.01,7.0,1526,50,208,0,6,0.0654,"{""IC"": 1145, ""S"": 581, ""HSM"": 30, ""HDM"": 8, ""MV"": 20}","[5, 6, 7, 8, 9, 10, 11, 12, 47, 13]",0.0914
2020,4,3,5,259,19676,75.97,3,710,1245,0.0633,628,617,25,8.14,6.0,1180,65,0,0,6,0.0844,"{""IC"": 997, ""S"": 159, ""PYO"": 1, ""HSM"": 4, ""HDM"": 72, ""MV"": 12}","[5, 6, 7, 8, 12, 9, 13, 11, 10, 14]",0.0918
2020,4,4,6,205,15350,74.88,0,2,977,0.0636,491,486,34,10.92,9.0,748,225,4,0,5,0.0858,"{""IC"": 822, ""S"": 140, ""PYO"": 1, ""HDM"": 14}","[5, 7, 6, 9, 8, 10, 11, 12, 13, 17]",0.0899
2020,4,5,7,202,14720,72.87,2,36,1086,0.0738,547,539,183,20.42,7.0,889,70,50,77,5,0.0616,"{""IC"": 803, ""S"": 239, ""HSM"": 13, ""HDM"": 5, ""MV"": 26}","[5, 6, 7, 8, 9, 10, 57, 29, 11, 28]",0.0879
2020,4,6,1,258,18704,72.5,8,1180,1332,0.0712,669,663,180,13.53,10.0,938,280,112,2,12,0.0786,"{""IC"": 943, ""S"": 293, ""HSM"": 15, ""HDM"": 62, ""MV"": 19}","[5, 8, 6, 9, 7, 10, 11, 12, 15, 16]",0.0834
2020,4,7,2,251,18608,74.14,8,1232,2099,0.1128,1062,1037,92,24.49,12.0,1250,228,280,341,12,0.0302,"{""S"": 563, ""IC"": 1451, ""HSM"": 11, ""HDM"": 27, ""MV"": 47}","[5, 6, 7, 8, 9, 12, 11, 10, 13, 15]",0.0795
2020,4,8,3,258,18922,73.34,11,1402,2956,0.1562,1481,1475,64,18.87,14.0,1597,760,554,45,21,0.0299,"{""S"": 356, ""IC"": 2394, ""HSM"": 17, ""HDM"": 75, ""MV"": 114}","[5, 6, 13, 7, 8, 17, 10, 14, 9, 11]",0.0907
2020,4,9,4,255,19004,74.53,7,1242,2443,0.1286,1230,1213,132,21.23,12.0,1493,407,229,314,12,0.0352,"{""S"": 416, ""IC"": 1819, ""HSM"": 53, ""HDM"": 85, ""MV"": 70}","[5, 6, 7, 8, 13, 14, 15, 11, 9, 10]",0.0956
2020,4,10,5,219,16866,77.01,7,1226,990,0.0587,498,492,51,13.06,9.0,741,138,111,0,12,0.0773,"{""S"": 95, ""IC"": 768, ""HDM"": 66, ""MV"": 61}","[5, 6, 7, 8, 10, 11, 12, 13, 9, 14]",0.095
2020,4,11,6,202,15314,75.81,7,1226,315,0.0206,163,152,24,8.31,6.0,266,49,0,0,0,0.149,"{""S"": 38, ""IC"": 273, ""HDM"": 4}","[5, 8, 6, 7, 9, 19, 17, 10, 22, 16]",0.0888
2020,4,12,7,171,12682,74.16,7,1228,746,0.0588,378,368,37,12.78,8.0,492,223,31,0,4,0.0754,"{""IC"": 519, ""S"": 167, ""HSM"": 19, ""HDM"": 41}","[5, 6, 8, 9, 7, 23, 29, 12, 21, 28]",0.0867
2020,4,13,1,193,14858,76.98,8,1288,1392,0.0937,705,687,43,14.15,11.0,906,341,145,0,11,0.0511,"{""IC"": 1138, ""S"": 217, ""HSM"": 14, ""HDM"": 23}","[5, 6, 7, 13, 17, 14, 11, 8, 12, 26]",0.0899
2020,4,14,2,199,15846,79.63,7,1088,1183,0.0747,594,589,123,14.19,7.0,987,90,44,62,10,0.0556,"{""IC"": 822, ""S"": 158, ""HDM"": 53, ""MV"": 150}","[5, 6, 7, 8, 10, 11, 9, 12, 13, 14]",0.0845
2020,4,15,3,198,15678,79.18,13,1098,646,0.0412,331,315,60,7.77,6.0,597,45,2,2,4,0.1015,"{""IC"": 590, ""S"": 28, ""HSM"": 2, ""HDM"": 26}","[5, 6, 7, 8, 10, 11, 9, 13, 15, 18]",0.068
2020,4,16,4,192,15516,80.81,7,1018,1112,0.0717,568,544,37,13.48,11.0,755,269,88,0,9,0.0693,"{""IC"": 829, ""S"": 202, ""HDM"": 81}","[5, 6, 13, 8, 7, 23, 12, 22, 14, 11]",0.0599
2020,4,17,5,195,14996,76.9,3,62,494,0.0329,252,242,34,9.32,6.0,431,38,25,0,4,0.107,"{""IC"": 313, ""S"": 81, ""HDM"": 8, ""MV"": 92}","[5, 6, 7, 8, 9, 10, 11, 17, 28, 31]",0.0562
2020,4,18,6,164,12718,77.55,1,22,1061,0.0834,530,531,71,24.29,12.0,614,132,159,156,4,0.0379,"{""IC"": 860, ""S"": 172, ""HDM"": 29}","[5, 6, 7, 13, 10, 12, 9, 8, 15, 58]",0.0652
2020,4,19,7,163,12216,74.94,0,8,1180,0.0966,593,587,54,19.02,11.0,666,220,294,0,8,0.0434,"{""IC"": 1064, ""S"": 90, ""HDM"": 20, ""MV"": 6}","[5, 6, 7, 8, 11, 47, 46, 27, 9, 48]",0.0706
2020,4,20,1,190,14482,76.22,0,14,1268,0.0876,640,628,104,15.1,10.0,952,254,16,46,5,0.0526,"{""IC"": 1112, ""S"": 135, ""HSM"": 7, ""HDM"": 14}","[5, 6, 7, 11, 9, 8, 14, 10, 12, 27]",0.0697
2020,4,21,2,188,14474,76.99,0,22,771,0.0533,394,377,33,9.29,7.0,699,21,51,0,2,0.0886,"{""IC"": 632, ""S"": 101, ""HSM"": 2, ""HDM"": 36}","[5, 6, 7, 8, 9, 32, 11, 12, 10, 13]",0.0667
2020,4,22,3,198,14812,74.81,2,46,1572,0.1061,787,785,130,13.48,9.0,1253,201,80,38,10,0.0603,"{""IC"": 1201, ""S"": 113, ""HSM"": 118, ""HDM"": 29, ""MV"": 111}","[5, 6, 7, 9, 8, 12, 10, 11, 13, 14]",0.0759
2020,4,23,4,193,14696,76.15,3,178,1285,0.0874,643,642,39,13.26,10.0,809,395,81,0,11,0.0571,"{""IC"": 767, ""S"": 334, ""HDM"": 41, ""MV"": 143}","[5, 6, 7, 8, 10, 9, 18, 22, 19, 11]",0.0782
2020,4,24,5,195,14932,76.57,0,14,771,0.0516,391,380,45,10.38,8.0,591,179,1,0,5,0.0898,"{""IC"": 553, ""S"": 111, ""HSM"": 36, ""HDM"": 43, ""MV"": 28}","[5, 6, 7, 8, 10, 11, 20, 12, 18, 22]",0.0809
2020,4,25,6,169,13004,76.95,3,272,878,0.0675,438,440,47,16.38,11.0,527,189,162,0,11,0.0645,"{""IC"": 560, ""S"": 159, ""HDM"": 88, ""MV"": 71}","[6, 5, 7, 12, 10, 8, 9, 11, 44, 30]",0.0786
2020,4,26,7,164,12266,74.79,0,12,795,0.0648,404,391,36,10.87,7.0,590,187,18,0,2,0.0867,"{""IC"": 718, ""S"": 48, ""HSM"": 1, ""MV"": 28}","[5, 6, 10, 7, 9, 21, 8, 18, 28, 13]",0.074
2020,4,27,1,192,14758,76.86,2,292,649,0.044,331,318,20,8.42,7.0,581,68,0,0,3,0.1003,"{""IC"": 458, ""S"": 171, ""HSM"": 14, ""MV"": 6}","[5, 6, 7, 10, 8, 9, 18, 11, 13, 19]",0.0678
2020,4,28,2,189,14514,76.79,0,38,728,0.0502,373,355,94,10.34,6.0,666,38,0,24,1,0.0946,"{""IC"": 601, ""S"": 96, ""HDM"": 23, ""MV"": 8}","[5, 6, 7, 8, 13, 9, 11, 14, 20, 21]",0.0674
2020,4,29,3,192,14544,75.75,4,82,762,0.0524,386,376,49,11.34,7.0,631,74,57,0,7,0.0769,"{""IC"": 582, ""S"": 117, ""HSM"": 42, ""HDM"": 6, ""MV"": 15}","[5, 6, 7, 11, 9, 8, 10, 12, 18, 46]",0.0597
2020,4,30,4,192,14650,76.3,2,42,930,0.0635,470,460,22,8.73,8.0,841,89,0,0,6,0.088,"{""IC"": 795, ""S"": 56, ""HDM"": 79}","[5, 6, 9, 7, 8, 10, 11, 14, 15, 13]",0.0563
2020,5,1,5,181,14222,78.57,2,618,2440,0.1716,1223,1217,281,57.59,19.5,892,654,239,655,13,0.0202,"{""IC"": 1649, ""S"": 380, ""HSM"": 2, ""HDM"": 37, ""MV"": 372}","[5, 6, 8, 7, 17, 20, 18, 21, 14, 19]",0.0734
2020,5,2,6,166,13004,78.34,0,54,1519,0.1168,767,752,118,21.06,16.0,710,454,277,78,10,0.0391,"{""IC"": 1110, ""S"": 128, ""HSM"": 33, ""HDM"": 20, ""MV"": 228}","[5, 6, 7, 18, 16, 19, 30, 31, 8, 28]",0.0805
2020,5,3,7,166,12878,77.58,1,342,1395,0.1083,701,694,493,70.81,10.0,812,50,154,379,8,0.0208,"{""IC"": 1070, ""S"": 157, ""HDM"": 6, ""MV"": 162}","[5, 6, 7, 10, 8, 9, 11, 42, 139, 12]",0.0867
2020,5,4,1,151,11406,75.54,1,162,497,0.0436,250,247,27,7.58,7.0,483,14,0,0,2,0.1315,"{""IC"": 435, ""S"": 11, ""HDM"": 30, ""MV"": 21}","[5, 7, 6, 10, 8, 9, 11, 12, 13, 21]",0.0866
2020,5,5,2,150,11078,73.85,1,324,602,0.0543,303,299,32,13.78,10.0,371,223,8,0,2,0.085,"{""IC"": 546, ""S"": 13, ""HDM"": 9, ""MV"": 34}","[5, 6, 24, 9, 25, 7, 10, 11, 8, 23]",0.0872
2020,5,6,3,147,11078,75.36,2,250,1427,0.1288,716,711,136,15.27,9.0,991,295,115,26,12,0.0488,"{""IC"": 1226, ""S"": 188, ""HSM"": 1, ""HDM"": 12}","[5, 6, 9, 8, 7, 10, 11, 12, 25, 17]",0.0981
2020,5,7,4,144,10968,76.17,12,678,1470,0.134,735,735,71,14.23,11.0,1005,340,111,14,12,0.0438,"{""IC"": 1044, ""S"": 334, ""HSM"": 17, ""HDM"": 49, ""MV"": 26}","[5, 8, 11, 14, 7, 9, 12, 13, 6, 10]",0.1082
2020,5,8,5,147,11390,77.48,8,502,658,0.0578,329,329,57,16.75,13.0,354,223,81,0,10,0.0794,"{""IC"": 462, ""S"": 112, ""HDM"": 64, ""MV"": 20}","[5, 6, 29, 28, 7, 8, 13, 17, 11, 12]",0.0919
2020,5,9,6,131,9340,71.3,0,258,457,0.0489,230,227,36,8.18,7.0,423,22,12,0,4,0.118,"{""IC"": 316, ""S"": 139, ""HDM"": 2}","[5, 8, 6, 7, 9, 10, 11, 12, 16, 33]",0.0822
2020,5,10,7,115,9138,79.46,0,152,830,0.0908,422,408,32,10.71,6.0,646,153,31,0,3,0.0736,"{""IC"": 808, ""S"": 22}","[6, 5, 7, 8, 24, 12, 31, 25, 10, 23]",0.0797
2020,5,11,1,145,10980,75.72,2,294,727,0.0662,368,359,91,19.96,11.0,434,114,120,59,3,0.065,"{""IC"": 631, ""S"": 44, ""HSM"": 24, ""MV"": 28}","[5, 6, 8, 10, 9, 7, 11, 31, 69, 16]",0.083
2020,5,12,2,143,10942,76.52,0,218,836,0.0764,421,415,123,18.83,7.0,683,61,10,82,5,0.0574,"{""IC"": 726, ""S"": 47, ""HSM"": 18, ""HDM"": 45}","[5, 6, 7, 9, 8, 10, 11, 17, 12, 109]",0.0861
2020,5,13,3,145,10974,75.68,2,250,1460,0.133,737,723,62,18.41,12.0,859,314,268,19,8,0.0446,"{""IC"": 1351, ""S"": 14, ""HSM"": 19, ""HDM"": 76}","[5, 6, 8, 7, 13, 9, 12, 14, 11, 30]",0.0867
2020,5,14,4,153,11902,77.79,10,1198,731,0.0614,369,362,81,21.06,9.0,432,108,119,72,4,0.0673,"{""IC"": 636, ""S"": 37, ""HDM"": 58}","[5, 6, 8, 7, 9, 27, 10, 11, 28, 35]",0.0764
2020,5,15,5,155,12118,78.18,11,1220,1338,0.1104,674,664,70,13.25,9.0,992,261,75,10,12,0.0588,"{""IC"": 1064, ""S"": 85, ""HSM"": 38, ""HDM"": 75, ""MV"": 76}","[5, 6, 8, 7, 9, 11, 10, 13, 14, 12]",0.0839
2020,5,16,6,123,9706,78.91,10,1054,1114,0.1148,563,551,26,9.52,8.0,960,154,0,0,2,0.0678,"{""IC"": 966, ""S"": 108, ""HSM"": 31, ""HDM"": 9}","[5, 6, 8, 7, 9, 11, 10, 13, 12, 18]",0.0933
2020,5,17,7,121,9458,78.17,9,1020,991,0.1048,500,491,50,14.77,10.0,597,316,78,0,7,0.0623,"{""IC"": 800, ""HSM"": 53, ""S"": 33, ""MV"": 105}","[5, 10, 6, 9, 7, 8, 23, 11, 18, 26]",0.0953
2020,5,18,1,155,12012,77.5,10,1178,578,0.0481,292,286,82,11.7,8.0,504,44,4,26,6,0.0966,"{""IC"": 515, ""S"": 20, ""HSM"": 1, ""HDM"": 26, ""MV"": 16}","[6, 5, 8, 7, 9, 10, 12, 11, 13, 14]",0.0927
2020,5,19,2,151,11946,79.11,10,1178,588,0.0492,298,290,33,8.93,7.0,517,68,3,0,3,0.1092,"{""IC"": 497, ""S"": 18, ""HSM"": 24, ""HDM"": 49}","[5, 6, 9, 8, 7, 14, 15, 10, 11, 13]",0.0888
2020,5,20,3,146,11228,76.9,1,234,908,0.0809,456,452,31,10.36,10.0,767,113,28,0,5,0.09,"{""IC"": 804, ""S"": 20, ""HSM"": 14, ""HDM"": 21, ""MV"": 49}","[5, 10, 6, 7, 11, 9, 12, 8, 13, 16]",0.0814
2020,5,21,4,130,10572,81.32,1,276,587,0.0555,298,289,49,10.5,7.0,490,64,33,0,2,0.1171,"{""IC"": 561, ""S"": 1, ""HSM"": 7, ""HDM"": 18}","[5, 6, 7, 8, 9, 13, 10, 15, 14, 16]",0.0805
2020,5,22,5,145,11180,77.1,0,218,1125,0.1006,563,562,46,13.38,9.0,739,276,110,0,2,0.0644,"{""IC"": 999, ""S"": 66, ""HSM"": 23, ""HDM"": 37}","[5, 6, 7, 8, 10, 9, 11, 32, 26, 18]",0.0791
2020,5,23,6,132,9362,70.92,2,408,576,0.0615,291,285,27,9.09,7.0,471,105,0,0,6,0.1016,"{""IC"": 384, ""S"": 151, ""HSM"": 2, ""HDM"": 30, ""MV"": 1, ""V"": 8}","[5, 6, 7, 8, 9, 19, 16, 15, 10, 13]",0.0715
2020,5,24,7,114,9142,80.19,0,264,585,0.064,296,289,105,16.18,7.0,474,13,58,40,3,0.0864,"{""IC"": 508, ""S"": 74, ""HSM"": 1, ""HDM"": 2}","[5, 6, 7, 8, 9, 10, 50, 11, 12, 13]",0.0657
2020,5,25,1,152,11930,78.49,10,1164,1075,0.0901,541,534,56,13.57,10.0,786,155,134,0,2,0.065,"{""IC"": 1035, ""S"": 26, ""HDM"": 14}","[6, 5, 7, 11, 10, 8, 9, 13, 12, 17]",0.0717
2020,5,26,2,153,11950,78.1,11,1190,907,0.0759,458,449,51,10.1,8.0,773,103,31,0,7,0.0903,"{""IC"": 728, ""S"": 33, ""HSM"": 70, ""HDM"": 48, ""MV"": 28}","[5, 6, 8, 7, 9, 10, 11, 12, 13, 51]",0.0755
2020,5,27,3,153,11954,78.13,12,1186,1045,0.0874,526,519,40,10.56,8.0,890,103,52,0,6,0.0754,"{""IC"": 825, ""S"": 105, ""HSM"": 18, ""HDM"": 97}","[5, 6, 8, 9, 7, 10, 11, 12, 29, 13]",0.0764
2020,5,28,4,155,12014,77.51,10,1154,1280,0.1065,646,634,50,9.62,7.0,1090,160,30,0,3,0.0743,"{""IC"": 1113, ""S"": 64, ""HSM"": 14, ""HDM"": 24, ""MV"": 65}","[5, 6, 7, 9, 8, 10, 13, 15, 12, 14]",0.0837
2020,5,29,5,141,10978,77.86,0,214,1497,0.1364,752,745,136,22.92,9.0,1004,166,108,219,6,0.037,"{""IC"": 1438, ""S"": 13, ""HSM"": 18, ""HDM"": 24, ""MV"": 4}","[5, 6, 7, 8, 9, 10, 11, 13, 31, 18]",0.0888
2020,5,30,6,118,9484,80.37,0,294,647,0.0682,322,325,17,8.07,7.0,616,31,0,0,3,0.1004,"{""IC"": 438, ""S"": 51, ""HSM"": 5, ""HDM"": 12, ""MV"": 80, ""V"": 61}","[5, 6, 7, 8, 10, 9, 12, 13, 11, 15]",0.0898
2020,5,31,7,119,9402,79.01,2,366,643,0.0684,326,317,49,12.34,9.0,502,89,52,0,4,0.0995,"{""IC"": 498, ""S"": 60, ""HSM"": 2, ""HDM"": 7, ""MV"": 76}","[5, 6, 13, 14, 15, 8, 7, 12, 9, 16]",0.0904
2020,6,1,1,168,12452,74.12,13,1104,1519,0.122,758,761,109,12.71,8.0,1125,339,35,20,13,0.062,"{""IC"": 1061, ""S"": 130, ""MV"": 328}","[5, 6, 7, 8, 11, 10, 24, 12, 9, 13]",0.095
2020,6,2,2,153,11878,77.63,13,1068,2023,0.1703,1017,1006,35,12.41,9.0,1387,564,72,0,15,0.0446,"{""IC"": 1540, ""S"": 327, ""HSM"": 2, ""HDM"": 76, ""MV"": 78}","[5, 6, 7, 8, 9, 10, 18, 11, 28, 16]",0.1085
2020,6,3,3,159,11834,74.43,15,1122,1569,0.1326,789,780,61,12.9,9.0,1273,155,133,8,11,0.0519,"{""IC"": 1362, ""S"": 122, ""HDM"": 50, ""MUS"": 5, ""MV"": 30}","[5, 6, 9, 10, 7, 8, 11, 12, 13, 15]",0.1149
2020,6,4,4,155,12036,77.65,11,1228,1178,0.0979,591,587,54,14.32,7.0,830,165,183,0,7,0.0583,"{""IC"": 1047, ""S"": 27, ""HSM"": 18, ""HDM"": 10, ""MV"": 76}","[5, 6, 7, 9, 8, 16, 43, 15, 44, 42]",0.1137
2020,6,5,5,144,11154,77.46,2,210,1643,0.1473,827,816,70,13.21,8.0,1196,290,132,25,6,0.0444,"{""IC"": 1472, ""S"": 88, ""HSM"": 19, ""HDM"": 31, ""MV"": 33}","[5, 6, 7, 8, 9, 10, 13, 17, 11, 14]",0.1152
2020,6,6,6,130,9378,72.14,1,706,1535,0.1637,771,764,118,24.67,12.0,867,231,272,165,4,0.0334,"{""IC"": 1034, ""S"": 449, ""HDM"": 20, ""MV"": 32}","[5, 6, 7, 8, 12, 11, 44, 34, 9, 10]",0.1289
2020,6,7,7,120,9242,77.02,0,118,1040,0.1125,520,520,40,11.37,9.0,731,286,23,0,7,0.0591,"{""IC"": 921, ""S"": 95, ""HDM"": 8, ""MV"": 16}","[5, 6, 7, 9, 8, 20, 19, 14, 13, 21]",0.1352
2020,6,8,1,146,11162,76.45,1,220,1744,0.1562,878,866,132,11.21,8.0,1418,254,65,7,10,0.0541,"{""IC"": 1315, ""S"": 167, ""HSM"": 77, ""HDM"": 32, ""MV"": 153}","[5, 6, 7, 9, 8, 11, 10, 12, 13, 14]",0.1401
2020,6,9,2,141,10962,77.74,1,218,1377,0.1256,692,685,49,11.31,7.0,1122,141,114,0,7,0.0607,"{""IC"": 1173, ""S"": 82, ""HSM"": 100, ""HDM"": 22}","[5, 6, 7, 8, 9, 10, 12, 11, 18, 19]",0.1337
2020,6,10,3,145,11086,76.46,1,270,1333,0.1202,672,661,87,18.27,15.0,652,437,202,42,8,0.054,"{""IC"": 961, ""S"": 165, ""HSM"": 73, ""HDM"": 42, ""MV"": 92}","[5, 6, 20, 7, 19, 15, 11, 8, 10, 33]",0.1319
2020,6,11,4,146,11034,75.58,2,306,1607,0.1456,815,792,80,24.57,11.0,954,131,275,247,13,0.0372,"{""IC"": 1301, ""S"": 112, ""HSM"": 131, ""HDM"": 33, ""MV"": 30}","[5, 6, 7, 8, 9, 11, 10, 12, 15, 14]",0.1387
2020,6,12,5,140,11018,78.7,1,240,1300,0.118,653,647,31,9.14,8.0,1170,124,6,0,9,0.0623,"{""IC"": 1043, ""S"": 180, ""HSM"": 32, ""HDM"": 45}","[5, 6, 7, 9, 10, 8, 12, 11, 13, 15]",0.1345
2020,6,13,6,118,9342,79.17,0,144,1463,0.1566,731,732,137,18.76,8.0,1159,130,73,101,6,0.0393,"{""IC"": 1141, ""S"": 260, ""HDM"": 27, ""MV"": 35}","[5, 6, 7, 8, 10, 9, 11, 12, 14, 13]",0.1335
2020,6,14,7,124,9652,77.84,1,216,2607,0.2701,1303,1304,205,27.01,10.0,1562,396,459,190,15,0.0186,"{""IC"": 2144, ""S"": 292, ""HDM"": 75, ""MV"": 96}","[5, 6, 7, 8, 10, 9, 11, 27, 38, 31]",0.156
2020,6,15,1,222,15870,71.49,10,972,2951,0.1859,1476,1475,290,18.16,9.0,2118,611,112,110,30,0.0446,"{""IC"": 2142, ""S"": 476, ""HSM"": 17, ""HDM"": 213, ""MV"": 103}","[5, 6, 7, 8, 12, 11, 9, 10, 14, 16]",0.1603
2020,6,16,2,220,16042,72.92,10,972,3252,0.2027,1632,1620,76,11.59,9.0,2628,455,112,57,19,0.0474,"{""IC"": 2559, ""S"": 370, ""PYO"": 120, ""HSM"": 97, ""HDM"": 58, ""MV"": 48}","[5, 6, 7, 8, 9, 13, 11, 14, 10, 12]",0.1713
2020,6,17,3,223,16314,73.16,12,1064,4080,0.2501,2038,2042,127,16.28,10.0,2891,864,133,192,32,0.028,"{""IC"": 3116, ""S"": 446, ""PYO"": 26, ""HSM"": 99, ""HDM"": 181, ""MV"": 212}","[5, 7, 6, 8, 9, 10, 13, 11, 14, 12]",0.1899
2020,6,18,4,231,16520,71.52,13,1104,4630,0.2803,2315,2315,87,15.06,11.0,3038,1062,479,51,45,0.0311,"{""IC"": 3466, ""S"": 621, ""PYO"": 41, ""HSM"": 7, ""HDM"": 233, ""MV"": 256, ""V"": 6}","[5, 7, 8, 6, 9, 11, 12, 10, 13, 15]",0.2091
2020,6,19,5,195,13338,68.4,3,224,3091,0.2317,1544,1547,44,11.99,10.0,2223,762,106,0,28,0.0423,"{""IC"": 1969, ""S"": 736, ""HSM"": 47, ""HDM"": 221, ""MV"": 118}","[5, 6, 9, 7, 10, 8, 12, 11, 17, 13]",0.2253
2020,6,20,6,152,9148,60.18,0,0,559,0.0611,279,280,127,14.22,7.0,429,102,0,28,7,0.1029,"{""IC"": 407, ""S"": 87, ""HSM"": 37, ""HDM"": 28}","[5, 6, 7, 8, 9, 10, 16, 11, 17, 20]",0.2117
2020,6,21,7,182,12700,69.78,2,232,3638,0.2865,1808,1830,179,19.68,11.0,2372,820,183,263,18,0.0282,"{""IC"": 2743, ""S"": 510, ""PYO"": 139, ""HSM"": 14, ""HDM"": 161, ""MV"": 71}","[5, 6, 11, 7, 8, 10, 9, 15, 12, 14]",0.214
2020,6,22,1,223,15818,70.93,10,972,2593,0.1639,1288,1305,76,10.98,8.0,2085,367,134,7,18,0.0551,"{""IC"": 1989, ""S"": 368, ""HSM"": 55, ""HDM"": 99, ""MV"": 82}","[5, 6, 7, 8, 9, 10, 11, 12, 13, 16]",0.2109
2020,6,23,2,211,15062,71.38,2,190,2471,0.1641,1235,1236,45,11.62,9.0,1832,523,116,0,21,0.049,"{""IC"": 1917, ""S"": 301, ""HDM"": 109, ""MV"": 144}","[5, 6, 7, 8, 9, 10, 11, 16, 15, 14]",0.2054
2020,6,24,3,212,15112,71.28,2,256,3524,0.2332,1757,1767,154,16.12,9.0,2439,715,298,72,25,0.0333,"{""IC"": 2764, ""S"": 437, ""HSM"": 13, ""HDM"": 132, ""MV"": 178}","[5, 7, 6, 8, 10, 9, 11, 13, 15, 14]",0.203
2020,6,25,4,212,15242,71.9,0,284,3707,0.2432,1854,1853,311,24.6,12.0,2075,742,607,283,30,0.0334,"{""IC"": 2731, ""S"": 431, ""HSM"": 45, ""HDM"": 227, ""MV"": 273}","[5, 6, 7, 8, 10, 9, 11, 12, 15, 14]",0.1977
2020,6,26,5,215,15784,73.41,5,248,4500,0.2851,2238,2262,143,23.8,12.0,2733,783,523,461,32,0.0249,"{""IC"": 3373, ""S"": 656, ""PYO"": 53, ""HSM"": 60, ""HDM"": 198, ""MV"": 160}","[5, 6, 7, 10, 11, 12, 9, 8, 13, 14]",0.2053
2020,6,27,6,181,13744,75.93,4,156,2360,0.1717,1177,1183,82,16.07,10.0,1553,401,352,54,15,0.0418,"{""IC"": 1694, ""S"": 366, ""PYO"": 71, ""HSM"": 15, ""HDM"": 83, ""MV"": 131}","[5, 6, 7, 8, 11, 12, 10, 9, 15, 13]",0.2211
2020,6,28,7,180,12784,71.02,0,6,2166,0.1694,1082,1084,57,11.14,9.0,1671,473,22,0,17,0.0536,"{""IC"": 1547, ""S"": 453, ""HSM"": 82, ""HDM"": 80, ""V"": 4}","[5, 6, 8, 7, 10, 13, 9, 11, 14, 16]",0.2044
2020,6,29,1,209,14774,70.69,6,140,2444,0.1654,1222,1222,81,10.78,7.0,1945,437,30,32,22,0.0522,"{""IC"": 1854, ""S"": 364, ""HSM"": 148, ""HDM"": 78}","[5, 6, 7, 8, 9, 11, 12, 13, 10, 14]",0.2046
2020,6,30,2,210,15034,71.59,2,154,2538,0.1688,1267,1271,42,10.87,9.0,1989,511,38,0,17,0.0515,"{""IC"": 1911, ""S"": 195, ""HSM"": 125, ""HDM"": 98, ""MV"": 209}","[5, 6, 7, 10, 9, 8, 11, 12, 14, 13]",0.2053
2020,7,1,3,219,15220,69.5,14,594,3793,0.2492,1893,1900,278,30.45,14.0,1916,525,786,566,23,0.0248,"{""IC"": 2683, ""S"": 726, ""HSM"": 66, ""HDM"": 182, ""MV"": 136}","[5, 6, 7, 8, 9, 10, 11, 13, 12, 17]",0.2075
2020,7,2,4,211,15036,71.26,22,502,3165,0.2105,1577,1588,191,19.35,11.0,1988,495,504,178,19,0.032,"{""IC"": 2425, ""S"": 526, ""HSM"": 36, ""HDM"": 71, ""MV"": 107}","[5, 6, 9, 7, 8, 10, 11, 12, 13, 14]",0.2029
2020,7,3,5,214,15410,72.01,15,282,2542,0.165,1266,1276,71,13.31,10.0,1989,383,116,54,18,0.0471,"{""IC"": 2107, ""S"": 196, ""PYO"": 65, ""HSM"": 2, ""HDM"": 157, ""MV"": 15}","[5, 6, 10, 11, 7, 8, 9, 13, 12, 14]",0.1857
2020,7,4,6,193,13400,69.43,14,256,1458,0.1088,726,732,49,13.15,8.0,1072,180,206,0,10,0.0594,"{""IC"": 999, ""S"": 244, ""PYO"": 98, ""HDM"": 50, ""MUS"": 19, ""MV"": 48}","[5, 8, 7, 6, 11, 9, 10, 15, 14, 33]",0.1767
2020,7,5,7,190,12972,68.27,6,106,2231,0.172,1113,1118,49,12.48,9.0,1495,686,50,0,14,0.049,"{""IC"": 1756, ""S"": 274, ""HDM"": 66, ""MUS"": 107, ""MV"": 28}","[5, 6, 8, 7, 9, 14, 15, 11, 19, 13]",0.1771
2020,7,6,1,209,14836,70.99,2,148,2000,0.1348,999,1001,101,14.16,9.0,1393,419,156,32,13,0.0492,"{""IC"": 1673, ""S"": 148, ""HSM"": 6, ""HDM"": 125, ""MV"": 48}","[5, 6, 7, 8, 11, 9, 10, 18, 16, 12]",0.1727
2020,7,7,2,206,14746,71.58,1,40,1751,0.1187,868,883,44,11.3,8.0,1378,267,106,0,10,0.0611,"{""IC"": 1423, ""S"": 210, ""HSM"": 18, ""HDM"": 100}","[5, 6, 7, 8, 10, 9, 11, 12, 20, 19]",0.1656
2020,7,8,3,213,15220,71.46,10,212,2569,0.1688,1281,1288,71,16.18,11.0,1601,662,258,48,18,0.04,"{""IC"": 1936, ""S"": 277, ""PYO"": 49, ""HSM"": 1, ""HDM"": 130, ""MV"": 176}","[5, 6, 7, 9, 10, 8, 18, 11, 12, 15]",0.1541
2020,7,9,4,215,15306,71.19,1,38,2237,0.1462,1113,1124,86,14.1,10.0,1505,579,94,59,15,0.0529,"{""IC"": 1831, ""S"": 135, ""PYO"": 33, ""HSM"": 38, ""HDM"": 106, ""MV"": 94}","[5, 6, 9, 7, 10, 11, 15, 8, 12, 14]",0.1449
2020,7,10,5,209,15392,73.65,5,190,1645,0.1069,816,829,44,9.96,8.0,1445,141,59,0,10,0.0723,"{""IC"": 1365, ""S"": 122, ""PYO"": 44, ""HSM"": 1, ""HDM"": 113}","[5, 6, 8, 7, 11, 9, 10, 12, 14, 16]",0.1366
2020,7,11,6,172,13378,77.78,2,288,1280,0.0957,638,642,77,13.45,8.0,996,149,117,18,6,0.0639,"{""IC"": 958, ""S"": 126, ""PYO"": 48, ""HSM"": 36, ""HDM"": 6, ""MUS"": 18, ""MV"": 88}","[5, 6, 9, 7, 8, 10, 11, 12, 17, 14]",0.1347
2020,7,12,7,182,12668,69.6,2,34,1283,0.1013,641,642,49,12.87,8.0,914,214,155,0,8,0.0662,"{""IC"": 904, ""S"": 112, ""HSM"": 36, ""HDM"": 48, ""MV"": 183}","[5, 6, 7, 8, 12, 15, 11, 36, 13, 35]",0.1246
2020,7,13,1,211,14842,70.34,2,58,2212,0.149,1101,1111,110,14.22,8.0,1652,321,197,42,17,0.0424,"{""IC"": 1845, ""S"": 256, ""HSM"": 3, ""HDM"": 97, ""MV"": 11}","[5, 6, 7, 8, 9, 13, 14, 11, 10, 12]",0.1267
2020,7,14,2,207,14830,71.64,0,52,1637,0.1104,813,824,103,13.59,8.0,1239,249,114,35,12,0.0611,"{""IC"": 1273, ""S"": 173, ""HSM"": 56, ""HDM"": 75, ""MV"": 60}","[5, 6, 7, 8, 9, 11, 12, 10, 15, 13]",0.1255
2020,7,15,3,210,15106,71.93,4,96,2298,0.1521,1154,1144,78,13.05,10.0,1527,685,60,26,18,0.0611,"{""IC"": 1531, ""S"": 447, ""PYO"": 105, ""HSM"": 1, ""HDM"": 150, ""MV"": 64}","[6, 5, 7, 8, 16, 9, 10, 11, 15, 12]",0.1231
2020,7,16,4,208,15066,72.43,0,0,1825,0.1211,910,915,39,11.09,9.0,1334,466,25,0,13,0.064,"{""IC"": 1356, ""S"": 346, ""PYO"": 25, ""HSM"": 2, ""HDM"": 70, ""MV"": 26}","[5, 6, 7, 10, 8, 9, 13, 16, 15, 11]",0.1195
2020,7,17,5,213,15412,72.36,0,0,1420,0.0921,714,706,46,10.78,8.0,1143,177,100,0,6,0.0753,"{""IC"": 1199, ""S"": 79, ""PYO"": 35, ""HSM"": 4, ""HDM"": 83, ""V"": 20}","[5, 6, 8, 7, 9, 10, 15, 16, 17, 41]",0.1174
2020,7,18,6,189,13390,70.85,0,0,1307,0.0976,651,656,54,12.08,8.0,1052,156,99,0,14,0.069,"{""IC"": 885, ""S"": 292, ""PYO"": 18, ""HSM"": 52, ""HDM"": 53, ""MV"": 7}","[6, 7, 5, 8, 9, 11, 14, 13, 15, 12]",0.1177
2020,7,19,7,176,12338,70.1,2,160,770,0.0624,378,392,79,8.54,6.0,717,37,5,11,6,0.1005,"{""IC"": 557, ""S"": 83, ""HSM"": 6, ""HDM"": 110, ""MV"": 14}","[5, 6, 7, 8, 9, 10, 11, 13, 16, 14]",0.1121
2020,7,20,1,218,15456,70.9,13,1190,2100,0.1359,1044,1056,51,11.53,10.0,1608,445,47,0,15,0.057,"{""IC"": 1757, ""S"": 96, ""HSM"": 7, ""HDM"": 151, ""MV"": 89}","[5, 6, 8, 7, 13, 9, 14, 12, 11, 10]",0.1102
2020,7,21,2,212,15394,72.61,12,1184,1388,0.0902,693,695,53,10.3,8.0,1153,197,38,0,9,0.0712,"{""IC"": 1136, ""S"": 150, ""HSM"": 31, ""HDM"": 47, ""MV"": 24}","[5, 6, 7, 8, 9, 10, 11, 12, 14, 13]",0.1073
2020,7,22,3,212,15648,73.81,12,1168,1757,0.1123,874,883,93,14.01,8.0,1239,293,199,26,8,0.0616,"{""IC"": 1456, ""S"": 46, ""PYO"": 30, ""HSM"": 17, ""HDM"": 101, ""MV"": 107}","[5, 6, 7, 8, 9, 10, 12, 11, 20, 37]",0.1017
2020,7,23,4,211,15516,73.54,14,1194,1043,0.0672,522,521,42,8.37,7.0,971,42,30,0,4,0.0896,"{""IC"": 797, ""S"": 91, ""PYO"": 83, ""HSM"": 4, ""HDM"": 68}","[5, 6, 8, 7, 9, 11, 10, 13, 12, 15]",0.094
2020,7,24,5,201,15136,75.3,3,258,1984,0.1311,984,1000,127,16.63,9.0,1349,379,137,119,17,0.0515,"{""IC"": 1508, ""S"": 167, ""PYO"": 44, ""HSM"": 27, ""HDM"": 100, ""MV"": 138}","[5, 6, 7, 8, 9, 11, 10, 12, 25, 15]",0.0995
2020,7,25,6,178,13298,74.71,2,140,1079,0.0811,534,545,23,8.27,6.0,923,156,0,0,7,0.0795,"{""IC"": 800, ""S"": 134, ""PYO"": 45, ""HSM"": 21, ""HDM"": 38, ""MUS"": 41}","[5, 6, 7, 8, 9, 19, 20, 10, 18, 21]",0.0972
2020,7,26,7,186,12748,68.54,2,172,2483,0.1948,1235,1248,89,25.75,21.0,950,632,753,148,20,0.0353,"{""IC"": 2038, ""S"": 329, ""HDM"": 77, ""MV"": 39}","[5, 6, 7, 8, 10, 24, 20, 30, 9, 15]",0.1161
2020,7,27,1,213,15132,71.04,2,236,3190,0.2108,1590,1600,131,15.98,10.0,2226,716,114,134,40,0.0384,"{""IC"": 2252, ""S"": 557, ""HSM"": 109, ""HDM"": 201, ""MV"": 71}","[5, 7, 6, 9, 8, 10, 14, 13, 11, 15]",0.1268
2020,7,28,2,211,14998,71.08,3,212,2244,0.1496,1119,1125,37,11.05,9.0,1678,528,38,0,15,0.0572,"{""IC"": 1655, ""S"": 393, ""HSM"": 46, ""HDM"": 136, ""MV"": 14}","[5, 6, 7, 8, 9, 12, 10, 16, 13, 15]",0.1353
2020,7,29,3,212,15254,71.95,6,320,2487,0.163,1237,1250,54,11.34,9.0,1905,464,118,0,20,0.0518,"{""IC"": 1931, ""S"": 332, ""PYO"": 50, ""HSM"": 9, ""HDM"": 165}","[5, 6, 7, 8, 12, 9, 10, 14, 11, 13]",0.1425
2020,7,30,4,215,15428,71.76,3,338,2364,0.1532,1182,1182,63,13.1,9.0,1739,405,211,9,20,0.0529,"{""IC"": 1581, ""S"": 332, ""PYO"": 109, ""HSM"": 125, ""HDM"": 156, ""MV"": 61}","[5, 6, 8, 7, 9, 10, 11, 18, 12, 16]",0.1548
2020,7,31,5,211,15328,72.64,2,80,2951,0.1925,1467,1484,106,17.94,12.0,1774,724,382,71,17,0.039,"{""IC"": 2580, ""S"": 211, ""PYO"": 28, ""HSM"": 43, ""HDM"": 89}","[5, 6, 7, 10, 11, 12, 13, 9, 8, 14]",0.1636
2020,8,1,6,197,14010,71.12,8,768,2427,0.1732,1207,1220,34,10.18,9.0,1855,566,6,0,18,0.0498,"{""IC"": 1737, ""S"": 488, ""PYO"": 108, ""HSM"": 36, ""HDM"": 58}","[5, 6, 9, 8, 7, 16, 10, 14, 11, 17]",0.1767
2020,8,2,7,191,13510,70.73,10,882,3133,0.2319,1559,1574,200,25.49,11.0,1887,747,160,339,22,0.0243,"{""IC"": 2571, ""S"": 444, ""HDM"": 116, ""MV"": 2}","[5, 6, 7, 8, 9, 11, 12, 10, 13, 15]",0.182
2020,8,3,1,221,15832,71.64,10,1036,2702,0.1707,1345,1357,85,12.55,11.0,1932,713,25,32,18,0.0501,"{""IC"": 2023, ""S"": 427, ""HDM"": 186, ""MV"": 66}","[5, 13, 6, 9, 7, 15, 8, 12, 11, 14]",0.1763
2020,8,4,2,222,15836,71.33,16,1170,1648,0.1041,824,824,54,10.28,8.0,1388,188,72,0,8,0.0776,"{""IC"": 1122, ""S"": 441, ""HSM"": 29, ""HDM"": 55, ""MV"": 1}","[5, 7, 6, 8, 9, 10, 16, 11, 15, 17]",0.1698
2020,8,5,3,220,16088,73.13,15,1192,2113,0.1313,1057,1056,253,20.35,10.0,1479,347,154,133,16,0.0403,"{""IC"": 1587, ""S"": 317, ""PYO"": 45, ""HSM"": 20, ""HDM"": 134, ""MV"": 10}","[5, 6, 9, 8, 7, 11, 14, 13, 12, 10]",0.1653
2020,8,6,4,225,16258,72.26,13,1102,2205,0.1356,1105,1100,91,16.56,9.0,1407,480,266,52,14,0.0483,"{""IC"": 1524, ""S"": 331, ""PYO"": 105, ""HSM"": 13, ""HDM"": 68, ""MUS"": 56, ""MV"": 108}","[5, 6, 7, 8, 9, 10, 18, 17, 13, 19]",0.1628
2020,8,7,5,213,15730,73.85,2,158,2987,0.1899,1485,1502,87,12.28,10.0,2317,516,125,29,23,0.0578,"{""IC"": 2009, ""S"": 561, ""PYO"": 46, ""HSM"": 8, ""HDM"": 158, ""MUS"": 115, ""MV"": 90}","[5, 6, 7, 11, 9, 12, 8, 10, 13, 14]",0.1624
2020,8,8,6,188,13962,74.27,3,48,1939,0.1389,973,966,98,10.21,8.0,1549,353,29,8,9,0.0693,"{""IC"": 1300, ""S"": 374, ""PYO"": 76, ""HSM"": 1, ""HDM"": 108, ""MUS"": 80}","[5, 6, 7, 8, 9, 13, 16, 18, 11, 10]",0.1575
2020,8,9,7,184,12948,70.37,2,122,2342,0.1809,1168,1174,86,10.17,8.0,2067,228,16,31,15,0.0516,"{""IC"": 1898, ""S"": 258, ""HSM"": 43, ""HDM"": 113, ""MV"": 30}","[5, 8, 7, 6, 9, 10, 11, 12, 13, 14]",0.1502
2020,8,10,1,238,16956,71.24,15,1134,3973,0.2343,1987,1986,124,18.19,10.0,2751,742,133,347,22,0.0327,"{""IC"": 3145, ""S"": 682, ""HSM"": 18, ""HDM"": 128}","[5, 6, 9, 7, 8, 10, 12, 11, 13, 16]",0.1593
2020,8,11,2,235,16866,71.77,13,1038,2818,0.1671,1409,1409,54,13.69,11.0,1949,717,152,0,18,0.0489,"{""IC"": 1984, ""S"": 718, ""HSM"": 1, ""HDM"": 87, ""MV"": 28}","[5, 6, 12, 7, 11, 13, 8, 10, 9, 28]",0.1683
2020,8,12,3,240,17226,71.78,20,1238,3312,0.1923,1656,1656,62,12.86,12.0,2120,1116,67,9,16,0.0446,"{""IC"": 2518, ""S"": 589, ""PYO"": 85, ""HSM"": 20, ""HDM"": 82, ""MV"": 18}","[6, 5, 7, 8, 15, 17, 11, 16, 12, 9]",0.177
2020,8,13,4,234,17138,73.24,12,1084,2958,0.1726,1485,1473,55,13.03,10.0,2074,692,192,0,18,0.0478,"{""S"": 647, ""IC"": 2062, ""PYO"": 23, ""HSM"": 14, ""HDM"": 147, ""MV"": 65}","[5, 7, 6, 8, 9, 10, 11, 13, 12, 14]",0.1823
2020,8,14,5,238,17284,72.62,2,124,3403,0.1969,1702,1701,30,9.84,8.0,2868,533,2,0,22,0.051,"{""S"": 622, ""IC"": 2532, ""PYO"": 33, ""HSM"": 23, ""HDM"": 112, ""MV"": 81}","[5, 6, 7, 9, 8, 10, 11, 12, 14, 13]",0.1833
2020,8,15,6,208,13992,67.27,5,228,2014,0.1439,1014,1000,48,12.22,9.0,1487,402,125,0,15,0.0577,"{""S"": 536, ""IC"": 1255, ""PYO"": 38, ""HSM"": 13, ""HDM"": 80, ""MUS"": 28, ""MV"": 64}","[5, 6, 7, 9, 8, 12, 11, 13, 14, 15]",0.184
2020,8,16,7,189,13306,70.4,6,364,2973,0.2234,1486,1487,76,16.75,11.0,1897,643,288,145,18,0.0336,"{""IC"": 2304, ""S"": 409, ""HSM"": 39, ""HDM"": 75, ""MV"": 146}","[5, 6, 8, 11, 7, 9, 12, 10, 13, 22]",0.1901
2020,8,17,1,234,16746,71.56,14,1144,2014,0.1203,1007,1007,61,12.8,10.0,1555,270,183,6,8,0.0624,"{""IC"": 1621, ""S"": 318, ""HSM"": 13, ""HDM"": 62}","[5, 6, 7, 11, 12, 8, 13, 9, 10, 15]",0.1738
2020,8,18,2,236,16924,71.71,15,1250,2399,0.1418,1210,1189,156,14.17,10.0,1776,489,53,81,8,0.0582,"{""IC"": 1837, ""S"": 375, ""HSM"": 38, ""HDM"": 82, ""MV"": 67}","[5, 7, 8, 6, 9, 10, 12, 13, 11, 17]",0.1702
2020,8,19,3,244,17072,69.97,20,1262,2348,0.1375,1184,1164,148,12.71,10.0,1786,496,38,28,17,0.0591,"{""IC"": 1787, ""S"": 345, ""PYO"": 37, ""HSM"": 1, ""HDM"": 142, ""MV"": 36}","[5, 6, 7, 10, 8, 11, 13, 16, 14, 12]",0.1623
2020,8,20,4,236,16796,71.17,13,1134,2830,0.1685,1411,1419,88,13.75,9.0,2300,303,63,164,23,0.0438,"{""IC"": 2049, ""S"": 575, ""PYO"": 80, ""HSM"": 52, ""HDM"": 70, ""MV"": 4}","[5, 6, 7, 9, 8, 13, 12, 10, 11, 15]",0.1618
2020,8,21,5,237,17366,73.27,4,156,2821,0.1624,1412,1409,89,14.43,10.0,2087,483,157,94,11,0.0414,"{""S"": 392, ""IC"": 2117, ""PYO"": 195, ""HSM"": 20, ""HDM"": 97}","[5, 7, 8, 6, 9, 10, 14, 13, 11, 12]",0.1568
2020,8,22,6,194,14190,73.14,2,56,1975,0.1392,991,984,54,10.11,9.0,1684,268,23,0,7,0.0606,"{""IC"": 1450, ""S"": 398, ""PYO"": 67, ""HDM"": 53, ""MUS"": 1, ""MV"": 4, ""V"": 2}","[5, 6, 9, 11, 8, 7, 10, 12, 13, 15]",0.1562
2020,8,23,7,185,13080,70.7,0,2,1533,0.1172,765,768,55,10.17,9.0,1343,180,10,0,8,0.0756,"{""IC"": 1207, ""S"": 252, ""HSM"": 21, ""HDM"": 51, ""V"": 2}","[5, 6, 12, 13, 8, 7, 9, 10, 14, 11]",0.141
2020,8,24,1,236,16824,71.29,13,1126,1941,0.1154,976,965,52,10.33,9.0,1610,319,12,0,10,0.068,"{""IC"": 1572, ""S"": 198, ""HSM"": 137, ""HDM"": 23, ""MV"": 11}","[5, 6, 7, 9, 12, 11, 10, 8, 13, 15]",0.1403
2020,8,25,2,233,16970,72.83,12,1084,2473,0.1457,1242,1231,139,13.39,9.0,1879,375,184,35,13,0.0522,"{""S"": 406, ""IC"": 1806, ""HSM"": 88, ""HDM"": 55, ""MV"": 118}","[5, 6, 8, 9, 7, 12, 13, 10, 11, 14]",0.1408
2020,8,26,3,236,16896,71.59,13,1100,1968,0.1165,990,978,61,10.66,9.0,1705,164,93,6,9,0.0651,"{""S"": 238, ""IC"": 1583, ""PYO"": 18, ""HSM"": 57, ""HDM"": 42, ""MV"": 30}","[5, 6, 9, 11, 10, 7, 8, 12, 14, 13]",0.1378
2020,8,27,4,235,16904,71.93,13,1118,2355,0.1393,1182,1173,31,11.06,9.0,1779,558,18,0,9,0.055,"{""S"": 446, ""IC"": 1794, ""PYO"": 20, ""HSM"": 28, ""HDM"": 49, ""MV"": 18}","[5, 7, 6, 8, 9, 10, 11, 12, 16, 15]",0.1337
2020,8,28,5,240,17308,72.12,3,148,2623,0.1515,1311,1312,128,17.23,11.0,1837,617,29,140,19,0.0426,"{""S"": 403, ""IC"": 1919, ""PYO"": 70, ""HSM"": 22, ""HDM"": 97, ""MV"": 112}","[5, 6, 10, 7, 11, 9, 13, 8, 16, 17]",0.1321
2020,8,29,6,201,13810,68.71,0,0,1475,0.1068,737,738,34,10.33,8.0,1163,296,16,0,9,0.0762,"{""S"": 355, ""IC"": 967, ""PYO"": 14, ""HDM"": 34, ""MUS"": 37, ""MV"": 68}","[5, 7, 6, 8, 10, 11, 9, 15, 16, 13]",0.1275
2020,8,30,7,189,13420,71.01,0,0,1455,0.1084,731,724,42,7.87,7.0,1379,61,15,0,7,0.0799,"{""IC"": 1188, ""S"": 196, ""HDM"": 28, ""MUS"": 36, ""MV"": 7}","[6, 5, 7, 8, 9, 10, 13, 12, 11, 14]",0.1262
2020,8,31,1,233,16754,71.91,10,976,2426,0.1448,1220,1206,67,16.05,11.0,1500,532,375,19,21,0.0517,"{""IC"": 1947, ""S"": 303, ""HSM"": 43, ""HDM"": 73, ""MV"": 60}","[5, 6, 7, 8, 9, 16, 13, 15, 14, 12]",0.1304
2020,9,1,2,230,16722,72.7,10,960,1624,0.0971,818,806,35,9.96,8.0,1384,229,11,0,8,0.0774,"{""S"": 320, ""IC"": 1207, ""HSM"": 16, ""HDM"": 50, ""MV"": 31}","[6, 5, 7, 8, 12, 11, 10, 9, 14, 13]",0.1235
2020,9,2,3,233,16990,72.92,15,1044,2535,0.1492,1270,1265,36,10.89,9.0,2003,478,54,0,10,0.0501,"{""IC"": 2094, ""S"": 343, ""PYO"": 34, ""HSM"": 22, ""HDM"": 42}","[5, 6, 7, 11, 10, 9, 8, 13, 14, 15]",0.1282
2020,9,3,4,232,16982,73.2,10,996,2029,0.1195,1021,1008,50,14.65,10.0,1388,303,338,0,12,0.0539,"{""IC"": 1535, ""S"": 301, ""PYO"": 28, ""HSM"": 49, ""HDM"": 56, ""MV"": 60}","[5, 6, 7, 8, 11, 9, 10, 12, 13, 22]",0.1253
2020,9,4,5,238,17280,72.61,1,46,1642,0.095,827,815,47,11.48,9.0,1258,274,110,0,12,0.0706,"{""IC"": 1305, ""S"": 246, ""HSM"": 15, ""HDM"": 67, ""MV"": 9}","[5, 6, 7, 10, 15, 8, 14, 11, 9, 16]",0.1173
2020,9,5,6,192,13094,68.2,0,0,944,0.0721,481,463,126,15.67,9.0,716,124,67,37,7,0.0759,"{""S"": 185, ""IC"": 647, ""HSM"": 18, ""HDM"": 44, ""MUS"": 14, ""MV"": 36}","[5, 6, 9, 7, 10, 13, 8, 11, 12, 59]",0.1123
2020,9,6,7,185,12276,66.36,2,64,836,0.0681,425,411,34,11.8,7.5,565,243,28,0,7,0.0921,"{""IC"": 602, ""S"": 53, ""HSM"": 32, ""HDM"": 39, ""MV"": 110}","[5, 6, 7, 8, 16, 25, 9, 27, 21, 11]",0.1065
2020,9,7,1,241,16732,69.43,10,960,905,0.0541,464,441,38,8.41,6.0,827,68,10,0,6,0.0947,"{""IC"": 668, ""S"": 85, ""HSM"": 60, ""HDM"": 32, ""MV"": 60}","[6, 5, 7, 9, 8, 11, 12, 13, 10, 16]",0.0936
2020,9,8,2,240,16766,69.86,13,1028,1711,0.1021,865,846,87,15.37,8.0,1194,217,238,62,11,0.0614,"{""S"": 302, ""IC"": 1216, ""HSM"": 44, ""HDM"": 70, ""MUS"": 2, ""MV"": 77}","[5, 6, 7, 8, 9, 10, 19, 18, 12, 23]",0.0943
2020,9,9,3,234,16766,71.65,12,992,1847,0.1102,932,915,65,11.63,8.0,1469,256,109,13,8,0.0607,"{""IC"": 1462, ""S"": 209, ""PYO"": 63, ""HSM"": 42, ""HDM"": 71}","[5, 6, 7, 8, 9, 10, 11, 15, 17, 16]",0.0887
2020,9,10,4,237,16820,70.97,12,1054,1690,0.1005,858,832,140,14.12,8.0,1291,181,181,37,11,0.0621,"{""S"": 230, ""IC"": 1241, ""PYO"": 59, ""HSM"": 89, ""HDM"": 45, ""MV"": 26}","[5, 6, 7, 8, 9, 10, 11, 13, 12, 16]",0.086
2020,9,11,5,236,17210,72.92,10,314,1275,0.0741,647,628,39,9.02,7.0,1087,175,13,0,8,0.0935,"{""S"": 350, ""IC"": 805, ""PYO"": 38, ""HDM"": 80, ""V"": 2}","[5, 6, 7, 9, 8, 10, 11, 17, 14, 15]",0.083
2020,9,12,6,206,14314,69.49,0,0,1307,0.0913,663,644,35,8.52,7.0,1176,124,7,0,4,0.0931,"{""IC"": 860, ""S"": 279, ""PYO"": 92, ""HSM"": 2, ""HDM"": 12, ""V"": 62}","[5, 6, 7, 8, 9, 10, 14, 16, 11, 13]",0.0858
2020,9,13,7,186,13422,72.16,0,0,1366,0.1018,687,679,38,8.94,7.0,1203,124,39,0,9,0.0875,"{""IC"": 1060, ""S"": 167, ""PYO"": 58, ""HSM"": 33, ""HDM"": 47, ""MUS"": 1}","[5, 6, 7, 8, 10, 9, 16, 11, 12, 13]",0.0906
2020,9,14,1,241,16732,69.43,14,1368,2010,0.1201,1008,1002,71,15.86,9.0,1365,365,209,71,14,0.044,"{""IC"": 1683, ""S"": 242, ""HSM"": 9, ""HDM"": 23, ""MV"": 53}","[5, 6, 7, 8, 9, 10, 13, 12, 14, 11]",0.1
2020,9,15,2,233,16684,71.61,10,960,1165,0.0698,595,570,48,9.65,7.0,1012,121,32,0,7,0.089,"{""IC"": 831, ""S"": 165, ""HSM"": 23, ""HDM"": 18, ""MV"": 128}","[5, 6, 7, 8, 10, 9, 12, 11, 13, 19]",0.0954
2020,9,16,3,236,16854,71.42,11,976,1575,0.0934,795,780,44,9.7,7.0,1303,244,28,0,3,0.0719,"{""IC"": 1296, ""S"": 164, ""PYO"": 41, ""HSM"": 13, ""HDM"": 36, ""V"": 25}","[5, 6, 7, 8, 9, 10, 17, 11, 12, 24]",0.093
2020,9,17,4,236,17110,72.5,25,1406,4822,0.2818,2432,2390,260,70.69,18.0,2230,398,447,1747,27,0.0183,"{""IC"": 3794, ""S"": 774, ""PYO"": 57, ""HSM"": 86, ""HDM"": 105, ""MV"": 6}","[5, 8, 6, 9, 7, 10, 11, 12, 14, 13]",0.1189
2020,9,18,5,241,17648,73.23,4,134,2726,0.1545,1370,1356,62,12.34,10.0,1982,619,118,7,16,0.0557,"{""IC"": 1889, ""S"": 518, ""PYO"": 211, ""HSM"": 13, ""HDM"": 94, ""MUS"": 1}","[5, 6, 7, 8, 9, 10, 11, 12, 16, 13]",0.1304
2020,9,19,6,192,14380,74.9,0,0,870,0.0605,439,431,102,12.03,8.0,643,192,24,11,7,0.0996,"{""S"": 178, ""IC"": 616, ""PYO"": 44, ""HSM"": 5, ""HDM"": 15, ""MV"": 12}","[5, 6, 7, 8, 13, 9, 12, 11, 16, 21]",0.126
2020,9,20,7,194,13570,69.95,4,44,1459,0.1075,736,723,221,17.73,8.0,1184,192,17,66,14,0.0649,"{""IC"": 1003, ""S"": 203, ""PYO"": 4, ""HSM"": 40, ""HDM"": 67, ""MUS"": 83, ""V"": 59}","[5, 7, 6, 8, 9, 12, 11, 10, 13, 15]",0.1268
2020,9,21,1,233,16826,72.21,10,1050,1860,0.1105,939,921,45,12.06,8.0,1489,192,179,0,10,0.062,"{""S"": 204, ""IC"": 1400, ""HSM"": 148, ""HDM"": 108}","[5, 6, 7, 8, 9, 11, 10, 12, 13, 35]",0.1254
2020,9,22,2,231,16758,72.55,10,960,1424,0.085,721,703,232,27.4,8.0,1059,193,26,146,8,0.0414,"{""IC"": 1283, ""S"": 64, ""HSM"": 27, ""HDM"": 44, ""MV"": 6}","[5, 6, 7, 9, 8, 16, 11, 17, 14, 13]",0.1276
2020,9,23,3,233,16990,72.92,16,1072,2287,0.1346,1142,1145,36,10.23,8.0,1777,500,10,0,13,0.0618,"{""IC"": 1793, ""S"": 295, ""PYO"": 112, ""HSM"": 15, ""HDM"": 72}","[5, 6, 7, 8, 9, 10, 16, 11, 15, 19]",0.1335
2020,9,24,4,230,16922,73.57,11,980,2054,0.1214,1039,1015,80,14.05,7.0,1560,354,0,140,11,0.0475,"{""IC"": 1449, ""S"": 436, ""PYO"": 37, ""HSM"": 66, ""HDM"": 66}","[5, 6, 7, 8, 9, 15, 13, 12, 14, 20]",0.1106
2020,9,25,5,237,17140,72.32,1,36,2552,0.1489,1288,1264,26,7.76,7.0,2423,129,0,0,7,0.0572,"{""IC"": 1865, ""S"": 500, ""PYO"": 81, ""HSM"": 33, ""HDM"": 63, ""MV"": 10}","[5, 6, 7, 8, 9, 10, 11, 12, 14, 13]",0.1098
2020,9,26,6,199,13552,68.1,0,0,1320,0.0974,673,647,72,10.84,7.0,1111,113,87,9,9,0.0721,"{""S"": 421, ""IC"": 748, ""PYO"": 91, ""HSM"": 33, ""HDM"": 18, ""MUS"": 7, ""V"": 2}","[5, 6, 7, 8, 9, 10, 44, 13, 11, 12]",0.115
2020,9,27,7,184,13172,71.59,0,52,1404,0.1066,706,698,39,10.26,8.0,1094,278,32,0,7,0.0717,"{""IC"": 1100, ""S"": 189, ""HSM"": 9, ""HDM"": 47, ""MV"": 59}","[5, 6, 8, 7, 9, 16, 13, 14, 18, 11]",0.1149
2020,9,28,1,227,15818,69.68,1,62,4982,0.315,2503,2479,82,18.97,10.0,3164,824,757,237,38,0.0227,"{""IC"": 4269, ""S"": 521, ""HSM"": 18, ""HDM"": 132, ""MV"": 42}","[5, 6, 7, 8, 9, 10, 11, 12, 13, 15]",0.1441
2020,9,29,2,224,16002,71.44,2,64,1599,0.0999,812,787,85,12.48,7.0,1284,187,52,76,11,0.0634,"{""S"": 117, ""IC"": 1278, ""HSM"": 30, ""HDM"": 85, ""MV"": 89}","[5, 6, 7, 9, 8, 10, 11, 12, 18, 13]",0.1463
2020,9,30,3,224,16062,71.71,2,32,1748,0.1088,878,870,89,19.11,10.0,1099,216,333,100,13,0.0516,"{""IC"": 1357, ""S"": 162, ""PYO"": 76, ""HSM"": 19, ""HDM"": 66, ""MV"": 68}","[5, 6, 7, 8, 14, 10, 11, 9, 30, 22]",0.1426
2020,10,1,4,223,16058,72.01,5,140,1711,0.1066,862,849,37,9.7,7.0,1412,255,44,0,12,0.0673,"{""IC"": 1404, ""S"": 162, ""PYO"": 58, ""HSM"": 25, ""HDM"": 38, ""MV"": 24}","[5, 6, 7, 8, 9, 10, 16, 11, 14, 12]",0.1405
2020,10,2,5,235,17360,73.87,0,0,3878,0.2234,1938,1940,44,11.2,9.0,3088,658,132,0,13,0.0358,"{""IC"": 2882, ""S"": 795, ""PYO"": 13, ""HSM"": 45, ""HDM"": 75, ""MV"": 68}","[5, 6, 8, 7, 9, 10, 13, 11, 12, 14]",0.1511
2020,10,3,6,188,14158,75.31,0,4,897,0.0634,448,449,49,7.96,6.0,859,12,26,0,7,0.0989,"{""S"": 165, ""IC"": 587, ""PYO"": 98, ""HSM"": 9, ""HDM"": 35, ""MV"": 3}","[5, 6, 7, 8, 9, 12, 11, 10, 13, 36]",0.1462
2020,10,4,7,185,13336,72.09,2,108,2196,0.1647,1103,1093,86,17.37,9.0,1660,163,219,154,8,0.0392,"{""IC"": 1814, ""S"": 292, ""HSM"": 9, ""HDM"": 64, ""MV"": 17}","[5, 8, 6, 7, 11, 10, 9, 12, 14, 15]",0.1545
2020,10,5,1,222,15750,70.95,2,56,1945,0.1235,983,962,46,10.25,8.0,1504,418,23,0,10,0.0588,"{""IC"": 1587, ""S"": 216, ""HSM"": 80, ""HDM"": 46, ""MV"": 16}","[5, 6, 8, 7, 10, 9, 15, 18, 16, 14]",0.1272
2020,10,6,2,223,15822,70.95,3,70,2469,0.156,1245,1224,88,20.58,12.0,1416,585,169,299,16,0.0374,"{""IC"": 1862, ""S"": 491, ""HSM"": 50, ""HDM"": 62, ""MV"": 4}","[5, 6, 7, 8, 11, 10, 9, 12, 16, 15]",0.1352
2020,10,7,3,224,16022,71.53,2,88,1940,0.1211,983,957,74,13.9,9.0,1438,311,111,80,8,0.0566,"{""S"": 274, ""IC"": 1454, ""PYO"": 82, ""HSM"": 25, ""HDM"": 77, ""MV"": 28}","[5, 7, 6, 8, 10, 9, 11, 15, 16, 12]",0.137
2020,10,8,4,220,15962,72.55,0,0,2507,0.1571,1260,1247,63,13.63,8.0,1849,402,209,47,19,0.0448,"{""IC"": 1942, ""S"": 374, ""PYO"": 47, ""HSM"": 79, ""HDM"": 65}","[5, 6, 7, 8, 9, 10, 11, 12, 17, 13]",0.1442
2020,10,9,5,233,17000,72.96,1,44,1673,0.0984,843,830,155,11.71,7.0,1421,175,54,23,5,0.0608,"{""IC"": 1364, ""S"": 210, ""PYO"": 34, ""HSM"": 27, ""HDM"": 38}","[5, 6, 7, 8, 9, 13, 12, 11, 10, 28]",0.1263
2020,10,10,6,199,13936,70.03,2,48,1432,0.1028,713,719,49,9.85,7.0,1228,160,44,0,8,0.0702,"{""S"": 152, ""IC"": 1068, ""PYO"": 71, ""HDM"": 105, ""MV"": 36}","[5, 6, 7, 8, 9, 11, 10, 13, 12, 22]",0.1319
2020,10,11,7,185,13542,73.2,0,16,1282,0.0947,635,647,77,13.7,7.0,1106,54,0,122,5,0.0609,"{""IC"": 1067, ""S"": 137, ""PYO"": 57, ""HDM"": 21}","[5, 6, 7, 8, 9, 10, 14, 11, 12, 15]",0.1219
2020,10,12,1,227,16032,70.63,1,24,2528,0.1577,1267,1261,84,16.11,8.0,1993,75,284,176,13,0.0417,"{""S"": 196, ""IC"": 2221, ""HSM"": 22, ""HDM"": 77, ""MV"": 12}","[5, 7, 8, 6, 9, 10, 11, 12, 13, 37]",0.1268
2020,10,13,2,221,15822,71.59,2,32,1448,0.0915,721,727,22,8.13,7.0,1348,100,0,0,3,0.0741,"{""IC"": 1131, ""S"": 261, ""HSM"": 1, ""HDM"": 54, ""MV"": 1}","[5, 6, 7, 8, 9, 10, 11, 12, 13, 16]",0.1176
2020,10,14,3,228,16230,71.18,6,116,2252,0.1388,1127,1125,67,17.22,10.0,1466,293,473,20,10,0.0428,"{""S"": 210, ""IC"": 1857, ""PYO"": 29, ""HSM"": 51, ""HDM"": 97, ""MV"": 8}","[5, 6, 7, 8, 9, 10, 12, 11, 13, 32]",0.1201
2020,10,15,4,226,16408,72.6,6,144,1517,0.0925,765,752,105,17.18,9.0,989,346,95,87,8,0.0579,"{""S"": 125, ""IC"": 1161, ""PYO"": 96, ""HSM"": 18, ""HDM"": 23, ""MV"": 94}","[5, 6, 7, 8, 16, 12, 9, 15, 13, 22]",0.1109
2020,10,16,5,233,17436,74.83,0,0,3237,0.1857,1617,1620,132,15.48,9.0,2359,503,208,167,13,0.0401,"{""IC"": 2395, ""S"": 675, ""PYO"": 50, ""HSM"": 26, ""HDM"": 91}","[5, 6, 7, 8, 10, 9, 11, 12, 14, 15]",0.1234
2020,10,17,6,193,14424,74.74,1,30,1745,0.121,874,871,80,10.22,7.0,1395,303,46,1,5,0.059,"{""IC"": 1417, ""S"": 116, ""PYO"": 124, ""HSM"": 38, ""HDM"": 18, ""P"": 1, ""V"": 31}","[5, 6, 7, 8, 20, 9, 10, 13, 19, 12]",0.126
2020,10,18,7,190,13450,70.79,9,464,2370,0.1762,1181,1189,34,9.67,8.0,2011,319,40,0,12,0.0427,"{""IC"": 1879, ""S"": 340, ""PYO"": 68, ""HSM"": 30, ""HDM"": 39, ""MV"": 14}","[5, 6, 7, 9, 8, 10, 11, 13, 14, 16]",0.1376
2020,10,19,1,225,15812,70.28,3,86,2634,0.1666,1327,1307,33,10.18,8.0,2129,490,15,0,12,0.047,"{""IC"": 2165, ""S"": 395, ""HSM"": 31, ""HDM"": 43}","[5, 6, 7, 8, 10, 9, 11, 12, 13, 14]",0.1389
2020,10,20,2,223,15974,71.63,2,60,2035,0.1274,1026,1009,122,15.25,8.0,1581,233,147,74,9,0.0537,"{""IC"": 1558, ""S"": 226, ""HSM"": 71, ""HDM"": 80, ""MV"": 100}","[5, 6, 7, 8, 9, 12, 11, 10, 13, 14]",0.144
2020,10,21,3,227,16250,71.59,5,158,2284,0.1406,1155,1129,46,9.59,7.0,1999,224,61,0,10,0.0575,"{""IC"": 1815, ""S"": 279, ""PYO"": 14, ""HSM"": 65, ""HDM"": 32, ""MV"": 79}","[5, 6, 7, 8, 9, 11, 10, 13, 12, 14]",0.1443
2020,10,22,4,224,16126,71.99,4,100,1756,0.1089,878,878,59,11.37,8.0,1341,333,82,0,9,0.058,"{""IC"": 1484, ""S"": 152, ""PYO"": 34, ""HSM"": 32, ""HDM"": 48, ""MV"": 6}","[5, 6, 7, 8, 9, 11, 14, 15, 10, 22]",0.1466
2020,10,23,5,242,17372,71.79,5,170,2181,0.1255,1088,1093,94,11.61,8.0,1605,513,37,26,13,0.0558,"{""IC"": 1533, ""S"": 448, ""PYO"": 42, ""HSM"": 13, ""HDM"": 53, ""MV"": 92}","[5, 6, 7, 8, 10, 9, 17, 11, 19, 18]",0.138
2020,10,24,6,197,13568,68.87,2,48,1544,0.1138,772,772,74,20.83,9.0,963,244,152,185,7,0.044,"{""IC"": 1096, ""S"": 225, ""PYO"": 153, ""HSM"": 33, ""HDM"": 37}","[6, 5, 8, 7, 9, 15, 60, 10, 58, 62]",0.137
2020,10,25,7,185,13110,70.86,0,0,1053,0.0803,526,527,86,19.08,10.0,692,172,117,72,6,0.0595,"{""IC"": 911, ""S"": 78, ""HSM"": 4, ""HDM"": 26, ""MV"": 34}","[5, 6, 7, 8, 11, 21, 13, 9, 10, 14]",0.1233
2020,10,26,1,224,15800,70.54,0,0,1484,0.0939,747,737,31,10.41,8.0,1151,323,10,0,10,0.0637,"{""S"": 92, ""IC"": 1357, ""HSM"": 14, ""HDM"": 19, ""MV"": 2}","[5, 6, 7, 9, 8, 11, 10, 15, 14, 12]",0.1129
2020,10,27,2,222,15800,71.17,0,0,1155,0.0731,579,576,87,14.63,7.0,944,83,31,97,14,0.0692,"{""IC"": 809, ""S"": 197, ""HSM"": 60, ""HDM"": 58, ""MV"": 31}","[5, 6, 8, 7, 9, 12, 13, 14, 11, 10]",0.1052
2020,10,28,3,223,16050,71.97,1,98,1505,0.0938,750,755,73,11.24,7.0,1283,151,9,62,13,0.069,"{""IC"": 1218, ""S"": 119, ""PYO"": 17, ""HSM"": 1, ""HDM"": 76, ""MV"": 74}","[5, 6, 7, 8, 9, 12, 10, 11, 13, 16]",0.0985
2020,10,29,4,222,15974,71.95,0,0,1480,0.0927,745,735,134,11.69,7.0,1192,243,19,26,4,0.0658,"{""IC"": 1170, ""S"": 169, ""PYO"": 70, ""HSM"": 25, ""HDM"": 46}","[5, 6, 7, 8, 9, 14, 10, 15, 11, 16]",0.0962
2020,10,30,5,233,17246,74.02,0,26,1958,0.1135,985,973,63,16.39,10.0,1169,479,282,28,15,0.0523,"{""IC"": 1543, ""S"": 196, ""PYO"": 11, ""HSM"": 37, ""HDM"": 105, ""MV"": 66}","[5, 6, 7, 9, 8, 17, 14, 28, 20, 10]",0.0944
2020,10,31,6,188,14210,75.59,0,0,1336,0.094,671,665,59,11.73,7.0,1066,128,142,0,6,0.0649,"{""S"": 153, ""IC"": 1076, ""PYO"": 14, ""HSM"": 1, ""HDM"": 56, ""MV"": 36}","[5, 6, 7, 9, 8, 10, 33, 58, 11, 31]",0.0916
2020,11,1,7,182,13102,71.99,0,0,1181,0.0901,594,587,24,8.2,7.0,1118,63,0,0,4,0.0798,"{""IC"": 1102, ""S"": 70, ""HSM"": 4, ""HDM"": 5}","[5, 6, 7, 8, 12, 10, 9, 11, 13, 15]",0.093
2020,11,2,1,228,15852,69.53,0,212,3361,0.212,1685,1676,205,25.34,10.0,2055,726,237,343,19,0.025,"{""IC"": 2738, ""S"": 423, ""HSM"": 125, ""HDM"": 60, ""MV"": 15}","[5, 6, 7, 8, 9, 11, 10, 16, 12, 18]",0.1099
2020,11,3,2,223,15814,70.91,0,26,1126,0.0712,570,556,37,10.07,7.0,891,199,36,0,8,0.0804,"{""IC"": 870, ""S"": 141, ""HSM"": 32, ""HDM"": 26, ""MV"": 57}","[5, 6, 7, 8, 9, 10, 16, 11, 15, 20]",0.1096
2020,11,4,3,224,16010,71.47,1,16,1281,0.08,639,642,46,9.99,7.0,1084,140,57,0,10,0.0818,"{""IC"": 936, ""S"": 171, ""PYO"": 33, ""HSM"": 49, ""HDM"": 86, ""MV"": 6}","[5, 6, 7, 11, 10, 9, 8, 12, 13, 19]",0.1076
2020,11,5,4,222,16070,72.39,0,0,782,0.0487,398,384,21,6.74,6.0,762,20,0,0,4,0.1102,"{""IC"": 627, ""S"": 112, ""PYO"": 9, ""HSM"": 2, ""HDM"": 28, ""MV"": 4}","[5, 6, 7, 8, 9, 11, 10, 15, 12, 14]",0.1014
2020,11,6,5,238,17160,72.1,0,0,2133,0.1243,1066,1067,167,22.56,11.0,1359,445,189,140,10,0.0398,"{""IC"": 1786, ""S"": 149, ""PYO"": 91, ""HSM"": 14, ""HDM"": 59, ""MV"": 34}","[5, 6, 7, 11, 12, 13, 9, 10, 8, 27]",0.1029
2020,11,7,6,200,13784,68.92,0,0,1134,0.0823,567,567,110,11.93,8.0,978,83,52,21,8,0.0719,"{""S"": 261, ""IC"": 801, ""PYO"": 31, ""HSM"": 10, ""MV"": 31}","[5, 7, 6, 8, 10, 9, 12, 13, 11, 37]",0.1012
2020,11,8,7,182,13138,72.19,0,2,1632,0.1242,817,815,42,10.0,8.0,1308,311,13,0,8,0.0636,"{""IC"": 1290, ""S"": 253, ""HSM"": 13, ""HDM"": 39, ""MV"": 37}","[5, 6, 7, 8, 9, 12, 13, 11, 16, 20]",0.1061
2020,11,9,1,226,15982,70.72,1,32,1102,0.069,565,537,43,9.83,6.0,1012,0,90,0,4,0.0858,"{""IC"": 957, ""S"": 97, ""HSM"": 1, ""HDM"": 31, ""MV"": 16}","[5, 6, 7, 9, 8, 11, 13, 10, 40, 12]",0.0857
2020,11,10,2,222,15880,71.53,3,74,1479,0.0931,740,739,112,15.71,8.0,1101,285,8,85,8,0.0568,"{""IC"": 1154, ""S"": 132, ""HSM"": 22, ""HDM"": 61, ""MV"": 110}","[5, 6, 7, 10, 9, 11, 8, 18, 19, 111]",0.0888
2020,11,11,3,223,16040,71.93,2,32,1370,0.0854,682,688,56,10.38,7.0,1211,71,88,0,5,0.0719,"{""IC"": 1089, ""S"": 191, ""PYO"": 39, ""HSM"": 39, ""HDM"": 1, ""MV"": 11}","[5, 6, 7, 8, 9, 10, 51, 14, 11, 15]",0.0896
2020,11,12,4,222,16032,72.22,0,26,1434,0.0894,724,710,57,10.03,8.0,1205,204,25,0,14,0.0824,"{""IC"": 1173, ""S"": 124, ""PYO"": 28, ""HSM"": 11, ""HDM"": 63, ""MV"": 35}","[5, 6, 7, 11, 8, 12, 14, 10, 16, 9]",0.0954
2020,11,13,5,235,17368,73.91,10,180,1388,0.0799,693,695,36,8.24,7.0,1274,109,5,0,6,0.0928,"{""IC"": 950, ""S"": 320, ""PYO"": 36, ""HSM"": 16, ""HDM"": 34, ""MV"": 32}","[5, 6, 7, 8, 11, 9, 10, 12, 14, 13]",0.089
2020,11,14,6,184,13972,75.93,0,0,509,0.0364,256,253,28,8.68,6.0,437,72,0,0,4,0.1243,"{""IC"": 377, ""S"": 90, ""PYO"": 37, ""HDM"": 5}","[5, 6, 7, 22, 8, 10, 9, 23, 12, 21]",0.0825
2020,11,15,7,161,12088,75.08,4,198,950,0.0786,473,477,83,15.8,10.0,659,160,84,47,3,0.0693,"{""IC"": 812, ""S"": 91, ""HSM"": 7, ""HDM"": 40}","[5, 6, 7, 10, 9, 8, 13, 11, 12, 16]",0.076
2020,11,16,1,224,15772,70.41,0,38,1529,0.0969,767,762,79,16.08,8.0,1120,193,95,121,11,0.0644,"{""IC"": 1213, ""S"": 229, ""HSM"": 6, ""HDM"": 52, ""MV"": 29}","[5, 6, 7, 8, 9, 11, 14, 10, 16, 13]",0.08
2020,11,17,2,221,15766,71.34,0,16,2059,0.1306,1025,1034,65,15.87,8.0,1467,226,316,50,16,0.0479,"{""IC"": 1614, ""S"": 276, ""HSM"": 120, ""HDM"": 20, ""MV"": 29}","[5, 6, 7, 8, 10, 14, 9, 11, 13, 53]",0.0853
2020,11,18,3,225,16050,71.33,16,232,1242,0.0774,625,617,75,14.77,7.0,944,112,130,56,4,0.0674,"{""IC"": 1124, ""S"": 35, ""PYO"": 30, ""HSM"": 24, ""HDM"": 29}","[5, 6, 7, 8, 9, 10, 18, 12, 48, 47]",0.0842
2020,11,19,4,224,16026,71.54,6,478,2488,0.1552,1248,1240,349,27.9,12.0,1382,315,429,362,14,0.0383,"{""IC"": 1888, ""S"": 393, ""PYO"": 20, ""HDM"": 146, ""MV"": 41}","[5, 6, 7, 8, 9, 10, 14, 13, 12, 11]",0.0936
2020,11,20,5,237,17178,72.48,6,272,2590,0.1508,1294,1296,57,15.1,9.0,1854,288,448,0,18,0.0415,"{""S"": 532, ""IC"": 1803, ""PYO"": 31, ""HSM"": 13, ""HDM"": 78, ""MUS"": 9, ""MV"": 124}","[5, 6, 7, 8, 12, 9, 10, 11, 13, 39]",0.1037
2020,11,21,6,195,13770,70.62,0,0,1465,0.1064,734,731,51,10.93,8.0,1111,337,17,0,11,0.0693,"{""IC"": 1082, ""S"": 230, ""PYO"": 4, ""HSM"": 78, ""HDM"": 38, ""MUS"": 33}","[5, 7, 6, 8, 9, 14, 11, 13, 10, 25]",0.1137
2020,11,22,7,184,13274,72.14,2,54,960,0.0723,482,478,50,8.63,7.0,837,120,3,0,11,0.0944,"{""IC"": 799, ""S"": 83, ""HSM"": 31, ""HDM"": 47}","[5, 6, 7, 8, 9, 10, 15, 14, 11, 22]",0.1128
2020,11,23,1,223,15842,71.04,0,0,1510,0.0953,764,746,125,14.67,9.0,1181,198,55,76,6,0.0601,"{""S"": 166, ""IC"": 1184, ""HSM"": 65, ""HDM"": 53, ""MV"": 42}","[5, 6, 8, 7, 9, 11, 10, 12, 13, 18]",0.1126
2020,11,24,2,219,15726,71.81,1,30,1729,0.1099,872,857,57,17.11,12.0,1009,376,344,0,11,0.0493,"{""IC"": 1413, ""S"": 167, ""HSM"": 93, ""HDM"": 56}","[5, 6, 7, 8, 13, 12, 9, 14, 11, 10]",0.1096
2020,11,25,3,226,16150,71.46,4,96,1535,0.095,777,758,36,9.82,8.0,1358,141,36,0,10,0.0792,"{""IC"": 1041, ""S"": 303, ""PYO"": 30, ""HSM"": 18, ""HDM"": 77, ""MV"": 66}","[5, 6, 7, 8, 11, 9, 10, 12, 13, 23]",0.1121
2020,11,26,4,225,16084,71.48,3,86,1215,0.0755,608,607,138,21.34,8.0,886,168,56,105,7,0.0632,"{""IC"": 1084, ""S"": 30, ""PYO"": 26, ""HSM"": 18, ""HDM"": 57}","[5, 6, 9, 7, 8, 10, 14, 13, 136, 11]",0.1007
2020,11,27,5,239,17306,72.41,1,44,2451,0.1416,1224,1227,90,15.55,10.0,1740,389,251,71,18,0.0494,"{""S"": 595, ""IC"": 1518, ""PYO"": 96, ""HSM"": 115, ""HDM"": 61, ""MUS"": 2, ""MV"": 62, ""V"": 2}","[5, 6, 7, 8, 11, 10, 9, 14, 15, 12]",0.0994
2020,11,28,6,191,14298,74.86,1,186,1595,0.1116,797,798,102,13.27,7.0,1358,136,0,101,8,0.0619,"{""IC"": 991, ""S"": 533, ""PYO"": 46, ""HSM"": 1, ""HDM"": 22, ""MV"": 2}","[5, 6, 7, 11, 8, 10, 9, 12, 13, 16]",0.1002
2020,11,29,7,182,13114,72.05,0,0,1038,0.0792,520,518,141,31.01,9.0,622,121,119,176,6,0.0477,"{""IC"": 750, ""S"": 235, ""HSM"": 1, ""HDM"": 33, ""MV"": 19}","[5, 6, 7, 8, 9, 34, 10, 128, 130, 13]",0.1012
2020,11,30,1,225,15884,70.6,1,86,1312,0.0826,664,648,126,9.36,7.0,1093,204,13,2,9,0.0893,"{""S"": 90, ""IC"": 1084, ""HSM"": 25, ""HDM"": 66, ""MV"": 47}","[5, 6, 7, 9, 8, 15, 10, 13, 11, 19]",0.0993
2020,12,1,2,222,15774,71.05,5,106,1242,0.0787,622,620,158,8.87,7.0,1129,108,1,4,8,0.0952,"{""IC"": 998, ""S"": 179, ""HSM"": 20, ""HDM"": 45}","[5, 6, 7, 8, 9, 12, 10, 14, 11, 13]",0.0949
2020,12,2,3,223,16020,71.84,3,76,1731,0.1081,865,866,41,12.59,10.0,1190,413,128,0,9,0.0687,"{""S"": 241, ""IC"": 1381, ""PYO"": 20, ""HSM"": 18, ""HDM"": 71}","[5, 6, 7, 11, 9, 14, 12, 8, 10, 17]",0.0968
2020,12,3,4,224,16234,72.47,1,122,1512,0.0931,754,758,140,17.4,10.0,1056,299,99,58,6,0.0605,"{""IC"": 1065, ""S"": 265, ""PYO"": 16, ""HSM"": 1, ""HDM"": 45, ""MV"": 120}","[5, 6, 7, 8, 10, 9, 13, 12, 140, 11]",0.0993
2020,12,4,5,238,17324,72.79,1,28,1870,0.1079,930,940,69,17.44,11.0,1142,383,310,35,15,0.0512,"{""IC"": 1516, ""S"": 179, ""PYO"": 93, ""HDM"": 76, ""MV"": 6}","[5, 6, 7, 8, 10, 9, 13, 12, 14, 11]",0.0945
2020,12,5,6,204,13756,67.43,0,0,1080,0.0785,541,539,56,12.71,7.0,836,123,121,0,5,0.0821,"{""S"": 222, ""IC"": 814, ""PYO"": 11, ""HDM"": 19, ""MV"": 2, ""V"": 12}","[5, 6, 7, 8, 9, 15, 10, 11, 23, 16]",0.0897
2020,12,6,7,188,13514,71.88,0,0,786,0.0582,393,393,45,10.85,8.0,585,155,46,0,10,0.1234,"{""IC"": 666, ""S"": 81, ""HDM"": 30, ""MV"": 9}","[5, 6, 15, 7, 11, 16, 10, 8, 9, 12]",0.0867
2020,12,7,1,223,16302,73.1,0,0,1703,0.1045,855,848,161,22.3,9.0,1254,287,7,155,6,0.0486,"{""IC"": 1351, ""S"": 314, ""HDM"": 29, ""MV"": 9}","[5, 6, 8, 7, 9, 10, 13, 11, 12, 16]",0.0899
2020,12,8,2,220,16242,73.83,1,26,1185,0.073,591,594,60,10.05,7.0,1088,35,50,12,9,0.0865,"{""S"": 244, ""IC"": 873, ""HSM"": 4, ""HDM"": 64}","[5, 6, 8, 7, 9, 10, 11, 13, 14, 12]",0.089
2020,12,9,3,224,16700,74.55,9,290,1608,0.0963,807,801,83,12.6,8.0,1184,319,82,23,8,0.071,"{""S"": 145, ""IC"": 1154, ""PYO"": 116, ""HSM"": 79, ""HDM"": 26, ""MV"": 88}","[5, 6, 7, 8, 9, 10, 13, 16, 15, 14]",0.0874
2020,12,10,4,224,16690,74.51,0,6,1021,0.0612,510,511,46,9.99,8.0,847,141,33,0,12,0.1019,"{""IC"": 694, ""S"": 160, ""PYO"": 29, ""HSM"": 32, ""HDM"": 66, ""MV"": 40}","[5, 6, 7, 8, 9, 10, 11, 12, 15, 16]",0.0828
2020,12,11,5,235,17296,73.6,2,24,1325,0.0766,660,665,71,11.43,7.0,1088,145,60,32,7,0.0862,"{""S"": 295, ""IC"": 858, ""PYO"": 45, ""HSM"": 29, ""HDM"": 67, ""MV"": 31}","[5, 6, 7, 8, 9, 10, 13, 12, 11, 14]",0.0783
2020,12,12,6,186,14368,77.25,0,0,781,0.0544,394,387,23,8.37,7.0,677,104,0,0,1,0.1115,"{""IC"": 588, ""S"": 118, ""PYO"": 59, ""HDM"": 15, ""MV"": 1}","[5, 6, 7, 8, 9, 10, 18, 11, 16, 20]",0.0749
2020,12,13,7,186,14056,75.57,0,0,823,0.0586,413,410,49,17.04,12.0,486,165,172,0,2,0.076,"{""IC"": 716, ""S"": 70, ""PYO"": 15, ""HSM"": 22}","[5, 6, 8, 13, 7, 10, 12, 9, 39, 42]",0.0749
2020,12,14,1,229,17212,75.16,5,210,1724,0.1002,863,861,105,14.88,9.0,1260,347,54,63,10,0.0637,"{""IC"": 1350, ""S"": 151, ""PYO"": 15, ""HSM"": 5, ""HDM"": 33, ""MV"": 170}","[5, 6, 7, 8, 9, 12, 10, 11, 13, 28]",0.0743
2020,12,15,2,228,17178,75.34,7,172,1993,0.116,993,1000,41,10.54,9.0,1600,369,24,0,14,0.0669,"{""S"": 282, ""IC"": 1532, ""PYO"": 41, ""HSM"": 1, ""HDM"": 123, ""MV"": 14}","[5, 6, 7, 8, 9, 10, 11, 12, 14, 13]",0.0805
2020,12,16,3,227,17300,76.21,3,54,1249,0.0722,623,626,54,10.13,7.0,1012,192,45,0,10,0.0837,"{""IC"": 930, ""S"": 109, ""PYO"": 101, ""HSM"": 8, ""HDM"": 35, ""MV"": 66}","[5, 6, 7, 8, 9, 10, 11, 12, 15, 19]",0.077
2020,12,17,4,224,17560,78.39,4,200,1768,0.1007,882,886,100,15.23,9.0,1183,338,221,26,10,0.0589,"{""IC"": 1384, ""S"": 138, ""PYO"": 145, ""HDM"": 56, ""MV"": 45}","[5, 6, 7, 8, 9, 10, 11, 18, 12, 19]",0.0827
2020,12,18,5,238,18404,77.33,1,28,2273,0.1235,1136,1137,82,17.27,9.0,1542,383,164,184,14,0.0485,"{""IC"": 1672, ""S"": 269, ""PYO"": 178, ""HSM"": 5, ""HDM"": 83, ""MV"": 66}","[5, 6, 7, 9, 8, 10, 13, 11, 12, 18]",0.0894
2020,12,19,6,192,15178,79.05,2,30,708,0.0466,348,360,33,11.99,8.0,502,185,21,0,7,0.1247,"{""IC"": 544, ""S"": 86, ""PYO"": 58, ""HDM"": 20}","[5, 6, 7, 8, 9, 13, 14, 28, 27, 21]",0.0883
2020,12,20,7,190,14818,77.99,2,176,1285,0.0867,637,648,44,9.65,7.0,1074,171,40,0,10,0.0879,"{""IC"": 1025, ""S"": 89, ""PYO"": 123, ""HSM"": 23, ""HDM"": 25}","[5, 6, 7, 8, 9, 10, 11, 18, 17, 19]",0.0923
2020,12,21,1,224,17458,77.94,1,30,1077,0.0617,536,541,51,13.09,9.0,817,143,117,0,6,0.0894,"{""IC"": 702, ""S"": 91, ""PYO"": 214, ""HSM"": 12, ""HDM"": 51, ""MV"": 7}","[5, 6, 10, 7, 8, 11, 13, 9, 12, 15]",0.0868
2020,12,22,2,225,17612,78.28,4,158,1494,0.0848,739,755,64,11.49,10.0,1139,328,26,1,12,0.0852,"{""IC"": 901, ""S"": 323, ""PYO"": 135, ""HSM"": 22, ""HDM"": 25, ""MV"": 88}","[5, 7, 6, 8, 10, 9, 13, 14, 11, 12]",0.0823
2020,12,23,3,233,18070,77.55,1,20,1068,0.0591,527,541,28,7.23,6.0,1036,32,0,0,6,0.1088,"{""IC"": 754, ""S"": 117, ""PYO"": 133, ""HSM"": 18, ""HDM"": 46}","[5, 6, 7, 8, 9, 12, 10, 11, 15, 14]",0.0804
2020,12,24,4,99,7158,72.3,1,36,413,0.0577,203,210,26,11.01,9.0,330,83,0,0,5,0.0979,"{""S"": 156, ""IC"": 187, ""HDM"": 70}","[5, 10, 9, 7, 8, 6, 23, 14, 13, 15]",0.0743
2020,12,25,5,145,11808,81.43,1,90,689,0.0584,346,343,47,10.28,7.0,603,56,30,0,6,0.12,"{""IC"": 473, ""S"": 4, ""PYO"": 126, ""HSM"": 1, ""HDM"": 2, ""MV"": 83}","[5, 6, 7, 9, 8, 10, 12, 11, 46, 26]",0.065
2020,12,26,6,172,13766,80.03,6,380,1151,0.0836,570,581,140,19.35,9.0,763,179,124,85,6,0.0598,"{""IC"": 778, ""S"": 54, ""PYO"": 208, ""HDM"": 23, ""MV"": 88}","[5, 6, 7, 8, 9, 10, 34, 37, 13, 12]",0.0703
2020,12,27,7,188,14778,78.61,1,20,1154,0.0781,576,578,112,19.62,10.0,705,209,159,81,6,0.0597,"{""IC"": 609, ""S"": 254, ""PYO"": 272, ""HDM"": 14, ""MV"": 5}","[5, 6, 7, 8, 15, 14, 10, 12, 13, 11]",0.0691
2020,12,28,1,229,17584,76.79,4,68,1156,0.0657,571,585,73,16.1,8.0,770,258,16,112,6,0.077,"{""IC"": 857, ""S"": 95, ""PYO"": 181, ""HDM"": 20, ""MV"": 3}","[5, 6, 7, 8, 10, 9, 15, 11, 17, 20]",0.0696
2020,12,29,2,226,17750,78.54,3,198,1243,0.07,619,624,133,15.25,9.0,939,166,101,37,6,0.0736,"{""IC"": 891, ""S"": 75, ""PYO"": 266, ""HDM"": 7, ""MV"": 4}","[5, 6, 7, 8, 14, 11, 13, 10, 12, 9]",0.0675
2020,12,30,3,228,17654,77.43,4,244,1458,0.0826,727,731,66,12.25,8.0,1082,302,50,24,10,0.0784,"{""IC"": 1094, ""S"": 125, ""PYO"": 180, ""HSM"": 1, ""HDM"": 54, ""MV"": 4}","[5, 6, 7, 8, 10, 18, 14, 9, 12, 11]",0.0709
2020,12,31,4,222,16910,76.17,1,48,1489,0.0881,747,742,60,16.63,12.0,842,352,292,3,7,0.0624,"{""S"": 181, ""IC"": 1215, ""PYO"": 40, ""HSM"": 1, ""HDM"": 52}","[5, 6, 7, 8, 14, 15, 16, 10, 17, 9]",0.0752
2021,1,1,5,203,16364,80.61,0,0,1304,0.0797,650,654,53,12.04,9.0,952,301,51,0,10,0.0754,"{""S"": 89, ""IC"": 951, ""PYO"": 119, ""HSM"": 31, ""HDM"": 42, ""MV"": 72}","[5, 6, 8, 7, 9, 10, 11, 13, 17, 23]",0.0783
2021,1,2,6,192,15254,79.45,1,86,1588,0.1041,790,798,67,11.68,9.0,1290,187,108,3,6,0.0673,"{""S"": 90, ""IC"": 1215, ""PYO"": 217, ""HSM"": 14, ""HDM"": 7, ""MV"": 45}","[5, 6, 7, 10, 9, 8, 11, 13, 12, 14]",0.0812
2021,1,3,7,185,14536,78.57,0,0,1997,0.1374,991,1006,91,19.03,8.0,1438,179,170,210,7,0.0371,"{""IC"": 1475, ""S"": 160, ""PYO"": 329, ""HSM"": 17, ""HDM"": 16}","[5, 6, 7, 10, 8, 9, 11, 12, 13, 14]",0.0897
2021,1,4,1,228,17748,77.84,1,252,4674,0.2634,2335,2339,83,18.53,13.0,2583,1366,544,181,28,0.0256,"{""IC"": 3134, ""S"": 687, ""PYO"": 440, ""HSM"": 16, ""HDM"": 121, ""MV"": 276}","[5, 6, 9, 7, 11, 8, 14, 13, 12, 10]",0.1179
2021,1,5,2,226,17708,78.35,0,48,1651,0.0932,826,825,61,11.53,7.0,1241,306,100,4,12,0.072,"{""IC"": 1195, ""S"": 212, ""PYO"": 128, ""HSM"": 16, ""HDM"": 51, ""MV"": 49}","[5, 6, 7, 8, 9, 15, 10, 17, 16, 11]",0.1212
2021,1,6,3,196,16124,82.27,2,84,2613,0.1621,1307,1306,241,31.25,9.0,1851,291,158,313,11,0.0223,"{""IC"": 1902, ""S"": 232, ""PYO"": 395, ""HSM"": 4, ""HDM"": 33, ""MV"": 47}","[5, 7, 9, 6, 8, 10, 11, 12, 15, 13]",0.1326
2021,1,7,4,223,16992,76.2,0,0,1863,0.1096,940,923,122,15.88,9.0,1290,287,262,24,8,0.051,"{""IC"": 1557, ""S"": 64, ""PYO"": 158, ""HDM"": 38, ""MV"": 46}","[5, 6, 7, 8, 9, 10, 11, 17, 15, 14]",0.1356
2021,1,8,5,234,17832,76.21,0,0,1031,0.0578,515,516,28,9.74,8.0,826,205,0,0,8,0.0907,"{""IC"": 783, ""S"": 34, ""PYO"": 83, ""HSM"": 22, ""HDM"": 88, ""MV"": 21}","[5, 6, 7, 8, 9, 10, 20, 11, 17, 15]",0.1325
2021,1,9,6,191,14658,76.74,3,56,1477,0.1008,740,737,62,17.26,12.0,841,397,222,17,10,0.0567,"{""S"": 127, ""IC"": 1044, ""PYO"": 172, ""HSM"": 18, ""HDM"": 95, ""MV"": 21}","[5, 6, 7, 8, 10, 9, 15, 28, 19, 12]",0.132
2021,1,10,7,186,14260,76.67,0,16,1722,0.1208,861,861,45,11.15,9.0,1288,411,23,0,10,0.0545,"{""IC"": 1370, ""S"": 192, ""PYO"": 56, ""HDM"": 93, ""MV"": 11}","[5, 6, 7, 8, 9, 12, 10, 11, 21, 13]",0.1297
2021,1,11,1,205,15286,74.57,3,466,2503,0.1637,1254,1249,112,25.99,11.0,1478,228,391,406,12,0.028,"{""IC"": 1859, ""S"": 531, ""PYO"": 40, ""HSM"": 18, ""HDM"": 41, ""MV"": 14}","[5, 6, 7, 8, 10, 9, 14, 11, 13, 12]",0.1154
2021,1,12,2,201,14446,71.87,3,322,5719,0.3959,2869,2850,251,22.14,13.0,3211,1649,455,404,47,0.0224,"{""IC"": 4004, ""S"": 849, ""PYO"": 347, ""HSM"": 226, ""HDM"": 70, ""MV"": 223}","[6, 8, 9, 5, 7, 10, 11, 13, 14, 12]",0.1587
2021,1,13,3,204,14482,70.99,7,360,5658,0.3907,2837,2821,165,18.51,11.0,3592,1022,745,299,45,0.0247,"{""IC"": 4133, ""S"": 882, ""PYO"": 45, ""HSM"": 194, ""HDM"": 202, ""MV"": 202}","[6, 5, 7, 8, 9, 10, 11, 13, 12, 14]",0.1913
2021,1,14,4,199,14484,72.78,11,496,6781,0.4682,3397,3384,129,25.16,16.0,3125,1779,1268,609,43,0.0205,"{""IC"": 4762, ""S"": 1243, ""PYO"": 287, ""HSM"": 199, ""HDM"": 196, ""MV"": 94}","[5, 8, 7, 6, 9, 10, 11, 12, 13, 16]",0.2426
2021,1,15,5,235,17348,73.82,37,1232,10345,0.5963,5194,5151,199,26.78,18.0,4288,3044,2112,901,68,0.0152,"{""IC"": 7826, ""S"": 1737, ""PYO"": 256, ""HSM"": 125, ""HDM"": 261, ""MV"": 140}","[5, 6, 7, 12, 11, 10, 9, 8, 13, 14]",0.3195
2021,1,16,6,176,13984,79.45,16,490,4433,0.317,2223,2210,172,26.03,12.0,2600,586,840,407,19,0.0158,"{""IC"": 3001, ""S"": 982, ""PYO"": 279, ""HSM"": 113, ""HDM"": 50, ""MV"": 8}","[5, 6, 7, 9, 8, 11, 10, 13, 12, 14]",0.3504
2021,1,17,7,185,13914,75.21,17,452,3794,0.2727,1906,1888,118,15.96,11.0,2391,958,344,101,16,0.0278,"{""IC"": 2865, ""S"": 331, ""PYO"": 212, ""HSM"": 84, ""HDM"": 20, ""MV"": 282}","[5, 6, 7, 8, 9, 13, 12, 10, 15, 11]",0.3721
2021,1,18,1,214,15694,73.34,27,1794,3219,0.2051,1620,1599,41,12.54,9.0,2318,644,257,0,18,0.0337,"{""IC"": 2345, ""S"": 681, ""PYO"": 115, ""HSM"": 28, ""HDM"": 50}","[6, 5, 7, 8, 9, 10, 12, 11, 15, 14]",0.378
2021,1,19,2,203,14218,70.04,17,618,1845,0.1298,926,919,49,11.71,10.0,1336,448,61,0,15,0.0553,"{""IC"": 1553, ""S"": 152, ""PYO"": 21, ""HSM"": 34, ""HDM"": 28, ""MV"": 57}","[5, 6, 11, 7, 8, 9, 10, 15, 17, 14]",0.34
2021,1,20,3,202,14052,69.56,9,300,2294,0.1633,1151,1143,49,14.45,10.0,1557,399,338,0,11,0.044,"{""IC"": 1556, ""S"": 491, ""PYO"": 52, ""HSM"": 18, ""HDM"": 50, ""MV"": 127}","[5, 6, 8, 9, 7, 10, 14, 11, 13, 15]",0.3075
2021,1,21,4,199,14080,70.75,0,118,3114,0.2212,1562,1552,99,17.62,11.0,2024,476,500,114,15,0.0343,"{""IC"": 2409, ""S"": 369, ""PYO"": 69, ""HSM"": 76, ""HDM"": 120, ""V"": 71}","[5, 8, 6, 7, 9, 12, 10, 11, 15, 13]",0.2722
2021,1,22,5,228,16762,73.52,0,38,4045,0.2413,2024,2021,79,21.73,15.0,1958,932,995,160,23,0.0244,"{""IC"": 3360, ""S"": 367, ""PYO"": 99, ""HSM"": 89, ""HDM"": 90, ""MV"": 2, ""V"": 38}","[5, 6, 7, 8, 9, 10, 11, 12, 14, 13]",0.2215
2021,1,23,6,183,14090,76.99,0,16,1869,0.1326,939,930,50,15.34,11.0,1133,507,229,0,15,0.0464,"{""IC"": 1387, ""S"": 209, ""PYO"": 137, ""HSM"": 81, ""HDM"": 15, ""MUS"": 7, ""MV"": 33}","[5, 9, 6, 7, 10, 11, 8, 16, 13, 22]",0.1951
2021,1,24,7,181,13532,74.76,0,16,1657,0.1225,828,829,247,27.8,11.0,1024,417,55,161,10,0.0324,"{""IC"": 1390, ""S"": 148, ""PYO"": 90, ""HSM"": 1, ""HDM"": 28}","[5, 7, 6, 8, 15, 14, 13, 16, 19, 10]",0.1737
2021,1,25,1,218,16020,73.49,27,1914,1142,0.0713,573,569,124,21.43,10.0,628,275,173,66,7,0.0618,"{""IC"": 767, ""S"": 152, ""PYO"": 12, ""HSM"": 18, ""HDM"": 2, ""MV"": 191}","[5, 6, 7, 8, 10, 17, 26, 51, 25, 9]",0.1546
2021,1,26,2,199,13892,69.81,13,352,2778,0.2,1386,1392,189,21.22,10.0,1872,437,307,162,28,0.0302,"{""IC"": 2049, ""S"": 511, ""PYO"": 60, ""HSM"": 73, ""HDM"": 32, ""MV"": 53}","[5, 10, 9, 6, 8, 7, 11, 12, 13, 15]",0.1646
2021,1,27,3,202,13960,69.11,5,272,1908,0.1367,955,953,311,22.7,10.0,1187,327,239,155,16,0.0436,"{""IC"": 1535, ""S"": 178, ""PYO"": 20, ""HSM"": 1, ""HDM"": 94, ""MV"": 80}","[5, 6, 8, 7, 9, 10, 13, 28, 30, 12]",0.1608
2021,1,28,4,200,14166,70.83,1,322,2861,0.202,1424,1437,363,27.65,11.0,1691,659,132,379,17,0.0294,"{""IC"": 2139, ""S"": 390, ""PYO"": 78, ""HSM"": 113, ""HDM"": 53, ""MV"": 88}","[5, 6, 7, 10, 9, 8, 11, 14, 13, 16]",0.1581
2021,1,29,5,234,16886,72.16,18,1444,8423,0.4988,4215,4208,307,42.82,27.0,2388,2259,1486,2290,59,0.0164,"{""IC"": 6497, ""S"": 1291, ""PYO"": 234, ""HSM"": 40, ""HDM"": 234, ""MV"": 127}","[5, 6, 7, 8, 9, 17, 11, 16, 28, 18]",0.1948
2021,1,30,6,191,14596,76.42,13,398,4760,0.3261,2374,2386,179,27.44,11.0,2888,979,263,630,26,0.0165,"{""IC"": 3439, ""S"": 718, ""PYO"": 277, ""HSM"": 2, ""HDM"": 105, ""MV"": 219}","[5, 6, 8, 7, 9, 10, 12, 11, 14, 13]",0.2225
2021,1,31,7,191,13754,72.01,4,264,3457,0.2513,1731,1726,99,16.16,9.0,2379,696,204,178,18,0.0262,"{""IC"": 2516, ""S"": 522, ""PYO"": 222, ""HDM"": 109, ""MV"": 88}","[5, 6, 7, 10, 8, 9, 11, 17, 13, 29]",0.2409
2021,2,1,1,220,15838,71.99,25,1876,4057,0.2562,2037,2020,97,19.56,12.0,2317,1043,441,256,29,0.0296,"{""IC"": 3065, ""S"": 563, ""PYO"": 119, ""HSM"": 59, ""HDM"": 165, ""MV"": 86}","[6, 5, 7, 8, 10, 11, 9, 12, 14, 29]",0.2673
2021,2,2,2,201,13850,68.91,7,286,2688,0.1941,1350,1338,226,21.18,11.0,1605,514,485,84,16,0.04,"{""IC"": 1769, ""S"": 395, ""PYO"": 164, ""HSM"": 108, ""HDM"": 117, ""MV"": 135}","[5, 6, 9, 7, 8, 10, 11, 15, 14, 13]",0.2665
2021,2,3,3,198,13758,69.48,10,264,3257,0.2367,1638,1619,89,14.3,9.0,2230,632,359,36,15,0.0322,"{""IC"": 2565, ""S"": 336, ""PYO"": 191, ""HSM"": 30, ""HDM"": 135}","[5, 6, 7, 9, 8, 10, 15, 16, 11, 12]",0.2807
2021,2,4,4,206,14272,69.28,3,144,4493,0.3148,2262,2231,80,16.76,12.0,2553,1344,503,93,23,0.0248,"{""IC"": 3250, ""S"": 657, ""PYO"": 144, ""HSM"": 126, ""HDM"": 122, ""MV"": 194}","[5, 6, 7, 8, 9, 11, 10, 18, 12, 14]",0.2969
2021,2,5,5,231,17012,73.65,10,334,4815,0.283,2406,2409,155,14.14,9.0,3357,919,479,60,23,0.0283,"{""IC"": 3548, ""S"": 690, ""PYO"": 330, ""HSM"": 45, ""HDM"": 75, ""MV"": 127}","[5, 6, 7, 8, 9, 11, 12, 10, 13, 17]",0.266
2021,2,6,6,182,14360,78.9,7,130,2277,0.1586,1142,1135,47,11.72,10.0,1740,506,31,0,6,0.0468,"{""IC"": 1480, ""S"": 489, ""PYO"": 200, ""HSM"": 9, ""HDM"": 60, ""MV"": 39}","[5, 6, 12, 9, 8, 11, 7, 10, 14, 13]",0.2421
2021,2,7,7,190,13622,71.69,2,34,1459,0.1071,721,738,86,11.98,7.0,1227,99,100,33,13,0.0598,"{""IC"": 905, ""S"": 248, ""PYO"": 134, ""HSM"": 18, ""HDM"": 62, ""MV"": 92}","[5, 6, 7, 8, 9, 10, 11, 12, 13, 14]",0.2215
2021,2,8,1,217,15548,71.65,15,1464,1989,0.1279,1000,989,47,13.94,11.0,1267,590,132,0,9,0.0519,"{""IC"": 1503, ""S"": 202, ""PYO"": 49, ""HSM"": 8, ""HDM"": 127, ""MV"": 100}","[5, 6, 7, 8, 9, 10, 16, 15, 14, 11]",0.2032
2021,2,9,2,205,13778,67.21,18,408,1970,0.143,992,978,112,15.77,9.0,1351,305,279,35,7,0.0445,"{""IC"": 1685, ""S"": 108, ""PYO"": 19, ""HSM"": 31, ""HDM"": 57, ""MV"": 70}","[5, 7, 6, 8, 9, 12, 10, 13, 11, 31]",0.1959
2021,2,10,3,204,13624,66.78,8,194,2436,0.1788,1221,1215,63,11.74,9.0,1764,597,72,3,18,0.0428,"{""IC"": 1745, ""S"": 348, ""PYO"": 133, ""HSM"": 67, ""HDM"": 100, ""MV"": 43}","[5, 7, 6, 8, 9, 10, 19, 13, 18, 14]",0.1876
2021,2,11,4,201,13756,68.44,5,60,2639,0.1918,1324,1315,91,16.3,11.0,1670,723,135,111,23,0.0338,"{""IC"": 2101, ""S"": 292, ""PYO"": 51, ""HSM"": 26, ""HDM"": 137, ""MV"": 32}","[5, 7, 8, 6, 9, 11, 10, 12, 18, 13]",0.17
2021,2,12,5,231,16876,73.06,8,230,4250,0.2518,2118,2132,106,18.38,10.0,2730,699,611,210,28,0.0226,"{""IC"": 3022, ""S"": 472, ""PYO"": 455, ""HSM"": 50, ""HDM"": 162, ""MV"": 88, ""V"": 1}","[5, 6, 7, 8, 10, 9, 11, 13, 12, 14]",0.1656
2021,2,13,6,184,14540,79.02,11,226,1883,0.1295,939,944,110,18.46,11.0,1134,417,235,97,9,0.0433,"{""IC"": 1599, ""S"": 131, ""PYO"": 130, ""HDM"": 23}","[5, 6, 7, 9, 8, 10, 12, 11, 21, 13]",0.1614
2021,2,14,7,191,13720,71.83,2,322,1357,0.0989,680,677,87,16.98,13.0,756,401,166,34,9,0.0552,"{""S"": 90, ""IC"": 1023, ""PYO"": 178, ""HDM"": 22, ""MV"": 44}","[5, 6, 7, 9, 13, 25, 31, 10, 14, 8]",0.1602
2021,2,15,1,203,14106,69.49,14,252,1437,0.1019,721,716,61,10.49,8.0,1178,201,57,1,7,0.07,"{""S"": 153, ""IC"": 1118, ""PYO"": 61, ""HSM"": 18, ""HDM"": 46, ""MV"": 41}","[5, 6, 7, 10, 11, 8, 9, 15, 14, 12]",0.1565
2021,2,16,2,198,13502,68.19,8,182,1757,0.1301,879,878,180,32.57,11.0,1001,74,398,284,9,0.0322,"{""IC"": 1300, ""S"": 177, ""PYO"": 250, ""HDM"": 30}","[5, 6, 7, 8, 9, 10, 11, 47, 12, 39]",0.1547
2021,2,17,3,204,13996,68.61,3,78,1906,0.1362,958,948,64,18.09,12.0,1200,308,362,36,16,0.041,"{""IC"": 1393, ""S"": 196, ""PYO"": 185, ""HSM"": 36, ""HDM"": 90, ""MV"": 6}","[5, 6, 7, 8, 12, 13, 10, 11, 14, 15]",0.1486
2021,2,18,4,201,13952,69.41,8,192,2091,0.1499,1048,1043,63,13.18,8.0,1763,126,133,69,12,0.0483,"{""IC"": 1598, ""S"": 194, ""PYO"": 173, ""HSM"": 21, ""HDM"": 105}","[5, 6, 7, 8, 9, 10, 11, 12, 14, 13]",0.1426
2021,2,19,5,228,16754,73.48,2,38,3922,0.2341,1961,1961,151,18.6,10.0,2661,705,214,342,15,0.024,"{""IC"": 3023, ""S"": 311, ""PYO"": 489, ""HSM"": 19, ""HDM"": 80}","[5, 6, 7, 8, 10, 11, 9, 12, 14, 13]",0.1401
2021,2,20,6,181,14472,79.96,4,76,3140,0.217,1581,1559,206,23.26,12.0,1867,817,214,242,17,0.0236,"{""IC"": 2146, ""S"": 488, ""PYO"": 354, ""HSM"": 23, ""HDM"": 129}","[5, 6, 7, 8, 10, 14, 17, 11, 9, 15]",0.1526
2021,2,21,7,191,13924,72.9,7,342,5160,0.3706,2578,2582,143,23.57,15.0,2537,1531,716,376,38,0.0167,"{""IC"": 3994, ""S"": 364, ""PYO"": 377, ""HSM"": 132, ""HDM"": 184, ""MV"": 109}","[5, 6, 7, 11, 10, 12, 8, 9, 14, 16]",0.1914
2021,2,22,1,207,14580,70.43,15,402,7298,0.5005,3656,3642,186,27.61,19.5,2899,1851,1912,636,50,0.0172,"{""IC"": 5334, ""S"": 1221, ""PYO"": 288, ""HSM"": 239, ""HDM"": 160, ""MV"": 56}","[6, 5, 7, 8, 9, 11, 14, 12, 10, 20]",0.2483
2021,2,23,2,201,13872,69.01,16,372,6536,0.4712,3281,3255,320,28.51,16.0,2882,1869,1208,577,34,0.0151,"{""IC"": 4947, ""S"": 852, ""PYO"": 333, ""HSM"": 190, ""HDM"": 166, ""MV"": 48}","[5, 6, 9, 7, 15, 11, 10, 13, 14, 12]",0.2971
2021,2,24,3,204,14158,69.4,6,270,4025,0.2843,2026,1999,125,20.89,13.0,2261,809,753,202,35,0.028,"{""IC"": 2941, ""S"": 552, ""PYO"": 122, ""HSM"": 253, ""HDM"": 151, ""MV"": 6}","[5, 8, 6, 7, 10, 12, 9, 11, 14, 13]",0.3182
2021,2,25,4,205,14510,70.78,5,100,2028,0.1398,1017,1011,64,13.76,11.0,1260,649,103,16,25,0.0502,"{""IC"": 1417, ""S"": 117, ""PYO"": 238, ""HSM"": 147, ""HDM"": 80, ""MV"": 29}","[5, 6, 7, 9, 8, 15, 16, 10, 17, 11]",0.3168
2021,2,26,5,232,16940,73.02,0,20,3160,0.1865,1588,1572,59,13.56,10.0,2198,752,210,0,11,0.0417,"{""IC"": 2610, ""S"": 153, ""PYO"": 196, ""HDM"": 105, ""MV"": 96}","[5, 6, 9, 7, 8, 10, 11, 13, 12, 14]",0.31
2021,2,27,6,188,14612,77.72,1,14,1546,0.1058,771,775,150,15.24,10.0,1083,380,33,50,10,0.0694,"{""IC"": 1198, ""S"": 127, ""PYO"": 139, ""HDM"": 52, ""MV"": 30}","[5, 6, 15, 7, 11, 10, 16, 14, 13, 8]",0.2941
2021,2,28,7,187,13730,73.42,0,0,1520,0.1107,761,759,46,15.78,10.0,974,279,267,0,9,0.0581,"{""IC"": 1222, ""S"": 61, ""PYO"": 148, ""HDM"": 89}","[7, 5, 6, 8, 10, 9, 11, 12, 17, 14]",0.257
2021,3,1,1,212,14812,69.87,7,108,1446,0.0976,725,721,66,15.58,10.0,970,295,120,61,12,0.0643,"{""IC"": 1063, ""S"": 153, ""PYO"": 95, ""HDM"": 66, ""MV"": 69}","[5, 6, 7, 9, 8, 12, 10, 11, 14, 23]",0.1994
2021,3,2,2,201,14078,70.04,0,0,1455,0.1034,730,725,60,14.88,9.0,999,199,252,5,7,0.0553,"{""IC"": 1115, ""S"": 228, ""PYO"": 6, ""HDM"": 57, ""MV"": 49}","[5, 6, 7, 8, 9, 10, 11, 14, 17, 13]",0.1469
2021,3,3,3,206,14402,69.91,2,138,1902,0.1321,962,940,93,12.55,8.0,1552,227,49,74,13,0.0609,"{""IC"": 1291, ""S"": 143, ""PYO"": 174, ""HSM"": 48, ""HDM"": 88, ""MV"": 158}","[5, 6, 7, 8, 9, 14, 10, 13, 15, 11]",0.1251
2021,3,4,4,202,14476,71.66,1,156,1060,0.0732,527,533,46,13.24,10.0,716,302,42,0,9,0.0884,"{""IC"": 709, ""S"": 168, ""PYO"": 29, ""HDM"": 154}","[5, 7, 8, 9, 6, 10, 11, 23, 13, 24]",0.1156
2021,3,5,5,236,17572,74.46,4,280,1311,0.0746,655,656,228,43.64,8.0,914,93,74,230,6,0.0366,"{""IC"": 1012, ""S"": 52, ""PYO"": 77, ""HSM"": 1, ""HDM"": 104, ""MV"": 65}","[5, 6, 7, 220, 8, 9, 10, 228, 11, 14]",0.0996
2021,3,6,6,184,14498,78.79,0,14,1517,0.1046,761,756,66,11.0,8.0,1222,270,17,8,12,0.0788,"{""IC"": 1235, ""S"": 103, ""PYO"": 76, ""HSM"": 1, ""HDM"": 90, ""MV"": 12}","[5, 6, 7, 8, 9, 14, 10, 11, 12, 13]",0.0995
2021,3,7,7,188,13802,73.41,0,0,1926,0.1395,966,960,86,14.51,8.0,1368,322,206,30,14,0.0503,"{""IC"": 1474, ""S"": 123, ""PYO"": 168, ""HSM"": 23, ""HDM"": 66, ""MV"": 72}","[5, 6, 8, 7, 9, 10, 11, 16, 13, 18]",0.1036
2021,3,8,1,219,15986,73.0,18,1534,1564,0.0978,782,782,57,11.93,9.0,1228,206,130,0,14,0.0663,"{""S"": 324, ""IC"": 1026, ""PYO"": 66, ""HDM"": 109, ""MV"": 39}","[5, 6, 7, 8, 9, 10, 12, 13, 14, 11]",0.1036
2021,3,9,2,204,13874,68.01,3,66,1712,0.1234,855,857,124,22.86,11.0,1013,265,306,128,12,0.0376,"{""IC"": 1007, ""S"": 290, ""PYO"": 171, ""HSM"": 3, ""HDM"": 103, ""MV"": 138}","[5, 6, 7, 8, 9, 10, 11, 14, 18, 15]",0.1065
2021,3,10,3,201,13966,69.48,9,192,1723,0.1234,864,859,129,22.85,13.0,972,416,198,137,11,0.0406,"{""IC"": 1274, ""S"": 172, ""PYO"": 126, ""HSM"": 30, ""HDM"": 74, ""MV"": 47}","[5, 6, 13, 10, 7, 9, 8, 18, 14, 25]",0.1052
2021,3,11,4,201,14274,71.01,6,104,998,0.0699,502,496,175,16.23,8.0,792,76,42,88,6,0.0784,"{""IC"": 617, ""S"": 55, ""PYO"": 73, ""HSM"": 1, ""HDM"": 76, ""MV"": 176}","[5, 6, 7, 13, 8, 12, 9, 61, 11, 10]",0.1047
2021,3,12,5,231,17172,74.34,5,128,2505,0.1459,1252,1253,83,14.58,9.0,1780,486,138,101,11,0.0435,"{""IC"": 1746, ""S"": 381, ""PYO"": 316, ""HSM"": 12, ""HDM"": 50}","[5, 7, 6, 8, 9, 10, 12, 11, 16, 18]",0.1149
2021,3,13,6,190,14626,76.98,4,258,2361,0.1614,1182,1179,112,21.2,14.0,1266,669,233,193,18,0.034,"{""S"": 278, ""IC"": 1796, ""PYO"": 180, ""HSM"": 12, ""HDM"": 53, ""MV"": 42}","[5, 9, 6, 7, 15, 10, 14, 11, 8, 12]",0.123
2021,3,14,7,189,13812,73.08,12,272,1213,0.0878,606,607,80,18.86,16.0,557,452,173,31,9,0.0598,"{""IC"": 989, ""S"": 54, ""PYO"": 53, ""HSM"": 51, ""HDM"": 37, ""MV"": 29}","[5, 6, 7, 10, 16, 26, 9, 8, 27, 17]",0.1157
2021,3,15,1,202,14310,70.84,15,314,961,0.0672,481,480,63,11.25,7.0,772,135,44,10,12,0.1011,"{""IC"": 550, ""S"": 99, ""PYO"": 200, ""HSM"": 75, ""HDM"": 23, ""MV"": 14}","[5, 6, 7, 8, 9, 10, 11, 14, 20, 12]",0.1113
2021,3,16,2,199,13522,67.95,13,322,905,0.0669,456,449,48,14.9,10.0,578,196,131,0,7,0.0789,"{""IC"": 770, ""S"": 52, ""PYO"": 18, ""HSM"": 62, ""HDM"": 3}","[5, 6, 7, 8, 12, 34, 27, 10, 28, 15]",0.1032
2021,3,17,3,202,13818,68.41,13,376,995,0.072,500,495,70,18.15,12.0,561,264,149,21,7,0.0662,"{""IC"": 664, ""S"": 58, ""PYO"": 265, ""MV"": 8}","[5, 6, 7, 8, 19, 12, 9, 10, 13, 11]",0.0959
2021,3,18,4,203,14158,69.74,10,212,1369,0.0967,684,685,63,13.8,9.0,1036,207,117,9,12,0.0695,"{""IC"": 860, ""S"": 170, ""PYO"": 170, ""HSM"": 18, ""HDM"": 41, ""MV"": 110}","[5, 6, 7, 10, 8, 9, 11, 12, 13, 14]",0.0997
2021,3,19,5,231,16992,73.56,10,254,1634,0.0962,811,823,52,12.01,8.0,1256,232,146,0,13,0.0653,"{""IC"": 1137, ""S"": 97, ""PYO"": 287, ""HSM"": 28, ""HDM"": 55, ""MV"": 30}","[5, 6, 8, 7, 9, 12, 11, 10, 13, 26]",0.0926
2021,3,20,6,183,14382,78.59,8,164,896,0.0623,448,448,70,12.36,7.0,724,44,116,12,9,0.0908,"{""S"": 161, ""IC"": 544, ""PYO"": 150, ""HDM"": 41}","[5, 6, 7, 8, 9, 35, 12, 10, 11, 36]",0.0784
2021,3,21,7,187,13720,73.37,1,24,1348,0.0983,674,674,42,10.14,8.0,1126,209,13,0,10,0.0776,"{""IC"": 1023, ""S"": 167, ""PYO"": 65, ""HSM"": 26, ""HDM"": 67}","[5, 6, 7, 9, 8, 12, 10, 11, 13, 14]",0.0799
2021,3,22,1,216,15674,72.56,13,1438,674,0.043,334,340,45,12.67,10.0,437,205,32,0,11,0.1259,"{""IC"": 456, ""S"": 81, ""PYO"": 42, ""HSM"": 6, ""HDM"": 77, ""MV"": 12}","[5, 6, 7, 8, 9, 16, 17, 12, 13, 10]",0.0765
2021,3,23,2,195,13384,68.64,0,0,1740,0.13,873,867,149,17.91,10.0,1236,272,136,96,4,0.0416,"{""IC"": 1289, ""S"": 286, ""PYO"": 128, ""HDM"": 37}","[5, 6, 7, 9, 10, 8, 12, 11, 13, 14]",0.0855
2021,3,24,3,199,13734,69.02,1,20,885,0.0644,446,439,68,11.13,8.0,716,155,4,10,8,0.1046,"{""IC"": 600, ""S"": 42, ""PYO"": 139, ""HDM"": 76, ""MV"": 28}","[5, 6, 8, 7, 9, 10, 12, 11, 13, 24]",0.0844
2021,3,25,4,203,13874,68.34,3,52,915,0.066,455,460,89,17.22,11.0,588,238,20,69,9,0.0827,"{""IC"": 685, ""S"": 77, ""PYO"": 97, ""HDM"": 41, ""MV"": 15}","[5, 6, 7, 8, 9, 13, 17, 10, 11, 14]",0.08
2021,3,26,5,232,16918,72.92,2,4,1042,0.0616,518,524,83,16.72,9.0,783,109,53,97,7,0.0869,"{""IC"": 481, ""S"": 116, ""PYO"": 361, ""HDM"": 56, ""MV"": 28}","[5, 6, 7, 8, 9, 10, 11, 12, 69, 14]",0.0751
2021,3,27,6,180,14230,79.06,0,0,1451,0.102,720,731,106,27.78,19.0,622,330,273,226,6,0.0427,"{""IC"": 1045, ""S"": 254, ""PYO"": 104, ""HDM"": 25, ""MV"": 23}","[5, 6, 7, 8, 9, 11, 20, 10, 17, 23]",0.0808
2021,3,28,7,186,13306,71.54,0,0,877,0.0659,437,440,60,12.3,9.0,588,263,25,1,15,0.0856,"{""IC"": 637, ""S"": 83, ""PYO"": 59, ""HDM"": 41, ""MV"": 57}","[5, 6, 7, 8, 9, 15, 14, 16, 17, 18]",0.0761
2021,3,29,1,201,14168,70.49,0,0,2187,0.1544,1100,1087,180,46.41,28.0,690,416,401,680,11,0.0204,"{""IC"": 1310, ""S"": 77, ""PYO"": 682, ""HSM"": 4, ""HDM"": 33, ""MV"": 81}","[5, 6, 7, 8, 9, 10, 13, 12, 14, 23]",0.092
2021,3,30,2,200,13806,69.03,0,0,2390,0.1731,1195,1195,193,45.64,33.0,823,306,507,754,16,0.0212,"{""IC"": 1381, ""S"": 88, ""PYO"": 851, ""HDM"": 42, ""MV"": 28}","[5, 8, 7, 6, 9, 10, 12, 11, 15, 14]",0.0982
2021,3,31,3,200,13758,68.79,3,54,1868,0.1358,941,927,168,25.41,19.0,831,463,423,151,8,0.0351,"{""IC"": 937, ""S"": 26, ""PYO"": 837, ""HSM"": 17, ""HDM"": 21, ""MV"": 30}","[5, 6, 7, 10, 8, 21, 23, 11, 9, 22]",0.1084
2021,4,1,4,230,17034,74.06,0,0,3045,0.1788,1535,1510,182,26.94,17.0,1326,896,440,383,16,0.0249,"{""IC"": 2041, ""S"": 80, ""PYO"": 809, ""HSM"": 12, ""HDM"": 102, ""MV"": 1}","[5, 6, 7, 8, 10, 9, 12, 11, 21, 16]",0.1245
2021,4,2,5,188,14350,76.33,0,4,1619,0.1128,819,800,46,12.26,9.0,1182,374,63,0,8,0.0622,"{""IC"": 832, ""S"": 93, ""PYO"": 579, ""HSM"": 14, ""HDM"": 57, ""MV"": 44}","[5, 6, 9, 8, 7, 13, 16, 12, 10, 11]",0.1318
2021,4,3,6,178,12476,70.09,1,38,1481,0.1187,745,736,132,19.22,9.0,1050,235,69,127,10,0.0489,"{""S"": 152, ""IC"": 853, ""PYO"": 354, ""HDM"": 8, ""MV"": 114}","[6, 5, 8, 7, 9, 10, 12, 13, 14, 15]",0.1342
2021,4,4,7,163,12214,74.93,0,2,1962,0.1606,988,974,112,16.56,11.0,1284,416,231,31,8,0.0365,"{""IC"": 1174, ""S"": 89, ""PYO"": 659, ""HDM"": 40}","[5, 6, 8, 7, 9, 11, 12, 10, 13, 20]",0.1477
2021,4,5,1,192,14584,75.96,7,796,2356,0.1615,1186,1170,89,13.77,11.0,1604,607,144,1,12,0.0465,"{""IC"": 1387, ""S"": 110, ""PYO"": 706, ""HSM"": 7, ""HDM"": 146}","[6, 5, 7, 8, 13, 12, 9, 10, 11, 14]",0.1488
2021,4,6,2,199,13708,68.88,0,2,1615,0.1178,819,796,98,14.3,9.0,1156,298,133,28,10,0.0574,"{""IC"": 1004, ""S"": 77, ""PYO"": 376, ""HSM"": 104, ""HDM"": 33, ""MV"": 21}","[5, 6, 7, 8, 9, 11, 10, 12, 13, 14]",0.1409
2021,4,7,3,195,13410,68.77,1,26,1527,0.1139,778,749,49,12.41,9.0,1123,293,111,0,9,0.061,"{""IC"": 979, ""S"": 23, ""PYO"": 366, ""HSM"": 93, ""HDM"": 55, ""MV"": 11}","[5, 7, 6, 8, 9, 13, 14, 10, 16, 20]",0.1377
2021,4,8,4,195,13430,68.87,2,16,1887,0.1405,956,931,49,13.79,11.0,1181,604,102,0,5,0.0451,"{""IC"": 1328, ""S"": 158, ""PYO"": 358, ""HSM"": 32, ""HDM"": 11}","[5, 6, 7, 8, 9, 11, 10, 20, 21, 12]",0.1323
2021,4,9,5,232,17326,74.68,27,1168,2541,0.1467,1280,1261,189,28.25,15.0,1225,595,431,290,15,0.0316,"{""IC"": 1532, ""S"": 101, ""PYO"": 645, ""HDM"": 201, ""MV"": 62}","[5, 6, 7, 13, 9, 15, 14, 11, 10, 17]",0.1371
2021,4,10,6,175,13780,78.74,0,0,1316,0.0955,660,656,74,15.45,12.0,805,327,176,8,10,0.063,"{""IC"": 823, ""S"": 54, ""PYO"": 334, ""HSM"": 23, ""HDM"": 59, ""MV"": 23}","[5, 6, 7, 12, 8, 11, 10, 9, 13, 16]",0.1338
2021,4,11,7,182,13276,72.95,1,64,1443,0.1087,719,724,71,17.08,11.0,904,286,219,34,9,0.0442,"{""IC"": 1228, ""S"": 73, ""PYO"": 118, ""HDM"": 14, ""MV"": 10}","[5, 6, 9, 7, 8, 10, 11, 12, 13, 14]",0.1264
2021,4,12,1,199,13896,69.83,1,44,1032,0.0743,514,518,72,27.32,22.0,400,234,324,74,2,0.048,"{""S"": 22, ""IC"": 731, ""PYO"": 223, ""HSM"": 18, ""HDM"": 38}","[5, 6, 7, 8, 27, 53, 16, 54, 9, 15]",0.1139
2021,4,13,2,194,13166,67.87,2,42,1565,0.1189,784,781,70,12.43,9.0,1239,208,99,19,6,0.0576,"{""IC"": 1250, ""S"": 50, ""PYO"": 200, ""HDM"": 59, ""MV"": 6}","[5, 6, 7, 12, 8, 13, 9, 11, 10, 14]",0.1141
2021,4,14,3,204,13462,65.99,4,114,1604,0.1192,809,795,71,15.08,10.0,1102,324,125,53,7,0.0463,"{""IC"": 1182, ""S"": 138, ""PYO"": 231, ""HSM"": 18, ""HDM"": 27, ""MV"": 8}","[5, 6, 7, 10, 8, 12, 11, 9, 13, 15]",0.1148
2021,4,15,4,197,13376,67.9,1,14,1028,0.0769,513,515,66,17.27,12.0,585,212,212,19,6,0.061,"{""IC"": 754, ""S"": 59, ""PYO"": 176, ""HSM"": 19, ""HDM"": 16, ""MV"": 4}","[5, 6, 7, 8, 18, 12, 10, 9, 31, 11]",0.1057
2021,4,16,5,224,16682,74.47,0,2,1776,0.1065,887,889,54,14.73,11.0,1100,427,249,0,13,0.0543,"{""IC"": 1160, ""S"": 143, ""PYO"": 420, ""HDM"": 53}","[5, 6, 10, 9, 7, 8, 14, 32, 12, 11]",0.1
2021,4,17,6,173,13674,79.04,0,0,1597,0.1168,806,791,140,28.66,12.0,931,316,144,206,6,0.0315,"{""IC"": 1225, ""S"": 29, ""PYO"": 321, ""HDM"": 22}","[5, 6, 7, 8, 9, 14, 12, 15, 13, 16]",0.103
2021,4,18,7,190,13342,70.22,2,194,1600,0.1199,799,801,121,25.36,11.0,1009,263,91,237,6,0.0352,"{""IC"": 1059, ""S"": 137, ""PYO"": 318, ""HDM"": 37, ""MV"": 49}","[5, 8, 6, 7, 10, 9, 13, 11, 12, 14]",0.1046
2021,4,19,1,202,13972,69.17,4,80,1269,0.0908,638,631,48,12.44,9.0,928,245,96,0,5,0.0708,"{""IC"": 884, ""S"": 68, ""PYO"": 203, ""HSM"": 35, ""HDM"": 51, ""MV"": 28}","[5, 7, 6, 10, 8, 9, 12, 11, 17, 13]",0.107
2021,4,20,2,193,12958,67.14,1,20,1883,0.1453,948,935,88,23.44,18.0,862,487,398,136,12,0.0348,"{""IC"": 1425, ""S"": 207, ""PYO"": 73, ""HSM"": 100, ""HDM"": 60, ""MV"": 18}","[5, 6, 8, 7, 26, 28, 11, 10, 9, 13]",0.1108
2021,4,21,3,193,12970,67.2,0,2,692,0.0534,347,345,62,13.5,8.0,517,102,56,17,4,0.0934,"{""IC"": 568, ""S"": 37, ""PYO"": 4, ""HSM"": 1, ""HDM"": 32, ""V"": 50}","[5, 6, 7, 8, 9, 14, 15, 10, 16, 13]",0.1014
2021,4,22,4,197,13404,68.04,13,252,902,0.0673,447,455,113,21.38,8.0,611,97,84,110,10,0.0558,"{""IC"": 569, ""S"": 67, ""PYO"": 18, ""HDM"": 49, ""MV"": 199}","[5, 6, 8, 9, 7, 10, 11, 60, 16, 20]",0.1
2021,4,23,5,224,16042,71.62,1,70,1402,0.0874,696,706,115,18.69,11.0,786,430,134,52,9,0.0507,"{""IC"": 1119, ""S"": 120, ""PYO"": 17, ""HSM"": 22, ""HDM"": 28, ""MV"": 96}","[5, 7, 8, 9, 6, 10, 20, 11, 115, 23]",0.0973
2021,4,24,6,173,13260,76.65,0,0,738,0.0557,364,374,81,17.29,8.0,513,65,103,57,2,0.0741,"{""IC"": 648, ""S"": 45, ""PYO"": 18, ""HSM"": 9, ""HDM"": 18}","[5, 6, 7, 8, 12, 21, 9, 11, 41, 32]",0.0885
2021,4,25,7,183,13112,71.65,0,0,780,0.0595,386,394,97,9.59,6.0,719,35,0,26,5,0.0964,"{""S"": 38, ""IC"": 644, ""PYO"": 6, ""HDM"": 44, ""MV"": 48}","[5, 6, 7, 8, 15, 9, 14, 13, 17, 11]",0.0799
2021,4,26,1,219,15800,72.15,20,2110,1986,0.1257,994,992,116,23.53,12.0,1193,276,171,346,21,0.036,"{""IC"": 1399, ""S"": 169, ""PYO"": 23, ""HSM"": 179, ""HDM"": 150, ""MV"": 66}","[5, 6, 7, 11, 12, 8, 13, 14, 9, 15]",0.0849
2021,4,27,2,199,13192,66.29,2,100,642,0.0487,325,317,56,14.05,10.0,427,163,52,0,7,0.1038,"{""IC"": 285, ""S"": 91, ""PYO"": 1, ""HSM"": 65, ""HDM"": 39, ""IC2"": 14, ""MV"": 147}","[5, 6, 10, 15, 7, 16, 9, 8, 12, 11]",0.0711
2021,4,28,3,195,13012,66.73,0,0,1473,0.1132,730,743,56,17.6,12.0,830,279,364,0,8,0.0514,"{""IC"": 1111, ""S"": 38, ""PYO"": 32, ""HSM"": 220, ""HDM"": 63, ""MV"": 9}","[5, 6, 7, 8, 9, 12, 10, 34, 35, 11]",0.0796
2021,4,29,4,201,13250,65.92,0,30,1314,0.0992,652,662,118,26.4,13.0,677,229,263,145,15,0.0514,"{""IC"": 955, ""S"": 78, ""PYO"": 53, ""HSM"": 10, ""HDM"": 152, ""MV"": 66}","[5, 6, 7, 9, 8, 29, 10, 30, 11, 12]",0.0842
2021,4,30,5,224,16044,71.62,3,56,1638,0.1021,809,829,51,11.94,9.0,1279,249,110,0,15,0.0645,"{""IC"": 1249, ""S"": 159, ""PYO"": 31, ""HDM"": 114, ""MV"": 85}","[5, 7, 6, 8, 9, 10, 11, 12, 15, 16]",0.0863
2021,5,1,6,166,13156,79.25,1,20,923,0.0702,460,463,80,26.36,17.0,421,160,239,103,8,0.0555,"{""IC"": 715, ""S"": 7, ""PYO"": 61, ""HSM"": 23, ""HDM"": 27, ""MV"": 90}","[5, 6, 7, 8, 9, 40, 17, 22, 42, 41]",0.0884
2021,5,2,7,181,12968,71.65,0,44,826,0.0637,410,416,55,13.21,7.0,667,60,99,0,3,0.0849,"{""S"": 114, ""IC"": 624, ""PYO"": 4, ""HDM"": 42, ""MV"": 42}","[6, 5, 7, 8, 11, 9, 51, 10, 15, 53]",0.089
2021,5,3,1,200,13488,67.44,0,0,1300,0.0964,649,651,37,11.23,8.0,979,303,18,0,9,0.0751,"{""S"": 98, ""IC"": 1124, ""HSM"": 60, ""HDM"": 14, ""MV"": 4}","[5, 6, 7, 8, 10, 11, 9, 12, 24, 15]",0.0848
2021,5,4,2,190,12670,66.68,1,30,1304,0.1029,655,649,58,14.55,12.0,774,430,100,0,9,0.0577,"{""IC"": 1134, ""S"": 50, ""HSM"": 23, ""HDM"": 97}","[5, 6, 8, 10, 9, 15, 7, 14, 18, 17]",0.0925
2021,5,5,3,192,12968,67.54,1,72,561,0.0433,283,278,19,9.32,8.0,461,100,0,0,2,0.1096,"{""IC"": 440, ""S"": 55, ""HSM"": 2, ""HDM"": 29, ""MV"": 35}","[5, 6, 9, 7, 15, 8, 16, 10, 13, 14]",0.0825
2021,5,6,4,196,13212,67.41,0,0,818,0.0619,409,409,27,8.65,8.0,741,77,0,0,7,0.1087,"{""IC"": 562, ""S"": 76, ""PYO"": 21, ""HSM"": 36, ""HDM"": 52, ""MV"": 71}","[5, 7, 8, 9, 6, 10, 11, 12, 15, 14]",0.0772
2021,5,7,5,219,15882,72.52,0,22,633,0.0399,316,317,48,11.13,7.0,503,68,62,0,8,0.1071,"{""IC"": 455, ""S"": 47, ""PYO"": 1, ""HSM"": 49, ""HDM"": 81}","[5, 6, 7, 9, 8, 10, 11, 29, 12, 16]",0.0683
2021,5,8,6,173,13056,75.47,0,32,624,0.0478,316,308,80,19.44,8.0,472,34,27,91,2,0.0852,"{""IC"": 431, ""S"": 58, ""PYO"": 86, ""HSM"": 40, ""HDM"": 9}","[5, 6, 7, 8, 14, 12, 10, 13, 79, 9]",0.0651
2021,5,9,7,179,12730,71.12,0,0,858,0.0674,430,428,55,9.31,7.0,798,22,38,0,6,0.0963,"{""IC"": 683, ""S"": 95, ""HSM"": 2, ""HDM"": 78}","[5, 6, 7, 8, 9, 10, 11, 12, 14, 13]",0.0657
2021,5,10,1,196,13230,67.5,0,0,468,0.0354,237,231,14,6.52,6.0,468,0,0,0,0,0.1313,"{""S"": 36, ""IC"": 325, ""HSM"": 69, ""HDM"": 38}","[5, 6, 8, 7, 9, 11, 10, 12, 14]",0.0569
2021,5,11,2,190,12494,65.76,1,28,1161,0.0929,585,576,63,10.9,8.0,898,235,9,19,10,0.0795,"{""IC"": 936, ""S"": 6, ""HSM"": 143, ""HDM"": 58, ""MV"": 18}","[5, 6, 7, 8, 10, 12, 11, 9, 17, 16]",0.0555
2021,5,12,3,197,12878,65.37,4,118,1572,0.1221,779,793,127,19.38,8.0,1187,116,96,173,10,0.0382,"{""IC"": 1063, ""S"": 127, ""PYO"": 127, ""HSM"": 95, ""HDM"": 66, ""MV"": 94}","[5, 6, 7, 8, 9, 10, 12, 11, 13, 17]",0.0668
2021,5,13,4,177,12388,69.99,8,160,796,0.0643,396,400,34,8.98,7.0,686,103,7,0,7,0.0848,"{""IC"": 597, ""S"": 51, ""PYO"": 2, ""HSM"": 16, ""HDM"": 36, ""MV"": 94}","[5, 6, 7, 8, 10, 9, 11, 12, 18, 17]",0.0671
2021,5,14,5,219,15608,71.27,0,0,1952,0.1251,974,978,56,13.56,10.0,1420,322,210,0,14,0.0527,"{""IC"": 1542, ""S"": 226, ""PYO"": 6, ""HSM"": 73, ""HDM"": 72, ""MV"": 33}","[5, 6, 7, 8, 10, 13, 9, 12, 11, 15]",0.0793
2021,5,15,6,173,13106,75.76,1,44,2024,0.1544,1008,1016,75,15.76,11.0,1286,517,165,56,13,0.0396,"{""IC"": 1525, ""S"": 152, ""PYO"": 47, ""HSM"": 68, ""HDM"": 130, ""MV"": 102}","[5, 6, 7, 8, 10, 9, 12, 11, 14, 15]",0.0945
2021,5,16,7,180,12716,70.64,0,0,1894,0.1489,942,952,76,12.49,8.0,1500,266,53,75,17,0.0469,"{""IC"": 1564, ""S"": 280, ""HDM"": 32, ""MV"": 18}","[5, 6, 8, 7, 13, 14, 17, 16, 12, 11]",0.1062
2021,5,17,1,200,13648,68.24,2,126,1502,0.1101,758,744,78,15.22,8.0,1058,216,186,42,5,0.058,"{""IC"": 1009, ""S"": 405, ""HSM"": 5, ""HDM"": 83}","[5, 6, 8, 7, 9, 10, 27, 43, 12, 33]",0.1168
2021,5,18,2,197,12918,65.57,7,220,1252,0.0969,629,623,135,12.57,9.0,965,265,4,18,8,0.071,"{""IC"": 1048, ""S"": 139, ""HSM"": 5, ""HDM"": 38, ""MUS"": 18, ""MV"": 4}","[7, 6, 5, 8, 9, 10, 12, 18, 11, 13]",0.1174
2021,5,19,3,199,13300,66.83,8,258,1735,0.1305,868,867,46,10.93,9.0,1437,218,80,0,9,0.0542,"{""IC"": 1467, ""S"": 140, ""PYO"": 44, ""HSM"": 23, ""HDM"": 49, ""MV"": 12}","[5, 6, 9, 7, 8, 10, 11, 13, 12, 14]",0.1186
2021,5,20,4,200,13462,67.31,0,246,1259,0.0935,627,632,72,11.53,9.0,992,210,50,7,11,0.0802,"{""IC"": 964, ""S"": 173, ""PYO"": 16, ""HSM"": 17, ""HDM"": 77, ""MV"": 12}","[5, 6, 7, 8, 10, 9, 11, 13, 14, 15]",0.1228
2021,5,21,5,221,15628,70.71,146,12550,542,0.0347,274,268,26,12.82,10.0,351,191,0,0,1,0.0398,"{""IC"": 449, ""S"": 26, ""HSM"": 38, ""HDM"": 29}","[5, 6, 9, 10, 25, 7, 12, 21, 11, 8]",0.1099
2021,5,22,6,183,13406,73.26,18,1474,1864,0.139,932,932,77,15.71,12.0,1177,458,190,39,16,0.0464,"{""IC"": 1249, ""S"": 226, ""PYO"": 33, ""HDM"": 58, ""MV"": 298}","[5, 6, 7, 9, 8, 14, 12, 10, 11, 15]",0.1077
2021,5,23,7,184,12826,69.71,0,0,2185,0.1704,1096,1089,380,30.94,9.0,1605,170,243,167,8,0.0304,"{""IC"": 1859, ""S"": 165, ""HSM"": 24, ""HDM"": 79, ""MUS"": 3, ""MV"": 55}","[5, 6, 7, 8, 10, 9, 11, 12, 13, 55]",0.1107
2021,5,24,1,210,14512,69.1,0,116,2081,0.1434,1041,1040,140,32.13,13.0,1114,473,46,448,11,0.0305,"{""S"": 145, ""IC"": 1624, ""HSM"": 61, ""HDM"": 94, ""MV"": 157}","[5, 6, 7, 8, 10, 11, 21, 9, 12, 22]",0.1155
2021,5,25,2,210,14336,68.27,0,138,891,0.0622,459,432,140,16.89,7.0,735,70,4,82,3,0.0827,"{""IC"": 589, ""S"": 86, ""HSM"": 22, ""HDM"": 50, ""MV"": 144}","[5, 7, 6, 8, 9, 10, 11, 16, 14, 12]",0.1105
2021,5,26,3,206,14270,69.27,3,224,1164,0.0816,586,578,63,11.6,8.0,993,101,46,24,8,0.0706,"{""IC"": 938, ""S"": 69, ""HSM"": 23, ""HDM"": 111, ""MV"": 23}","[5, 6, 8, 7, 11, 9, 12, 10, 13, 14]",0.1035
2021,5,27,4,208,14404,69.25,3,318,970,0.0673,488,482,71,12.89,7.0,789,106,0,75,10,0.0853,"{""IC"": 734, ""S"": 90, ""PYO"": 26, ""HSM"": 27, ""HDM"": 90, ""MV"": 3}","[5, 6, 7, 8, 15, 9, 10, 11, 12, 14]",0.0998
2021,5,28,5,232,16606,71.58,1,70,1898,0.1143,945,953,70,12.92,9.0,1251,527,98,22,16,0.0564,"{""IC"": 1372, ""S"": 75, ""PYO"": 1, ""HSM"": 63, ""HDM"": 71, ""MV"": 316}","[5, 6, 7, 8, 16, 9, 15, 18, 10, 14]",0.1112
2021,5,29,6,175,13174,75.28,0,0,1024,0.0777,512,512,45,9.89,7.0,898,70,56,0,6,0.0815,"{""IC"": 739, ""S"": 195, ""PYO"": 15, ""HSM"": 1, ""HDM"": 74}","[5, 6, 7, 8, 9, 10, 12, 13, 11, 14]",0.1024
2021,5,30,7,176,12398,70.44,8,338,1547,0.1248,766,781,72,14.11,12.0,909,562,60,16,12,0.0569,"{""IC"": 1292, ""S"": 189, ""HSM"": 21, ""HDM"": 44, ""MUS"": 1}","[5, 6, 7, 15, 11, 22, 8, 21, 12, 14]",0.0959
2021,5,31,1,209,14636,70.03,6,480,1117,0.0763,562,555,93,25.86,18.0,445,452,54,166,8,0.0531,"{""IC"": 823, ""S"": 64, ""HDM"": 75, ""MV"": 155}","[5, 6, 29, 19, 7, 18, 17, 16, 21, 20]",0.0863
2021,6,1,2,196,13336,68.04,6,332,1015,0.0761,512,503,52,10.7,8.0,801,191,23,0,7,0.092,"{""IC"": 768, ""S"": 132, ""HSM"": 45, ""HDM"": 48, ""MV"": 22}","[5, 6, 7, 9, 8, 10, 11, 18, 14, 12]",0.0883
2021,6,2,3,195,13550,69.49,2,228,1397,0.1031,702,695,37,8.8,7.0,1240,151,6,0,7,0.0796,"{""IC"": 1165, ""S"": 101, ""HSM"": 69, ""HDM"": 53, ""MV"": 9}","[5, 6, 7, 8, 12, 10, 11, 13, 9, 17]",0.0914
2021,6,3,4,200,14120,70.6,0,238,2589,0.1834,1295,1294,79,15.72,10.0,1733,514,281,61,16,0.0367,"{""IC"": 1806, ""S"": 475, ""PYO"": 43, ""HSM"": 160, ""HDM"": 77, ""MV"": 28}","[5, 6, 7, 10, 9, 8, 12, 11, 14, 13]",0.108
2021,6,4,5,223,16178,72.55,6,456,3910,0.2417,1945,1965,115,18.52,13.0,2209,982,623,96,30,0.0251,"{""IC"": 3106, ""S"": 405, ""PYO"": 127, ""HSM"": 20, ""HDM"": 173, ""MV"": 79}","[5, 7, 6, 10, 9, 11, 13, 8, 14, 17]",0.1262
2021,6,5,6,185,13380,72.32,3,296,1609,0.1203,808,801,174,27.81,12.0,910,236,342,121,13,0.0381,"{""IC"": 1289, ""S"": 147, ""HSM"": 78, ""HDM"": 68, ""MV"": 27}","[5, 6, 9, 8, 7, 10, 12, 13, 11, 51]",0.1322
2021,6,6,7,182,12822,70.45,5,286,1542,0.1203,764,778,46,14.28,10.0,1037,331,174,0,15,0.05,"{""IC"": 1089, ""S"": 306, ""HSM"": 18, ""HDM"": 36, ""MV"": 93}","[5, 6, 7, 8, 9, 10, 13, 14, 22, 11]",0.1316
2021,6,7,1,196,14006,71.46,0,48,1021,0.0729,502,519,41,9.15,7.0,915,64,42,0,11,0.0911,"{""S"": 236, ""IC"": 701, ""HSM"": 22, ""HDM"": 30, ""AE"": 12, ""MV"": 20}","[6, 5, 7, 8, 9, 11, 10, 12, 13, 14]",0.1311
2021,6,8,2,194,13670,70.46,39,846,1468,0.1074,731,737,125,36.7,15.0,718,175,281,294,9,0.0327,"{""IC"": 1167, ""S"": 157, ""HSM"": 16, ""MV"": 128}","[5, 6, 7, 8, 15, 112, 12, 11, 16, 10]",0.1356
2021,6,9,3,193,13702,70.99,37,764,1834,0.1338,912,922,94,20.45,15.0,870,468,425,71,13,0.0415,"{""IC"": 1351, ""S"": 229, ""PYO"": 144, ""HSM"": 26, ""MV"": 84}","[5, 6, 7, 8, 9, 32, 15, 33, 11, 16]",0.14
2021,6,10,4,191,13798,72.24,39,790,1378,0.0999,679,699,106,17.28,10.0,970,248,73,87,12,0.0639,"{""IC"": 1050, ""S"": 203, ""PYO"": 79, ""HSM"": 24, ""MV"": 22}","[5, 6, 12, 7, 11, 8, 17, 9, 10, 13]",0.128
2021,6,11,5,220,16910,76.86,40,722,1901,0.1124,935,966,35,10.78,8.0,1539,308,54,0,16,0.0652,"{""IC"": 1550, ""S"": 126, ""PYO"": 17, ""HSM"": 78, ""MUS"": 51, ""MV"": 79}","[5, 6, 7, 11, 12, 9, 8, 13, 10, 14]",0.1096
2021,6,12,6,178,13664,76.76,34,638,1356,0.0992,676,680,29,10.1,9.0,1090,266,0,0,12,0.0684,"{""IC"": 1083, ""S"": 176, ""PYO"": 12, ""MUS"": 61, ""MV"": 24}","[5, 6, 7, 11, 10, 8, 14, 9, 16, 15]",0.1066
2021,6,13,7,171,12618,73.79,32,622,1490,0.1181,750,740,263,57.84,13.0,747,137,128,478,11,0.0265,"{""IC"": 1128, ""S"": 178, ""HSM"": 26, ""MUS"": 158}","[5, 6, 7, 8, 9, 10, 170, 169, 30, 29]",0.1062
2021,6,14,1,194,14398,74.22,38,754,973,0.0676,483,490,30,9.67,8.0,808,164,1,0,4,0.0918,"{""IC"": 865, ""S"": 60, ""PYO"": 23, ""HSM"": 25}","[5, 6, 7, 10, 8, 11, 9, 13, 15, 12]",0.1055
2021,6,15,2,195,13916,71.36,45,1164,1993,0.1432,983,1010,148,16.58,9.0,1359,416,144,74,11,0.0503,"{""IC"": 1579, ""S"": 259, ""PYO"": 70, ""HSM"": 6, ""MUS"": 1, ""MV"": 78}","[5, 7, 6, 8, 9, 17, 10, 11, 13, 18]",0.1106
2021,6,16,3,188,13690,72.82,22,548,921,0.0673,459,462,62,11.78,7.0,708,151,50,12,6,0.0809,"{""IC"": 795, ""S"": 43, ""PYO"": 67, ""HSM"": 6, ""HDM"": 10}","[5, 6, 7, 9, 8, 10, 22, 14, 13, 28]",0.1011
2021,6,17,4,192,14272,74.33,18,398,1144,0.0802,576,568,60,12.09,9.0,882,182,67,13,4,0.0879,"{""IC"": 902, ""S"": 200, ""HSM"": 1, ""HDM"": 25, ""MV"": 16}","[5, 6, 7, 9, 8, 10, 11, 13, 12, 15]",0.0983
2021,6,18,5,218,16786,77.0,14,286,2051,0.1222,1023,1028,52,12.05,9.0,1552,348,151,0,13,0.0569,"{""IC"": 1576, ""S"": 227, ""PYO"": 116, ""HSM"": 14, ""HDM"": 60, ""MV"": 58}","[5, 6, 7, 9, 8, 10, 11, 13, 12, 14]",0.0997
2021,6,19,6,173,13566,78.42,5,92,1372,0.1011,681,691,60,13.84,9.0,992,241,133,6,9,0.06,"{""IC"": 832, ""S"": 279, ""PYO"": 190, ""HSM"": 1, ""HDM"": 70}","[5, 6, 8, 7, 9, 10, 11, 12, 13, 14]",0.1
2021,6,20,7,169,12896,76.31,4,96,901,0.0699,448,453,50,8.68,6.0,800,82,19,0,11,0.096,"{""IC"": 674, ""S"": 106, ""PYO"": 2, ""HSM"": 44, ""HDM"": 75}","[5, 6, 7, 8, 9, 10, 11, 13, 15, 16]",0.0931
2021,6,21,1,198,15102,76.27,4,194,2345,0.1553,1166,1179,127,13.47,10.0,1593,622,124,6,17,0.051,"{""S"": 464, ""IC"": 1744, ""PYO"": 53, ""HSM"": 47, ""HDM"": 15, ""MV"": 22}","[5, 6, 7, 8, 9, 15, 10, 13, 14, 11]",0.1056
2021,6,22,2,199,14572,73.23,11,334,3386,0.2324,1697,1689,102,20.1,11.0,2008,616,564,198,22,0.0297,"{""IC"": 2517, ""S"": 513, ""PYO"": 100, ""HDM"": 167, ""MV"": 89}","[5, 6, 7, 8, 9, 10, 12, 11, 13, 17]",0.1183
2021,6,23,3,197,14868,75.47,4,284,4793,0.3224,2393,2400,136,21.25,13.0,2549,1256,680,308,28,0.023,"{""IC"": 3763, ""S"": 752, ""PYO"": 71, ""HSM"": 45, ""HDM"": 157, ""MV"": 5}","[5, 6, 7, 8, 11, 12, 9, 13, 10, 15]",0.1548
2021,6,24,4,221,17406,78.76,5,256,2679,0.1539,1338,1341,53,12.54,9.0,1864,676,139,0,23,0.0485,"{""IC"": 2016, ""S"": 371, ""PYO"": 97, ""HSM"": 2, ""HDM"": 156, ""MV"": 37}","[5, 6, 7, 8, 9, 10, 11, 14, 16, 15]",0.1653
2021,6,25,5,174,13714,78.82,3,150,1455,0.1061,727,728,40,10.85,8.0,1139,251,65,0,12,0.0738,"{""IC"": 1153, ""S"": 159, ""HSM"": 2, ""HDM"": 126, ""MV"": 15}","[5, 6, 7, 9, 8, 14, 10, 13, 12, 11]",0.163
2021,6,26,6,118,7776,65.9,4,80,713,0.0917,359,354,56,12.38,8.0,477,202,34,0,6,0.0824,"{""IC"": 430, ""S"": 210, ""PYO"": 21, ""HDM"": 21, ""MV"": 31}","[5, 6, 8, 7, 11, 9, 22, 19, 15, 10]",0.1617
2021,6,27,7,157,12462,79.38,4,104,2883,0.2313,1436,1447,166,29.04,15.0,1431,590,419,443,26,0.0277,"{""IC"": 2208, ""S"": 423, ""PYO"": 34, ""HDM"": 155, ""V"": 63}","[5, 6, 9, 7, 8, 10, 14, 12, 13, 15]",0.1847
2021,6,28,1,205,15900,77.56,3,110,3140,0.1975,1556,1584,111,17.63,9.0,2134,467,395,144,16,0.0355,"{""IC"": 2422, ""S"": 413, ""PYO"": 93, ""HSM"": 129, ""HDM"": 74, ""V"": 9}","[5, 6, 9, 8, 7, 10, 11, 13, 15, 20]",0.1908
2021,6,29,2,207,15944,77.02,0,48,2145,0.1345,1059,1086,85,17.04,8.0,1582,227,165,171,9,0.0453,"{""IC"": 1418, ""S"": 636, ""HSM"": 52, ""HDM"": 36, ""MUS"": 3}","[5, 6, 8, 7, 10, 9, 11, 12, 21, 20]",0.1768
2021,6,30,3,205,15992,78.01,0,132,2540,0.1588,1269,1271,121,13.85,8.0,2102,154,220,64,10,0.0462,"{""IC"": 2022, ""S"": 249, ""PYO"": 52, ""HSM"": 16, ""HDM"": 114, ""MV"": 87}","[5, 6, 8, 7, 9, 10, 11, 12, 13, 20]",0.1534
2021,7,1,4,205,15888,77.5,1,78,2319,0.146,1142,1177,53,10.41,7.0,1881,359,79,0,16,0.0531,"{""IC"": 1928, ""S"": 267, ""PYO"": 20, ""HSM"": 31, ""HDM"": 66, ""MV"": 7}","[5, 6, 7, 8, 9, 14, 12, 10, 11, 15]",0.1523
2021,7,2,5,220,17092,77.69,3,94,2673,0.1564,1320,1353,62,11.36,8.0,2171,345,149,8,13,0.0488,"{""IC"": 1804, ""S"": 724, ""PYO"": 30, ""HSM"": 30, ""HDM"": 85}","[5, 6, 7, 8, 9, 10, 12, 11, 13, 16]",0.1595
2021,7,3,6,185,12672,68.5,0,18,1678,0.1324,834,844,36,11.06,8.0,1279,361,38,0,11,0.0649,"{""IC"": 1029, ""S"": 503, ""PYO"": 18, ""HSM"": 44, ""HDM"": 64, ""MUS"": 14, ""MV"": 6}","[5, 6, 7, 8, 9, 12, 11, 10, 13, 18]",0.1653
2021,7,4,7,173,13418,77.56,4,172,2167,0.1615,1067,1100,27,8.65,7.0,1928,239,0,0,14,0.0537,"{""IC"": 1577, ""S"": 429, ""PYO"": 18, ""HSM"": 17, ""HDM"": 102, ""MV"": 24}","[5, 6, 7, 8, 9, 10, 13, 12, 11, 16]",0.1553
2021,7,5,1,211,16148,76.53,3,152,2071,0.1283,1034,1037,51,11.66,8.0,1623,335,113,0,16,0.0579,"{""IC"": 1677, ""S"": 190, ""PYO"": 18, ""HSM"": 13, ""HDM"": 140, ""MV"": 33}","[5, 6, 7, 9, 8, 10, 11, 14, 15, 13]",0.1454
2021,7,6,2,204,16016,78.51,2,134,2685,0.1676,1339,1346,66,16.59,9.0,1795,436,371,83,12,0.0379,"{""IC"": 1930, ""S"": 612, ""PYO"": 25, ""HSM"": 1, ""HDM"": 117}","[5, 6, 8, 7, 9, 11, 10, 12, 13, 16]",0.1501
2021,7,7,3,206,16014,77.74,0,112,2571,0.1605,1291,1280,211,13.29,8.0,2025,368,151,27,10,0.0433,"{""IC"": 2039, ""S"": 321, ""PYO"": 67, ""HDM"": 137, ""V"": 7}","[5, 6, 7, 8, 9, 10, 13, 14, 11, 15]",0.1504
2021,7,8,4,208,16194,77.86,3,178,2835,0.1751,1412,1423,57,12.11,9.0,2114,524,197,0,13,0.0438,"{""IC"": 2045, ""S"": 442, ""PYO"": 72, ""HSM"": 23, ""HDM"": 188, ""MV"": 65}","[5, 6, 7, 8, 9, 10, 11, 12, 13, 14]",0.1545
2021,7,9,5,222,17116,77.1,0,24,1516,0.0886,749,767,65,12.09,7.0,1189,210,106,11,11,0.0673,"{""IC"": 943, ""S"": 247, ""PYO"": 58, ""HSM"": 16, ""HDM"": 140, ""MV"": 112}","[5, 6, 7, 8, 13, 11, 9, 10, 14, 16]",0.1449
2021,7,10,6,185,12646,68.36,5,100,1319,0.1043,661,658,65,12.29,9.0,972,279,56,12,9,0.0786,"{""IC"": 803, ""S"": 228, ""PYO"": 104, ""HSM"": 3, ""HDM"": 170, ""MUS"": 9, ""MV"": 2}","[5, 6, 7, 8, 9, 10, 15, 12, 16, 17]",0.1408
2021,7,11,7,183,13510,73.83,1,66,2120,0.1569,1059,1061,236,18.46,11.0,1317,498,142,163,19,0.0472,"{""IC"": 1629, ""S"": 192, ""PYO"": 22, ""HSM"": 28, ""HDM"": 172, ""MV"": 46, ""V"": 31}","[5, 6, 7, 8, 11, 17, 16, 9, 10, 12]",0.1402
2021,7,12,1,202,15944,78.93,0,48,2772,0.1739,1374,1398,73,15.31,9.0,1874,582,243,73,20,0.0361,"{""IC"": 2137, ""S"": 389, ""PYO"": 50, ""HSM"": 14, ""HDM"": 182}","[5, 6, 7, 8, 9, 10, 11, 12, 15, 13]",0.1467
2021,7,13,2,202,16044,79.43,2,190,3524,0.2196,1753,1771,67,13.49,9.0,2535,600,372,17,25,0.0333,"{""IC"": 2678, ""S"": 491, ""PYO"": 28, ""HSM"": 45, ""HDM"": 160, ""MV"": 122}","[5, 6, 7, 8, 9, 10, 13, 11, 12, 15]",0.1541
2021,7,14,3,201,15932,79.26,2,72,2501,0.157,1249,1252,191,17.31,12.0,1425,765,180,131,18,0.0397,"{""IC"": 1809, ""S"": 474, ""PYO"": 22, ""HSM"": 4, ""HDM"": 192}","[5, 6, 7, 17, 8, 15, 11, 12, 19, 10]",0.1536
2021,7,15,4,208,16286,78.3,3,180,3095,0.19,1540,1555,102,17.21,9.0,2042,597,237,219,22,0.0356,"{""IC"": 2207, ""S"": 409, ""PYO"": 77, ""HSM"": 50, ""HDM"": 192, ""MV"": 160}","[5, 6, 7, 8, 9, 10, 11, 12, 20, 17]",0.1558
2021,7,16,5,221,17086,77.31,4,96,2588,0.1515,1282,1306,60,9.19,7.0,2323,203,59,3,10,0.0612,"{""IC"": 1717, ""S"": 452, ""PYO"": 93, ""HSM"": 143, ""HDM"": 158, ""MV"": 20, ""V"": 5}","[5, 6, 7, 8, 9, 11, 10, 12, 13, 14]",0.1647
2021,7,17,6,196,12860,65.61,1,60,2138,0.1663,1063,1075,37,9.37,7.0,1811,316,11,0,14,0.0635,"{""S"": 668, ""IC"": 1145, ""PYO"": 45, ""HSM"": 59, ""HDM"": 158, ""MUS"": 3, ""MV"": 60}","[5, 6, 7, 8, 9, 10, 13, 14, 11, 12]",0.1736
2021,7,18,7,177,13436,75.91,3,192,2287,0.1702,1140,1147,97,17.86,8.0,1618,327,156,186,10,0.042,"{""IC"": 1646, ""S"": 384, ""PYO"": 83, ""HSM"": 26, ""HDM"": 148}","[5, 6, 7, 8, 9, 10, 11, 17, 13, 12]",0.1755
2021,7,19,1,206,16040,77.86,5,192,2333,0.1454,1156,1177,52,13.39,9.0,1657,416,260,0,15,0.0543,"{""S"": 214, ""IC"": 1804, ""PYO"": 58, ""HSM"": 70, ""HDM"": 138, ""MV"": 49}","[5, 6, 7, 8, 9, 10, 11, 12, 13, 14]",0.1714
2021,7,20,2,206,16080,78.06,7,212,2682,0.1668,1332,1350,63,13.21,9.0,2027,404,248,3,12,0.045,"{""IC"": 2000, ""S"": 428, ""PYO"": 8, ""HSM"": 141, ""HDM"": 40, ""MV"": 65}","[5, 6, 7, 9, 8, 11, 10, 12, 13, 14]",0.1639
2021,7,21,3,205,16120,78.63,8,284,2290,0.1421,1137,1153,91,15.45,10.0,1507,371,391,21,14,0.0462,"{""S"": 365, ""IC"": 1642, ""PYO"": 76, ""HSM"": 67, ""HDM"": 83, ""MV"": 57}","[5, 6, 8, 7, 9, 10, 11, 13, 12, 36]",0.1618
2021,7,22,4,205,16052,78.3,4,122,3946,0.2458,1957,1989,131,28.04,13.0,2087,466,826,567,29,0.0233,"{""IC"": 3237, ""S"": 395, ""PYO"": 17, ""HSM"": 47, ""HDM"": 197, ""MV"": 53}","[5, 6, 9, 7, 8, 11, 10, 12, 13, 17]",0.1697
2021,7,23,5,222,17218,77.56,5,202,2254,0.1309,1119,1135,86,11.9,8.0,1679,441,133,1,17,0.0564,"{""IC"": 1506, ""S"": 339, ""PYO"": 33, ""HSM"": 98, ""HDM"": 153, ""MV"": 125}","[5, 6, 7, 8, 9, 10, 11, 13, 12, 19]",0.1668
2021,7,24,6,178,12368,69.48,3,70,1413,0.1142,705,708,81,16.01,10.0,907,267,225,14,13,0.0633,"{""S"": 389, ""IC"": 820, ""PYO"": 29, ""HSM"": 15, ""HDM"": 101, ""MUS"": 23, ""MV"": 36}","[5, 6, 7, 8, 9, 12, 11, 13, 16, 10]",0.1593
2021,7,25,7,177,13392,75.66,1,84,1209,0.0903,601,608,47,10.36,8.0,957,245,7,0,8,0.0821,"{""IC"": 840, ""S"": 172, ""HSM"": 49, ""HDM"": 138, ""MV"": 10}","[5, 6, 7, 8, 13, 9, 12, 16, 14, 11]",0.1479
2021,7,26,1,204,16058,78.72,6,144,1916,0.1193,952,964,54,10.34,8.0,1532,335,49,0,24,0.0675,"{""IC"": 1396, ""S"": 201, ""PYO"": 47, ""HSM"": 72, ""HDM"": 200}","[5, 6, 7, 8, 10, 9, 11, 12, 13, 15]",0.1442
2021,7,27,2,206,16062,77.97,11,310,1940,0.1208,965,975,106,13.17,9.0,1434,356,140,10,14,0.0678,"{""IC"": 1415, ""S"": 176, ""PYO"": 2, ""HSM"": 73, ""HDM"": 171, ""MUS"": 1, ""MV"": 102}","[6, 5, 7, 8, 9, 10, 11, 12, 13, 14]",0.1376
2021,7,28,3,202,15930,78.86,1,88,1079,0.0677,549,530,27,8.12,7.0,1009,70,0,0,3,0.1007,"{""IC"": 717, ""S"": 159, ""PYO"": 21, ""HSM"": 50, ""HDM"": 128, ""MUS"": 4}","[5, 6, 7, 8, 11, 9, 12, 10, 14, 13]",0.127
2021,7,29,4,210,16464,78.4,16,476,2239,0.136,1121,1118,169,15.08,10.0,1528,421,248,42,20,0.0527,"{""IC"": 1630, ""S"": 103, ""PYO"": 60, ""HSM"": 150, ""HDM"": 176, ""MV"": 120}","[5, 6, 7, 8, 10, 9, 11, 12, 17, 14]",0.1113
2021,7,30,5,223,17312,77.63,5,166,2645,0.1528,1315,1330,222,13.84,9.0,1842,604,155,44,18,0.0529,"{""IC"": 2004, ""S"": 320, ""PYO"": 48, ""HSM"": 84, ""HDM"": 149, ""MV"": 12, ""V"": 28}","[5, 6, 7, 8, 9, 10, 13, 16, 12, 11]",0.1144
2021,7,31,6,188,12506,66.52,16,374,1343,0.1074,667,676,59,14.02,9.0,1062,95,186,0,12,0.0673,"{""IC"": 835, ""S"": 166, ""PYO"": 102, ""HSM"": 16, ""HDM"": 117, ""MUS"": 15, ""MV"": 92}","[6, 5, 10, 12, 8, 7, 9, 11, 13, 15]",0.1135
2021,8,1,7,181,13446,74.29,0,0,2423,0.1802,1209,1214,103,14.5,9.0,1681,560,108,74,17,0.0403,"{""IC"": 1859, ""S"": 370, ""PYO"": 10, ""HSM"": 26, ""HDM"": 133, ""MUS"": 6, ""MV"": 19}","[5, 7, 6, 8, 9, 10, 11, 13, 18, 19]",0.1263
2021,8,2,1,206,16168,78.49,2,124,2472,0.1529,1242,1230,99,15.17,10.0,1631,618,152,71,10,0.0431,"{""IC"": 1854, ""S"": 300, ""PYO"": 56, ""HSM"": 27, ""HDM"": 135, ""MV"": 100}","[5, 6, 7, 8, 9, 17, 11, 10, 15, 16]",0.1311
2021,8,3,2,198,15610,78.84,5,170,1744,0.1117,872,872,50,10.84,8.0,1366,345,33,0,7,0.067,"{""IC"": 1502, ""S"": 97, ""PYO"": 18, ""HSM"": 13, ""HDM"": 110, ""MV"": 4}","[5, 6, 8, 7, 13, 9, 14, 12, 10, 11]",0.1298
2021,8,4,3,196,15538,79.28,0,48,1292,0.0832,647,645,79,11.14,8.0,1038,206,21,27,5,0.0854,"{""S"": 150, ""IC"": 892, ""PYO"": 45, ""HSM"": 49, ""HDM"": 145, ""MV"": 11}","[5, 6, 7, 8, 14, 9, 10, 11, 15, 13]",0.132
2021,8,5,4,202,16118,79.79,3,294,2275,0.1411,1125,1150,54,11.04,8.0,1881,252,142,0,12,0.0554,"{""IC"": 1686, ""S"": 344, ""PYO"": 29, ""HDM"": 130, ""MV"": 86}","[5, 6, 9, 7, 8, 10, 11, 12, 13, 14]",0.1328
2021,8,6,5,228,17288,75.82,4,176,2508,0.1451,1239,1269,40,10.77,9.0,2017,403,88,0,15,0.0582,"{""IC"": 1994, ""S"": 233, ""PYO"": 30, ""HSM"": 12, ""HDM"": 140, ""MUS"": 79, ""MV"": 13, ""V"": 7}","[5, 6, 7, 9, 8, 10, 13, 12, 11, 17]",0.1317
2021,8,7,6,198,12888,65.09,1,18,1431,0.111,708,723,89,14.92,11.0,938,378,70,45,21,0.0639,"{""IC"": 1006, ""S"": 141, ""PYO"": 45, ""HSM"": 18, ""HDM"": 134, ""MUS"": 84, ""V"": 3}","[5, 6, 8, 7, 12, 11, 13, 25, 9, 14]",0.1322
2021,8,8,7,183,13680,74.75,5,82,1381,0.101,679,702,100,15.05,8.0,1075,153,38,115,12,0.0607,"{""IC"": 903, ""S"": 213, ""PYO"": 52, ""HDM"": 93, ""MUS"": 115, ""V"": 5}","[5, 6, 7, 8, 9, 10, 13, 14, 11, 16]",0.1209
2021,8,9,1,203,15806,77.86,4,124,2236,0.1415,1115,1121,81,15.79,10.0,1481,448,237,70,13,0.0461,"{""IC"": 1756, ""S"": 275, ""PYO"": 5, ""HSM"": 37, ""HDM"": 163}","[5, 6, 7, 8, 9, 10, 11, 15, 12, 13]",0.1192
2021,8,10,2,199,15328,77.03,11,284,1713,0.1118,853,860,179,22.6,9.0,1202,145,101,265,8,0.0454,"{""IC"": 1348, ""S"": 83, ""PYO"": 116, ""HSM"": 25, ""HDM"": 141}","[5, 6, 7, 8, 9, 10, 11, 12, 13, 14]",0.1192
2021,8,11,3,203,15458,76.15,4,180,915,0.0592,459,456,45,10.24,7.0,775,87,53,0,5,0.1022,"{""S"": 147, ""IC"": 634, ""PYO"": 6, ""HSM"": 29, ""HDM"": 69, ""MV"": 30}","[5, 6, 7, 9, 10, 12, 11, 13, 8, 14]",0.1158
2021,8,12,4,203,15804,77.85,0,48,1541,0.0975,766,775,98,11.31,9.0,1177,318,44,2,7,0.0838,"{""S"": 192, ""IC"": 1229, ""PYO"": 5, ""HDM"": 96, ""MV"": 19}","[5, 6, 7, 8, 9, 10, 11, 12, 13, 17]",0.1096
2021,8,13,5,221,16800,76.02,3,224,1954,0.1163,972,982,71,13.3,10.0,1271,528,153,2,16,0.0539,"{""IC"": 1324, ""S"": 256, ""PYO"": 175, ""HDM"": 171, ""MV"": 28}","[5, 6, 7, 8, 19, 11, 12, 15, 9, 10]",0.1055
2021,8,14,6,183,12704,69.42,1,8,1296,0.102,645,651,319,60.9,8.0,885,168,11,232,10,0.0261,"{""S"": 190, ""IC"": 889, ""PYO"": 86, ""HSM"": 15, ""HDM"": 89, ""MUS"": 8, ""MV"": 17, ""V"": 2}","[5, 6, 7, 8, 15, 10, 16, 14, 9, 12]",0.1042
2021,8,15,7,180,13456,74.76,1,10,1846,0.1372,919,927,197,17.84,10.0,1157,457,200,32,14,0.055,"{""S"": 122, ""IC"": 1544, ""HDM"": 135, ""MUS"": 6, ""MV"": 39}","[5, 6, 9, 8, 7, 10, 15, 11, 14, 21]",0.1094
2021,8,16,1,214,16792,78.47,2,346,1936,0.1153,966,970,149,19.89,8.0,1489,214,99,134,10,0.0426,"{""IC"": 1522, ""S"": 135, ""PYO"": 42, ""HSM"": 16, ""HDM"": 155, ""MV"": 66}","[5, 6, 7, 8, 12, 144, 11, 9, 17, 15]",0.1056
2021,8,17,2,205,15786,77.0,3,192,1559,0.0988,781,778,97,11.93,7.0,1352,23,168,16,5,0.0613,"{""IC"": 1196, ""S"": 252, ""PYO"": 5, ""HDM"": 106}","[5, 6, 8, 9, 7, 10, 11, 12, 13, 34]",0.1038
2021,8,18,3,209,15842,75.8,5,356,2063,0.1302,1034,1029,99,16.49,9.0,1486,358,91,128,8,0.0391,"{""S"": 253, ""IC"": 1534, ""PYO"": 124, ""HSM"": 27, ""HDM"": 119, ""MV"": 6}","[5, 6, 7, 8, 10, 9, 11, 12, 13, 28]",0.1139
2021,8,19,4,221,16910,76.52,11,424,2360,0.1396,1181,1179,150,20.1,9.0,1635,282,256,187,11,0.0372,"{""S"": 318, ""IC"": 1677, ""PYO"": 105, ""HDM"": 112, ""MV"": 148}","[5, 6, 7, 8, 9, 10, 13, 14, 11, 12]",0.1199
2021,8,20,5,222,17616,79.35,4,362,2356,0.1337,1182,1174,96,10.24,8.0,2088,214,8,46,15,0.0531,"{""IC"": 1739, ""S"": 279, ""PYO"": 116, ""HSM"": 35, ""HDM"": 147, ""MV"": 40}","[5, 6, 7, 10, 9, 8, 11, 12, 14, 13]",0.1224
2021,8,21,6,180,12730,70.72,0,0,1951,0.1533,974,977,99,17.81,9.0,1350,248,239,114,12,0.0328,"{""IC"": 1600, ""S"": 108, ""PYO"": 145, ""HSM"": 1, ""HDM"": 97}","[5, 6, 7, 10, 8, 9, 12, 11, 13, 16]",0.1297
2021,8,22,7,178,14272,80.18,0,110,3910,0.274,1956,1954,800,177.05,162.0,902,390,96,2522,10,0.0156,"{""IC"": 3129, ""S"": 365, ""PYO"": 309, ""HDM"": 106, ""MV"": 1}","[5, 6, 7, 17, 10, 13, 11, 14, 16, 8]",0.1493
2021,8,23,1,219,16450,75.11,16,1972,3924,0.2385,1965,1959,204,25.97,15.0,1955,945,765,259,37,0.0227,"{""IC"": 3174, ""S"": 407, ""PYO"": 51, ""HSM"": 25, ""HDM"": 179, ""MV"": 88}","[7, 5, 8, 6, 12, 11, 9, 13, 20, 14]",0.1669
2021,8,24,2,203,15258,75.16,1,142,1457,0.0955,730,727,78,14.09,9.0,1006,298,133,20,12,0.0577,"{""S"": 113, ""IC"": 1144, ""PYO"": 37, ""HSM"": 5, ""HDM"": 128, ""MV"": 30}","[5, 6, 7, 8, 9, 10, 16, 15, 11, 17]",0.1664
2021,8,25,3,202,15228,75.39,2,164,2229,0.1464,1117,1112,90,12.38,9.0,1713,374,124,18,17,0.045,"{""IC"": 1594, ""S"": 356, ""PYO"": 69, ""HSM"": 5, ""HDM"": 205}","[5, 6, 7, 8, 9, 11, 10, 12, 13, 14]",0.1687
2021,8,26,4,213,16370,76.85,0,112,1812,0.1107,903,909,56,11.6,9.0,1399,346,67,0,11,0.0526,"{""IC"": 1395, ""S"": 180, ""PYO"": 112, ""HDM"": 34, ""MV"": 91}","[5, 6, 7, 8, 9, 13, 14, 11, 12, 10]",0.1646
2021,8,27,5,222,16884,76.05,1,142,1978,0.1172,991,987,287,19.6,9.0,1351,464,62,101,9,0.0434,"{""S"": 332, ""IC"": 1551, ""PYO"": 25, ""HSM"": 37, ""HDM"": 24, ""MV"": 9}","[5, 6, 7, 8, 9, 11, 10, 15, 12, 21]",0.1622
2021,8,28,6,173,11028,63.75,0,0,643,0.0583,322,321,95,14.44,7.0,393,168,81,1,11,0.086,"{""IC"": 438, ""S"": 136, ""HSM"": 18, ""HDM"": 9, ""MUS"": 21, ""MV"": 20, ""V"": 1}","[5, 6, 7, 18, 17, 16, 19, 43, 8, 22]",0.1487
2021,8,29,7,177,13098,74.0,4,52,1367,0.1044,677,690,37,9.02,7.0,1212,129,26,0,8,0.0538,"{""S"": 328, ""IC"": 1006, ""HDM"": 33}","[5, 6, 7, 8, 9, 10, 11, 12, 18, 28]",0.1244
2021,8,30,1,213,16278,76.42,2,98,1536,0.0944,765,771,99,11.16,7.0,1208,223,104,1,5,0.0568,"{""IC"": 1167, ""S"": 233, ""PYO"": 67, ""HDM"": 59, ""MV"": 10}","[5, 6, 7, 8, 9, 10, 16, 11, 12, 17]",0.1038
2021,8,31,2,194,15498,79.89,0,112,1567,0.1011,780,787,62,11.89,7.0,1305,142,111,9,7,0.0569,"{""S"": 216, ""IC"": 1261, ""PYO"": 12, ""HSM"": 33, ""HDM"": 45}","[5, 6, 7, 8, 11, 9, 12, 10, 26, 13]",0.1046
2021,9,1,3,198,15576,78.67,1,144,1914,0.1229,954,960,137,21.46,8.0,1370,290,52,202,10,0.0344,"{""S"": 339, ""IC"": 1476, ""PYO"": 30, ""HSM"": 1, ""HDM"": 48, ""MV"": 20}","[5, 6, 7, 8, 9, 10, 24, 11, 13, 23]",0.1013
2021,9,2,4,203,16470,81.13,3,184,1734,0.1053,864,870,47,12.33,8.0,1298,297,139,0,8,0.0577,"{""IC"": 1459, ""S"": 125, ""PYO"": 48, ""HDM"": 68, ""MV"": 34}","[5, 6, 7, 8, 10, 9, 11, 13, 12, 14]",0.1005
2021,9,3,5,226,17290,76.5,2,94,1519,0.0879,752,767,78,9.55,7.0,1285,208,10,16,19,0.0704,"{""IC"": 1105, ""S"": 230, ""PYO"": 23, ""HDM"": 83, ""MV"": 78}","[5, 6, 7, 8, 9, 11, 13, 12, 15, 17]",0.0963
2021,9,4,6,169,11400,67.46,0,0,934,0.0819,460,474,34,11.33,8.0,648,281,5,0,7,0.0691,"{""IC"": 474, ""S"": 366, ""HDM"": 94}","[5, 6, 7, 8, 9, 10, 20, 21, 19, 11]",0.0997
2021,9,5,7,176,13414,76.22,0,0,2510,0.1871,1253,1257,77,16.71,12.0,1583,517,397,13,13,0.0337,"{""IC"": 2150, ""S"": 318, ""HDM"": 42}","[5, 6, 7, 10, 11, 14, 8, 12, 9, 13]",0.1115
2021,9,6,1,213,16716,78.48,3,148,2475,0.1481,1232,1243,62,11.39,9.0,1989,427,42,17,12,0.0514,"{""IC"": 2122, ""S"": 250, ""HSM"": 23, ""HDM"": 67, ""MV"": 13}","[5, 6, 10, 7, 11, 9, 8, 12, 14, 13]",0.1192
2021,9,7,2,211,16680,79.05,0,112,1766,0.1059,892,874,35,10.07,8.0,1411,353,2,0,7,0.0607,"{""IC"": 1417, ""S"": 258, ""PYO"": 51, ""HDM"": 40}","[5, 6, 7, 8, 12, 10, 9, 14, 15, 11]",0.1199
2021,9,8,3,217,16860,77.7,2,162,2050,0.1216,1027,1023,56,12.42,9.0,1567,295,188,0,17,0.0503,"{""IC"": 1453, ""S"": 477, ""PYO"": 1, ""HSM"": 76, ""HDM"": 20, ""MV"": 23}","[5, 6, 7, 11, 10, 8, 9, 12, 13, 15]",0.1197
2021,9,9,4,220,17332,78.78,3,350,2324,0.1341,1167,1157,55,11.71,8.0,1958,151,215,0,5,0.0497,"{""IC"": 1840, ""S"": 238, ""PYO"": 96, ""HSM"": 23, ""HDM"": 46, ""MV"": 81}","[5, 6, 7, 8, 9, 11, 10, 12, 13, 14]",0.1238
2021,9,10,5,224,17952,80.14,0,56,1769,0.0985,873,896,46,9.32,7.0,1510,207,52,0,10,0.0616,"{""IC"": 1185, ""S"": 359, ""PYO"": 172, ""HDM"": 45, ""V"": 8}","[5, 6, 7, 9, 10, 8, 11, 12, 13, 16]",0.1253
2021,9,11,6,189,12832,67.89,2,348,1634,0.1273,815,819,125,19.53,9.0,1097,201,223,113,6,0.0448,"{""IC"": 1199, ""S"": 293, ""PYO"": 42, ""HDM"": 30, ""MV"": 57, ""V"": 13}","[5, 6, 7, 8, 9, 10, 18, 11, 13, 12]",0.1318
2021,9,12,7,189,14380,76.08,1,86,1804,0.1255,898,906,41,11.11,8.0,1377,393,34,0,9,0.0562,"{""IC"": 1199, ""S"": 253, ""PYO"": 116, ""HDM"": 47, ""MV"": 189}","[5, 6, 9, 7, 8, 10, 14, 13, 15, 24]",0.123
2021,9,13,1,214,16756,78.3,0,56,1744,0.1041,866,878,67,11.07,7.0,1428,202,94,20,9,0.0602,"{""IC"": 1319, ""S"": 180, ""PYO"": 107, ""HSM"": 18, ""HDM"": 29, ""MV"": 91}","[5, 6, 7, 8, 9, 10, 17, 11, 12, 13]",0.1167
2021,9,14,2,204,15900,77.94,0,112,1617,0.1017,807,810,46,10.03,8.0,1316,287,14,0,13,0.0699,"{""IC"": 1263, ""S"": 265, ""PYO"": 36, ""HSM"": 36, ""HDM"": 17}","[5, 6, 7, 8, 9, 12, 10, 11, 15, 14]",0.1161
2021,9,15,3,210,16064,76.5,1,132,1158,0.0721,576,582,53,15.09,10.0,742,239,177,0,8,0.0616,"{""S"": 169, ""IC"": 936, ""PYO"": 11, ""HDM"": 32, ""MV"": 10}","[5, 7, 6, 8, 10, 23, 9, 11, 30, 27]",0.109
2021,9,16,4,222,17094,77.0,0,276,1643,0.0961,817,826,64,20.26,11.0,974,195,440,34,10,0.0529,"{""S"": 299, ""IC"": 1078, ""PYO"": 95, ""HSM"": 6, ""HDM"": 29, ""MV"": 136}","[5, 6, 43, 7, 9, 10, 8, 11, 12, 13]",0.1036
2021,9,17,5,234,18340,78.38,0,56,1586,0.0865,789,797,39,10.61,8.0,1328,227,31,0,12,0.072,"{""IC"": 1197, ""S"": 185, ""PYO"": 122, ""HDM"": 29, ""MV"": 53}","[5, 6, 7, 8, 9, 11, 13, 10, 12, 14]",0.1019
2021,9,18,6,187,12634,67.56,2,48,962,0.0761,476,486,124,24.22,9.0,684,132,1,145,8,0.0574,"{""IC"": 751, ""S"": 101, ""PYO"": 69, ""HSM"": 1, ""HDM"": 1, ""MV"": 39}","[5, 6, 7, 8, 13, 11, 10, 12, 9, 14]",0.0946
2021,9,19,7,183,13882,75.86,4,88,1928,0.1389,955,973,109,21.39,11.0,1109,461,112,246,13,0.0377,"{""IC"": 1408, ""S"": 419, ""PYO"": 9, ""HSM"": 43, ""HDM"": 36, ""MV"": 13}","[5, 6, 7, 8, 9, 16, 20, 10, 11, 15]",0.0965
2021,9,20,1,212,16464,77.66,0,56,1210,0.0735,599,611,53,14.65,10.0,759,335,116,0,9,0.0665,"{""IC"": 903, ""S"": 204, ""PYO"": 19, ""HDM"": 22, ""MV"": 62}","[5, 6, 7, 9, 10, 8, 11, 29, 27, 12]",0.0921
2021,9,21,2,208,15864,76.27,3,332,1661,0.1047,835,826,155,28.94,10.0,1053,314,64,230,10,0.0329,"{""S"": 184, ""IC"": 1236, ""PYO"": 79, ""HSM"": 64, ""HDM"": 26, ""MV"": 72}","[5, 6, 7, 10, 8, 11, 16, 9, 15, 14]",0.0926
2021,9,22,3,205,15762,76.89,0,160,1633,0.1036,809,824,37,9.84,8.0,1373,256,4,0,10,0.0649,"{""S"": 203, ""IC"": 1177, ""PYO"": 57, ""HSM"": 122, ""HDM"": 37, ""MV"": 37}","[5, 6, 7, 8, 12, 10, 11, 14, 13, 9]",0.0971
2021,9,23,4,217,17030,78.48,1,222,1923,0.1129,969,954,111,15.02,9.0,1385,302,139,97,11,0.048,"{""IC"": 1468, ""S"": 142, ""PYO"": 150, ""HSM"": 48, ""HDM"": 18, ""MV"": 97}","[5, 6, 9, 7, 8, 10, 11, 13, 16, 14]",0.0995
2021,9,24,5,226,17796,78.74,3,146,2809,0.1578,1397,1412,208,18.5,9.0,1995,427,240,147,22,0.0421,"{""IC"": 1948, ""S"": 599, ""PYO"": 123, ""HSM"": 2, ""HDM"": 78, ""MUS"": 44, ""MV"": 8, ""V"": 7}","[5, 6, 7, 8, 10, 9, 11, 12, 13, 14]",0.1096
2021,9,25,6,180,12300,68.33,7,144,1149,0.0934,569,580,37,11.38,10.0,812,330,7,0,11,0.0784,"{""IC"": 856, ""S"": 180, ""PYO"": 47, ""HSM"": 14, ""HDM"": 32, ""MUS"": 18, ""MV"": 2}","[5, 7, 6, 10, 9, 8, 11, 18, 20, 13]",0.1121
2021,9,26,7,181,13860,76.57,0,0,2151,0.1552,1072,1079,128,34.37,18.0,976,293,418,464,16,0.029,"{""IC"": 1601, ""S"": 303, ""PYO"": 91, ""HSM"": 8, ""HDM"": 36, ""MUS"": 56, ""MV"": 33, ""V"": 23}","[5, 6, 7, 9, 10, 8, 11, 32, 20, 17]",0.1144
2021,9,27,1,216,16666,77.16,0,104,2299,0.1379,1152,1147,52,9.87,8.0,2070,157,72,0,12,0.0591,"{""IC"": 1716, ""S"": 363, ""PYO"": 20, ""HSM"": 104, ""HDM"": 29, ""MV"": 66, ""V"": 1}","[5, 6, 7, 8, 9, 12, 11, 10, 13, 14]",0.1236
2021,9,28,2,210,16424,78.21,0,160,1987,0.121,997,990,49,11.42,9.0,1606,307,74,0,14,0.0599,"{""IC"": 1604, ""S"": 183, ""PYO"": 6, ""HSM"": 32, ""HDM"": 72, ""MV"": 90}","[5, 6, 10, 7, 8, 12, 9, 11, 13, 15]",0.126
2021,9,29,3,211,16618,78.76,0,160,1670,0.1005,829,841,274,21.6,10.0,1055,273,261,81,9,0.0494,"{""IC"": 1201, ""S"": 244, ""PYO"": 67, ""HDM"": 10, ""MV"": 148}","[5, 6, 7, 8, 10, 9, 11, 12, 25, 23]",0.1255
2021,9,30,4,218,17148,78.66,3,196,2018,0.1177,1002,1016,128,16.09,9.0,1524,348,58,88,18,0.0509,"{""IC"": 1370, ""S"": 250, ""PYO"": 128, ""HSM"": 69, ""HDM"": 59, ""MV"": 142}","[5, 6, 8, 7, 11, 10, 9, 12, 20, 14]",0.1262
2021,10,1,5,226,17804,78.78,5,168,3690,0.2073,1842,1848,68,15.33,11.0,2322,971,368,29,27,0.0369,"{""IC"": 3025, ""S"": 269, ""PYO"": 138, ""HSM"": 65, ""HDM"": 175, ""MV"": 18}","[5, 6, 7, 8, 9, 10, 11, 13, 12, 14]",0.1333
2021,10,2,6,186,12306,66.16,6,90,1606,0.1305,798,808,162,14.33,9.0,1107,343,140,16,8,0.0603,"{""IC"": 1053, ""S"": 277, ""PYO"": 43, ""HDM"": 57, ""MUS"": 2, ""MV"": 174}","[5, 6, 8, 7, 9, 11, 10, 12, 17, 13]",0.1386
2021,10,3,7,179,13796,77.07,3,42,2346,0.17,1177,1169,118,23.97,11.0,1434,449,193,270,14,0.03,"{""IC"": 1702, ""S"": 496, ""PYO"": 4, ""HDM"": 144}","[5, 6, 7, 8, 10, 9, 11, 13, 15, 12]",0.1407
2021,10,4,1,214,16466,76.94,7,250,2732,0.1659,1372,1360,38,11.91,10.0,1919,780,33,0,14,0.0452,"{""IC"": 1930, ""S"": 581, ""PYO"": 11, ""HSM"": 101, ""HDM"": 109}","[5, 6, 7, 10, 9, 12, 11, 8, 13, 19]",0.1447
2021,10,5,2,209,16274,77.87,2,198,2126,0.1306,1067,1059,43,11.91,8.0,1615,334,177,0,14,0.0569,"{""IC"": 1603, ""S"": 336, ""PYO"": 13, ""HDM"": 174}","[5, 6, 7, 8, 9, 11, 10, 12, 13, 14]",0.1461
2021,10,6,3,214,16370,76.5,3,212,1753,0.1071,881,872,74,15.48,10.0,1174,322,208,49,12,0.0473,"{""IC"": 1245, ""S"": 342, ""PYO"": 14, ""HSM"": 8, ""HDM"": 77, ""MV"": 67}","[5, 6, 7, 8, 9, 10, 11, 12, 14, 15]",0.147
2021,10,7,4,214,16582,77.49,4,306,3056,0.1843,1534,1522,81,15.62,13.0,1752,1081,160,63,26,0.0394,"{""S"": 541, ""IC"": 2347, ""PYO"": 5, ""HSM"": 22, ""HDM"": 141}","[5, 6, 7, 8, 19, 14, 11, 9, 21, 13]",0.1565
2021,10,8,5,231,17814,77.12,7,176,3204,0.1799,1599,1605,49,13.52,8.0,2373,411,420,0,14,0.0408,"{""IC"": 2479, ""S"": 478, ""PYO"": 47, ""HSM"": 30, ""HDM"": 79, ""MV"": 91}","[5, 6, 7, 11, 8, 9, 10, 12, 39, 15]",0.1526
2021,10,9,6,183,12630,69.02,0,0,1284,0.1017,639,645,35,11.19,9.0,1032,218,34,0,9,0.0676,"{""IC"": 875, ""S"": 206, ""PYO"": 73, ""HSM"": 22, ""HDM"": 37, ""MUS"": 5, ""MV"": 66}","[5, 6, 7, 9, 12, 8, 10, 13, 11, 14]",0.1485
2021,10,10,7,186,14208,76.39,0,62,3060,0.2154,1531,1529,184,24.11,11.0,1748,769,349,194,15,0.0279,"{""IC"": 2481, ""S"": 373, ""PYO"": 3, ""HSM"": 62, ""HDM"": 93, ""MV"": 46, ""V"": 2}","[5, 6, 7, 9, 8, 10, 12, 11, 22, 21]",0.155
2021,10,11,1,219,16918,77.25,8,292,3156,0.1865,1582,1574,42,11.5,9.0,2398,657,101,0,10,0.0415,"{""IC"": 2690, ""S"": 307, ""PYO"": 60, ""HDM"": 97, ""MV"": 2}","[5, 6, 7, 8, 11, 10, 9, 12, 14, 13]",0.1579
2021,10,12,2,210,16602,79.06,4,202,1762,0.1061,884,878,23,9.25,8.0,1461,301,0,0,7,0.0636,"{""IC"": 1322, ""S"": 315, ""PYO"": 4, ""HSM"": 63, ""HDM"": 49, ""MV"": 9}","[5, 6, 7, 9, 8, 10, 18, 12, 15, 11]",0.1544
2021,10,13,3,213,16718,78.49,3,172,882,0.0528,444,438,28,7.47,6.0,829,53,0,0,3,0.0924,"{""IC"": 692, ""S"": 141, ""PYO"": 10, ""HSM"": 1, ""HDM"": 10, ""MV"": 28}","[5, 6, 7, 8, 9, 11, 10, 14, 15, 16]",0.1467
2021,10,14,4,214,16882,78.89,1,132,1432,0.0848,723,709,57,15.87,10.0,886,300,246,0,7,0.0606,"{""IC"": 1087, ""S"": 150, ""PYO"": 55, ""HSM"": 43, ""HDM"": 21, ""MV"": 76}","[5, 6, 7, 11, 9, 21, 8, 10, 13, 20]",0.1325
2021,10,15,5,225,17926,79.67,1,118,4236,0.2363,2116,2120,54,12.81,9.0,2954,1023,259,0,20,0.0307,"{""IC"": 3092, ""S"": 578, ""PYO"": 329, ""HSM"": 22, ""HDM"": 160, ""MUS"": 55}","[5, 6, 8, 7, 9, 10, 12, 11, 13, 19]",0.1405
2021,10,16,6,184,13058,70.97,3,124,2570,0.1968,1280,1290,190,22.32,9.0,1841,327,95,307,20,0.0335,"{""IC"": 1883, ""S"": 206, ""PYO"": 236, ""HSM"": 18, ""HDM"": 50, ""P"": 37, ""MUS"": 52, ""MV"": 88}","[5, 6, 7, 8, 10, 9, 13, 12, 11, 14]",0.1541
2021,10,17,7,181,14170,78.29,1,210,2737,0.1932,1369,1368,148,25.39,15.0,1365,583,465,324,19,0.0296,"{""IC"": 2071, ""S"": 434, ""PYO"": 57, ""HSM"": 23, ""HDM"": 55, ""MUS"": 56, ""MV"": 41}","[5, 6, 7, 20, 11, 12, 10, 13, 8, 9]",0.1509
2021,10,18,1,216,16956,78.5,1,140,3861,0.2277,1927,1934,121,22.32,13.0,2151,1145,149,416,21,0.0243,"{""IC"": 3122, ""S"": 471, ""PYO"": 17, ""HSM"": 65, ""HDM"": 186}","[5, 6, 7, 8, 9, 14, 13, 15, 17, 18]",0.1568
2021,10,19,2,215,17086,79.47,4,446,3297,0.193,1650,1647,92,15.31,11.0,1974,898,405,20,20,0.0325,"{""IC"": 2595, ""S"": 546, ""PYO"": 18, ""HSM"": 55, ""HDM"": 76, ""MV"": 7}","[5, 6, 7, 8, 10, 9, 11, 13, 12, 19]",0.1692
2021,10,20,3,216,17124,79.28,5,572,4394,0.2566,2201,2193,218,21.18,11.0,2767,901,502,224,18,0.0234,"{""IC"": 3561, ""S"": 716, ""HSM"": 2, ""HDM"": 85, ""MV"": 30}","[5, 6, 8, 7, 9, 10, 11, 12, 13, 16]",0.1983
2021,10,21,4,219,17206,78.57,4,482,3846,0.2235,1920,1926,63,14.38,10.0,2656,746,428,16,18,0.0307,"{""IC"": 3422, ""S"": 292, ""PYO"": 48, ""HSM"": 3, ""HDM"": 61, ""MV"": 20}","[5, 6, 7, 8, 10, 9, 12, 11, 13, 15]",0.2182
2021,10,22,5,225,17686,78.6,0,56,3469,0.1961,1740,1729,93,17.33,10.0,2235,718,311,205,25,0.0279,"{""IC"": 2777, ""S"": 489, ""PYO"": 62, ""HSM"": 19, ""HDM"": 122}","[5, 6, 7, 8, 9, 10, 12, 11, 20, 17]",0.2124
2021,10,23,6,184,12870,69.95,1,34,2407,0.187,1204,1203,53,13.95,11.0,1540,666,201,0,15,0.0398,"{""IC"": 1622, ""S"": 435, ""PYO"": 88, ""HDM"": 120, ""MUS"": 37, ""MV"": 2, ""V"": 103}","[5, 6, 8, 7, 9, 11, 15, 13, 10, 14]",0.211
2021,10,24,7,183,13450,73.5,0,0,2200,0.1636,1100,1100,45,11.47,9.0,1649,479,72,0,9,0.042,"{""IC"": 1715, ""S"": 467, ""PYO"": 2, ""HSM"": 1, ""HDM"": 15}","[5, 6, 7, 10, 9, 11, 8, 14, 12, 13]",0.2068
2021,10,25,1,215,16842,78.33,2,96,2853,0.1694,1430,1423,37,11.69,10.0,2178,614,61,0,18,0.0428,"{""IC"": 2175, ""S"": 535, ""PYO"": 32, ""HSM"": 26, ""HDM"": 58, ""MV"": 27}","[5, 8, 6, 7, 9, 10, 11, 12, 13, 14]",0.1985
2021,10,26,2,214,16902,78.98,1,142,1891,0.1119,951,940,42,10.21,8.0,1571,280,40,0,5,0.0594,"{""IC"": 1621, ""S"": 165, ""PYO"": 12, ""HSM"": 19, ""HDM"": 27, ""MV"": 47}","[5, 6, 7, 8, 9, 10, 11, 12, 13, 22]",0.1869
2021,10,27,3,217,16928,78.01,3,206,3076,0.1817,1534,1542,72,16.21,10.0,2104,414,450,108,15,0.0344,"{""IC"": 2500, ""S"": 393, ""PYO"": 94, ""HDM"": 83, ""MV"": 6}","[5, 6, 7, 8, 9, 11, 10, 12, 13, 14]",0.1762
2021,10,28,4,214,16868,78.82,0,112,1673,0.0992,842,831,32,8.16,7.0,1599,68,6,0,5,0.0705,"{""S"": 311, ""IC"": 1338, ""PYO"": 3, ""HDM"": 5, ""MV"": 16}","[5, 6, 7, 8, 10, 11, 9, 12, 13, 14]",0.1584
2021,10,29,5,229,17758,77.55,3,118,1656,0.0933,828,828,52,8.61,7.0,1524,104,28,0,7,0.0717,"{""S"": 240, ""IC"": 1312, ""PYO"": 23, ""HSM"": 46, ""HDM"": 32, ""MV"": 3}","[5, 6, 7, 8, 9, 10, 11, 12, 13, 14]",0.1437
2021,10,30,6,164,12342,75.26,2,452,1855,0.1503,932,923,84,27.5,12.0,982,172,354,347,9,0.0287,"{""S"": 367, ""IC"": 1086, ""PYO"": 323, ""HDM"": 56, ""V"": 5, ""MV"": 18}","[5, 6, 8, 7, 61, 60, 9, 10, 58, 59]",0.1385
2021,10,31,7,170,13728,80.75,1,242,2893,0.2107,1441,1452,54,13.7,11.0,1920,722,251,0,18,0.0362,"{""IC"": 2213, ""S"": 444, ""PYO"": 15, ""HSM"": 18, ""HDM"": 113, ""MV"": 90}","[5, 6, 7, 13, 9, 10, 15, 8, 11, 14]",0.1452
2021,11,1,1,232,17946,77.35,19,1580,2314,0.1289,1155,1159,109,11.53,8.0,1786,401,126,1,20,0.0538,"{""S"": 428, ""IC"": 1615, ""PYO"": 82, ""HSM"": 157, ""HDM"": 26, ""MV"": 6}","[5, 6, 7, 8, 9, 10, 11, 16, 15, 13]",0.1394
2021,11,2,2,214,16866,78.81,1,90,1613,0.0956,805,808,33,10.12,7.0,1299,249,65,0,12,0.0643,"{""IC"": 1215, ""S"": 250, ""PYO"": 20, ""HSM"": 28, ""HDM"": 2, ""MV"": 98}","[5, 6, 7, 8, 9, 10, 11, 18, 32, 12]",0.1371
2021,11,3,3,216,16658,77.12,2,58,1975,0.1186,985,990,46,10.82,9.0,1564,363,48,0,13,0.0551,"{""S"": 240, ""IC"": 1617, ""PYO"": 27, ""HDM"": 39, ""MV"": 6, ""V"": 46}","[5, 6, 7, 9, 8, 10, 11, 12, 13, 14]",0.1281
2021,11,4,4,213,16622,78.04,2,64,3309,0.1991,1653,1656,239,15.57,12.0,1971,946,388,4,23,0.0348,"{""IC"": 2745, ""S"": 367, ""PYO"": 3, ""HSM"": 30, ""HDM"": 146, ""MV"": 18}","[6, 5, 7, 8, 11, 12, 14, 13, 9, 10]",0.1424
2021,11,5,5,235,17970,76.47,0,122,2361,0.1314,1185,1176,130,18.33,10.0,1623,404,160,174,16,0.0432,"{""IC"": 1895, ""S"": 282, ""PYO"": 1, ""HSM"": 22, ""HDM"": 88, ""MV"": 72, ""V"": 1}","[5, 6, 7, 10, 8, 9, 11, 14, 17, 16]",0.1478
2021,11,6,6,184,12874,69.97,1,66,901,0.07,454,447,88,13.92,7.0,786,30,15,70,8,0.0697,"{""IC"": 557, ""S"": 169, ""PYO"": 49, ""HSM"": 15, ""HDM"": 16, ""MUS"": 10, ""MV"": 85}","[5, 6, 7, 8, 9, 10, 12, 11, 15, 13]",0.1363
2021,11,7,7,186,14292,76.84,0,0,2245,0.1571,1116,1129,75,11.69,7.0,1707,412,100,26,14,0.0404,"{""IC"": 1619, ""S"": 384, ""PYO"": 80, ""HDM"": 29, ""MV"": 133}","[5, 6, 7, 8, 10, 9, 11, 12, 15, 17]",0.1287
2021,11,8,1,214,16206,75.73,0,24,2717,0.1677,1360,1357,56,13.79,9.0,1909,493,315,0,21,0.0369,"{""S"": 409, ""IC"": 2103, ""PYO"": 49, ""HDM"": 74, ""MV"": 82}","[5, 6, 7, 8, 9, 10, 12, 14, 13, 11]",0.1342
2021,11,9,2,219,16376,74.78,2,104,2812,0.1717,1412,1400,109,17.49,9.0,1945,408,298,161,15,0.0399,"{""S"": 446, ""IC"": 2116, ""PYO"": 2, ""HSM"": 8, ""HDM"": 65, ""MV"": 175}","[5, 7, 6, 8, 9, 10, 11, 12, 13, 14]",0.1451
2021,11,10,3,215,16306,75.84,2,34,1966,0.1206,989,977,81,10.77,8.0,1549,324,92,1,10,0.0595,"{""IC"": 1676, ""S"": 151, ""PYO"": 2, ""HDM"": 22, ""MV"": 115}","[5, 6, 8, 7, 9, 11, 10, 15, 12, 14]",0.1454
2021,11,11,4,212,16170,76.27,0,0,1520,0.094,758,762,50,10.06,8.0,1308,134,78,0,8,0.0655,"{""IC"": 1256, ""S"": 158, ""PYO"": 20, ""HSM"": 71, ""HDM"": 10, ""MV"": 5}","[5, 6, 8, 9, 7, 10, 11, 12, 15, 17]",0.1304
2021,11,12,5,229,17440,76.16,1,56,2031,0.1165,1008,1023,118,11.93,8.0,1750,146,99,36,11,0.056,"{""IC"": 1652, ""S"": 161, ""PYO"": 53, ""HSM"": 15, ""HDM"": 114, ""MV"": 36}","[5, 6, 8, 7, 9, 10, 11, 14, 12, 13]",0.1282
2021,11,13,6,178,12874,72.33,0,0,1322,0.1027,656,666,31,10.31,7.0,993,328,1,0,7,0.0627,"{""IC"": 1063, ""S"": 201, ""PYO"": 41, ""HDM"": 17}","[5, 6, 7, 8, 9, 18, 19, 11, 20, 10]",0.1329
2021,11,14,7,180,14130,78.5,3,60,2554,0.1808,1272,1282,131,21.57,10.0,1725,275,217,337,9,0.0279,"{""IC"": 2085, ""S"": 425, ""PYO"": 4, ""HDM"": 40}","[5, 7, 6, 8, 9, 10, 11, 12, 13, 37]",0.1363
2021,11,15,1,216,16246,75.21,1,20,2223,0.1368,1105,1118,32,10.35,8.0,1781,428,14,0,21,0.0528,"{""IC"": 1632, ""S"": 341, ""PYO"": 10, ""HSM"": 64, ""HDM"": 77, ""MV"": 99}","[5, 6, 7, 8, 9, 11, 10, 13, 12, 14]",0.1319
2021,11,16,2,216,16394,75.9,3,148,1625,0.0991,813,812,35,9.65,7.0,1361,235,29,0,8,0.0618,"{""IC"": 1302, ""S"": 217, ""PYO"": 6, ""HSM"": 1, ""HDM"": 71, ""MV"": 28}","[5, 6, 7, 8, 9, 10, 17, 11, 13, 14]",0.1215
2021,11,17,3,220,16710,75.95,5,282,1973,0.1181,987,986,52,14.8,9.0,1254,397,322,0,14,0.0515,"{""IC"": 1365, ""S"": 350, ""HSM"": 23, ""HDM"": 56, ""MV"": 179}","[5, 6, 8, 7, 9, 10, 31, 11, 16, 20]",0.1211
2021,11,18,4,216,16452,76.17,7,228,1947,0.1183,981,966,212,17.22,7.0,1590,161,37,159,13,0.049,"{""S"": 188, ""IC"": 1656, ""PYO"": 18, ""HSM"": 1, ""HDM"": 16, ""MV"": 68}","[5, 6, 7, 8, 10, 9, 11, 12, 14, 13]",0.1246
2021,11,19,5,237,17740,74.85,5,130,4008,0.2259,1997,2011,55,13.25,10.0,2872,772,364,0,28,0.0342,"{""S"": 471, ""IC"": 3178, ""PYO"": 108, ""HSM"": 104, ""HDM"": 106, ""MUS"": 1, ""MV"": 40}","[5, 7, 6, 8, 9, 11, 12, 10, 13, 14]",0.1402
2021,11,20,6,177,12548,70.89,0,0,933,0.0744,461,472,64,12.29,8.0,778,93,13,49,10,0.0799,"{""S"": 260, ""IC"": 548, ""PYO"": 56, ""HDM"": 63, ""MUS"": 6}","[5, 6, 7, 9, 11, 10, 8, 13, 14, 12]",0.1362
2021,11,21,7,188,13914,74.01,1,14,2147,0.1543,1072,1075,82,16.37,8.0,1595,282,83,187,4,0.0394,"{""IC"": 1752, ""S"": 360, ""PYO"": 2, ""HSM"": 14, ""HDM"": 1, ""MV"": 14, ""V"": 4}","[5, 6, 8, 7, 9, 10, 11, 14, 12, 16]",0.1324
2021,11,22,1,212,16200,76.42,1,20,2978,0.1838,1496,1482,51,12.97,9.0,2234,388,356,0,11,0.0355,"{""IC"": 2471, ""S"": 392, ""PYO"": 30, ""HSM"": 33, ""HDM"": 35, ""MV"": 17}","[5, 6, 7, 8, 9, 10, 11, 12, 14, 13]",0.1391
2021,11,23,2,218,16444,75.43,4,386,3090,0.1879,1548,1542,109,13.96,9.0,2441,412,127,110,15,0.0343,"{""IC"": 2497, ""S"": 220, ""PYO"": 8, ""HSM"": 105, ""HDM"": 65, ""MV"": 195}","[5, 6, 7, 8, 9, 13, 10, 11, 12, 14]",0.1518
2021,11,24,3,209,16084,76.96,0,0,1949,0.1212,975,974,68,11.82,7.0,1648,155,101,45,6,0.0501,"{""IC"": 1444, ""S"": 346, ""PYO"": 38, ""HSM"": 102, ""HDM"": 19}","[5, 6, 7, 8, 9, 12, 11, 10, 15, 14]",0.1523
2021,11,25,4,216,16474,76.27,2,156,3585,0.2176,1787,1798,129,19.16,11.0,2219,825,315,226,29,0.0223,"{""IC"": 2889, ""S"": 422, ""PYO"": 15, ""HSM"": 40, ""HDM"": 97, ""MV"": 122}","[5, 6, 7, 8, 10, 9, 11, 15, 14, 16]",0.1664
2021,11,26,5,233,17672,75.85,11,250,3757,0.2126,1875,1882,68,13.49,9.0,2859,549,286,63,16,0.0299,"{""S"": 591, ""IC"": 2771, ""PYO"": 104, ""HSM"": 28, ""HDM"": 76, ""MUS"": 94, ""MV"": 88, ""V"": 5}","[5, 6, 7, 8, 9, 10, 11, 13, 12, 15]",0.1645
2021,11,27,6,192,12976,67.58,2,40,1893,0.1459,940,953,38,13.09,10.0,1308,426,159,0,16,0.0448,"{""IC"": 1272, ""S"": 250, ""PYO"": 146, ""HSM"": 12, ""HDM"": 85, ""MUS"": 125, ""MV"": 1, ""V"": 2}","[5, 6, 7, 8, 9, 10, 11, 13, 14, 18]",0.1748
2021,11,28,7,197,14646,74.35,5,72,2136,0.1458,1057,1079,191,15.54,9.0,1661,399,6,70,13,0.0368,"{""IC"": 1501, ""S"": 361, ""PYO"": 55, ""HDM"": 105, ""MUS"": 49, ""MV"": 43, ""V"": 22}","[5, 7, 6, 9, 8, 10, 11, 12, 13, 16]",0.1735
2021,11,29,1,213,16480,77.37,2,40,3376,0.2049,1687,1689,99,15.91,10.0,2142,879,247,108,22,0.0302,"{""IC"": 2669, ""S"": 450, ""PYO"": 39, ""HSM"": 164, ""HDM"": 54}","[5, 6, 7, 8, 9, 10, 11, 12, 13, 14]",0.1766
2021,11,30,2,215,16578,77.11,4,194,3474,0.2096,1748,1726,56,14.91,11.0,2242,803,429,0,21,0.0328,"{""S"": 614, ""IC"": 2630, ""PYO"": 27, ""HSM"": 38, ""HDM"": 126, ""MV"": 39}","[5, 6, 7, 8, 9, 14, 16, 10, 13, 11]",0.1797
2021,12,1,3,214,16578,77.47,4,112,4730,0.2853,2371,2359,220,30.4,12.0,2756,851,418,705,25,0.0196,"{""IC"": 3680, ""S"": 680, ""PYO"": 193, ""HSM"": 22, ""HDM"": 136, ""MV"": 7, ""V"": 12}","[5, 8, 7, 6, 9, 10, 11, 12, 13, 17]",0.2031
2021,12,2,4,228,16998,74.55,4,272,4454,0.262,2228,2226,112,19.85,12.0,2619,932,622,281,31,0.0224,"{""IC"": 3354, ""S"": 514, ""PYO"": 75, ""HSM"": 15, ""HDM"": 191, ""MV"": 305}","[5, 6, 7, 8, 9, 10, 11, 13, 14, 12]",0.2094
2021,12,3,5,234,17980,76.84,8,254,5669,0.3153,2837,2832,132,20.94,10.0,3421,1007,834,407,33,0.0229,"{""IC"": 4473, ""S"": 829, ""PYO"": 95, ""HSM"": 45, ""HDM"": 187, ""MV"": 38, ""V"": 2}","[5, 6, 7, 9, 8, 10, 11, 15, 12, 13]",0.2241
2021,12,4,6,183,12798,69.93,1,30,2429,0.1898,1210,1219,131,17.98,8.0,1784,224,260,161,12,0.0338,"{""IC"": 1892, ""S"": 370, ""PYO"": 93, ""HSM"": 1, ""HDM"": 15, ""MV"": 58}","[6, 5, 7, 8, 9, 10, 13, 12, 11, 14]",0.2304
2021,12,5,7,162,11870,73.27,2,102,2837,0.239,1417,1420,201,20.99,9.0,2011,395,212,219,14,0.0301,"{""IC"": 2195, ""S"": 424, ""PYO"": 11, ""HSM"": 71, ""HDM"": 69, ""MV"": 67}","[5, 7, 6, 9, 8, 10, 11, 12, 13, 16]",0.2437
2021,12,6,1,181,14114,77.98,1,128,4293,0.3042,2141,2152,150,16.61,12.0,2551,1294,394,54,29,0.0221,"{""IC"": 3304, ""S"": 601, ""PYO"": 126, ""HSM"": 33, ""HDM"": 84, ""MV"": 145}","[7, 6, 5, 8, 9, 11, 12, 13, 10, 15]",0.2579
2021,12,7,2,213,16546,77.68,9,266,5775,0.349,2893,2882,54,15.3,12.0,3571,1502,702,0,34,0.0214,"{""IC"": 4310, ""S"": 1105, ""PYO"": 122, ""HSM"": 116, ""HDM"": 101, ""MV"": 21}","[5, 7, 6, 8, 9, 10, 14, 11, 15, 13]",0.2778
2021,12,8,3,213,16604,77.95,0,92,4637,0.2793,2324,2313,113,17.61,11.0,3021,1109,205,302,29,0.0215,"{""IC"": 3605, ""S"": 762, ""PYO"": 123, ""HSM"": 71, ""HDM"": 23, ""MV"": 53}","[5, 6, 7, 8, 11, 10, 9, 12, 13, 14]",0.2769
2021,12,9,4,217,16594,76.47,4,124,3803,0.2292,1902,1901,50,9.72,8.0,3248,489,66,0,17,0.0342,"{""IC"": 2858, ""S"": 835, ""PYO"": 36, ""HSM"": 11, ""HDM"": 43, ""MV"": 20}","[5, 6, 7, 8, 10, 9, 11, 12, 13, 20]",0.2723
2021,12,10,5,236,18038,76.43,1,122,4500,0.2495,2251,2249,151,12.94,9.0,3653,633,73,141,27,0.0349,"{""IC"": 3358, ""S"": 821, ""PYO"": 44, ""HSM"": 46, ""HDM"": 151, ""MV"": 80}","[5, 6, 7, 8, 11, 10, 12, 9, 13, 14]",0.2629
2021,12,11,6,186,13280,71.4,4,218,2285,0.1721,1142,1143,93,14.24,9.0,1730,327,152,76,8,0.035,"{""IC"": 1621, ""S"": 190, ""PYO"": 261, ""HSM"": 1, ""HDM"": 78, ""MV"": 134}","[5, 6, 7, 8, 9, 12, 13, 11, 10, 14]",0.2603
2021,12,12,7,190,14940,78.63,6,312,3977,0.2662,1986,1991,70,15.58,10.0,2618,783,552,24,26,0.0274,"{""IC"": 3084, ""S"": 533, ""PYO"": 22, ""HSM"": 83, ""HDM"": 89, ""AE"": 154, ""MV"": 12}","[5, 6, 8, 9, 7, 10, 12, 13, 11, 16]",0.2642
2021,12,13,1,220,17342,78.83,1,48,3871,0.2232,1939,1932,57,14.91,10.0,2451,989,431,0,21,0.0306,"{""IC"": 2778, ""S"": 788, ""PYO"": 41, ""HSM"": 42, ""HDM"": 89, ""AE"": 76, ""MV"": 57}","[5, 6, 7, 8, 9, 10, 12, 13, 21, 11]",0.2526
2021,12,14,2,218,17298,79.35,2,40,2888,0.167,1446,1442,104,15.65,11.0,1864,756,172,96,13,0.0397,"{""S"": 372, ""IC"": 2227, ""PYO"": 74, ""HSM"": 22, ""HDM"": 69, ""AE"": 103, ""MV"": 21}","[5, 6, 7, 13, 10, 9, 8, 12, 17, 11]",0.2266
2021,12,15,3,220,17336,78.8,2,520,2990,0.1725,1500,1490,137,21.78,10.0,1917,613,241,219,14,0.0311,"{""IC"": 2106, ""S"": 600, ""PYO"": 37, ""HSM"": 40, ""HDM"": 43, ""AE"": 120, ""MV"": 44}","[6, 5, 7, 8, 9, 10, 11, 12, 119, 13]",0.2114
2021,12,16,4,227,17844,78.61,0,500,2599,0.1457,1305,1294,54,12.02,8.0,1945,524,130,0,16,0.0476,"{""IC"": 1717, ""S"": 463, ""PYO"": 130, ""HSM"": 65, ""HDM"": 75, ""AE"": 63, ""MV"": 86}","[5, 6, 7, 8, 9, 10, 20, 11, 14, 16]",0.1995
2021,12,17,5,243,19276,79.33,7,892,3265,0.1694,1622,1643,148,13.03,9.0,2390,701,124,50,20,0.0433,"{""IC"": 2555, ""S"": 434, ""PYO"": 175, ""HSM"": 33, ""HDM"": 54, ""AE"": 14}","[5, 6, 7, 8, 11, 10, 9, 12, 14, 13]",0.188
2021,12,18,6,197,15870,80.56,3,588,2935,0.1849,1467,1468,207,22.82,10.0,2145,448,66,276,8,0.0224,"{""IC"": 2019, ""S"": 324, ""PYO"": 422, ""HDM"": 43, ""AE"": 25, ""MV"": 102}","[5, 7, 8, 6, 10, 11, 9, 12, 13, 17]",0.1898
2021,12,19,7,191,15394,80.6,0,494,2422,0.1573,1196,1226,138,15.11,8.0,1991,201,84,146,15,0.0425,"{""S"": 346, ""IC"": 1748, ""PYO"": 138, ""HSM"": 15, ""HDM"": 60, ""AE"": 115}","[5, 6, 7, 8, 11, 9, 10, 12, 13, 16]",0.1743
2021,12,20,1,226,18134,80.24,3,312,4679,0.258,2335,2344,87,16.91,12.0,2886,1055,624,114,28,0.0253,"{""IC"": 3406, ""S"": 774, ""PYO"": 267, ""HSM"": 23, ""HDM"": 88, ""AE"": 45, ""MV"": 76}","[5, 7, 6, 10, 8, 9, 14, 11, 12, 13]",0.1793
2021,12,21,2,219,17836,81.44,1,14,5095,0.2857,2548,2547,99,16.96,10.0,3492,843,458,302,24,0.0229,"{""IC"": 3692, ""S"": 917, ""PYO"": 281, ""HSM"": 33, ""HDM"": 111, ""AE"": 61}","[5, 6, 7, 9, 8, 10, 12, 11, 13, 14]",0.1962
2021,12,22,3,233,18500,79.4,4,260,4330,0.2341,2163,2167,119,16.15,10.0,3091,724,319,196,34,0.0266,"{""IC"": 3099, ""S"": 518, ""PYO"": 317, ""HSM"": 54, ""HDM"": 155, ""AE"": 71, ""MV"": 116}","[5, 6, 7, 10, 8, 9, 13, 11, 12, 14]",0.205
2021,12,23,4,239,18880,79.0,8,584,7807,0.4135,3909,3898,246,24.18,16.0,3576,2506,1282,443,44,0.0172,"{""S"": 1476, ""IC"": 5541, ""PYO"": 244, ""HSM"": 45, ""HDM"": 197, ""AE"": 192, ""MV"": 112}","[5, 7, 6, 8, 9, 10, 19, 17, 21, 14]",0.2433
2021,12,24,5,109,8240,75.6,0,0,2911,0.3533,1455,1456,230,22.37,10.0,2055,438,283,135,16,0.0157,"{""IC"": 1950, ""S"": 729, ""HSM"": 20, ""HDM"": 58, ""AE"": 146, ""MV"": 8}","[5, 6, 8, 7, 9, 10, 11, 12, 13, 14]",0.2695
2021,12,25,6,143,11750,82.17,4,96,2881,0.2452,1442,1439,50,11.04,9.0,2326,471,84,0,16,0.0338,"{""IC"": 2153, ""S"": 448, ""PYO"": 109, ""HSM"": 29, ""HDM"": 16, ""AE"": 48, ""MV"": 78}","[7, 5, 6, 8, 9, 10, 11, 14, 13, 15]",0.2782
2021,12,26,7,196,15796,80.59,5,440,5489,0.3475,2745,2744,125,20.72,11.0,3581,953,521,434,38,0.0196,"{""IC"": 4014, ""S"": 984, ""PYO"": 227, ""HSM"": 1, ""HDM"": 130, ""AE"": 101, ""MV"": 32}","[5, 6, 8, 7, 9, 10, 12, 11, 13, 14]",0.3053
2021,12,27,1,221,17704,80.11,5,316,5709,0.3225,2849,2860,60,15.12,11.0,3473,1621,607,8,25,0.0234,"{""IC"": 4221, ""S"": 738, ""PYO"": 446, ""HSM"": 34, ""HDM"": 65, ""AE"": 98, ""MV"": 107}","[5, 6, 7, 8, 9, 10, 13, 11, 18, 12]",0.3145
2021,12,28,2,215,17344,80.67,3,98,2431,0.1402,1210,1221,52,12.55,9.0,1750,503,178,0,14,0.0467,"{""S"": 493, ""IC"": 1281, ""PYO"": 383, ""HSM"": 108, ""HDM"": 40, ""AE"": 78, ""MV"": 48}","[5, 6, 7, 8, 9, 11, 15, 14, 12, 13]",0.2938
2021,12,29,3,218,17486,80.21,1,66,3638,0.2081,1817,1821,129,21.3,10.0,2165,779,338,356,19,0.0252,"{""S"": 389, ""IC"": 2951, ""PYO"": 185, ""HSM"": 40, ""HDM"": 47, ""MV"": 26}","[5, 6, 7, 8, 9, 10, 11, 18, 12, 17]",0.29
2021,12,30,4,221,17488,79.13,17,326,3638,0.208,1824,1814,50,12.28,10.0,2603,836,199,0,15,0.0362,"{""S"": 587, ""IC"": 2711, ""PYO"": 182, ""HSM"": 11, ""HDM"": 109, ""AE"": 24, ""MV"": 14}","[5, 6, 8, 7, 10, 11, 12, 9, 13, 16]",0.2607
2021,12,31,5,237,18416,77.7,11,910,3360,0.1825,1675,1685,64,13.46,9.0,2447,621,278,14,24,0.0414,"{""IC"": 2466, ""S"": 592, ""PYO"": 169, ""HDM"": 99, ""AE"": 6, ""MV"": 28}","[5, 6, 9, 7, 8, 10, 11, 14, 12, 13]",0.2363
2022,1,1,6,187,15678,83.84,2,238,2616,0.1669,1312,1304,192,17.6,11.0,1616,449,490,61,18,0.0441,"{""IC"": 1899, ""S"": 231, ""PYO"": 111, ""HDM"": 31, ""AE"": 137, ""MV"": 207}","[5, 6, 7, 10, 8, 9, 11, 12, 13, 14]",0.2251
2022,1,2,7,192,15348,79.94,2,130,4449,0.2899,2224,2225,140,23.0,12.0,2635,776,470,568,23,0.0198,"{""IC"": 3279, ""S"": 698, ""PYO"": 359, ""HSM"": 13, ""HDM"": 46, ""AE"": 12, ""MV"": 42}","[5, 6, 7, 8, 11, 10, 9, 12, 13, 14]",0.2169
2022,1,3,1,220,17538,79.72,6,138,4627,0.2638,2320,2307,150,13.65,10.0,3136,1104,357,30,22,0.0309,"{""IC"": 3605, ""S"": 524, ""PYO"": 299, ""HSM"": 8, ""HDM"": 66, ""AE"": 95, ""MV"": 30}","[5, 6, 7, 8, 9, 10, 11, 15, 16, 14]",0.2085
2022,1,4,2,215,17282,80.38,2,104,5041,0.2917,2532,2509,96,15.65,11.0,3266,1243,409,123,33,0.0243,"{""IC"": 3593, ""S"": 715, ""PYO"": 315, ""HSM"": 22, ""HDM"": 170, ""AE"": 178, ""MV"": 48}","[5, 6, 7, 8, 10, 9, 11, 12, 14, 13]",0.2301
2022,1,5,3,197,16810,85.33,5,224,3842,0.2286,1920,1922,98,15.84,12.0,2310,989,533,10,24,0.0343,"{""IC"": 3039, ""S"": 256, ""PYO"": 132, ""HDM"": 147, ""AE"": 149, ""MV"": 119}","[5, 6, 7, 8, 9, 10, 11, 13, 15, 12]",0.2331
2022,1,6,4,173,15374,88.87,4,284,4752,0.3091,2379,2373,105,15.52,10.0,3474,750,398,130,25,0.0228,"{""IC"": 3609, ""S"": 428, ""PYO"": 372, ""HDM"": 81, ""AE"": 153, ""MV"": 109}","[5, 6, 8, 7, 9, 10, 11, 13, 12, 14]",0.2475
2022,1,7,5,208,17656,84.88,3,132,3849,0.218,1924,1925,63,14.57,9.0,2635,697,466,51,23,0.0315,"{""IC"": 2755, ""S"": 602, ""PYO"": 247, ""HDM"": 138, ""AE"": 61, ""MV"": 46}","[5, 6, 7, 9, 8, 10, 11, 12, 15, 16]",0.2526
2022,1,8,6,171,14996,87.7,4,216,2163,0.1442,1081,1082,199,16.99,8.0,1493,246,351,73,16,0.0429,"{""S"": 208, ""IC"": 1694, ""PYO"": 222, ""HDM"": 39}","[5, 6, 7, 8, 9, 10, 12, 44, 11, 13]",0.2493
2022,1,9,7,173,14832,85.73,1,48,4605,0.3105,2297,2308,157,21.14,11.0,2795,971,410,429,25,0.0194,"{""IC"": 3685, ""S"": 624, ""PYO"": 174, ""HDM"": 122}","[5, 6, 7, 8, 9, 10, 11, 12, 17, 14]",0.2523
2022,1,10,1,188,16032,85.28,10,254,3363,0.2098,1686,1677,208,16.41,10.0,2349,570,301,143,21,0.0368,"{""IC"": 2551, ""S"": 476, ""PYO"": 98, ""HDM"": 72, ""AE"": 120, ""MV"": 46}","[5, 6, 7, 9, 10, 8, 12, 11, 15, 13]",0.2446
2022,1,11,2,180,15484,86.02,17,342,5863,0.3786,2942,2921,152,22.79,12.0,3293,1220,917,433,27,0.015,"{""IC"": 4472, ""S"": 896, ""PYO"": 254, ""HDM"": 72, ""AE"": 158, ""MV"": 11}","[5, 6, 7, 9, 8, 10, 11, 12, 13, 15]",0.257
2022,1,12,3,190,15898,83.67,10,1054,3763,0.2367,1888,1875,366,27.19,12.0,2245,503,625,390,13,0.0274,"{""IC"": 2741, ""S"": 459, ""PYO"": 219, ""HDM"": 14, ""AE"": 150, ""MV"": 180}","[5, 6, 10, 7, 9, 11, 8, 12, 13, 14]",0.2581
2022,1,13,4,192,16182,84.28,1,68,2120,0.131,1058,1062,68,9.06,7.0,1954,110,31,25,10,0.0554,"{""IC"": 1701, ""S"": 245, ""PYO"": 79, ""HDM"": 36, ""AE"": 59}","[5, 6, 7, 8, 9, 10, 12, 11, 13, 16]",0.2327
2022,1,14,5,211,17560,83.22,0,40,2267,0.1291,1128,1139,52,13.74,10.0,1439,695,133,0,11,0.0482,"{""IC"": 1631, ""S"": 307, ""PYO"": 116, ""HDM"": 48, ""AE"": 6, ""MV"": 159}","[5, 6, 7, 9, 15, 8, 10, 13, 14, 20]",0.22
2022,1,15,6,170,14588,85.81,1,104,1613,0.1106,810,803,115,9.69,8.0,1397,182,31,3,6,0.0744,"{""IC"": 1317, ""S"": 116, ""PYO"": 87, ""HDM"": 9, ""AE"": 70, ""MUS"": 8, ""MV"": 6}","[5, 6, 7, 10, 8, 9, 11, 12, 13, 15]",0.2152
2022,1,16,7,177,14758,83.38,1,90,2528,0.1713,1259,1269,124,13.05,10.0,1738,639,147,4,16,0.0459,"{""IC"": 2025, ""S"": 291, ""PYO"": 39, ""HDM"": 38, ""AE"": 6, ""MUS"": 5, ""MV"": 124}","[5, 6, 7, 8, 9, 11, 10, 15, 13, 12]",0.1953
2022,1,17,1,188,16024,85.23,2,64,3501,0.2185,1755,1746,95,12.57,9.0,2530,758,185,28,19,0.0364,"{""IC"": 2783, ""S"": 488, ""PYO"": 67, ""HDM"": 85, ""AE"": 20, ""MV"": 58}","[5, 6, 7, 9, 8, 10, 11, 12, 16, 18]",0.1965
2022,1,18,2,184,15684,85.24,2,186,1965,0.1253,987,978,144,17.59,8.0,1563,223,13,166,13,0.043,"{""IC"": 1525, ""S"": 280, ""PYO"": 28, ""HDM"": 33, ""AE"": 8, ""MV"": 91}","[5, 6, 7, 9, 8, 10, 11, 12, 13, 15]",0.1604
2022,1,19,3,181,15498,85.62,0,76,2091,0.1349,1050,1041,169,22.58,10.0,1380,384,190,137,16,0.0382,"{""IC"": 1596, ""S"": 324, ""PYO"": 7, ""HDM"": 130, ""AE"": 6, ""MV"": 28}","[5, 6, 7, 9, 8, 13, 12, 10, 16, 11]",0.1458
2022,1,20,4,198,16548,83.58,5,190,3715,0.2245,1861,1854,46,11.05,8.0,2879,683,153,0,12,0.0352,"{""IC"": 3077, ""S"": 431, ""HDM"": 35, ""AE"": 99, ""MV"": 73}","[5, 6, 7, 8, 9, 10, 11, 15, 13, 12]",0.1592
2022,1,21,5,210,17466,83.17,5,126,3954,0.2264,1981,1973,107,13.37,9.0,2633,1053,238,30,22,0.0333,"{""IC"": 3008, ""S"": 741, ""PYO"": 72, ""HDM"": 109, ""AE"": 24}","[5, 6, 7, 8, 9, 10, 12, 20, 19, 13]",0.1731
2022,1,22,6,166,14534,87.55,4,150,2096,0.1442,1046,1050,74,13.17,9.0,1485,437,154,20,8,0.0463,"{""IC"": 1715, ""S"": 235, ""PYO"": 85, ""HDM"": 42, ""AE"": 19}","[5, 6, 7, 9, 8, 10, 11, 17, 15, 14]",0.1779
2022,1,23,7,169,14478,85.67,1,20,2712,0.1873,1351,1361,71,18.88,11.0,1681,491,373,167,14,0.03,"{""IC"": 2149, ""S"": 413, ""PYO"": 70, ""HDM"": 69, ""AE"": 11}","[5, 6, 8, 7, 9, 10, 11, 13, 12, 15]",0.1802
2022,1,24,1,179,14896,83.22,1,92,1854,0.1245,925,929,79,17.05,11.0,1236,300,235,83,14,0.0451,"{""S"": 386, ""IC"": 1380, ""PYO"": 42, ""HDM"": 42, ""MV"": 4}","[5, 6, 7, 13, 9, 12, 8, 14, 11, 42]",0.1667
2022,1,25,2,170,14018,82.46,3,84,1232,0.0879,611,621,40,13.0,8.0,841,333,58,0,10,0.0697,"{""IC"": 874, ""S"": 178, ""PYO"": 27, ""HDM"": 53, ""AE"": 80, ""MV"": 20}","[5, 6, 7, 8, 9, 10, 20, 21, 11, 28]",0.1614
2022,1,26,3,171,14026,82.02,4,128,2739,0.1953,1372,1367,82,15.63,12.0,1696,779,191,73,12,0.0336,"{""IC"": 2143, ""S"": 299, ""PYO"": 172, ""HDM"": 9, ""AE"": 88, ""MV"": 28}","[5, 6, 7, 8, 9, 12, 10, 14, 17, 11]",0.17
2022,1,27,4,178,14416,80.99,6,206,3035,0.2105,1511,1524,60,15.95,12.0,1714,1036,283,2,19,0.0292,"{""IC"": 2307, ""S"": 566, ""PYO"": 54, ""HDM"": 20, ""AE"": 6, ""MV"": 82}","[5, 6, 8, 7, 9, 10, 11, 12, 17, 16]",0.168
2022,1,28,5,199,16684,83.84,0,24,2910,0.1744,1447,1463,86,12.34,8.0,2364,368,59,119,13,0.0409,"{""IC"": 2421, ""S"": 221, ""PYO"": 110, ""HDM"": 64, ""AE"": 6, ""MV"": 88}","[5, 6, 7, 8, 9, 10, 11, 15, 12, 13]",0.1606
2022,1,29,6,164,13998,85.35,2,118,3711,0.2651,1858,1853,142,17.22,14.0,1922,1141,647,1,15,0.0236,"{""IC"": 3081, ""S"": 389, ""PYO"": 188, ""HDM"": 48, ""AE"": 2, ""V"": 3}","[5, 6, 8, 10, 9, 7, 11, 19, 12, 18]",0.1779
2022,1,30,7,161,13600,84.47,3,184,6218,0.4572,3115,3103,77,16.59,12.0,3597,1917,528,176,43,0.0225,"{""IC"": 5014, ""S"": 541, ""PYO"": 117, ""HDM"": 276, ""AE"": 186, ""MV"": 84}","[6, 5, 7, 8, 9, 11, 10, 12, 13, 16]",0.2164
2022,1,31,1,188,15280,81.28,8,598,7063,0.4622,3538,3525,152,27.94,15.0,3389,1704,1163,807,37,0.0169,"{""IC"": 5132, ""S"": 1319, ""PYO"": 96, ""HDM"": 185, ""AE"": 49, ""MV"": 242, ""V"": 40}","[5, 6, 7, 8, 9, 14, 15, 10, 13, 12]",0.2647
2022,2,1,2,180,14440,80.22,11,484,5261,0.3643,2645,2616,69,14.7,11.0,3455,1296,451,59,28,0.0232,"{""IC"": 4039, ""S"": 775, ""PYO"": 125, ""HDM"": 79, ""AE"": 83, ""MV"": 156, ""V"": 4}","[5, 6, 8, 9, 7, 10, 11, 12, 13, 14]",0.3041
2022,2,2,3,176,14324,81.39,7,406,5514,0.3849,2760,2754,93,18.85,13.0,3093,1468,695,258,33,0.0209,"{""IC"": 4150, ""S"": 928, ""PYO"": 87, ""HDM"": 62, ""AE"": 16, ""MV"": 271}","[5, 6, 7, 8, 11, 9, 10, 13, 12, 16]",0.3312
2022,2,3,4,173,14248,82.36,3,114,4707,0.3304,2354,2353,107,15.99,10.0,3174,984,398,151,22,0.0213,"{""IC"": 3759, ""S"": 617, ""PYO"": 151, ""HDM"": 47, ""AE"": 116, ""MV"": 17}","[5, 6, 7, 8, 10, 9, 13, 11, 12, 14]",0.3484
2022,2,4,5,201,16928,84.22,2,64,6557,0.3873,3292,3265,142,27.08,13.0,3459,1181,980,937,23,0.017,"{""IC"": 5008, ""S"": 881, ""PYO"": 474, ""HDM"": 132, ""AE"": 52, ""MV"": 10}","[5, 6, 7, 8, 9, 10, 12, 11, 13, 15]",0.3788
2022,2,5,6,167,14396,86.2,2,294,6793,0.4719,3402,3391,162,23.69,14.0,3647,1604,901,641,38,0.0155,"{""IC"": 5003, ""S"": 1049, ""PYO"": 265, ""HDM"": 154, ""AE"": 269, ""MV"": 53}","[5, 6, 7, 8, 14, 12, 10, 11, 13, 9]",0.4083
2022,2,6,7,168,13990,83.27,3,270,4772,0.3411,2378,2394,184,21.67,13.0,2574,1262,722,214,35,0.0193,"{""IC"": 3610, ""S"": 524, ""PYO"": 275, ""HDM"": 167, ""AE"": 85, ""V"": 8, ""MV"": 103}","[5, 7, 6, 8, 9, 11, 10, 13, 14, 12]",0.3917
2022,2,7,1,179,14562,81.35,8,208,3679,0.2526,1839,1840,147,24.0,11.0,2147,593,412,527,17,0.0252,"{""IC"": 2954, ""S"": 460, ""PYO"": 39, ""HDM"": 106, ""AE"": 48, ""MV"": 72}","[5, 7, 6, 8, 9, 11, 10, 17, 13, 12]",0.3618
2022,2,8,2,176,13828,78.57,6,186,3498,0.253,1752,1746,85,13.96,9.0,2607,601,145,145,18,0.0327,"{""IC"": 2887, ""S"": 384, ""PYO"": 52, ""HDM"": 72, ""AE"": 27, ""MV"": 76}","[5, 6, 7, 9, 8, 10, 11, 14, 12, 13]",0.3459
2022,2,9,3,176,13820,78.52,4,106,2919,0.2112,1456,1463,74,13.49,9.0,2157,512,206,44,17,0.0336,"{""IC"": 2227, ""S"": 400, ""PYO"": 174, ""HDM"": 47, ""AE"": 51, ""MV"": 20}","[5, 6, 7, 8, 11, 9, 10, 12, 13, 16]",0.3211
2022,2,10,4,175,14042,80.24,2,252,2922,0.2081,1464,1458,94,15.17,10.0,1928,684,255,55,12,0.0355,"{""IC"": 2290, ""S"": 326, ""PYO"": 190, ""HDM"": 34, ""AE"": 34, ""MV"": 48}","[5, 6, 7, 8, 9, 15, 14, 10, 11, 13]",0.3036
2022,2,11,5,200,16776,83.88,4,176,4009,0.239,2005,2004,96,15.25,10.0,2801,863,147,198,24,0.0314,"{""IC"": 2871, ""S"": 609, ""PYO"": 404, ""HDM"": 117, ""AE"": 7, ""MV"": 1}","[5, 6, 7, 8, 9, 10, 11, 12, 15, 14]",0.2824
2022,2,12,6,163,14456,88.69,11,330,2151,0.1488,1074,1077,146,18.72,8.0,1408,294,376,73,11,0.0409,"{""S"": 159, ""IC"": 1720, ""PYO"": 129, ""HDM"": 104, ""AE"": 39}","[5, 6, 7, 8, 9, 13, 10, 11, 40, 12]",0.2363
2022,2,13,7,164,13830,84.33,14,302,4178,0.3021,2088,2090,94,19.17,12.0,2389,1097,519,173,25,0.0229,"{""IC"": 3546, ""S"": 409, ""PYO"": 88, ""HDM"": 37, ""AE"": 91, ""MV"": 7}","[5, 6, 7, 8, 9, 10, 12, 11, 13, 14]",0.2307
2022,2,14,1,182,14800,81.32,8,252,2531,0.171,1263,1268,229,17.57,10.0,1691,536,184,120,10,0.0351,"{""IC"": 1991, ""S"": 216, ""PYO"": 106, ""HDM"": 46, ""AE"": 122, ""MV"": 50}","[5, 6, 7, 9, 10, 11, 8, 12, 15, 14]",0.219
2022,2,15,2,180,14232,79.07,12,420,3142,0.2208,1572,1570,145,17.48,11.0,2086,559,327,170,17,0.0262,"{""IC"": 2500, ""S"": 110, ""PYO"": 186, ""HDM"": 57, ""AE"": 173, ""MV"": 116}","[5, 6, 7, 12, 11, 8, 13, 10, 9, 16]",0.2144
2022,2,16,3,181,14182,78.35,13,336,1737,0.1225,869,868,241,22.09,9.0,1119,201,277,140,13,0.0443,"{""IC"": 1382, ""S"": 67, ""PYO"": 4, ""HDM"": 26, ""AE"": 171, ""MV"": 87}","[5, 6, 7, 8, 10, 9, 13, 12, 11, 48]",0.2018
2022,2,17,4,183,14412,78.75,11,280,2960,0.2054,1483,1477,130,16.82,8.0,2361,284,30,285,11,0.0313,"{""IC"": 2175, ""S"": 349, ""PYO"": 184, ""HDM"": 53, ""AE"": 88, ""MV"": 111}","[5, 6, 7, 8, 10, 9, 11, 12, 13, 14]",0.2014
2022,2,18,5,209,17076,81.7,8,324,6190,0.3625,3096,3094,122,20.01,13.0,3496,1326,1164,204,37,0.0214,"{""IC"": 4494, ""S"": 611, ""PYO"": 448, ""HDM"": 286, ""AE"": 96, ""MV"": 255}","[5, 6, 9, 7, 8, 10, 11, 14, 13, 12]",0.219
2022,2,19,6,172,14890,86.57,17,638,5429,0.3646,2715,2714,314,40.0,14.0,2737,1324,544,824,21,0.0114,"{""IC"": 3867, ""S"": 857, ""PYO"": 487, ""HDM"": 20, ""AE"": 39, ""MV"": 159}","[5, 6, 7, 8, 9, 13, 10, 22, 11, 12]",0.2498
2022,2,20,7,168,13950,83.04,4,174,6368,0.4565,3182,3186,215,25.6,16.0,2868,1775,1162,563,44,0.015,"{""IC"": 5178, ""S"": 684, ""PYO"": 251, ""HDM"": 166, ""AE"": 72, ""MV"": 17}","[5, 7, 8, 6, 10, 9, 11, 13, 12, 14]",0.2719
2022,2,21,1,185,14996,81.06,4,142,6437,0.4292,3226,3211,293,22.14,13.0,3430,1647,1130,230,33,0.0171,"{""S"": 665, ""IC"": 5087, ""PYO"": 302, ""HDM"": 113, ""AE"": 39, ""MV"": 231}","[5, 6, 8, 7, 9, 10, 11, 16, 12, 13]",0.3088
2022,2,22,2,189,14490,76.67,10,1060,9303,0.642,4661,4642,398,40.04,20.0,3318,2509,1755,1721,64,0.0149,"{""IC"": 7203, ""S"": 1152, ""PYO"": 376, ""HDM"": 129, ""AE"": 193, ""MV"": 250}","[13, 5, 8, 7, 14, 9, 11, 12, 15, 10]",0.369
2022,2,23,3,181,14344,79.25,4,392,8915,0.6215,4475,4440,198,31.48,20.0,3550,2001,2046,1318,57,0.014,"{""IC"": 7066, ""S"": 1031, ""PYO"": 166, ""HDM"": 166, ""AE"": 283, ""MV"": 203}","[5, 9, 6, 8, 7, 11, 14, 12, 10, 13]",0.4402
2022,2,24,4,187,14692,78.57,7,600,6473,0.4406,3240,3233,390,26.24,16.0,3040,1558,1365,510,42,0.016,"{""IC"": 5251, ""S"": 674, ""PYO"": 193, ""HDM"": 130, ""AE"": 77, ""MV"": 148}","[6, 5, 7, 8, 9, 10, 13, 11, 14, 15]",0.4738
2022,2,25,5,210,17188,81.85,9,536,6447,0.3751,3222,3225,160,19.74,12.0,4061,1410,593,383,37,0.0194,"{""IC"": 4803, ""S"": 665, ""PYO"": 530, ""HDM"": 160, ""AE"": 135, ""MUS"": 68, ""MV"": 86}","[5, 6, 7, 9, 10, 8, 12, 11, 13, 14]",0.4756
2022,2,26,6,171,14862,86.91,4,218,4868,0.3275,2429,2439,227,25.24,13.0,2655,1214,584,415,25,0.0191,"{""IC"": 3616, ""S"": 577, ""PYO"": 369, ""HDM"": 110, ""AE"": 125, ""MUS"": 49, ""MV"": 22}","[5, 6, 7, 9, 8, 12, 10, 11, 14, 16]",0.4703
2022,2,27,7,169,14044,83.1,10,220,3686,0.2625,1845,1841,91,18.85,13.0,1973,1115,460,138,21,0.0255,"{""IC"": 2875, ""S"": 464, ""PYO"": 63, ""HDM"": 106, ""AE"": 80, ""MUS"": 94, ""MV"": 4}","[5, 6, 7, 8, 10, 9, 12, 11, 19, 13]",0.4426
2022,2,28,1,186,15298,82.25,3,210,2302,0.1505,1156,1146,51,13.85,10.0,1589,428,285,0,10,0.0433,"{""IC"": 1659, ""S"": 366, ""PYO"": 83, ""HDM"": 31, ""AE"": 33, ""MV"": 130}","[5, 6, 7, 8, 11, 10, 9, 12, 19, 14]",0.4028
2022,3,1,2,181,14594,80.63,1,136,3114,0.2134,1563,1551,50,14.08,9.0,2073,693,348,0,16,0.0327,"{""IC"": 2455, ""S"": 224, ""PYO"": 108, ""HDM"": 54, ""AE"": 115, ""MV"": 158}","[5, 6, 7, 8, 9, 13, 15, 11, 14, 10]",0.3416
2022,3,2,3,177,14422,81.48,7,196,2355,0.1633,1177,1178,120,21.6,12.0,1476,404,298,177,5,0.0267,"{""IC"": 1895, ""S"": 67, ""PYO"": 246, ""HDM"": 30, ""AE"": 117}","[5, 6, 7, 8, 12, 9, 14, 11, 13, 10]",0.2761
2022,3,3,4,177,14598,82.47,4,138,2368,0.1622,1180,1188,113,16.31,11.0,1619,426,233,90,10,0.0356,"{""IC"": 1836, ""S"": 120, ""PYO"": 198, ""HDM"": 41, ""AE"": 173}","[5, 6, 8, 7, 11, 9, 10, 13, 12, 14]",0.2364
2022,3,4,5,202,17100,84.65,5,134,3557,0.208,1775,1782,54,13.71,10.0,2388,816,353,0,18,0.0343,"{""IC"": 2547, ""S"": 407, ""PYO"": 351, ""HDM"": 91, ""AE"": 161}","[5, 6, 8, 7, 9, 13, 14, 11, 10, 15]",0.2125
2022,3,5,6,165,14602,88.5,2,132,2933,0.2009,1461,1472,67,12.69,9.0,2135,581,200,17,16,0.0393,"{""IC"": 2275, ""S"": 294, ""PYO"": 226, ""HDM"": 54, ""AE"": 80, ""MV"": 4}","[5, 6, 7, 8, 10, 9, 11, 12, 13, 16]",0.1944
2022,3,6,7,162,13788,85.11,0,40,2628,0.1906,1316,1312,109,19.03,9.0,1720,536,147,225,14,0.0298,"{""IC"": 2124, ""S"": 277, ""PYO"": 104, ""HDM"": 61, ""AE"": 48, ""MV"": 14}","[5, 6, 7, 8, 9, 14, 15, 22, 10, 13]",0.1841
2022,3,7,1,187,15596,83.4,1,100,2624,0.1682,1316,1308,81,14.98,9.0,1930,361,237,96,8,0.0328,"{""S"": 160, ""IC"": 2045, ""PYO"": 132, ""HDM"": 1, ""AE"": 286}","[5, 7, 6, 8, 9, 11, 13, 12, 10, 14]",0.1867
2022,3,8,2,183,15258,83.38,5,226,4045,0.2651,2019,2026,109,15.72,11.0,2599,923,470,53,22,0.0289,"{""IC"": 3354, ""S"": 262, ""PYO"": 130, ""HDM"": 64, ""AE"": 192, ""MV"": 43}","[5, 6, 7, 11, 8, 9, 12, 10, 13, 20]",0.194
2022,3,9,3,185,15338,82.91,6,442,1750,0.1141,868,882,104,12.87,9.0,1374,197,165,14,8,0.0484,"{""IC"": 1287, ""S"": 153, ""PYO"": 114, ""HDM"": 39, ""AE"": 125, ""MV"": 32}","[5, 6, 7, 9, 10, 12, 13, 8, 11, 14]",0.187
2022,3,10,4,193,15948,82.63,6,310,3075,0.1928,1540,1535,133,14.58,9.0,2265,502,253,55,22,0.0413,"{""IC"": 2428, ""S"": 363, ""PYO"": 124, ""HDM"": 37, ""AE"": 91, ""MV"": 32}","[5, 6, 7, 8, 9, 10, 11, 13, 12, 17]",0.1914
2022,3,11,5,212,17994,84.88,11,514,2799,0.1556,1393,1406,55,12.69,8.0,1994,615,190,0,9,0.0427,"{""IC"": 1743, ""S"": 492, ""PYO"": 476, ""HDM"": 67, ""AE"": 15, ""MV"": 6}","[5, 6, 7, 8, 9, 12, 10, 11, 13, 21]",0.1839
2022,3,12,6,175,15202,86.87,8,512,1782,0.1172,891,891,58,12.84,10.0,1309,328,145,0,11,0.0682,"{""IC"": 1469, ""S"": 88, ""PYO"": 48, ""HDM"": 58, ""AE"": 67, ""MV"": 52}","[5, 6, 11, 7, 8, 10, 12, 9, 13, 18]",0.1719
2022,3,13,7,172,14646,85.15,4,278,1295,0.0884,646,649,44,11.19,7.0,1010,224,61,0,7,0.0664,"{""IC"": 742, ""S"": 203, ""PYO"": 133, ""AE"": 105, ""MV"": 112}","[5, 6, 7, 8, 11, 10, 9, 12, 25, 18]",0.1573
2022,3,14,1,192,16134,84.03,6,476,1290,0.08,643,647,25,8.66,7.0,1144,146,0,0,3,0.0787,"{""IC"": 1073, ""S"": 123, ""PYO"": 57, ""HDM"": 4, ""AE"": 27, ""MV"": 6}","[5, 6, 7, 8, 9, 13, 10, 15, 11, 12]",0.1447
2022,3,15,2,192,15616,81.33,7,532,2294,0.1469,1156,1138,41,12.64,10.0,1571,628,95,0,10,0.0501,"{""IC"": 1825, ""S"": 128, ""PYO"": 42, ""HDM"": 94, ""AE"": 123, ""MV"": 82}","[5, 6, 7, 8, 10, 11, 16, 9, 12, 13]",0.1279
2022,3,16,3,189,15468,81.84,3,382,2393,0.1547,1197,1196,130,20.25,11.0,1463,436,353,141,13,0.0347,"{""IC"": 2077, ""S"": 70, ""PYO"": 136, ""HDM"": 53, ""AE"": 26, ""MV"": 31}","[5, 6, 8, 7, 10, 9, 12, 11, 13, 19]",0.1337
2022,3,17,4,193,16054,83.18,2,304,2137,0.1331,1064,1073,99,16.5,9.0,1491,429,76,141,14,0.0461,"{""IC"": 1799, ""S"": 101, ""PYO"": 60, ""HDM"": 10, ""AE"": 80, ""MV"": 87}","[5, 6, 8, 7, 9, 10, 12, 11, 21, 18]",0.1251
2022,3,18,5,206,17752,86.17,2,248,3017,0.17,1514,1503,91,13.65,9.0,2268,520,115,114,13,0.0399,"{""IC"": 2072, ""S"": 499, ""PYO"": 351, ""HDM"": 64, ""AE"": 31}","[5, 6, 10, 9, 7, 8, 11, 13, 12, 15]",0.1272
2022,3,19,6,178,15336,86.16,6,388,2051,0.1337,1029,1022,89,17.72,10.0,1398,275,254,124,11,0.0498,"{""IC"": 1466, ""S"": 157, ""PYO"": 61, ""HDM"": 18, ""P"": 96, ""AE"": 114, ""MV"": 139}","[5, 6, 7, 8, 11, 13, 12, 10, 9, 14]",0.1295
2022,3,20,7,170,14512,85.36,2,248,1564,0.1078,779,785,69,10.55,8.0,1291,210,49,14,7,0.0635,"{""IC"": 1020, ""S"": 316, ""PYO"": 127, ""HDM"": 67, ""AE"": 34}","[5, 6, 7, 8, 10, 9, 11, 12, 13, 16]",0.1323
2022,3,21,1,193,16234,84.11,5,404,1418,0.0873,706,712,120,9.3,7.0,1286,92,28,12,3,0.0777,"{""IC"": 1009, ""S"": 157, ""PYO"": 146, ""HDM"": 14, ""AE"": 72, ""MV"": 20}","[5, 6, 7, 8, 9, 10, 11, 12, 15, 14]",0.1334
2022,3,22,2,192,15596,81.23,7,392,1426,0.0914,718,708,149,17.13,9.0,1098,126,94,108,10,0.0615,"{""IC"": 945, ""S"": 123, ""PYO"": 114, ""HDM"": 49, ""AE"": 109, ""MV"": 86}","[5, 6, 7, 8, 9, 11, 12, 10, 13, 14]",0.1254
2022,3,23,3,191,15634,81.85,5,368,1736,0.111,870,866,52,14.31,8.5,1155,337,244,0,8,0.0568,"{""IC"": 1287, ""S"": 131, ""PYO"": 63, ""HDM"": 26, ""AE"": 101, ""MV"": 128}","[5, 6, 7, 8, 15, 11, 10, 12, 14, 19]",0.1192
2022,3,24,4,194,16154,83.27,4,332,1518,0.094,757,761,31,8.32,6.0,1379,126,13,0,10,0.0785,"{""IC"": 1213, ""S"": 41, ""PYO"": 127, ""HDM"": 34, ""AE"": 50, ""MV"": 53}","[5, 6, 7, 8, 9, 10, 11, 16, 12, 27]",0.1136
2022,3,25,5,210,17662,84.1,5,278,3274,0.1854,1634,1640,76,19.36,11.0,1849,597,724,104,19,0.0352,"{""IC"": 2368, ""S"": 388, ""PYO"": 232, ""HDM"": 103, ""AE"": 131, ""MV"": 52}","[5, 6, 7, 8, 9, 10, 13, 11, 30, 14]",0.1158
2022,3,26,6,169,14140,83.67,3,784,2702,0.1911,1347,1355,81,15.17,11.0,1869,453,353,27,25,0.0405,"{""IC"": 1840, ""S"": 360, ""PYO"": 254, ""HDM"": 107, ""AE"": 141}","[5, 7, 6, 10, 11, 12, 8, 9, 13, 14]",0.124
2022,3,27,7,174,15360,88.28,8,1254,1833,0.1193,912,921,69,12.12,8.0,1462,282,28,61,10,0.05,"{""IC"": 1357, ""S"": 300, ""PYO"": 80, ""HDM"": 39, ""AE"": 52, ""MV"": 5}","[5, 6, 7, 8, 9, 10, 11, 13, 12, 14]",0.1256
2022,3,28,1,193,16624,86.13,8,700,1522,0.0916,759,763,95,13.9,8.0,1285,110,33,94,8,0.0527,"{""IC"": 1233, ""S"": 66, ""PYO"": 183, ""HDM"": 40}","[5, 6, 7, 8, 12, 11, 9, 13, 10, 14]",0.1263
2022,3,29,2,191,16430,86.02,8,700,2105,0.1281,1052,1053,39,11.8,9.0,1470,587,48,0,9,0.0559,"{""IC"": 1808, ""S"": 185, ""PYO"": 47, ""HDM"": 65}","[5, 6, 7, 8, 9, 10, 11, 17, 14, 19]",0.1315
2022,3,30,3,196,16726,85.34,9,726,2169,0.1297,1088,1081,88,17.22,8.0,1443,305,348,73,8,0.047,"{""IC"": 1603, ""S"": 316, ""PYO"": 167, ""HDM"": 78, ""MV"": 5}","[5, 6, 7, 8, 13, 9, 19, 18, 11, 17]",0.1342
2022,3,31,4,208,16972,81.6,8,700,2585,0.1523,1291,1294,70,13.42,8.0,1959,323,274,29,12,0.0424,"{""IC"": 2298, ""S"": 161, ""PYO"": 72, ""HDM"": 13, ""MV"": 41}","[5, 6, 7, 8, 9, 10, 11, 16, 12, 17]",0.1425
2022,4,1,5,220,18426,83.75,14,860,2614,0.1419,1292,1322,70,13.38,9.0,1951,434,181,48,10,0.0432,"{""S"": 229, ""IC"": 2041, ""PYO"": 261, ""HDM"": 55, ""MV"": 28}","[5, 6, 7, 8, 9, 10, 11, 12, 13, 17]",0.1363
2022,4,2,6,177,15176,85.74,11,654,1694,0.1116,846,848,46,9.62,8.0,1484,206,4,0,12,0.0832,"{""S"": 257, ""IC"": 1240, ""PYO"": 85, ""HDM"": 41, ""MV"": 71}","[5, 6, 7, 9, 8, 12, 10, 11, 13, 14]",0.1249
2022,4,3,7,184,14932,81.15,6,484,1938,0.1298,970,968,39,10.88,8.0,1507,375,56,0,11,0.0599,"{""IC"": 1220, ""S"": 468, ""PYO"": 45, ""HDM"": 88, ""MUS"": 80, ""MV"": 37}","[5, 6, 7, 8, 9, 11, 10, 12, 13, 14]",0.1264
2022,4,4,1,199,16722,84.03,8,504,2682,0.1604,1345,1337,81,15.2,9.0,2018,315,238,111,13,0.038,"{""IC"": 2096, ""S"": 252, ""PYO"": 173, ""HDM"": 67, ""MV"": 94}","[5, 6, 8, 7, 9, 10, 12, 11, 13, 14]",0.1363
2022,4,5,2,195,16054,82.33,9,458,6439,0.4011,3240,3199,157,27.01,17.0,2887,1291,1428,833,33,0.0172,"{""IC"": 4982, ""S"": 915, ""PYO"": 330, ""HDM"": 78, ""MV"": 134}","[5, 6, 8, 7, 9, 12, 13, 14, 10, 18]",0.1753
2022,4,6,3,196,16252,82.92,18,468,4278,0.2632,2132,2146,152,17.98,9.0,3183,464,378,253,24,0.023,"{""IC"": 3326, ""S"": 489, ""PYO"": 260, ""HDM"": 49, ""MV"": 154}","[5, 6, 7, 9, 10, 8, 11, 12, 13, 14]",0.1943
2022,4,7,4,197,16424,83.37,7,206,2199,0.1339,1101,1098,45,9.79,7.0,1903,221,75,0,9,0.0547,"{""IC"": 1890, ""S"": 189, ""PYO"": 96, ""MV"": 24}","[5, 6, 7, 8, 10, 9, 11, 12, 18, 17]",0.1917
2022,4,8,5,212,17722,83.59,6,194,2884,0.1627,1439,1445,73,13.38,9.0,2128,513,170,73,15,0.0413,"{""S"": 406, ""IC"": 1924, ""PYO"": 369, ""HDM"": 82, ""MV"": 103}","[5, 8, 7, 6, 9, 10, 12, 14, 13, 15]",0.1947
2022,4,9,6,170,14612,85.95,5,78,1938,0.1326,970,968,51,11.65,9.0,1388,475,75,0,13,0.064,"{""S"": 187, ""IC"": 1421, ""PYO"": 219, ""HDM"": 32, ""MV"": 79}","[5, 6, 7, 8, 10, 9, 14, 17, 13, 16]",0.1977
2022,4,10,7,170,14320,84.24,0,56,2679,0.1871,1338,1341,107,16.77,11.0,1728,564,279,108,18,0.0346,"{""IC"": 1962, ""S"": 434, ""PYO"": 155, ""HDM"": 58, ""MV"": 70}","[5, 6, 7, 9, 8, 12, 11, 10, 17, 13]",0.2059
2022,4,11,1,191,16338,85.54,3,188,2497,0.1528,1248,1249,80,16.94,10.0,1542,581,240,134,8,0.0341,"{""IC"": 1822, ""S"": 324, ""PYO"": 254, ""HDM"": 61, ""MV"": 36}","[5, 6, 7, 8, 10, 9, 11, 21, 16, 12]",0.2048
2022,4,12,2,186,15880,85.38,2,120,1631,0.1027,812,819,58,14.13,9.0,1184,252,195,0,9,0.0586,"{""IC"": 1418, ""S"": 81, ""PYO"": 84, ""HDM"": 40, ""MV"": 8}","[5, 6, 7, 9, 8, 10, 11, 15, 20, 13]",0.1621
2022,4,13,3,186,16304,87.66,3,180,1936,0.1187,973,963,87,19.01,9.0,1339,259,136,202,11,0.0391,"{""IC"": 1255, ""S"": 218, ""PYO"": 347, ""HDM"": 116}","[5, 6, 7, 9, 8, 10, 11, 14, 15, 16]",0.1415
2022,4,14,4,204,17034,83.5,4,140,2639,0.1549,1316,1323,167,13.31,7.0,2189,243,86,121,14,0.046,"{""IC"": 2021, ""S"": 401, ""PYO"": 86, ""HDM"": 67, ""MV"": 64}","[5, 6, 7, 8, 9, 10, 13, 14, 11, 12]",0.1445
2022,4,15,5,186,16030,86.18,4,72,1626,0.1014,805,821,55,12.91,8.0,1215,257,154,0,12,0.0545,"{""S"": 211, ""IC"": 1059, ""PYO"": 288, ""HDM"": 67, ""V"": 1}","[5, 6, 7, 8, 9, 10, 14, 15, 13, 12]",0.1357
2022,4,16,6,174,14466,83.14,4,80,799,0.0552,391,408,21,7.11,6.0,792,7,0,0,12,0.1236,"{""IC"": 699, ""S"": 13, ""PYO"": 52, ""MUS"": 31, ""MV"": 4}","[5, 6, 7, 10, 8, 9, 11, 12, 14, 13]",0.1247
2022,4,17,7,155,13186,85.07,0,0,699,0.053,343,356,40,7.61,6.0,653,41,5,0,4,0.1186,"{""IC"": 555, ""S"": 30, ""PYO"": 99, ""HDM"": 6, ""MUS"": 4, ""V"": 5}","[5, 6, 7, 9, 8, 10, 11, 19, 12, 13]",0.1055
2022,4,18,1,168,14334,85.32,0,0,1361,0.0949,672,689,68,17.67,9.0,982,56,269,54,13,0.0577,"{""IC"": 1050, ""S"": 157, ""PYO"": 83, ""HDM"": 15, ""MV"": 56}","[5, 6, 7, 8, 9, 11, 10, 12, 13, 38]",0.0973
2022,4,19,2,189,16090,85.13,0,0,1225,0.0761,612,613,36,10.11,8.0,996,222,7,0,6,0.0782,"{""S"": 97, ""IC"": 984, ""PYO"": 21, ""HDM"": 57, ""MV"": 66}","[5, 6, 7, 8, 9, 10, 11, 12, 13, 16]",0.0935
2022,4,20,3,184,15688,85.26,0,0,1992,0.127,1000,992,106,21.19,11.0,1217,380,237,158,9,0.0417,"{""IC"": 1774, ""S"": 124, ""PYO"": 47, ""HDM"": 40, ""MV"": 7}","[5, 6, 7, 8, 9, 10, 14, 13, 25, 15]",0.0946
2022,4,21,4,191,16024,83.9,1,46,2031,0.1267,1005,1026,59,12.61,8.0,1590,251,190,0,11,0.051,"{""IC"": 1468, ""S"": 398, ""PYO"": 91, ""HDM"": 27, ""MV"": 47}","[5, 6, 7, 8, 9, 11, 10, 12, 13, 16]",0.0906
2022,4,22,5,210,17124,81.54,2,30,2725,0.1591,1355,1370,67,12.36,8.0,2056,471,184,14,19,0.043,"{""S"": 429, ""IC"": 2039, ""PYO"": 180, ""HDM"": 24, ""MV"": 53}","[5, 6, 7, 8, 9, 10, 13, 11, 12, 15]",0.0989
2022,4,23,6,165,14244,86.33,0,0,1256,0.0882,630,626,29,9.84,8.0,1015,241,0,0,6,0.0792,"{""IC"": 1083, ""S"": 69, ""PYO"": 45, ""HDM"": 13, ""MUS"": 46}","[5, 6, 7, 8, 9, 10, 12, 17, 11, 16]",0.1036
2022,4,24,7,165,13916,84.34,0,0,1642,0.118,817,825,61,11.52,7.0,1263,313,50,16,12,0.059,"{""IC"": 1399, ""S"": 213, ""PYO"": 1, ""HDM"": 29}","[5, 6, 7, 8, 9, 10, 23, 12, 15, 16]",0.1129
2022,4,25,1,188,15650,83.24,0,0,1449,0.0926,723,726,106,18.37,10.0,1022,165,177,85,6,0.0505,"{""IC"": 1127, ""S"": 82, ""PYO"": 156, ""HDM"": 20, ""MV"": 64}","[5, 6, 9, 8, 11, 12, 7, 13, 10, 14]",0.1125
2022,4,26,2,189,15588,82.48,4,106,980,0.0629,486,494,57,11.79,7.0,744,174,62,0,7,0.0834,"{""IC"": 779, ""S"": 143, ""PYO"": 12, ""HDM"": 46}","[5, 6, 8, 7, 12, 18, 16, 13, 9, 17]",0.1106
2022,4,27,3,190,15514,81.65,2,46,884,0.057,439,445,24,8.36,7.0,806,78,0,0,7,0.0943,"{""IC"": 688, ""S"": 90, ""PYO"": 44, ""HDM"": 3, ""MV"": 59}","[5, 6, 7, 9, 8, 10, 11, 12, 14, 15]",0.1006
2022,4,28,4,196,15906,81.15,0,4,1726,0.1085,860,866,68,10.3,7.0,1464,198,62,2,9,0.0635,"{""IC"": 1397, ""S"": 87, ""PYO"": 2, ""HDM"": 48, ""MV"": 192}","[5, 7, 6, 8, 9, 10, 11, 12, 13, 14]",0.098
2022,4,29,5,206,16566,80.42,0,0,2834,0.1711,1420,1414,76,13.34,8.0,2030,521,236,47,17,0.0402,"{""S"": 340, ""IC"": 2324, ""PYO"": 87, ""HDM"": 51, ""MV"": 32}","[5, 6, 7, 8, 9, 10, 12, 16, 11, 13]",0.0998
2022,4,30,6,164,14234,86.79,1,88,1894,0.1331,943,951,48,12.49,9.0,1485,210,199,0,9,0.0541,"{""S"": 192, ""IC"": 1590, ""PYO"": 50, ""HDM"": 40, ""MV"": 22}","[5, 6, 7, 8, 9, 10, 12, 13, 11, 14]",0.1062
2022,5,1,7,166,14004,84.36,0,0,1136,0.0811,570,566,81,10.79,8.0,935,177,12,12,1,0.0717,"{""IC"": 906, ""S"": 176, ""PYO"": 9, ""MV"": 45}","[5, 6, 8, 7, 9, 10, 11, 14, 15, 12]",0.1009
2022,5,2,1,199,15540,78.09,9,82,1383,0.089,695,688,94,9.35,7.0,1246,95,35,7,10,0.0713,"{""S"": 107, ""IC"": 1197, ""HDM"": 15, ""MV"": 64}","[5, 6, 7, 8, 9, 10, 12, 11, 13, 14]",0.1004
2022,5,3,2,197,15350,77.92,4,42,1680,0.1094,842,838,135,9.69,8.0,1384,290,0,6,9,0.069,"{""IC"": 1438, ""S"": 196, ""HDM"": 13, ""MV"": 33}","[5, 6, 7, 8, 9, 10, 11, 17, 15, 16]",0.107
2022,5,4,3,199,15560,78.19,13,270,2257,0.1451,1131,1126,77,13.34,10.0,1574,505,147,31,10,0.0416,"{""IC"": 1780, ""S"": 387, ""PYO"": 20, ""HDM"": 60, ""MV"": 10}","[5, 6, 7, 8, 9, 10, 13, 12, 11, 15]",0.1196
2022,5,5,4,196,15794,80.58,0,0,2830,0.1792,1430,1400,82,16.41,10.0,1773,582,450,25,19,0.0399,"{""IC"": 2239, ""S"": 379, ""PYO"": 10, ""HDM"": 32, ""MV"": 170}","[5, 6, 7, 8, 9, 10, 12, 11, 15, 13]",0.1297
2022,5,6,5,212,16966,80.03,5,184,2139,0.1261,1065,1074,68,11.79,8.0,1826,193,27,93,11,0.0486,"{""IC"": 1775, ""S"": 190, ""PYO"": 8, ""HDM"": 30, ""MV"": 136}","[5, 6, 7, 8, 9, 11, 10, 13, 12, 14]",0.1233
2022,5,7,6,146,13276,90.93,0,2,1801,0.1357,902,899,39,10.19,8.0,1515,228,58,0,8,0.0565,"{""IC"": 1705, ""S"": 63, ""PYO"": 2, ""HDM"": 31}","[5, 6, 8, 7, 9, 12, 10, 11, 16, 13]",0.1237
2022,5,8,7,150,13164,87.76,0,2,3232,0.2455,1619,1613,93,21.43,16.0,1480,964,654,134,18,0.0245,"{""IC"": 2651, ""S"": 456, ""HDM"": 83, ""MV"": 34, ""V"": 8}","[5, 6, 8, 7, 9, 17, 10, 18, 19, 12]",0.1471
2022,5,9,1,181,15764,87.09,2,60,2758,0.175,1386,1372,55,11.82,9.0,2053,599,106,0,10,0.0376,"{""IC"": 2367, ""S"": 357, ""HDM"": 32, ""MV"": 2}","[5, 6, 7, 8, 10, 9, 13, 15, 12, 11]",0.1594
2022,5,10,2,180,15770,87.61,4,160,3009,0.1908,1511,1498,271,46.13,10.0,1884,444,159,522,9,0.0182,"{""IC"": 2551, ""S"": 404, ""HDM"": 40, ""MV"": 14}","[5, 7, 6, 8, 9, 10, 11, 15, 12, 13]",0.1711
2022,5,11,3,181,16006,88.43,4,160,2639,0.1649,1325,1314,81,13.51,9.0,2097,348,118,76,13,0.0353,"{""S"": 491, ""IC"": 2125, ""PYO"": 10, ""HDM"": 12, ""MV"": 1}","[5, 6, 7, 8, 9, 10, 12, 11, 14, 13]",0.1739
2022,5,12,4,179,15980,89.27,0,64,2893,0.181,1447,1446,38,10.0,8.0,2471,356,66,0,10,0.0408,"{""IC"": 2479, ""S"": 350, ""HDM"": 41, ""MV"": 23}","[5, 6, 7, 8, 12, 9, 10, 11, 13, 14]",0.1741
2022,5,13,5,211,17314,82.06,6,190,3816,0.2204,1909,1907,51,12.45,9.0,2749,872,195,0,27,0.0354,"{""IC"": 3028, ""S"": 664, ""PYO"": 89, ""HDM"": 22, ""MV"": 13}","[5, 7, 6, 8, 9, 10, 11, 12, 14, 13]",0.1876
2022,5,14,6,174,14496,83.31,0,4,3055,0.2107,1540,1515,43,11.73,9.0,2339,545,171,0,17,0.0401,"{""S"": 530, ""IC"": 2321, ""PYO"": 1, ""HDM"": 105, ""P"": 95, ""MV"": 3}","[5, 6, 7, 8, 9, 10, 11, 12, 14, 13]",0.1983
2022,5,15,7,176,14162,80.47,1,30,1989,0.1404,996,993,114,14.36,9.0,1525,321,73,70,17,0.0533,"{""IC"": 1452, ""S"": 395, ""HDM"": 70, ""MV"": 72}","[5, 6, 10, 8, 7, 9, 11, 12, 13, 22]",0.1833
2022,5,16,1,198,16472,83.19,0,32,1915,0.1163,970,945,112,12.26,9.0,1530,240,126,19,10,0.0576,"{""IC"": 1393, ""S"": 386, ""HDM"": 72, ""MV"": 64}","[5, 6, 7, 9, 8, 11, 12, 13, 10, 15]",0.1749
2022,5,17,2,201,16562,82.4,1,204,3252,0.1964,1632,1620,166,19.13,11.0,2069,749,182,252,21,0.037,"{""IC"": 2437, ""S"": 539, ""HDM"": 3, ""MV"": 273}","[5, 6, 7, 8, 9, 11, 10, 13, 12, 14]",0.1757
2022,5,18,3,207,16848,81.39,6,216,2742,0.1627,1380,1362,93,9.7,8.0,2310,407,24,1,11,0.0506,"{""S"": 286, ""IC"": 2358, ""PYO"": 35, ""HDM"": 58, ""MV"": 5}","[5, 6, 7, 8, 11, 9, 10, 12, 15, 16]",0.1754
2022,5,19,4,201,16746,83.31,3,186,2975,0.1777,1489,1486,90,13.66,9.0,2204,473,231,67,19,0.0432,"{""IC"": 2432, ""S"": 478, ""PYO"": 8, ""HDM"": 25, ""MV"": 32}","[5, 6, 7, 8, 9, 10, 11, 12, 14, 16]",0.1749
2022,5,20,5,210,17324,82.5,0,32,3030,0.1749,1510,1520,61,11.71,8.0,2425,403,167,35,12,0.0424,"{""IC"": 2450, ""S"": 480, ""PYO"": 4, ""HDM"": 8, ""MV"": 88}","[5, 6, 7, 8, 10, 9, 12, 15, 11, 13]",0.1684
2022,5,21,6,164,12174,74.23,4,64,1415,0.1162,716,699,35,9.35,8.0,1269,116,30,0,10,0.0563,"{""S"": 106, ""IC"": 1249, ""HDM"": 31, ""MV"": 29}","[5, 6, 7, 8, 10, 11, 9, 13, 12, 14]",0.1549
2022,5,22,7,165,13846,83.92,0,0,2891,0.2088,1449,1442,130,13.04,10.0,2119,684,60,28,17,0.0407,"{""IC"": 2310, ""S"": 531, ""PYO"": 20, ""HDM"": 22, ""MV"": 8}","[5, 6, 9, 8, 7, 12, 10, 13, 11, 14]",0.1647
2022,5,23,1,195,16332,83.75,0,32,2735,0.1675,1377,1358,64,11.73,8.0,2252,314,153,16,16,0.0439,"{""S"": 636, ""IC"": 2005, ""HDM"": 47, ""MV"": 47}","[5, 6, 7, 8, 9, 10, 12, 13, 11, 14]",0.172
2022,5,24,2,201,16528,82.23,4,194,3068,0.1856,1541,1527,107,14.24,9.0,2241,641,98,88,23,0.0384,"{""IC"": 2314, ""S"": 524, ""HDM"": 134, ""MV"": 96}","[5, 6, 7, 8, 9, 11, 10, 13, 12, 14]",0.1705
2022,5,25,3,200,16540,82.7,4,204,2784,0.1683,1392,1392,50,11.31,8.5,2121,611,52,0,14,0.0417,"{""IC"": 2182, ""S"": 553, ""PYO"": 15, ""HDM"": 34}","[5, 6, 7, 8, 10, 9, 11, 13, 15, 12]",0.1713
2022,5,26,4,179,15488,86.53,2,292,3141,0.2028,1566,1575,42,10.45,7.0,2510,562,69,0,18,0.0372,"{""IC"": 2371, ""S"": 688, ""PYO"": 12, ""HDM"": 64, ""MV"": 6}","[5, 6, 7, 9, 8, 10, 11, 12, 19, 18]",0.1749
2022,5,27,5,209,17082,81.73,0,32,4161,0.2436,2073,2088,48,12.97,10.0,2854,1080,227,0,27,0.0314,"{""IC"": 3485, ""S"": 477, ""PYO"": 45, ""HDM"": 110, ""MV"": 44}","[5, 6, 7, 9, 8, 10, 11, 14, 12, 13]",0.1847
2022,5,28,6,164,11822,72.09,0,0,1452,0.1228,729,723,77,13.66,9.0,1068,305,18,61,10,0.0485,"{""IC"": 1140, ""S"": 250, ""HDM"": 16, ""MUS"": 10, ""MV"": 36}","[6, 5, 7, 11, 8, 10, 9, 21, 12, 22]",0.1856
2022,5,29,7,174,13884,79.79,0,0,4066,0.2929,2033,2033,117,21.88,12.0,2268,635,938,225,32,0.0227,"{""IC"": 3315, ""S"": 531, ""PYO"": 49, ""HDM"": 79, ""MV"": 92}","[5, 6, 8, 7, 11, 9, 10, 12, 13, 17]",0.1976
2022,5,30,1,197,15902,80.72,4,122,3947,0.2482,1976,1971,71,16.08,11.0,2550,893,411,93,15,0.0277,"{""IC"": 3398, ""S"": 431, ""HDM"": 59, ""MV"": 59}","[5, 6, 7, 8, 9, 11, 10, 13, 12, 15]",0.2092
2022,5,31,2,193,15226,78.89,3,176,3712,0.2438,1870,1842,107,14.83,10.0,2564,897,149,102,15,0.0282,"{""IC"": 3065, ""S"": 535, ""HDM"": 46, ""MV"": 66}","[5, 6, 7, 9, 8, 10, 11, 13, 12, 14]",0.2175
2022,6,1,3,201,16240,80.8,3,226,2810,0.173,1414,1396,74,14.84,12.0,1680,903,170,57,14,0.0402,"{""IC"": 2195, ""S"": 369, ""PYO"": 2, ""HDM"": 32, ""MV"": 212}","[5, 6, 7, 8, 11, 13, 9, 12, 10, 17]",0.2182
2022,6,2,4,196,15780,80.51,1,132,3687,0.2337,1859,1828,296,20.01,10.0,2281,706,574,126,22,0.0349,"{""IC"": 3148, ""S"": 427, ""PYO"": 3, ""HDM"": 59, ""MV"": 50}","[5, 6, 7, 8, 9, 10, 11, 12, 14, 17]",0.2226
2022,6,3,5,205,16688,81.4,2,32,2643,0.1584,1322,1321,67,12.22,9.0,1968,533,115,27,17,0.0432,"{""IC"": 2297, ""S"": 257, ""PYO"": 53, ""HDM"": 35, ""MV"": 1}","[5, 6, 7, 8, 10, 9, 11, 12, 13, 16]",0.2104
2022,6,4,6,163,11822,72.53,3,124,1546,0.1308,769,777,73,16.54,11.0,975,331,215,25,9,0.0439,"{""IC"": 1118, ""S"": 284, ""HDM"": 42, ""MV"": 102}","[5, 6, 7, 11, 8, 9, 10, 12, 13, 24]",0.2115
2022,6,5,7,167,13510,80.9,3,52,3798,0.2811,1903,1895,60,14.98,12.0,2133,1310,354,1,18,0.0292,"{""IC"": 2801, ""S"": 828, ""PYO"": 3, ""HDM"": 121, ""MV"": 45}","[5, 6, 7, 8, 9, 16, 10, 11, 15, 18]",0.2099
2022,6,6,1,195,16176,82.95,6,114,3641,0.2251,1812,1829,78,10.54,8.0,2976,592,67,6,16,0.0374,"{""IC"": 3190, ""S"": 401, ""HDM"": 41, ""MV"": 9}","[5, 6, 7, 9, 8, 10, 11, 14, 12, 13]",0.2066
2022,6,7,2,199,15734,79.07,4,128,1704,0.1083,854,850,55,13.79,9.0,1244,234,226,0,6,0.0556,"{""IC"": 1273, ""S"": 291, ""HDM"": 64, ""MV"": 76}","[5, 6, 7, 8, 13, 9, 12, 10, 15, 11]",0.1872
2022,6,8,3,196,16162,82.46,3,98,2725,0.1686,1365,1360,67,11.32,8.0,2164,423,128,10,17,0.0416,"{""IC"": 2057, ""S"": 478, ""PYO"": 66, ""HDM"": 33, ""MV"": 91}","[5, 6, 7, 8, 9, 12, 10, 13, 11, 15]",0.1866
2022,6,9,4,196,16126,82.28,8,96,2167,0.1344,1087,1080,31,9.13,7.0,1915,245,7,0,9,0.0549,"{""IC"": 1691, ""S"": 361, ""PYO"": 5, ""HDM"": 79, ""MV"": 31}","[5, 6, 7, 8, 10, 9, 13, 11, 12, 14]",0.1724
2022,6,10,5,210,17140,81.62,6,60,4510,0.2631,2246,2264,107,17.23,12.0,2680,1202,506,122,20,0.0273,"{""IC"": 3827, ""S"": 426, ""PYO"": 89, ""HDM"": 149, ""MV"": 19}","[5, 7, 6, 8, 9, 10, 11, 13, 14, 12]",0.1873
2022,6,11,6,161,11666,72.46,5,102,1801,0.1544,902,899,74,16.42,9.0,1191,245,299,66,15,0.0375,"{""IC"": 1216, ""S"": 419, ""HDM"": 128, ""MV"": 38}","[5, 6, 7, 8, 9, 10, 37, 12, 11, 38]",0.1907
2022,6,12,7,175,13988,79.93,6,176,3337,0.2386,1664,1673,121,16.63,10.0,2279,747,171,140,22,0.0299,"{""IC"": 2633, ""S"": 592, ""PYO"": 10, ""HDM"": 57, ""MV"": 45}","[5, 6, 7, 10, 9, 8, 11, 12, 14, 17]",0.1846
2022,6,13,1,194,16292,83.98,5,90,2978,0.1828,1493,1485,51,13.01,10.0,2001,816,161,0,19,0.0394,"{""IC"": 2435, ""S"": 365, ""PYO"": 48, ""HDM"": 119, ""MV"": 11}","[5, 6, 7, 8, 10, 11, 9, 17, 12, 21]",0.1786
2022,6,14,2,200,15734,78.67,4,76,2377,0.1511,1197,1180,48,12.79,9.0,1658,538,181,0,19,0.0505,"{""IC"": 1901, ""S"": 312, ""PYO"": 6, ""HDM"": 87, ""MV"": 71}","[5, 6, 7, 8, 9, 10, 11, 26, 16, 15]",0.1847
2022,6,15,3,204,16142,79.13,1,36,2851,0.1766,1430,1421,66,13.43,10.0,1956,722,142,31,22,0.0405,"{""IC"": 2456, ""S"": 274, ""PYO"": 19, ""HDM"": 54, ""MUS"": 1, ""MV"": 43, ""V"": 4}","[6, 5, 7, 9, 8, 10, 11, 19, 13, 18]",0.1859
2022,6,16,4,204,16296,79.88,2,40,2393,0.1468,1190,1203,64,13.08,9.0,1591,624,171,7,15,0.0465,"{""IC"": 1879, ""S"": 429, ""PYO"": 6, ""HDM"": 31, ""MV"": 48}","[5, 6, 9, 7, 8, 14, 15, 16, 10, 11]",0.1876
2022,6,17,5,214,17510,81.82,4,74,3452,0.1971,1719,1733,56,11.53,9.0,2728,584,140,0,17,0.0381,"{""IC"": 2450, ""S"": 675, ""PYO"": 19, ""HDM"": 94, ""P"": 80, ""MUS"": 94, ""MV"": 39, ""V"": 1}","[5, 6, 7, 8, 10, 9, 11, 13, 12, 14]",0.1782
2022,6,18,6,167,12014,71.94,2,108,1823,0.1517,909,914,40,10.47,8.0,1536,183,104,0,13,0.0425,"{""IC"": 1355, ""S"": 219, ""HDM"": 14, ""MUS"": 46, ""MV"": 189}","[5, 6, 7, 9, 8, 10, 11, 12, 13, 39]",0.1778
2022,6,19,7,171,13742,80.36,0,28,4266,0.3104,2131,2135,92,15.48,12.0,2525,1280,423,38,29,0.029,"{""IC"": 3361, ""S"": 584, ""PYO"": 33, ""HDM"": 255, ""MUS"": 33}","[5, 6, 7, 8, 9, 12, 10, 11, 13, 14]",0.1881
2022,6,20,1,193,16266,84.28,2,40,3374,0.2074,1684,1690,54,14.35,10.0,2193,827,354,0,22,0.0342,"{""IC"": 2866, ""S"": 350, ""PYO"": 34, ""HDM"": 109, ""MV"": 15}","[5, 6, 7, 8, 10, 9, 12, 11, 14, 13]",0.1916
2022,6,21,2,191,15910,83.3,4,104,2393,0.1504,1197,1196,65,15.39,11.0,1401,643,342,7,20,0.0425,"{""IC"": 1710, ""S"": 487, ""PYO"": 33, ""HDM"": 153, ""MV"": 10}","[5, 6, 7, 8, 9, 17, 18, 10, 21, 11]",0.1915
2022,6,22,3,197,16424,83.37,2,64,3340,0.2034,1669,1671,114,17.04,10.0,2255,640,315,130,25,0.0344,"{""IC"": 2754, ""S"": 309, ""PYO"": 34, ""HDM"": 93, ""MV"": 150}","[5, 7, 6, 8, 9, 10, 13, 11, 14, 12]",0.1953
2022,6,23,4,202,16944,83.88,2,40,2349,0.1386,1170,1179,118,12.77,9.0,1704,573,38,34,13,0.0508,"{""IC"": 1799, ""S"": 417, ""PYO"": 64, ""HDM"": 64, ""MV"": 5}","[5, 6, 7, 9, 8, 10, 15, 16, 13, 11]",0.1941
2022,6,24,5,165,11588,70.23,0,0,2017,0.1741,1009,1008,67,14.7,9.0,1380,418,214,5,15,0.0377,"{""IC"": 1614, ""S"": 284, ""HDM"": 111, ""MV"": 8}","[6, 5, 7, 8, 9, 10, 11, 14, 12, 27]",0.1909
2022,6,25,6,124,6422,51.79,1,20,946,0.1473,472,474,40,10.9,8.0,739,183,24,0,14,0.0557,"{""IC"": 608, ""S"": 165, ""HDM"": 162, ""MV"": 11}","[6, 5, 7, 8, 9, 10, 11, 14, 18, 12]",0.1902
2022,6,26,7,171,12354,72.25,8,904,5597,0.4531,2798,2799,981,117.12,37.0,1471,885,1518,1723,30,0.0127,"{""IC"": 4472, ""S"": 785, ""PYO"": 117, ""HDM"": 132, ""MV"": 91}","[6, 5, 9, 10, 13, 12, 7, 20, 8, 28]",0.2106
2022,6,27,1,203,16780,82.66,9,1458,10286,0.613,5155,5131,321,38.39,26.0,3082,2546,2895,1763,75,0.0135,"{""IC"": 7688, ""S"": 1862, ""PYO"": 236, ""HDM"": 285, ""MV"": 215}","[5, 6, 7, 8, 9, 10, 11, 12, 18, 16]",0.2686
2022,6,28,2,201,15914,79.17,15,388,6976,0.4384,3503,3473,108,17.88,13.0,3952,1862,988,174,48,0.018,"{""IC"": 5334, ""S"": 1415, ""PYO"": 13, ""HDM"": 128, ""MV"": 86}","[5, 6, 7, 10, 9, 11, 8, 12, 13, 14]",0.3097
2022,6,29,3,195,15928,81.68,0,68,5722,0.3592,2862,2860,184,15.93,11.0,3793,1284,452,193,29,0.0249,"{""IC"": 4468, ""S"": 1008, ""PYO"": 95, ""HDM"": 129, ""MV"": 22}","[5, 6, 7, 9, 8, 13, 10, 11, 14, 12]",0.332
2022,6,30,4,197,16162,82.04,1,66,4510,0.279,2260,2250,330,23.26,9.0,3326,801,146,237,18,0.0193,"{""IC"": 3624, ""S"": 544, ""PYO"": 236, ""HDM"": 85, ""MV"": 21}","[5, 6, 7, 8, 9, 10, 13, 11, 14, 15]",0.352
2022,7,1,5,210,17338,82.56,6,356,7296,0.4208,3646,3650,134,21.55,13.0,3954,1801,947,594,46,0.0166,"{""IC"": 5770, ""S"": 1167, ""PYO"": 89, ""HDM"": 188, ""MV"": 82}","[5, 6, 7, 10, 8, 9, 11, 13, 19, 12]",0.3873
2022,7,2,6,185,14828,80.15,2,176,4195,0.2829,2100,2095,258,29.08,8.0,3159,569,99,368,18,0.0194,"{""IC"": 3374, ""S"": 616, ""PYO"": 85, ""HDM"": 73, ""MUS"": 3, ""MV"": 44}","[5, 6, 7, 8, 11, 9, 10, 12, 13, 14]",0.4066
2022,7,3,7,188,14880,79.15,1,22,3468,0.2331,1730,1738,273,15.85,9.0,2381,568,401,118,29,0.0402,"{""IC"": 2856, ""S"": 363, ""PYO"": 14, ""HDM"": 155, ""MV"": 80}","[5, 6, 7, 8, 10, 9, 11, 13, 12, 15]",0.3752
2022,7,4,1,196,16268,83.0,0,0,4508,0.2771,2254,2254,113,13.22,9.0,3519,781,94,114,29,0.0269,"{""IC"": 3431, ""S"": 889, ""PYO"": 55, ""HDM"": 121, ""MV"": 12}","[5, 6, 7, 8, 10, 9, 11, 12, 13, 14]",0.3272
2022,7,5,2,195,15998,82.04,0,0,3157,0.1973,1582,1575,30,10.71,8.0,2396,751,10,0,14,0.0393,"{""IC"": 2387, ""S"": 615, ""PYO"": 15, ""HDM"": 130, ""MV"": 10}","[5, 6, 7, 8, 9, 10, 12, 11, 13, 18]",0.2928
2022,7,6,3,196,15960,81.43,0,0,3556,0.2228,1788,1768,90,12.49,9.0,2636,763,104,53,16,0.0361,"{""IC"": 2938, ""S"": 466, ""PYO"": 47, ""HDM"": 91, ""MV"": 14}","[5, 6, 7, 8, 9, 11, 10, 14, 12, 15]",0.2733
2022,7,7,4,199,16060,80.7,1,30,4270,0.2659,2130,2140,92,17.07,10.0,2769,940,330,231,24,0.021,"{""IC"": 3638, ""S"": 490, ""PYO"": 8, ""HDM"": 93, ""MV"": 41}","[5, 6, 9, 7, 10, 8, 11, 12, 15, 16]",0.2714
2022,7,8,5,204,17086,83.75,2,40,3011,0.1762,1497,1514,84,14.07,8.0,2105,563,307,36,13,0.0341,"{""IC"": 2467, ""S"": 405, ""PYO"": 24, ""HDM"": 86, ""MUS"": 29}","[5, 6, 7, 8, 9, 10, 17, 11, 19, 16]",0.2365
2022,7,9,6,183,14108,77.09,4,64,2489,0.1764,1234,1255,145,13.29,11.0,1747,623,100,19,18,0.0492,"{""IC"": 2050, ""S"": 163, ""PYO"": 77, ""HDM"": 91, ""MUS"": 52, ""MV"": 56}","[5, 6, 10, 9, 13, 12, 11, 7, 8, 19]",0.2213
2022,7,10,7,174,13868,79.7,1,14,1779,0.1283,888,891,173,13.5,7.0,1423,263,45,48,14,0.0577,"{""IC"": 1364, ""S"": 257, ""PYO"": 4, ""HDM"": 108, ""MUS"": 24, ""MV"": 22}","[5, 6, 7, 8, 13, 9, 16, 14, 10, 12]",0.2063
2022,7,11,1,202,16492,81.64,1,98,3981,0.2414,1988,1993,108,18.39,10.0,2467,881,313,320,28,0.0269,"{""IC"": 3254, ""S"": 487, ""PYO"": 35, ""HDM"": 112, ""MV"": 93}","[5, 6, 7, 8, 9, 10, 11, 14, 13, 15]",0.2012
2022,7,12,2,192,15936,83.0,0,0,2524,0.1584,1260,1264,125,19.25,9.0,1813,355,104,252,12,0.0306,"{""IC"": 1987, ""S"": 413, ""PYO"": 18, ""HDM"": 63, ""MV"": 43}","[5, 6, 7, 8, 9, 10, 12, 13, 11, 17]",0.1956
2022,7,13,3,192,15782,82.2,2,52,3794,0.2404,1902,1892,136,14.73,10.0,2556,767,470,1,28,0.0323,"{""IC"": 2933, ""S"": 518, ""PYO"": 122, ""HDM"": 216, ""MV"": 4, ""V"": 1}","[5, 6, 8, 7, 9, 10, 11, 13, 12, 14]",0.1981
2022,7,14,4,193,15960,82.69,0,68,3736,0.2341,1872,1864,123,26.4,18.0,1508,1234,606,388,22,0.0235,"{""IC"": 3137, ""S"": 386, ""PYO"": 10, ""HDM"": 196, ""MV"": 7}","[5, 6, 7, 8, 27, 11, 13, 9, 15, 26]",0.1936
2022,7,15,5,211,17296,81.97,0,0,4432,0.2562,2210,2222,90,20.31,15.0,2204,1161,869,198,23,0.0259,"{""IC"": 3530, ""S"": 601, ""PYO"": 31, ""HDM"": 210, ""MV"": 53, ""V"": 7}","[5, 6, 7, 8, 9, 21, 14, 10, 13, 19]",0.205
2022,7,16,6,175,14300,81.71,0,0,2192,0.1533,1095,1097,147,19.65,12.0,1329,479,297,87,20,0.0367,"{""IC"": 1756, ""S"": 180, ""PYO"": 101, ""HDM"": 154, ""MUS"": 1}","[5, 6, 7, 9, 8, 13, 10, 12, 11, 14]",0.2017
2022,7,17,7,173,14000,80.92,0,0,2366,0.169,1179,1187,39,11.28,10.0,1836,463,67,0,17,0.0459,"{""IC"": 2015, ""S"": 221, ""PYO"": 7, ""HDM"": 116, ""MUS"": 7}","[5, 6, 7, 14, 13, 8, 10, 12, 11, 9]",0.2075
2022,7,18,1,200,16598,82.99,0,0,2342,0.1411,1175,1167,54,11.76,8.0,1764,446,132,0,15,0.0531,"{""IC"": 1741, ""S"": 317, ""PYO"": 69, ""HDM"": 167, ""MV"": 48}","[5, 6, 7, 8, 9, 10, 12, 13, 11, 15]",0.1932
2022,7,19,2,193,15752,81.62,1,136,1792,0.1138,889,903,73,14.92,11.0,1130,520,101,41,10,0.0517,"{""IC"": 1366, ""S"": 305, ""PYO"": 47, ""HDM"": 30, ""MV"": 44}","[5, 6, 7, 8, 13, 15, 9, 16, 23, 14]",0.1868
2022,7,20,3,189,15458,81.79,2,8,2037,0.1318,1022,1015,73,12.1,8.0,1631,305,29,72,7,0.0473,"{""IC"": 1719, ""S"": 214, ""PYO"": 41, ""HDM"": 63}","[5, 6, 7, 11, 8, 12, 10, 9, 18, 13]",0.1713
2022,7,21,4,196,16316,83.24,0,136,2525,0.1548,1258,1267,95,16.81,10.0,1708,391,375,51,13,0.0385,"{""IC"": 2140, ""S"": 207, ""PYO"": 42, ""HDM"": 30, ""MV"": 106}","[5, 6, 7, 8, 11, 9, 10, 52, 12, 18]",0.16
2022,7,22,5,210,17376,82.74,0,0,3418,0.1967,1703,1715,55,13.02,10.0,2439,704,275,0,29,0.0366,"{""IC"": 2686, ""S"": 455, ""PYO"": 29, ""HDM"": 222, ""MV"": 26}","[5, 6, 7, 8, 9, 11, 10, 12, 14, 13]",0.1515
2022,7,23,6,176,13926,79.12,8,142,1273,0.0914,645,628,123,10.16,7.0,1080,160,17,16,12,0.0851,"{""IC"": 935, ""S"": 178, ""PYO"": 62, ""HDM"": 88, ""MV"": 10}","[5, 6, 7, 8, 9, 10, 13, 14, 12, 16]",0.1427
2022,7,24,7,175,14028,80.16,0,0,1581,0.1127,794,787,55,15.52,10.0,1037,319,225,0,15,0.055,"{""IC"": 1062, ""S"": 285, ""PYO"": 4, ""HDM"": 110, ""MV"": 97, ""V"": 23}","[5, 6, 7, 10, 8, 9, 13, 11, 12, 14]",0.1346
2022,7,25,1,195,16382,84.01,0,12,2892,0.1765,1444,1448,109,14.79,9.5,2094,615,69,114,18,0.0366,"{""IC"": 2224, ""S"": 500, ""PYO"": 53, ""HDM"": 108, ""MV"": 7}","[5, 6, 7, 9, 11, 8, 10, 13, 12, 19]",0.1397
2022,7,26,2,193,16012,82.96,0,0,2372,0.1481,1187,1185,136,11.82,8.0,2007,312,5,48,9,0.0471,"{""IC"": 1861, ""S"": 441, ""PYO"": 21, ""HDM"": 49}","[7, 6, 5, 8, 9, 10, 11, 13, 12, 15]",0.1446
2022,7,27,3,197,15950,80.96,0,22,1461,0.0916,730,731,62,11.04,8.0,1178,233,43,7,12,0.0695,"{""IC"": 1155, ""S"": 226, ""PYO"": 31, ""HDM"": 35, ""MV"": 14}","[5, 6, 7, 8, 9, 10, 11, 13, 12, 20]",0.1388
2022,7,28,4,196,16244,82.88,0,0,1345,0.0828,670,675,43,10.11,7.0,1122,171,52,0,7,0.0694,"{""IC"": 1060, ""S"": 186, ""PYO"": 54, ""HDM"": 30, ""MV"": 15}","[5, 6, 7, 9, 8, 10, 15, 11, 12, 14]",0.1285
2022,7,29,5,204,17266,84.64,0,0,2613,0.1513,1304,1309,41,10.03,8.0,2227,280,106,0,12,0.0519,"{""IC"": 2121, ""S"": 277, ""PYO"": 140, ""HDM"": 75}","[5, 6, 7, 8, 9, 10, 11, 12, 13, 14]",0.1221
2022,7,30,6,178,14042,78.89,0,0,1704,0.1214,847,857,32,10.93,8.0,1236,457,11,0,17,0.0586,"{""IC"": 1351, ""S"": 191, ""PYO"": 47, ""HDM"": 107, ""MUS"": 8}","[5, 6, 7, 8, 9, 16, 15, 14, 23, 11]",0.1263
2022,7,31,7,172,13952,81.12,4,166,1521,0.109,757,764,47,13.11,8.0,1116,222,183,0,12,0.0553,"{""IC"": 1247, ""S"": 190, ""PYO"": 12, ""HDM"": 39, ""MV"": 33}","[5, 7, 6, 8, 12, 13, 10, 11, 9, 14]",0.1258
2022,8,1,1,200,16404,82.02,2,190,2134,0.1301,1062,1072,106,14.86,8.0,1669,165,246,54,14,0.046,"{""IC"": 1873, ""S"": 140, ""PYO"": 28, ""HDM"": 47, ""MV"": 46}","[5, 6, 7, 8, 9, 10, 11, 13, 12, 14]",0.1192
2022,8,2,2,194,15876,81.84,3,114,2860,0.1801,1421,1439,52,14.11,10.0,1881,737,242,0,24,0.0372,"{""IC"": 2312, ""S"": 321, ""PYO"": 52, ""HDM"": 148, ""MV"": 27}","[5, 6, 7, 8, 11, 10, 9, 12, 13, 17]",0.1238
2022,8,3,3,205,16568,80.82,3,200,4221,0.2548,2120,2101,100,20.64,14.0,2210,891,1034,86,26,0.0267,"{""IC"": 3305, ""S"": 482, ""PYO"": 133, ""HDM"": 171, ""MV"": 130}","[5, 10, 6, 9, 8, 7, 14, 13, 12, 11]",0.1471
2022,8,4,4,201,16940,84.28,3,186,3243,0.1914,1615,1628,76,14.79,10.0,2108,790,342,3,20,0.0366,"{""IC"": 2593, ""S"": 342, ""PYO"": 179, ""HDM"": 77, ""MV"": 52}","[5, 6, 7, 9, 10, 8, 11, 12, 13, 14]",0.1626
2022,8,5,5,213,17694,83.07,12,208,3023,0.1708,1512,1511,60,11.33,10.0,2328,640,49,6,15,0.0449,"{""IC"": 2467, ""S"": 351, ""PYO"": 77, ""HDM"": 69, ""MUS"": 41, ""MV"": 18}","[5, 6, 7, 9, 12, 8, 14, 11, 13, 10]",0.1654
2022,8,6,6,185,14274,77.16,10,192,3083,0.216,1536,1547,116,15.0,9.0,2201,635,167,80,22,0.0336,"{""IC"": 2182, ""S"": 564, ""PYO"": 52, ""HDM"": 116, ""MUS"": 140, ""MV"": 27, ""V"": 2}","[5, 6, 8, 7, 10, 9, 14, 11, 13, 16]",0.1789
2022,8,7,7,168,13780,82.02,1,20,2347,0.1703,1167,1180,400,60.66,11.0,1372,407,101,467,12,0.0187,"{""IC"": 1737, ""S"": 356, ""PYO"": 122, ""HDM"": 120, ""MUS"": 7, ""MV"": 5}","[5, 6, 7, 9, 8, 10, 11, 12, 13, 27]",0.1876
2022,8,8,1,203,16422,80.9,9,1384,5852,0.3564,2925,2927,248,32.29,16.0,2751,926,1184,991,44,0.021,"{""IC"": 4759, ""S"": 733, ""PYO"": 16, ""HDM"": 167, ""MV"": 177}","[5, 6, 8, 7, 9, 10, 12, 11, 14, 16]",0.22
2022,8,9,2,193,15794,81.83,1,4,1550,0.0981,781,769,49,9.51,7.0,1341,176,33,0,4,0.0618,"{""IC"": 1222, ""S"": 199, ""PYO"": 57, ""HDM"": 68, ""MV"": 4}","[5, 6, 7, 8, 12, 9, 11, 10, 13, 17]",0.2083
2022,8,10,3,192,15870,82.66,3,110,2625,0.1654,1318,1307,110,13.35,9.0,1993,399,202,31,14,0.0454,"{""S"": 379, ""IC"": 2079, ""PYO"": 94, ""HDM"": 69, ""MV"": 4}","[5, 7, 6, 8, 14, 13, 9, 15, 10, 12]",0.1955
2022,8,11,4,193,15924,82.51,2,44,2221,0.1395,1110,1111,142,17.49,8.0,1522,308,299,92,10,0.0425,"{""IC"": 1755, ""S"": 335, ""PYO"": 18, ""HDM"": 54, ""MV"": 59}","[5, 6, 7, 8, 9, 10, 29, 12, 11, 15]",0.1881
2022,8,12,5,208,16454,79.11,3,142,4131,0.2511,2074,2057,137,13.45,9.0,2890,881,340,20,20,0.0353,"{""IC"": 3189, ""S"": 627, ""PYO"": 52, ""HDM"": 178, ""MUS"": 20, ""MV"": 65}","[5, 6, 7, 8, 10, 9, 11, 12, 13, 19]",0.1995
2022,8,13,6,174,13698,78.72,3,164,1843,0.1345,921,922,90,12.63,8.0,1328,401,97,17,11,0.0536,"{""IC"": 1392, ""S"": 346, ""PYO"": 41, ""HDM"": 32, ""MUS"": 12, ""MV"": 20}","[5, 6, 7, 8, 9, 10, 15, 20, 13, 21]",0.1879
2022,8,14,7,191,13960,73.09,0,0,2708,0.194,1351,1357,91,18.22,11.0,1607,632,347,122,24,0.037,"{""IC"": 2001, ""S"": 460, ""PYO"": 3, ""HDM"": 161, ""P"": 3, ""MUS"": 16, ""MV"": 64}","[5, 6, 7, 8, 10, 11, 9, 13, 27, 12]",0.1913
2022,8,15,1,199,16058,80.69,7,292,2735,0.1703,1360,1375,53,12.67,10.0,1950,629,156,0,22,0.0443,"{""IC"": 2256, ""S"": 276, ""PYO"": 12, ""HDM"": 131, ""MV"": 60}","[5, 6, 7, 8, 9, 10, 11, 12, 14, 17]",0.1647
2022,8,16,2,195,15754,80.79,4,180,3489,0.2215,1747,1742,67,15.36,11.0,2173,999,206,111,10,0.0441,"{""IC"": 2774, ""S"": 577, ""PYO"": 37, ""HDM"": 101}","[5, 6, 7, 8, 13, 11, 16, 10, 12, 9]",0.1823
2022,8,17,3,202,15898,78.7,3,452,5150,0.3239,2577,2573,181,43.26,19.0,2232,821,722,1375,28,0.019,"{""IC"": 3943, ""S"": 938, ""PYO"": 38, ""HDM"": 158, ""MV"": 73}","[5, 6, 7, 8, 9, 10, 15, 21, 11, 16]",0.205
2022,8,18,4,199,16212,81.47,5,444,4071,0.2511,2032,2039,85,14.8,10.0,2689,889,481,12,28,0.0335,"{""IC"": 2989, ""S"": 721, ""PYO"": 17, ""HDM"": 208, ""MV"": 136}","[5, 6, 7, 9, 8, 10, 14, 11, 12, 13]",0.2209
2022,8,19,5,210,16892,80.44,1,8,5832,0.3453,2917,2915,274,29.8,13.0,3147,1323,723,639,35,0.0186,"{""IC"": 4465, ""S"": 853, ""PYO"": 203, ""HDM"": 264, ""MV"": 47}","[5, 6, 7, 9, 8, 11, 10, 12, 13, 15]",0.2344
2022,8,20,6,168,12318,73.32,3,42,3569,0.2897,1790,1779,141,24.81,11.0,2132,668,276,493,25,0.0214,"{""S"": 771, ""IC"": 2543, ""HDM"": 202, ""MUS"": 20, ""MV"": 33}","[5, 6, 9, 8, 7, 10, 11, 13, 14, 12]",0.2565
2022,8,21,7,165,13410,81.27,0,0,3265,0.2435,1625,1640,112,13.14,9.0,2388,731,94,52,26,0.0335,"{""IC"": 2506, ""S"": 552, ""PYO"": 24, ""HDM"": 175, ""MV"": 8}","[5, 7, 6, 8, 9, 10, 11, 13, 12, 15]",0.2636
2022,8,22,1,194,15862,81.76,3,262,4313,0.2719,2154,2159,105,23.3,15.0,2096,986,818,413,35,0.0264,"{""IC"": 3436, ""S"": 566, ""PYO"": 29, ""HDM"": 260, ""MV"": 22}","[5, 6, 7, 8, 11, 10, 12, 14, 9, 17]",0.2781
2022,8,23,2,206,15536,75.42,4,78,1706,0.1098,858,848,103,13.98,9.0,1268,297,89,52,13,0.0641,"{""IC"": 1349, ""S"": 81, ""PYO"": 28, ""HDM"": 165, ""MUS"": 2, ""MV"": 75, ""V"": 6}","[5, 6, 7, 8, 9, 11, 12, 15, 13, 14]",0.2622
2022,8,24,3,209,16104,77.05,4,162,4740,0.2943,2380,2360,192,25.07,15.0,2337,1428,564,411,39,0.0216,"{""IC"": 3449, ""S"": 887, ""PYO"": 27, ""HDM"": 261, ""MV"": 114, ""V"": 2}","[6, 5, 14, 8, 7, 10, 11, 9, 13, 15]",0.2579
2022,8,25,4,207,16430,79.37,9,660,5656,0.3442,2834,2822,150,20.89,12.0,3258,1263,754,381,44,0.0207,"{""IC"": 4476, ""S"": 636, ""PYO"": 21, ""HDM"": 284, ""MUS"": 2, ""MV"": 235, ""V"": 2}","[6, 7, 5, 9, 8, 10, 11, 14, 12, 13]",0.2712
2022,8,26,5,213,17000,79.81,8,492,3222,0.1895,1603,1619,93,11.9,9.0,2499,603,91,29,30,0.0427,"{""IC"": 2677, ""S"": 227, ""PYO"": 30, ""HDM"": 255, ""MV"": 33}","[6, 5, 7, 8, 10, 9, 11, 12, 14, 13]",0.249
2022,8,27,6,177,14226,80.37,0,0,1703,0.1197,849,854,47,11.24,8.0,1357,258,88,0,11,0.0622,"{""IC"": 1243, ""S"": 145, ""PYO"": 93, ""HDM"": 126, ""MUS"": 75, ""MV"": 10, ""V"": 11}","[6, 5, 7, 8, 9, 10, 11, 12, 13, 17]",0.2247
2022,8,28,7,169,13658,80.82,0,84,2101,0.1538,1050,1051,119,18.57,9.0,1434,405,140,122,16,0.0391,"{""IC"": 1732, ""S"": 117, ""PYO"": 2, ""HDM"": 190, ""MV"": 60}","[5, 6, 7, 8, 9, 10, 16, 15, 14, 12]",0.2119
2022,8,29,1,202,16618,82.27,19,434,2913,0.1753,1457,1456,92,24.29,13.0,1580,655,194,484,13,0.0283,"{""IC"": 2323, ""S"": 448, ""PYO"": 18, ""HDM"": 109, ""MV"": 15}","[5, 6, 7, 8, 9, 10, 11, 18, 16, 17]",0.1981
2022,8,30,2,196,15548,79.33,2,24,2164,0.1392,1086,1078,48,10.17,8.0,1754,350,60,0,14,0.0569,"{""S"": 235, ""IC"": 1687, ""PYO"": 15, ""HDM"": 161, ""MV"": 66}","[5, 6, 7, 8, 9, 10, 11, 15, 16, 13]",0.2023
2022,8,31,3,194,15972,82.33,3,50,2268,0.142,1147,1121,65,13.22,9.0,1707,318,236,7,12,0.0524,"{""S"": 326, ""IC"": 1699, ""PYO"": 32, ""HDM"": 192, ""MV"": 19}","[5, 6, 7, 8, 9, 10, 11, 14, 12, 13]",0.1805
2022,9,1,4,199,16872,84.78,2,28,2418,0.1433,1211,1207,102,12.77,9.0,1973,251,156,38,10,0.0516,"{""IC"": 1706, ""S"": 354, ""PYO"": 24, ""HDM"": 236, ""MV"": 98}","[5, 7, 6, 8, 10, 9, 11, 12, 13, 14]",0.1518
2022,9,2,5,207,17352,83.83,0,0,2361,0.1361,1189,1172,44,9.05,7.0,2104,217,40,0,8,0.0591,"{""IC"": 1857, ""S"": 230, ""PYO"": 5, ""HDM"": 267, ""MV"": 2}","[5, 6, 7, 8, 9, 10, 11, 12, 13, 14]",0.1442
2022,9,3,6,173,13936,80.55,0,0,1002,0.0719,504,498,33,8.78,7.0,875,123,4,0,8,0.1008,"{""IC"": 569, ""S"": 124, ""PYO"": 10, ""HDM"": 274, ""MUS"": 3, ""MV"": 22}","[5, 6, 7, 8, 9, 12, 14, 15, 10, 11]",0.1374
2022,9,4,7,172,13756,79.98,0,0,1455,0.1058,730,725,31,10.96,9.0,1136,307,12,0,7,0.0617,"{""IC"": 1054, ""S"": 156, ""PYO"": 2, ""HDM"": 239, ""MV"": 4}","[5, 6, 8, 10, 7, 11, 12, 9, 14, 15]",0.1305
2022,9,5,1,192,16360,85.21,0,0,1508,0.0922,756,752,133,9.36,7.0,1348,145,4,11,11,0.0845,"{""IC"": 1109, ""S"": 73, ""PYO"": 26, ""HDM"": 300}","[5, 6, 7, 8, 9, 10, 11, 12, 15, 14]",0.1186
2022,9,6,2,188,15914,84.65,0,14,1974,0.124,993,981,65,15.1,9.0,1422,278,205,69,9,0.0487,"{""S"": 217, ""IC"": 1488, ""PYO"": 8, ""HDM"": 217, ""MV"": 44}","[5, 6, 7, 8, 11, 9, 10, 14, 15, 19]",0.1165
2022,9,7,3,193,16072,83.27,0,184,3336,0.2076,1675,1661,162,32.74,13.0,1739,555,395,647,19,0.0207,"{""IC"": 2525, ""S"": 487, ""PYO"": 56, ""HDM"": 232, ""MV"": 36}","[5, 6, 7, 8, 11, 10, 12, 9, 24, 13]",0.1258
2022,9,8,4,199,16800,84.42,0,24,2280,0.1357,1138,1142,57,12.17,9.0,1732,429,119,0,15,0.0513,"{""IC"": 1586, ""S"": 290, ""PYO"": 23, ""HDM"": 190, ""MV"": 191}","[5, 6, 7, 8, 9, 10, 11, 12, 14, 13]",0.1248
2022,9,9,5,208,17328,83.31,0,0,2469,0.1425,1239,1230,256,21.08,9.0,1790,420,134,125,15,0.0364,"{""IC"": 1931, ""S"": 226, ""PYO"": 90, ""HDM"": 216, ""MV"": 6}","[5, 6, 8, 7, 9, 11, 10, 12, 13, 14]",0.1257
2022,9,10,6,167,13926,83.39,0,52,1520,0.1091,760,760,98,21.26,10.0,947,169,297,107,7,0.0453,"{""IC"": 1128, ""S"": 200, ""PYO"": 26, ""HDM"": 166}","[5, 6, 7, 8, 9, 11, 50, 14, 12, 13]",0.131
2022,9,11,7,164,13634,83.13,0,0,2132,0.1564,1066,1066,62,11.8,9.0,1650,374,100,8,14,0.0484,"{""IC"": 1737, ""S"": 212, ""PYO"": 12, ""HDM"": 171}","[5, 6, 7, 8, 10, 9, 11, 13, 12, 14]",0.1382
2022,9,12,1,197,16388,83.19,5,344,1448,0.0884,725,723,46,12.3,8.0,1061,247,140,0,10,0.0691,"{""IC"": 905, ""S"": 178, ""PYO"": 44, ""HDM"": 187, ""MV"": 134}","[5, 6, 7, 8, 9, 10, 20, 11, 16, 22]",0.1377
2022,9,13,2,192,15990,83.28,0,14,1378,0.0862,697,681,24,8.83,7.0,1209,169,0,0,9,0.0825,"{""S"": 177, ""IC"": 1018, ""PYO"": 12, ""HDM"": 154, ""MV"": 17}","[5, 6, 7, 8, 9, 11, 12, 10, 18, 20]",0.1323
2022,9,14,3,190,16224,85.39,0,4,2373,0.1463,1191,1182,57,12.74,8.0,1814,336,223,0,13,0.0452,"{""S"": 288, ""IC"": 1899, ""PYO"": 34, ""HDM"": 152}","[5, 6, 7, 8, 9, 12, 11, 13, 17, 10]",0.1235
2022,9,15,4,194,16338,84.22,0,4,2166,0.1326,1088,1078,53,9.78,8.0,1877,233,56,0,9,0.0583,"{""IC"": 1511, ""S"": 341, ""PYO"": 49, ""HDM"": 203, ""MV"": 62}","[5, 6, 7, 8, 9, 10, 11, 12, 13, 14]",0.1231
2022,9,16,5,209,17448,83.48,2,42,2923,0.1675,1461,1462,86,12.82,8.0,2398,271,166,88,14,0.0406,"{""S"": 443, ""IC"": 1944, ""PYO"": 293, ""HDM"": 227, ""MUS"": 16}","[5, 6, 7, 8, 10, 9, 11, 12, 13, 14]",0.1266
2022,9,17,6,175,13878,79.3,2,42,2601,0.1874,1307,1294,24,8.56,7.0,2431,170,0,0,6,0.0585,"{""IC"": 2008, ""S"": 404, ""PYO"": 26, ""HDM"": 152, ""MUS"": 11}","[5, 6, 7, 10, 9, 8, 11, 12, 13, 14]",0.1378
2022,9,18,7,185,13842,74.82,0,4,2778,0.2007,1392,1386,63,11.38,7.0,2367,197,167,47,10,0.0445,"{""IC"": 2266, ""S"": 260, ""PYO"": 13, ""HDM"": 140, ""MUS"": 94, ""V"": 5}","[5, 6, 7, 8, 9, 10, 14, 11, 15, 13]",0.1442
2022,9,19,1,190,15990,84.16,0,44,991,0.062,502,489,36,11.36,7.0,766,131,94,0,9,0.081,"{""IC"": 713, ""S"": 95, ""PYO"": 19, ""HDM"": 164}","[5, 6, 7, 8, 10, 9, 12, 11, 32, 16]",0.1404
2022,9,20,2,191,15498,81.14,0,4,1659,0.107,839,820,39,9.81,8.0,1394,222,43,0,10,0.071,"{""IC"": 1227, ""S"": 198, ""PYO"": 10, ""HDM"": 184, ""MV"": 40}","[5, 6, 7, 9, 8, 10, 11, 12, 15, 16]",0.1434
2022,9,21,3,192,15586,81.18,1,18,1589,0.102,799,790,142,20.71,12.0,897,377,254,61,10,0.0487,"{""IC"": 1176, ""S"": 185, ""PYO"": 52, ""HDM"": 176}","[5, 6, 7, 8, 9, 11, 10, 15, 12, 30]",0.137
2022,9,22,4,196,16340,83.37,0,4,1290,0.0789,650,640,72,11.52,7.0,1019,187,52,32,3,0.0789,"{""IC"": 940, ""S"": 197, ""PYO"": 4, ""HDM"": 135, ""MV"": 14}","[5, 6, 7, 8, 9, 15, 11, 16, 10, 12]",0.1294
2022,9,23,5,214,17496,81.76,0,4,2236,0.1278,1118,1118,53,9.17,8.0,1958,266,12,0,14,0.0543,"{""IC"": 1571, ""S"": 407, ""PYO"": 17, ""HDM"": 176, ""MV"": 65}","[5, 7, 6, 8, 9, 10, 12, 11, 13, 14]",0.1237
2022,9,24,6,175,13966,79.81,0,74,1359,0.0973,682,677,158,28.33,10.0,920,62,148,229,6,0.04,"{""IC"": 1023, ""S"": 18, ""PYO"": 187, ""HDM"": 120, ""MUS"": 5, ""MV"": 6}","[5, 7, 6, 10, 11, 8, 9, 13, 12, 14]",0.1108
2022,9,25,7,170,13686,80.51,8,160,1726,0.1261,865,861,150,22.14,8.0,1183,154,258,131,10,0.0403,"{""IC"": 1276, ""S"": 256, ""PYO"": 1, ""HDM"": 187, ""MV"": 6}","[5, 6, 7, 8, 9, 10, 11, 14, 15, 48]",0.1002
2022,9,26,1,196,16410,83.72,2,16,1710,0.1042,867,843,36,8.96,7.0,1524,174,12,0,5,0.0668,"{""IC"": 1197, ""S"": 319, ""PYO"": 19, ""HDM"": 140, ""MV"": 35}","[5, 7, 6, 8, 9, 10, 11, 14, 13, 17]",0.1062
2022,9,27,2,210,16522,78.68,7,68,1527,0.0924,764,763,57,11.34,8.0,1203,226,98,0,10,0.0744,"{""IC"": 1084, ""S"": 226, ""PYO"": 12, ""HDM"": 164, ""MV"": 41}","[5, 6, 7, 8, 9, 10, 12, 13, 11, 18]",0.1041
2022,9,28,3,218,16530,75.83,6,214,3130,0.1894,1574,1556,129,30.3,16.0,1517,480,497,636,21,0.0314,"{""IC"": 2160, ""S"": 511, ""PYO"": 63, ""HDM"": 204, ""MV"": 191, ""V"": 1}","[5, 6, 7, 8, 9, 10, 31, 11, 34, 12]",0.1166
2022,9,29,4,215,16576,77.1,6,98,2849,0.1719,1422,1427,77,14.61,7.0,2286,181,154,228,9,0.0364,"{""IC"": 2155, ""S"": 432, ""PYO"": 35, ""HDM"": 182, ""MV"": 45}","[5, 6, 7, 8, 9, 10, 11, 12, 67, 13]",0.1299
2022,9,30,5,225,17370,77.2,10,200,2887,0.1662,1437,1450,55,12.84,10.0,2063,611,213,0,21,0.0469,"{""S"": 224, ""IC"": 2359, ""PYO"": 33, ""HDM"": 221, ""MV"": 50}","[5, 6, 8, 7, 10, 9, 13, 14, 15, 12]",0.1354
2022,10,1,6,194,14448,74.47,7,286,2249,0.1557,1129,1120,163,20.61,10.0,1498,337,321,93,13,0.0354,"{""IC"": 1489, ""S"": 335, ""PYO"": 166, ""HDM"": 180, ""MUS"": 26, ""MV"": 53}","[5, 6, 7, 8, 9, 11, 10, 13, 12, 14]",0.1437
2022,10,2,7,176,13666,77.65,9,86,1157,0.0847,576,581,86,13.16,7.0,956,108,27,66,9,0.0717,"{""IC"": 791, ""S"": 108, ""PYO"": 8, ""HDM"": 217, ""MV"": 33}","[5, 6, 7, 9, 10, 8, 11, 12, 85, 82]",0.1378
2022,10,3,1,211,16630,78.82,16,158,1760,0.1058,888,872,55,10.24,8.0,1534,163,63,0,10,0.0647,"{""IC"": 1131, ""S"": 295, ""PYO"": 55, ""HDM"": 206, ""MV"": 73}","[5, 6, 7, 9, 8, 11, 10, 12, 13, 14]",0.138
2022,10,4,2,210,16600,79.05,16,226,1808,0.1089,907,901,33,9.32,7.0,1508,270,30,0,10,0.0635,"{""S"": 305, ""IC"": 1355, ""PYO"": 1, ""HDM"": 141, ""V"": 6}","[5, 6, 7, 9, 8, 11, 10, 12, 15, 16]",0.1404
2022,10,5,3,197,16440,83.45,1,18,1545,0.094,778,767,162,12.4,6.0,1308,145,60,32,7,0.0622,"{""IC"": 1216, ""S"": 226, ""PYO"": 39, ""HDM"": 36, ""MV"": 28}","[5, 6, 7, 8, 9, 10, 22, 12, 13, 11]",0.1267
2022,10,6,4,195,16438,84.3,0,4,2901,0.1765,1449,1452,112,15.26,8.0,2278,305,179,139,19,0.0353,"{""IC"": 2213, ""S"": 529, ""PYO"": 24, ""HDM"": 120, ""MV"": 15}","[5, 6, 7, 8, 9, 11, 10, 12, 13, 20]",0.1274
2022,10,7,5,211,17260,81.8,13,270,2833,0.1641,1416,1417,75,14.26,9.0,2209,335,218,71,16,0.0363,"{""IC"": 2156, ""S"": 492, ""PYO"": 57, ""HDM"": 82, ""MV"": 46}","[5, 6, 7, 8, 9, 10, 11, 13, 14, 12]",0.1271
2022,10,8,6,168,13866,82.54,35,660,1345,0.097,674,671,508,28.49,8.0,1019,125,134,67,5,0.0442,"{""IC"": 1100, ""S"": 94, ""PYO"": 86, ""MUS"": 13, ""MV"": 52}","[5, 6, 7, 8, 9, 10, 11, 19, 13, 12]",0.1187
2022,10,9,7,168,13634,81.15,32,594,1539,0.1129,766,773,90,16.39,9.0,1184,194,28,133,7,0.0406,"{""IC"": 1211, ""S"": 310, ""PYO"": 15, ""MV"": 3}","[5, 6, 8, 7, 9, 10, 13, 11, 12, 14]",0.1227
2022,10,10,1,194,16524,85.18,37,794,1906,0.1153,949,957,72,11.47,7.0,1510,217,174,5,8,0.0536,"{""IC"": 1412, ""S"": 262, ""PYO"": 139, ""MV"": 93}","[5, 6, 7, 8, 15, 9, 10, 11, 17, 13]",0.1241
2022,10,11,2,203,16692,82.23,34,738,2550,0.1528,1284,1266,93,13.2,9.0,1997,358,120,75,10,0.0375,"{""IC"": 2106, ""S"": 378, ""HDM"": 46, ""MV"": 20}","[5, 7, 6, 9, 8, 10, 11, 12, 15, 13]",0.1304
2022,10,12,3,197,16512,83.82,12,270,1545,0.0936,774,771,180,12.13,8.0,1230,219,88,8,10,0.0723,"{""IC"": 997, ""S"": 482, ""PYO"": 16, ""HDM"": 24, ""MV"": 26}","[5, 7, 6, 8, 12, 9, 11, 10, 19, 13]",0.1303
2022,10,13,4,195,16480,84.51,3,100,1916,0.1163,963,953,150,14.26,7.0,1522,264,64,66,7,0.0523,"{""IC"": 1483, ""S"": 206, ""PYO"": 62, ""HDM"": 92, ""MV"": 73}","[5, 6, 7, 8, 9, 10, 11, 19, 12, 14]",0.1217
2022,10,14,5,208,17162,82.51,6,146,3678,0.2143,1839,1839,71,12.56,8.0,2752,675,195,56,14,0.0352,"{""IC"": 3078, ""S"": 420, ""PYO"": 32, ""HDM"": 148}","[5, 6, 7, 8, 9, 10, 13, 24, 17, 12]",0.1289
2022,10,15,6,163,13738,84.28,0,4,1580,0.115,790,790,67,12.28,9.0,1251,231,71,27,8,0.0549,"{""IC"": 1233, ""S"": 148, ""PYO"": 114, ""HDM"": 85}","[5, 6, 7, 10, 8, 11, 9, 12, 13, 14]",0.1315
2022,10,16,7,166,13628,82.1,4,82,3152,0.2313,1579,1573,62,9.95,7.0,2742,306,92,12,13,0.0397,"{""IC"": 2385, ""S"": 657, ""PYO"": 1, ""HDM"": 109}","[5, 6, 7, 8, 10, 9, 11, 12, 13, 15]",0.1484
2022,10,17,1,196,16424,83.8,1,24,3260,0.1985,1632,1628,150,17.73,8.0,2482,427,142,209,10,0.0278,"{""IC"": 2639, ""S"": 548, ""PYO"": 12, ""HDM"": 55, ""V"": 6}","[5, 6, 7, 8, 9, 11, 10, 13, 12, 16]",0.1603
2022,10,18,2,199,16556,83.2,2,44,1448,0.0875,722,726,27,7.87,7.0,1371,77,0,0,9,0.0731,"{""S"": 340, ""IC"": 1002, ""PYO"": 7, ""HDM"": 65, ""MV"": 34}","[5, 6, 7, 8, 10, 9, 11, 12, 13, 18]",0.1509
2022,10,19,3,197,16494,83.73,2,64,1923,0.1166,961,962,39,8.16,7.0,1762,132,29,0,9,0.0631,"{""IC"": 1507, ""S"": 265, ""PYO"": 39, ""HDM"": 104, ""MV"": 8}","[5, 7, 6, 8, 9, 10, 11, 15, 12, 16]",0.1542
2022,10,20,4,193,16394,84.94,1,24,2108,0.1286,1056,1052,125,25.51,9.0,1260,318,290,240,13,0.0286,"{""IC"": 1839, ""S"": 212, ""PYO"": 12, ""HDM"": 37, ""MV"": 8}","[5, 6, 7, 8, 9, 10, 15, 11, 14, 17]",0.156
2022,10,21,5,208,17176,82.58,5,114,2203,0.1283,1098,1105,41,11.97,8.0,1617,443,143,0,11,0.0446,"{""S"": 225, ""IC"": 1867, ""PYO"": 24, ""HDM"": 81, ""MV"": 6}","[5, 6, 7, 8, 11, 9, 10, 13, 12, 14]",0.1437
2022,10,22,6,165,13768,83.44,5,114,1518,0.1103,758,760,136,44.69,14.5,759,60,70,629,8,0.0269,"{""IC"": 1007, ""S"": 310, ""PYO"": 168, ""HDM"": 33}","[5, 6, 7, 8, 9, 10, 124, 79, 100, 99]",0.143
2022,10,23,7,163,13616,83.53,4,120,3973,0.2918,1987,1986,184,21.69,9.0,2951,433,77,512,21,0.0186,"{""IC"": 3303, ""S"": 597, ""PYO"": 16, ""HDM"": 57}","[6, 5, 7, 8, 10, 9, 11, 12, 13, 14]",0.1517
2022,10,24,1,196,16474,84.05,6,214,3709,0.2251,1859,1850,186,20.76,10.0,2448,591,463,207,16,0.0321,"{""IC"": 3022, ""S"": 613, ""PYO"": 23, ""HDM"": 49, ""MV"": 2}","[5, 6, 7, 8, 9, 10, 11, 12, 13, 14]",0.1555
2022,10,25,2,195,16432,84.27,5,138,2917,0.1775,1467,1450,130,23.75,10.0,1784,318,544,271,11,0.0282,"{""IC"": 2482, ""S"": 327, ""PYO"": 35, ""HDM"": 73}","[5, 6, 7, 8, 10, 9, 13, 11, 12, 14]",0.1683
2022,10,26,3,202,16694,82.64,14,302,2023,0.1212,1012,1011,62,13.0,9.0,1415,465,123,20,11,0.0497,"{""IC"": 1595, ""S"": 259, ""PYO"": 29, ""HDM"": 21, ""MV"": 119}","[5, 6, 7, 8, 9, 15, 14, 10, 18, 11]",0.169
2022,10,27,4,195,16512,84.68,3,98,1654,0.1002,825,829,38,8.41,6.0,1519,90,45,0,7,0.068,"{""IC"": 1370, ""S"": 146, ""PYO"": 1, ""HDM"": 43, ""MV"": 94}","[5, 6, 7, 8, 9, 11, 10, 12, 13, 14]",0.1649
2022,10,28,5,210,17248,82.13,3,50,2406,0.1395,1204,1202,90,14.21,8.0,1969,160,168,109,11,0.0429,"{""IC"": 1960, ""S"": 307, ""PYO"": 27, ""HDM"": 82, ""MV"": 30}","[5, 6, 7, 8, 9, 12, 10, 11, 13, 44]",0.1665
2022,10,29,6,165,13858,83.99,0,4,2271,0.1639,1141,1130,80,25.99,14.0,1155,368,379,369,8,0.0335,"{""IC"": 1720, ""S"": 139, ""PYO"": 294, ""HDM"": 25, ""MV"": 93}","[5, 6, 7, 8, 11, 10, 9, 60, 61, 62]",0.1742
2022,10,30,7,162,13544,83.6,0,0,852,0.0629,429,423,31,8.08,6.0,786,65,1,0,6,0.0816,"{""IC"": 667, ""S"": 145, ""PYO"": 9, ""HDM"": 31}","[5, 6, 7, 8, 9, 11, 12, 13, 14, 15]",0.1415
2022,10,31,1,186,14350,77.15,0,32,1869,0.1302,935,934,35,8.73,7.0,1677,178,14,0,8,0.0526,"{""S"": 347, ""IC"": 1476, ""HDM"": 38, ""MV"": 8}","[5, 6, 7, 8, 9, 11, 10, 13, 19, 12]",0.1279
2022,11,1,2,182,13860,76.15,0,64,872,0.0629,438,434,28,10.21,8.0,672,200,0,0,8,0.0736,"{""IC"": 564, ""S"": 269, ""HDM"": 39}","[5, 6, 7, 8, 9, 15, 10, 22, 12, 11]",0.1115
2022,11,2,3,195,16218,83.17,0,80,2508,0.1546,1252,1256,116,18.59,12.0,1394,549,502,63,13,0.0341,"{""IC"": 2141, ""S"": 299, ""PYO"": 26, ""HDM"": 25, ""MV"": 17}","[5, 6, 7, 8, 9, 21, 29, 32, 13, 31]",0.1163
2022,11,3,4,197,16556,84.04,2,144,2692,0.1626,1346,1346,57,14.04,10.0,1761,681,250,0,14,0.0398,"{""S"": 392, ""IC"": 2192, ""PYO"": 14, ""HDM"": 69, ""MV"": 25}","[5, 6, 7, 8, 9, 10, 11, 12, 25, 15]",0.1252
2022,11,4,5,207,17168,82.94,2,112,2629,0.1531,1318,1311,48,12.61,11.0,1883,573,173,0,13,0.0449,"{""IC"": 2199, ""S"": 317, ""PYO"": 28, ""HDM"": 85}","[5, 7, 6, 13, 14, 9, 11, 12, 8, 10]",0.1272
2022,11,5,6,164,13780,84.02,0,0,1697,0.1231,853,844,54,13.67,11.0,1080,472,145,0,7,0.0557,"{""IC"": 1494, ""S"": 139, ""PYO"": 45, ""HDM"": 19}","[5, 6, 7, 8, 12, 13, 9, 14, 16, 15]",0.1213
2022,11,6,7,166,13686,82.45,0,0,1561,0.1141,784,777,19,7.81,7.0,1483,78,0,0,5,0.0623,"{""IC"": 1455, ""S"": 73, ""PYO"": 15, ""HDM"": 14, ""MV"": 4}","[5, 6, 7, 8, 9, 10, 11, 12, 13, 14]",0.1287
2022,11,7,1,199,16216,81.49,4,210,2017,0.1244,1005,1012,107,15.77,10.0,1450,435,20,112,9,0.0502,"{""IC"": 1832, ""S"": 60, ""PYO"": 30, ""HDM"": 63, ""MV"": 32}","[5, 7, 6, 8, 10, 9, 11, 14, 15, 12]",0.1278
2022,11,8,2,193,15628,80.97,2,104,1647,0.1054,825,822,75,13.94,9.0,1170,317,124,36,12,0.0501,"{""IC"": 1190, ""S"": 277, ""PYO"": 82, ""HDM"": 86, ""MV"": 12}","[5, 6, 7, 8, 12, 10, 9, 13, 11, 16]",0.1339
2022,11,9,3,200,16042,80.21,0,64,1820,0.1135,912,908,107,15.42,9.0,1372,273,94,81,9,0.054,"{""IC"": 1573, ""S"": 158, ""PYO"": 24, ""HDM"": 43, ""MV"": 22}","[5, 6, 7, 9, 8, 10, 11, 12, 13, 14]",0.128
2022,11,10,4,196,16062,81.95,0,164,2859,0.178,1427,1432,122,18.46,12.0,1625,913,201,120,16,0.0348,"{""IC"": 2552, ""S"": 210, ""PYO"": 3, ""HDM"": 82, ""MV"": 12}","[5, 6, 7, 8, 9, 16, 19, 14, 11, 15]",0.1302
2022,11,11,5,208,16756,80.56,10,266,3125,0.1865,1561,1564,165,15.87,8.0,2442,440,117,126,12,0.0306,"{""IC"": 2791, ""S"": 245, ""PYO"": 40, ""HDM"": 49}","[5, 6, 7, 8, 9, 11, 10, 12, 13, 14]",0.135
2022,11,12,6,169,14154,83.75,2,124,2397,0.1694,1203,1194,150,24.22,11.0,1430,262,469,236,15,0.0284,"{""IC"": 1937, ""S"": 373, ""PYO"": 8, ""HDM"": 34, ""MUS"": 39, ""MV"": 5, ""V"": 1}","[5, 6, 7, 8, 9, 10, 12, 11, 13, 14]",0.1416
2022,11,13,7,165,13868,84.05,5,102,2301,0.1659,1150,1151,41,12.76,10.0,1502,713,86,0,15,0.0427,"{""IC"": 1915, ""S"": 289, ""PYO"": 5, ""HDM"": 92}","[5, 6, 7, 8, 9, 10, 11, 16, 15, 25]",0.149
2022,11,14,1,200,16204,81.02,8,212,2548,0.1572,1279,1269,101,16.91,9.0,1671,493,276,108,9,0.0367,"{""IC"": 2101, ""S"": 287, ""PYO"": 30, ""HDM"": 45, ""MV"": 85}","[5, 6, 7, 8, 9, 10, 17, 11, 16, 15]",0.1537
2022,11,15,2,189,15604,82.56,2,104,1486,0.0952,744,742,55,10.63,8.0,1232,191,63,0,15,0.0635,"{""S"": 293, ""IC"": 1171, ""HDM"": 22}","[5, 6, 7, 8, 9, 12, 13, 10, 15, 11]",0.1522
2022,11,16,3,191,15978,83.65,0,64,2325,0.1455,1165,1160,50,13.72,9.0,1614,463,248,0,15,0.0389,"{""IC"": 1926, ""S"": 264, ""PYO"": 116, ""HDM"": 19}","[5, 6, 7, 9, 8, 11, 17, 13, 14, 10]",0.1568
2022,11,17,4,193,16278,84.34,0,88,2910,0.1788,1460,1450,100,18.51,10.0,1976,417,219,298,9,0.031,"{""IC"": 2620, ""S"": 209, ""PYO"": 62, ""HDM"": 19}","[5, 6, 7, 8, 10, 9, 11, 12, 13, 14]",0.1569
2022,11,18,5,212,17026,80.31,11,280,2565,0.1507,1278,1287,148,15.98,8.0,2073,299,12,181,19,0.041,"{""IC"": 2020, ""S"": 435, ""PYO"": 53, ""HDM"": 43, ""MUS"": 2, ""MV"": 12}","[5, 6, 7, 8, 9, 10, 11, 13, 12, 65]",0.1518
2022,11,19,6,169,14416,85.3,3,198,1423,0.0987,715,708,96,22.82,13.0,806,317,90,210,10,0.0403,"{""IC"": 1121, ""S"": 119, ""PYO"": 51, ""HDM"": 59, ""MV"": 73}","[5, 6, 8, 7, 29, 14, 10, 9, 11, 28]",0.1417
2022,11,20,7,168,14058,83.68,3,208,2347,0.167,1170,1177,78,12.91,9.0,1775,390,134,48,15,0.0372,"{""IC"": 2136, ""S"": 182, ""PYO"": 11, ""HDM"": 18}","[5, 6, 7, 9, 8, 10, 11, 13, 12, 15]",0.1419
2022,11,21,1,196,16118,82.23,1,174,2900,0.1799,1450,1450,141,15.6,9.0,2118,360,338,84,13,0.0357,"{""IC"": 2258, ""S"": 522, ""PYO"": 33, ""HDM"": 37, ""MV"": 50}","[5, 6, 7, 8, 9, 10, 11, 12, 13, 21]",0.1451
2022,11,22,2,199,15672,78.75,3,134,2147,0.137,1078,1069,52,12.07,9.0,1625,384,138,0,7,0.0483,"{""IC"": 1819, ""S"": 272, ""PYO"": 18, ""HDM"": 30, ""MV"": 8}","[5, 6, 7, 8, 10, 9, 11, 12, 13, 14]",0.1511
2022,11,23,3,195,16002,82.06,1,98,2525,0.1578,1271,1254,70,12.34,10.0,1755,678,87,5,13,0.043,"{""IC"": 2144, ""S"": 236, ""PYO"": 93, ""HDM"": 44, ""MV"": 8}","[5, 6, 7, 8, 10, 9, 12, 13, 17, 11]",0.1528
2022,11,24,4,197,16094,81.7,3,204,3464,0.2152,1743,1721,280,18.71,9.0,2299,528,523,114,14,0.027,"{""IC"": 2822, ""S"": 592, ""PYO"": 3, ""HDM"": 46, ""MV"": 1}","[5, 6, 7, 8, 9, 10, 11, 12, 13, 14]",0.158
2022,11,25,5,208,16782,80.68,9,304,2572,0.1533,1281,1291,77,11.08,7.0,2198,197,110,67,9,0.0418,"{""IC"": 1967, ""S"": 398, ""PYO"": 137, ""HDM"": 32, ""MV"": 33, ""V"": 5}","[5, 6, 7, 8, 9, 10, 12, 11, 13, 14]",0.1584
2022,11,26,6,174,14256,81.93,6,334,1869,0.1311,931,938,175,32.09,12.0,988,442,101,338,20,0.0327,"{""S"": 252, ""IC"": 1512, ""PYO"": 36, ""HDM"": 63, ""MUS"": 6}","[5, 6, 7, 8, 9, 19, 18, 20, 10, 16]",0.163
2022,11,27,7,171,14010,81.93,0,0,2780,0.1984,1385,1395,344,17.62,12.0,1761,674,150,195,17,0.0291,"{""IC"": 2303, ""S"": 424, ""PYO"": 3, ""HDM"": 37, ""MUS"": 10, ""V"": 3}","[5, 6, 7, 8, 12, 9, 13, 10, 11, 20]",0.1675
2022,11,28,1,193,16450,85.23,0,122,2106,0.128,1053,1053,61,13.47,10.0,1395,541,162,8,12,0.0442,"{""IC"": 1704, ""S"": 273, ""PYO"": 17, ""HDM"": 24, ""MV"": 88}","[5, 6, 7, 10, 8, 9, 15, 14, 13, 29]",0.1601
2022,11,29,2,194,15946,82.2,0,90,2312,0.145,1159,1153,52,8.92,8.0,2067,232,13,0,14,0.0518,"{""IC"": 1950, ""S"": 244, ""PYO"": 32, ""HDM"": 67, ""MV"": 19}","[5, 6, 7, 9, 8, 10, 13, 11, 17, 12]",0.1613
2022,11,30,3,188,15806,84.07,0,220,3113,0.197,1558,1555,53,13.29,10.0,2125,825,163,0,18,0.0311,"{""IC"": 2438, ""S"": 482, ""PYO"": 146, ""HDM"": 47}","[5, 6, 7, 9, 8, 10, 11, 25, 12, 14]",0.1669
2023,1,1,7,169,14972,88.59,1,14,2089,0.1395,1039,1050,169,28.56,10.0,1348,280,145,316,10,0.0304,"{""S"": 294, ""IC"": 1619, ""PYO"": 136, ""HDM"": 40}","[5, 6, 7, 9, 8, 11, 10, 12, 13, 16]",0.156
2023,1,2,1,194,16702,86.09,2,40,2181,0.1306,1079,1102,107,12.96,8.0,1640,313,188,40,9,0.0536,"{""IC"": 1550, ""S"": 431, ""PYO"": 157, ""HDM"": 27, ""MV"": 16}","[5, 6, 7, 8, 9, 13, 11, 10, 14, 15]",0.1528
2023,1,3,2,194,16776,86.47,0,0,2191,0.1306,1088,1103,44,10.12,8.0,1862,259,70,0,11,0.0534,"{""IC"": 1850, ""S"": 199, ""PYO"": 85, ""HDM"": 40, ""MV"": 17}","[5, 6, 7, 8, 9, 10, 11, 13, 12, 14]",0.1527
2023,1,4,3,197,17124,86.92,0,52,2932,0.1712,1461,1471,103,19.37,10.0,1984,436,229,283,12,0.03,"{""IC"": 2423, ""S"": 203, ""PYO"": 219, ""HDM"": 61, ""MV"": 26}","[5, 6, 7, 8, 9, 10, 11, 13, 14, 12]",0.1488
2023,1,5,4,205,17720,86.44,2,40,3573,0.2016,1788,1785,91,15.26,9.0,2612,397,463,101,20,0.0297,"{""IC"": 2553, ""S"": 489, ""PYO"": 468, ""HDM"": 35, ""MV"": 28}","[5, 6, 7, 8, 9, 12, 10, 11, 13, 14]",0.1594
2023,1,6,5,180,15966,88.7,1,30,1998,0.1251,997,1001,143,25.95,11.0,1226,320,216,236,11,0.0315,"{""S"": 148, ""IC"": 1623, ""PYO"": 168, ""HDM"": 56, ""MV"": 3}","[5, 6, 7, 11, 10, 8, 9, 12, 18, 13]",0.1565
2023,1,7,6,169,14862,87.94,7,156,2175,0.1463,1087,1088,65,15.83,10.0,1468,369,295,43,13,0.0435,"{""IC"": 1823, ""S"": 265, ""PYO"": 20, ""HDM"": 7, ""MV"": 60}","[5, 6, 7, 8, 10, 9, 11, 13, 12, 14]",0.1493
2023,1,8,7,168,14900,88.69,3,134,4336,0.291,2165,2171,95,20.72,12.0,2565,802,666,303,23,0.0247,"{""IC"": 3291, ""S"": 677, ""PYO"": 189, ""HDM"": 147, ""MV"": 32}","[5, 6, 7, 8, 10, 12, 11, 9, 13, 14]",0.1709
2023,1,9,1,195,16830,86.31,11,436,6397,0.3801,3199,3198,153,28.56,14.0,3223,1137,1129,908,35,0.0149,"{""IC"": 5005, ""S"": 1041, ""PYO"": 205, ""HDM"": 50, ""MV"": 96}","[5, 6, 8, 9, 7, 10, 11, 13, 12, 14]",0.2066
2023,1,10,2,193,16640,86.22,0,64,4890,0.2939,2449,2441,139,20.27,11.0,3127,990,389,384,22,0.0169,"{""IC"": 4065, ""S"": 482, ""PYO"": 251, ""HDM"": 68, ""MV"": 24}","[5, 6, 7, 9, 8, 10, 11, 12, 15, 13]",0.2299
2023,1,11,3,194,17006,87.66,0,88,2167,0.1274,1092,1075,73,12.86,8.0,1765,233,71,98,10,0.0497,"{""IC"": 1907, ""S"": 202, ""PYO"": 29, ""HDM"": 5, ""MV"": 24}","[5, 6, 7, 8, 9, 10, 11, 13, 12, 14]",0.2236
2023,1,12,4,194,17024,87.75,0,110,1855,0.109,924,931,38,12.32,8.0,1320,450,85,0,12,0.0533,"{""S"": 106, ""IC"": 1581, ""PYO"": 69, ""HDM"": 57, ""MV"": 42}","[5, 6, 7, 8, 9, 10, 11, 19, 12, 22]",0.2104
2023,1,13,5,218,18266,83.79,4,188,4136,0.2264,2065,2071,79,18.44,12.0,2280,1057,660,139,25,0.0304,"{""IC"": 3168, ""S"": 768, ""PYO"": 101, ""HDM"": 93, ""MV"": 6}","[5, 6, 8, 7, 9, 10, 12, 11, 14, 30]",0.2249
2023,1,14,6,165,14330,86.85,0,0,1183,0.0826,592,591,36,9.79,7.0,971,206,6,0,9,0.0802,"{""IC"": 912, ""S"": 216, ""PYO"": 33, ""HDM"": 22}","[5, 6, 7, 8, 9, 11, 10, 23, 13, 21]",0.2158
2023,1,15,7,171,14808,86.6,2,150,1414,0.0955,706,708,63,10.33,7.0,1272,54,84,4,6,0.0666,"{""S"": 144, ""IC"": 1134, ""PYO"": 18, ""HDM"": 30, ""MV"": 88}","[5, 7, 6, 8, 9, 10, 12, 11, 14, 13]",0.1878
2023,1,16,1,195,16672,85.5,5,170,1564,0.0938,784,780,94,13.2,8.0,1214,189,142,19,5,0.0618,"{""IC"": 1253, ""S"": 233, ""PYO"": 58, ""HDM"": 16, ""MV"": 4}","[5, 6, 7, 8, 9, 12, 11, 10, 35, 13]",0.1469
2023,1,17,2,195,16872,86.52,0,208,2709,0.1606,1357,1352,109,20.6,10.0,1757,433,241,278,11,0.031,"{""IC"": 2098, ""S"": 312, ""PYO"": 41, ""HDM"": 49, ""MV"": 209}","[5, 7, 6, 8, 10, 9, 13, 11, 12, 19]",0.1279
2023,1,18,3,193,16982,87.99,0,64,2130,0.1254,1066,1064,29,8.67,7.0,1887,243,0,0,6,0.0523,"{""IC"": 1671, ""S"": 412, ""PYO"": 37, ""HDM"": 10}","[5, 6, 7, 9, 8, 10, 11, 12, 14, 13]",0.1276
2023,1,19,4,195,17010,87.23,0,64,2058,0.121,1027,1031,68,10.52,7.0,1829,139,0,90,5,0.0504,"{""IC"": 1666, ""S"": 325, ""PYO"": 16, ""HDM"": 37, ""MV"": 14}","[5, 6, 7, 9, 8, 10, 11, 13, 12, 15]",0.1293
2023,1,20,5,214,18140,84.77,0,74,2333,0.1286,1172,1161,136,20.41,9.0,1521,403,216,193,13,0.0321,"{""IC"": 1906, ""S"": 198, ""PYO"": 151, ""HDM"": 36, ""MV"": 42}","[5, 6, 7, 8, 9, 11, 23, 12, 24, 10]",0.1154
2023,1,21,6,165,14402,87.28,0,0,2276,0.158,1132,1144,49,13.43,9.0,1507,593,176,0,13,0.0409,"{""IC"": 1685, ""S"": 367, ""PYO"": 49, ""HDM"": 66, ""MV"": 109}","[5, 6, 7, 8, 9, 11, 23, 25, 10, 21]",0.1261
2023,1,22,7,173,14818,85.65,1,52,1158,0.0781,584,574,104,16.51,7.0,892,76,95,95,4,0.0567,"{""IC"": 644, ""S"": 337, ""PYO"": 140, ""HDM"": 6, ""MV"": 31}","[5, 6, 7, 8, 9, 34, 10, 11, 13, 36]",0.1236
2023,1,23,1,194,16614,85.64,5,160,1943,0.1169,974,969,56,11.0,7.0,1630,176,137,0,5,0.0598,"{""IC"": 1719, ""S"": 173, ""PYO"": 3, ""HDM"": 31, ""MV"": 17}","[5, 6, 7, 8, 9, 10, 11, 13, 14, 12]",0.1269
2023,1,24,2,195,16700,85.64,1,158,2305,0.138,1157,1148,105,16.99,8.0,1688,327,155,135,15,0.0409,"{""IC"": 1934, ""S"": 224, ""PYO"": 5, ""HDM"": 104, ""MV"": 38}","[5, 6, 7, 8, 10, 9, 11, 12, 14, 13]",0.1237
2023,1,25,3,194,17046,87.87,2,124,1679,0.0985,838,841,41,9.51,7.0,1379,270,30,0,7,0.058,"{""IC"": 1423, ""S"": 214, ""PYO"": 4, ""HDM"": 38}","[5, 6, 7, 8, 9, 16, 10, 14, 18, 11]",0.1199
2023,1,26,4,200,17156,85.78,0,64,2232,0.1301,1110,1122,129,15.03,8.0,1616,320,226,70,16,0.0381,"{""IC"": 1666, ""S"": 180, ""PYO"": 310, ""HDM"": 24, ""MV"": 52}","[5, 6, 7, 8, 10, 9, 15, 14, 11, 17]",0.1212
2023,1,27,5,215,18154,84.44,0,44,2970,0.1636,1491,1479,127,19.75,10.0,1953,503,291,223,13,0.031,"{""S"": 498, ""IC"": 2373, ""PYO"": 23, ""HDM"": 50, ""MV"": 26}","[5, 6, 7, 8, 9, 11, 10, 15, 12, 13]",0.1262
2023,1,28,6,165,14334,86.87,3,60,1056,0.0737,527,529,46,12.85,7.0,733,227,96,0,4,0.0638,"{""IC"": 883, ""S"": 167, ""PYO"": 6}","[5, 6, 7, 8, 9, 25, 16, 11, 26, 10]",0.1141
2023,1,29,7,168,14804,88.12,2,72,1673,0.113,835,838,77,14.13,8.0,1315,223,7,128,6,0.0493,"{""IC"": 1397, ""S"": 212, ""PYO"": 9, ""HDM"": 35, ""MV"": 20}","[5, 6, 7, 8, 12, 13, 10, 11, 9, 17]",0.1191
2023,1,30,1,201,17090,85.02,12,396,2777,0.1625,1395,1382,94,14.24,9.0,1860,648,213,56,12,0.0395,"{""IC"": 2198, ""S"": 382, ""PYO"": 10, ""HDM"": 37, ""MV"": 150}","[5, 6, 7, 8, 9, 10, 16, 15, 17, 11]",0.1256
2023,1,31,2,197,16766,85.11,8,124,2065,0.1232,1027,1038,93,11.9,8.0,1554,428,67,16,7,0.0439,"{""IC"": 1558, ""S"": 402, ""PYO"": 37, ""HDM"": 35, ""MV"": 33}","[5, 6, 7, 8, 11, 9, 10, 13, 12, 24]",0.1235
2023,2,1,3,199,17322,87.05,6,170,2248,0.1298,1124,1124,137,16.28,8.0,1645,358,147,98,7,0.0383,"{""IC"": 1836, ""S"": 323, ""PYO"": 9, ""HDM"": 9, ""MV"": 71}","[5, 6, 7, 8, 10, 9, 11, 17, 18, 12]",0.128
2023,2,2,4,201,17310,86.12,2,26,1582,0.0914,792,790,58,12.02,7.0,1220,225,137,0,7,0.0616,"{""IC"": 1304, ""S"": 165, ""PYO"": 39, ""HDM"": 66, ""MV"": 8}","[5, 6, 7, 8, 9, 10, 11, 13, 12, 24]",0.1225
2023,2,3,5,215,18426,85.7,2,28,2175,0.118,1081,1094,128,14.64,8.0,1809,138,113,115,9,0.0458,"{""IC"": 1665, ""S"": 349, ""PYO"": 121, ""HDM"": 40}","[5, 6, 7, 11, 8, 10, 12, 9, 13, 14]",0.1159
2023,2,4,6,171,14806,86.58,0,10,1810,0.1222,900,910,85,16.87,10.0,1307,271,83,149,11,0.0445,"{""IC"": 1408, ""S"": 288, ""PYO"": 52, ""HDM"": 47, ""MV"": 15}","[5, 6, 7, 8, 13, 11, 9, 10, 12, 15]",0.1229
2023,2,5,7,172,14846,86.31,1,48,2533,0.1706,1263,1270,80,13.12,9.0,1816,555,96,66,9,0.0369,"{""IC"": 1666, ""S"": 682, ""PYO"": 36, ""HDM"": 55, ""MV"": 94}","[5, 6, 7, 8, 10, 11, 9, 13, 14, 15]",0.1311
2023,2,6,1,195,16552,84.88,0,30,2377,0.1436,1197,1180,88,14.06,9.0,1703,443,201,30,7,0.0413,"{""IC"": 1859, ""S"": 388, ""PYO"": 81, ""HDM"": 49}","[5, 6, 7, 10, 9, 8, 12, 13, 11, 16]",0.1284
2023,2,7,2,195,16456,84.39,0,0,1764,0.1072,883,881,71,11.8,7.0,1356,290,105,13,10,0.0539,"{""IC"": 1457, ""S"": 209, ""PYO"": 11, ""HDM"": 71, ""MV"": 16}","[5, 6, 7, 8, 9, 21, 10, 20, 11, 12]",0.1261
2023,2,8,3,199,16842,84.63,0,0,1497,0.0889,754,743,75,20.14,8.0,958,90,346,103,6,0.0409,"{""IC"": 1270, ""S"": 187, ""PYO"": 30, ""HDM"": 10}","[5, 6, 7, 8, 9, 34, 10, 31, 35, 11]",0.1203
2023,2,9,4,196,16780,85.61,0,0,1983,0.1182,990,993,36,7.5,6.0,1901,77,5,0,8,0.0544,"{""IC"": 1706, ""S"": 156, ""PYO"": 48, ""HDM"": 73}","[5, 6, 7, 8, 9, 10, 11, 20, 13, 12]",0.1241
2023,2,10,5,219,18284,83.49,4,96,4471,0.2445,2226,2245,94,16.93,8.0,3110,776,215,370,25,0.0243,"{""IC"": 3453, ""S"": 725, ""PYO"": 190, ""HDM"": 95, ""MV"": 8}","[5, 6, 7, 8, 9, 10, 12, 11, 18, 17]",0.1422
2023,2,11,6,168,14876,88.55,0,18,2526,0.1698,1258,1268,148,20.28,8.0,1748,438,96,244,16,0.0323,"{""IC"": 2039, ""S"": 261, ""PYO"": 146, ""HDM"": 66, ""MV"": 14}","[5, 6, 7, 9, 8, 10, 11, 12, 20, 13]",0.149
2023,2,12,7,166,14652,88.27,0,0,1235,0.0843,612,623,19,6.44,6.0,1214,21,0,0,4,0.0678,"{""IC"": 1117, ""S"": 97, ""PYO"": 5, ""HDM"": 16}","[5, 6, 7, 8, 9, 10, 11, 12, 13, 15]",0.1366
2023,2,13,1,198,16666,84.17,1,68,1808,0.1085,901,907,87,11.6,7.0,1468,222,81,37,7,0.0492,"{""S"": 347, ""IC"": 1340, ""PYO"": 82, ""HDM"": 39}","[5, 6, 7, 8, 9, 12, 13, 10, 11, 27]",0.1316
2023,2,14,2,201,16788,83.52,3,178,2890,0.1721,1446,1444,64,12.25,9.0,2350,311,188,41,13,0.0404,"{""IC"": 2119, ""S"": 576, ""PYO"": 90, ""HDM"": 64, ""MV"": 41}","[5, 6, 7, 8, 10, 9, 11, 12, 13, 15]",0.1409
2023,2,15,3,202,17060,84.46,0,0,2638,0.1546,1312,1326,90,15.86,9.0,1744,564,218,112,18,0.0402,"{""IC"": 2101, ""S"": 193, ""PYO"": 141, ""HDM"": 35, ""MV"": 168}","[5, 6, 7, 8, 9, 11, 14, 23, 10, 21]",0.1503
2023,2,16,4,195,16742,85.86,0,76,2071,0.1237,1040,1031,154,24.43,9.0,1342,119,421,189,7,0.0305,"{""IC"": 1733, ""S"": 240, ""PYO"": 73, ""HDM"": 25}","[5, 6, 8, 9, 7, 11, 10, 45, 12, 44]",0.1511
2023,2,17,5,219,18364,83.85,3,78,1790,0.0975,888,902,147,17.36,7.0,1463,63,179,85,19,0.0517,"{""IC"": 1165, ""S"": 230, ""PYO"": 130, ""HDM"": 131, ""MV"": 134}","[5, 6, 8, 7, 9, 10, 12, 11, 13, 54]",0.1301
2023,2,18,6,171,15130,88.48,0,32,3182,0.2103,1588,1594,95,17.13,9.5,2063,631,314,174,17,0.0307,"{""IC"": 2591, ""S"": 334, ""PYO"": 147, ""HDM"": 70, ""MV"": 40}","[5, 6, 7, 8, 9, 11, 10, 12, 14, 15]",0.1359
2023,2,19,7,174,15294,87.9,2,56,3835,0.2508,1909,1926,86,18.06,10.0,2468,732,367,268,25,0.0224,"{""IC"": 2923, ""S"": 544, ""PYO"": 182, ""HDM"": 110, ""MV"": 76}","[5, 6, 7, 8, 12, 11, 9, 10, 26, 13]",0.1596
2023,2,20,1,199,17078,85.82,2,36,4202,0.246,2103,2099,115,11.2,8.0,3436,506,221,39,15,0.0356,"{""IC"": 3418, ""S"": 564, ""PYO"": 91, ""HDM"": 91, ""MV"": 38}","[5, 6, 7, 8, 9, 10, 11, 13, 12, 15]",0.1793
2023,2,21,2,201,16956,84.36,2,312,3928,0.2317,1973,1955,109,14.27,10.0,2722,889,200,117,13,0.0302,"{""IC"": 3258, ""S"": 379, ""PYO"": 53, ""HDM"": 39, ""MV"": 199}","[5, 6, 7, 8, 9, 12, 11, 10, 21, 13]",0.1878
2023,2,22,3,200,17112,85.56,5,352,4884,0.2854,2445,2439,114,18.3,10.0,3255,935,282,412,23,0.019,"{""IC"": 3609, ""S"": 934, ""PYO"": 208, ""HDM"": 74, ""MV"": 59}","[5, 6, 7, 8, 9, 11, 10, 18, 17, 13]",0.2065
2023,2,23,4,198,16874,85.22,4,142,5438,0.3223,2711,2727,196,19.95,10.0,3700,919,287,532,28,0.0169,"{""IC"": 4620, ""S"": 377, ""PYO"": 268, ""HDM"": 89, ""MV"": 84}","[5, 6, 7, 9, 10, 11, 8, 13, 12, 16]",0.2349
2023,2,24,5,217,18286,84.27,3,30,4670,0.2554,2338,2332,74,15.55,10.0,3204,891,385,190,25,0.0249,"{""S"": 464, ""IC"": 3721, ""PYO"": 411, ""HDM"": 51, ""MV"": 23}","[5, 7, 6, 9, 8, 11, 10, 12, 13, 14]",0.2574
2023,2,25,6,168,14948,88.98,0,10,3179,0.2127,1593,1586,278,24.82,9.0,2111,583,272,213,15,0.0261,"{""IC"": 2409, ""S"": 255, ""PYO"": 401, ""HDM"": 29, ""MV"": 85}","[5, 6, 7, 8, 9, 14, 11, 10, 15, 16]",0.2578
2023,2,26,7,172,14926,86.78,1,112,2544,0.1704,1270,1274,316,30.55,8.0,1826,231,242,245,11,0.0204,"{""IC"": 1809, ""S"": 453, ""PYO"": 231, ""HDM"": 39, ""MV"": 12}","[5, 6, 7, 8, 9, 10, 11, 12, 13, 14]",0.2463
2023,2,27,1,195,16814,86.23,0,0,1969,0.1171,985,984,62,10.68,8.0,1651,158,159,1,6,0.0506,"{""IC"": 1494, ""S"": 336, ""PYO"": 100, ""HDM"": 27, ""MV"": 12}","[5, 6, 8, 7, 9, 10, 12, 17, 11, 13]",0.2279
2023,2,28,2,199,16992,85.39,1,140,1781,0.1048,889,892,122,16.38,8.0,1380,178,117,106,10,0.0447,"{""IC"": 1455, ""S"": 75, ""HDM"": 10, ""MV"": 241}","[5, 6, 7, 8, 9, 13, 11, 10, 14, 12]",0.2097
2023,3,1,3,201,17434,86.74,2,118,3374,0.1935,1682,1692,117,19.54,10.0,2100,677,360,237,17,0.0277,"{""IC"": 2659, ""S"": 401, ""PYO"": 53, ""HDM"": 55, ""MV"": 206}","[5, 6, 7, 8, 9, 14, 10, 12, 11, 13]",0.1966
2023,3,2,4,197,17142,87.02,4,76,2900,0.1692,1443,1457,63,16.26,11.0,1901,549,443,7,23,0.0336,"{""IC"": 2179, ""S"": 585, ""PYO"": 13, ""HDM"": 118, ""MV"": 5}","[5, 6, 11, 7, 13, 8, 12, 14, 10, 9]",0.1747
2023,3,3,5,218,18808,86.28,8,266,2345,0.1247,1171,1174,67,10.58,8.0,2089,128,104,24,9,0.0463,"{""IC"": 1746, ""S"": 426, ""PYO"": 73, ""HDM"": 95, ""MV"": 5}","[5, 6, 7, 8, 9, 10, 11, 12, 13, 14]",0.1561
2023,3,4,6,173,15120,87.4,6,212,2008,0.1328,1008,1000,118,12.22,8.0,1519,443,10,36,13,0.0578,"{""IC"": 1615, ""S"": 161, ""PYO"": 66, ""HDM"": 80, ""MV"": 86}","[5, 6, 7, 8, 18, 9, 11, 10, 17, 13]",0.1446
2023,3,5,7,171,14024,82.01,14,240,1505,0.1073,740,765,61,11.2,7.0,1202,166,136,1,8,0.0568,"{""IC"": 1082, ""S"": 262, ""PYO"": 70, ""HDM"": 37, ""MV"": 54}","[5, 6, 7, 8, 15, 9, 11, 14, 12, 16]",0.1356
2023,3,6,1,196,16774,85.58,11,230,2364,0.1409,1175,1189,105,25.11,12.0,1334,435,225,370,8,0.0251,"{""IC"": 1731, ""S"": 267, ""PYO"": 310, ""HDM"": 56}","[5, 6, 7, 8, 9, 13, 10, 11, 14, 15]",0.139
2023,3,7,2,199,16794,84.39,8,226,3417,0.2035,1713,1704,87,16.21,10.0,2296,609,362,150,19,0.034,"{""IC"": 2681, ""S"": 567, ""PYO"": 65, ""HDM"": 93, ""MV"": 11}","[5, 6, 7, 8, 10, 9, 12, 11, 14, 15]",0.1531
2023,3,8,3,198,17182,86.78,5,172,3205,0.1865,1613,1592,123,13.95,8.0,2479,401,262,63,8,0.0347,"{""IC"": 2427, ""S"": 719, ""PYO"": 19, ""HDM"": 38, ""MV"": 2}","[5, 6, 7, 8, 9, 10, 11, 12, 13, 14]",0.1521
2023,3,9,4,198,17194,86.84,6,164,2855,0.166,1428,1427,132,20.33,9.0,2082,391,95,287,15,0.0219,"{""IC"": 2260, ""S"": 221, ""PYO"": 271, ""HDM"": 37, ""MV"": 66}","[5, 6, 7, 8, 11, 9, 10, 12, 19, 20]",0.1517
2023,3,10,5,215,18636,86.68,1,90,4047,0.2172,2022,2025,92,21.07,13.0,2278,859,517,393,24,0.0237,"{""IC"": 2915, ""S"": 674, ""PYO"": 361, ""HDM"": 89, ""MV"": 8}","[5, 7, 6, 9, 8, 10, 13, 11, 12, 14]",0.1649
2023,3,11,6,172,15084,87.7,0,0,1585,0.1051,786,799,31,9.95,8.0,1269,303,13,0,9,0.0632,"{""IC"": 1254, ""S"": 146, ""PYO"": 129, ""HDM"": 1, ""MV"": 55}","[5, 6, 7, 8, 16, 13, 14, 15, 9, 11]",0.1609
2023,3,12,7,167,13918,83.34,3,60,2218,0.1594,1101,1117,113,18.18,8.0,1662,223,178,155,11,0.0296,"{""IC"": 1764, ""S"": 348, ""PYO"": 58, ""HDM"": 48}","[5, 6, 7, 8, 9, 10, 11, 14, 15, 12]",0.1684
2023,3,13,1,195,16776,86.03,8,136,2893,0.1724,1447,1446,73,14.92,9.0,1935,576,326,56,15,0.0324,"{""IC"": 2353, ""S"": 396, ""PYO"": 120, ""HDM"": 24}","[5, 6, 7, 8, 9, 10, 17, 15, 18, 11]",0.1729
2023,3,14,2,197,16872,85.64,4,210,3049,0.1807,1518,1531,93,17.68,10.0,1995,434,533,87,16,0.0287,"{""IC"": 2260, ""S"": 468, ""PYO"": 151, ""HDM"": 36, ""MV"": 134}","[5, 6, 7, 8, 10, 11, 9, 14, 12, 16]",0.1696
2023,3,15,3,197,17230,87.46,4,276,2214,0.1285,1105,1109,75,13.37,8.0,1745,274,121,74,10,0.0439,"{""IC"": 1810, ""S"": 284, ""PYO"": 95, ""HDM"": 25}","[5, 6, 8, 7, 9, 12, 15, 11, 14, 10]",0.1613
2023,3,16,4,202,17382,86.05,5,280,3693,0.2125,1848,1845,294,29.62,12.0,2063,777,323,530,14,0.0229,"{""IC"": 2794, ""S"": 586, ""PYO"": 286, ""HDM"": 27}","[5, 6, 7, 8, 9, 15, 10, 11, 16, 17]",0.168
2023,3,17,5,214,18690,87.34,12,152,3199,0.1712,1595,1604,67,9.93,8.0,2688,398,112,1,10,0.0409,"{""IC"": 2303, ""S"": 581, ""PYO"": 229, ""HDM"": 28, ""MUS"": 58}","[5, 7, 6, 8, 9, 10, 11, 12, 14, 18]",0.1614
2023,3,18,6,176,15186,86.28,11,390,2002,0.1318,1003,999,299,14.35,8.0,1597,358,3,44,15,0.051,"{""IC"": 1693, ""S"": 88, ""PYO"": 20, ""HDM"": 29, ""MUS"": 112, ""MV"": 60}","[5, 6, 7, 10, 9, 8, 11, 13, 14, 12]",0.1652
2023,3,19,7,180,14832,82.4,10,492,3969,0.2676,1978,1991,100,20.88,14.0,1997,934,868,170,34,0.026,"{""IC"": 2947, ""S"": 449, ""PYO"": 235, ""HDM"": 139, ""MUS"": 94, ""MV"": 105}","[5, 6, 7, 8, 9, 10, 11, 30, 13, 22]",0.1807
2023,3,20,1,203,17470,86.06,199,17348,32,0.0018,16,16,50,38.72,41.0,4,0,28,0,0,0.0402,"{""MV"": 32}","[48, 6, 40, 41, 50, 46, 45, 44, 39, 38]",0.1563
2023,3,21,2,194,16700,86.08,194,16700,0,0.0,0,0,0,0.0,0.0,0,0,0,0,0,,{},[],0.1305
2023,3,22,3,207,17962,86.77,201,17364,264,0.0147,132,132,55,33.23,28.5,6,136,122,0,2,0.0132,"{""MV"": 264}","[22, 53, 54, 28, 20, 51, 30, 31, 21, 47]",0.1142
2023,3,23,4,205,17690,86.29,198,17276,97,0.0055,49,48,50,36.97,39.0,8,1,88,0,1,0.0169,"{""MV"": 97}","[39, 38, 41, 40, 44, 37, 34, 42, 43, 46]",0.0847
2023,3,24,5,226,19494,86.26,4,128,3941,0.2022,1965,1976,186,17.48,8.0,3020,400,243,278,19,0.0243,"{""IC"": 2692, ""S"": 431, ""PYO"": 452, ""HDM"": 91, ""MUS"": 44, ""MV"": 231}","[5, 6, 8, 7, 9, 10, 11, 12, 13, 14]",0.0891
2023,3,25,6,172,15048,87.49,4,84,1753,0.1165,875,878,44,11.3,8.0,1397,239,117,0,8,0.0565,"{""IC"": 1139, ""S"": 353, ""PYO"": 128, ""HDM"": 32, ""MUS"": 79, ""MV"": 22}","[5, 6, 8, 7, 9, 13, 12, 10, 11, 22]",0.0869
2023,3,26,7,175,15232,87.04,1,94,2498,0.164,1243,1255,132,23.74,10.0,1538,433,232,295,8,0.0282,"{""IC"": 2003, ""S"": 383, ""PYO"": 63, ""HDM"": 4, ""MUS"": 43, ""MV"": 2}","[5, 6, 7, 8, 11, 12, 10, 9, 22, 16]",0.0721
2023,3,27,1,200,17208,86.04,0,134,2796,0.1625,1404,1392,65,14.48,9.0,1936,555,278,27,16,0.0365,"{""IC"": 2446, ""S"": 240, ""PYO"": 10, ""HDM"": 54, ""MV"": 46}","[5, 6, 7, 8, 9, 10, 11, 13, 14, 12]",0.0951
2023,3,28,2,204,17316,84.88,3,242,4642,0.2681,2332,2310,139,18.71,11.0,2817,1053,526,246,33,0.0308,"{""IC"": 3614, ""S"": 698, ""PYO"": 58, ""HDM"": 145, ""MV"": 127}","[5, 6, 7, 8, 10, 9, 12, 13, 11, 21]",0.1334
2023,3,29,3,200,16444,82.22,4,192,1993,0.1212,1004,989,68,11.76,7.0,1590,180,193,30,8,0.0472,"{""IC"": 1591, ""S"": 235, ""PYO"": 148, ""HDM"": 14, ""MV"": 5}","[5, 6, 7, 8, 9, 10, 11, 31, 14, 17]",0.1486
2023,3,30,4,204,17732,86.92,9,340,2860,0.1613,1426,1434,103,13.88,8.0,2237,285,256,82,13,0.0343,"{""IC"": 2445, ""S"": 236, ""PYO"": 46, ""HDM"": 67, ""MV"": 66}","[5, 6, 7, 8, 9, 10, 13, 12, 11, 14]",0.1708
2023,3,31,5,217,18880,87.0,5,420,5931,0.3141,2961,2970,215,38.85,17.0,2495,1251,968,1217,27,0.0187,"{""IC"": 4153, ""S"": 1083, ""PYO"": 334, ""HDM"": 192, ""MV"": 169}","[5, 6, 7, 13, 12, 16, 8, 17, 15, 14]",0.1868
2023,4,1,6,176,15534,88.26,2,148,1096,0.0706,547,549,114,17.53,13.0,592,314,167,23,11,0.0666,"{""IC"": 882, ""S"": 110, ""PYO"": 30, ""HDM"": 48, ""MV"": 26}","[5, 6, 7, 17, 16, 8, 18, 30, 14, 13]",0.1803
2023,4,2,7,173,14586,84.31,2,152,1544,0.1059,768,776,95,16.47,10.0,1055,316,87,86,12,0.0533,"{""IC"": 1147, ""S"": 220, ""PYO"": 20, ""HDM"": 56, ""MV"": 101}","[5, 7, 6, 9, 8, 10, 14, 11, 17, 16]",0.172
2023,4,3,1,203,17336,85.4,14,320,1384,0.0798,689,695,73,11.47,7.0,1104,178,80,22,13,0.0667,"{""IC"": 1075, ""S"": 126, ""PYO"": 117, ""HDM"": 11, ""MV"": 55}","[5, 6, 7, 8, 9, 18, 20, 10, 11, 24]",0.1601
2023,4,4,2,200,17270,86.35,5,328,2398,0.1389,1190,1208,241,26.93,9.0,1654,380,203,161,11,0.0267,"{""IC"": 2068, ""S"": 194, ""PYO"": 55, ""HDM"": 17, ""MV"": 64}","[5, 6, 7, 8, 10, 9, 229, 14, 13, 11]",0.1417
2023,4,5,3,206,17758,86.2,4,84,2973,0.1674,1480,1493,162,24.91,9.0,2135,278,141,419,15,0.0223,"{""IC"": 2213, ""S"": 305, ""PYO"": 319, ""HDM"": 93, ""MV"": 43}","[5, 6, 7, 8, 9, 11, 10, 13, 14, 12]",0.1483
2023,4,6,4,214,18712,87.44,0,90,1976,0.1056,982,994,114,16.94,9.0,1413,316,112,135,12,0.0475,"{""IC"": 1413, ""S"": 231, ""PYO"": 155, ""HDM"": 1, ""MV"": 176}","[6, 5, 7, 9, 8, 11, 15, 12, 13, 10]",0.1403
2023,4,7,5,187,17024,91.04,3,150,1457,0.0856,717,740,280,16.22,8.0,1066,274,61,56,14,0.0589,"{""IC"": 911, ""S"": 172, ""PYO"": 237, ""HDM"": 47, ""MV"": 90}","[5, 6, 7, 8, 10, 9, 12, 11, 17, 25]",0.1077
2023,4,8,6,178,15394,86.48,0,56,1692,0.1099,840,852,165,23.52,10.0,1057,316,132,187,8,0.0435,"{""IC"": 1323, ""S"": 177, ""PYO"": 125, ""HDM"": 24, ""MV"": 43}","[5, 6, 7, 8, 10, 11, 12, 9, 16, 72]",0.1133
2023,4,9,7,160,14156,88.47,0,0,1494,0.1055,742,752,89,20.04,18.0,581,636,253,24,8,0.0442,"{""IC"": 887, ""S"": 249, ""PYO"": 318, ""HDM"": 36, ""MUS"": 4}","[5, 6, 24, 15, 23, 22, 7, 16, 14, 17]",0.1132
2023,4,10,1,175,15544,88.82,0,0,800,0.0515,395,405,23,8.94,7.0,679,121,0,0,7,0.0927,"{""IC"": 609, ""S"": 80, ""PYO"": 49, ""HDM"": 27, ""MV"": 35}","[5, 6, 7, 11, 9, 8, 12, 10, 20, 16]",0.1092
2023,4,11,2,203,17192,84.69,1,14,1803,0.1049,899,904,37,9.64,8.0,1586,190,27,0,10,0.0568,"{""IC"": 1626, ""S"": 137, ""PYO"": 14, ""HDM"": 13, ""MV"": 13}","[5, 6, 7, 11, 13, 8, 12, 10, 9, 14]",0.1043
2023,4,12,3,200,17210,86.05,0,0,1388,0.0807,693,695,41,10.36,8.0,1110,253,25,0,10,0.0643,"{""IC"": 1089, ""S"": 229, ""PYO"": 16, ""HDM"": 51, ""MV"": 3}","[5, 6, 8, 7, 11, 9, 10, 12, 20, 19]",0.092
2023,4,13,4,205,17698,86.33,0,0,1133,0.064,562,571,47,11.42,6.0,931,75,127,0,8,0.0731,"{""IC"": 794, ""S"": 117, ""PYO"": 39, ""HDM"": 41, ""MV"": 142}","[5, 6, 7, 8, 14, 9, 44, 10, 45, 41]",0.086
2023,4,14,5,218,18948,86.92,1,64,2176,0.1148,1078,1098,66,9.27,7.0,1815,347,13,1,10,0.0566,"{""IC"": 1717, ""S"": 186, ""PYO"": 151, ""HDM"": 51, ""MV"": 71}","[5, 6, 7, 8, 9, 15, 11, 10, 12, 14]",0.0902
2023,4,15,6,174,15434,88.7,3,132,756,0.049,382,374,39,11.35,7.0,563,142,51,0,5,0.0981,"{""IC"": 460, ""S"": 190, ""PYO"": 18, ""MV"": 88}","[5, 6, 7, 8, 18, 9, 19, 11, 12, 13]",0.0815
2023,4,16,7,176,14968,85.05,6,138,1471,0.0983,720,751,34,8.89,7.0,1287,176,8,0,7,0.0617,"{""IC"": 909, ""S"": 540, ""HDM"": 4, ""MV"": 18}","[5, 6, 7, 9, 8, 10, 11, 12, 17, 13]",0.0805
2023,4,17,1,200,16534,82.67,0,0,1052,0.0636,521,531,27,8.0,7.0,984,68,0,0,5,0.0762,"{""S"": 180, ""IC"": 819, ""PYO"": 21, ""HDM"": 32}","[5, 6, 7, 8, 9, 12, 10, 13, 21, 20]",0.0822
2023,4,18,2,199,15992,80.36,0,0,916,0.0573,461,455,63,10.63,7.0,822,34,49,11,7,0.0774,"{""IC"": 716, ""S"": 108, ""PYO"": 26, ""HDM"": 66}","[5, 6, 8, 7, 9, 10, 14, 47, 13, 11]",0.0754
2023,4,19,3,197,15788,80.14,0,4,3611,0.2287,1806,1805,61,20.88,19.0,1326,1293,991,1,30,0.0299,"{""IC"": 2697, ""S"": 721, ""PYO"": 10, ""HDM"": 183}","[5, 6, 19, 8, 32, 9, 21, 7, 23, 22]",0.0965
2023,4,20,4,205,16854,82.21,0,0,1138,0.0675,568,570,125,24.28,7.0,842,54,69,173,7,0.0486,"{""IC"": 842, ""S"": 83, ""PYO"": 125, ""HDM"": 26, ""MV"": 62}","[5, 6, 7, 8, 9, 98, 10, 100, 14, 43]",0.097
2023,4,21,5,219,18368,83.87,8,478,6148,0.3347,3072,3076,87,23.52,15.0,3020,1250,1425,453,37,0.0211,"{""S"": 823, ""IC"": 4899, ""PYO"": 148, ""HDM"": 191, ""MV"": 87}","[5, 6, 7, 8, 10, 9, 11, 15, 12, 16]",0.1284
2023,4,22,6,175,15090,86.23,1,88,1760,0.1166,885,875,55,16.68,13.0,982,463,315,0,11,0.0464,"{""IC"": 1377, ""S"": 135, ""PYO"": 22, ""HDM"": 130, ""MUS"": 7, ""MV"": 88, ""V"": 1}","[5, 7, 6, 8, 14, 13, 17, 22, 9, 15]",0.1381
2023,4,23,7,176,14918,84.76,2,50,643,0.0431,325,318,152,11.12,6.0,570,33,26,14,6,0.0944,"{""S"": 121, ""IC"": 445, ""PYO"": 2, ""HDM"": 21, ""MUS"": 2, ""MV"": 46, ""V"": 6}","[5, 6, 7, 8, 13, 10, 9, 11, 14, 15]",0.1302
2023,4,24,1,203,16426,80.92,0,62,1655,0.1008,827,828,44,10.35,6.0,1410,51,194,0,8,0.0565,"{""IC"": 1399, ""S"": 174, ""HDM"": 63, ""MV"": 19}","[5, 6, 7, 8, 9, 10, 35, 36, 34, 13]",0.1355
2023,4,25,2,203,16482,81.19,1,88,2169,0.1316,1086,1083,73,15.75,9.0,1543,330,207,89,10,0.0429,"{""IC"": 1590, ""S"": 407, ""PYO"": 50, ""HDM"": 55, ""MV"": 67}","[5, 7, 6, 8, 9, 13, 10, 12, 11, 21]",0.1461
2023,4,26,3,202,16364,81.01,0,14,1266,0.0774,634,632,69,12.76,7.0,1004,121,109,32,5,0.0631,"{""IC"": 1168, ""S"": 59, ""PYO"": 10, ""HDM"": 23, ""MV"": 6}","[5, 6, 7, 8, 10, 11, 9, 12, 66, 14]",0.1245
2023,4,27,4,203,16408,80.83,0,28,2759,0.1681,1384,1375,103,27.77,14.0,1388,429,473,469,16,0.0242,"{""IC"": 2371, ""S"": 359, ""HDM"": 26, ""MV"": 3}","[5, 6, 7, 8, 9, 10, 13, 12, 81, 18]",0.1389
2023,4,28,5,214,17662,82.53,0,0,1541,0.0872,770,771,109,13.13,7.0,1251,137,53,100,11,0.0538,"{""IC"": 1254, ""S"": 219, ""PYO"": 27, ""HDM"": 33, ""MV"": 8}","[5, 6, 7, 8, 9, 17, 10, 11, 12, 19]",0.1035
2023,4,29,6,173,14296,82.64,2,28,862,0.0603,435,427,37,8.83,7.0,755,101,6,0,9,0.0821,"{""S"": 158, ""IC"": 565, ""PYO"": 63, ""HDM"": 48, ""MV"": 28}","[5, 6, 8, 7, 9, 10, 11, 12, 21, 14]",0.0955
2023,4,30,7,152,12778,84.07,9,190,1484,0.1161,738,746,44,13.42,8.0,1014,238,232,0,9,0.0452,"{""IC"": 1375, ""S"": 56, ""HDM"": 51, ""V"": 2}","[5, 6, 7, 8, 9, 11, 31, 10, 32, 33]",0.1059
2023,5,1,1,169,14422,85.34,6,118,1488,0.1032,748,740,31,9.26,7.0,1222,260,6,0,4,0.0553,"{""IC"": 1275, ""S"": 152, ""PYO"": 20, ""HDM"": 41}","[5, 6, 7, 8, 9, 10, 14, 15, 17, 13]",0.1063
2023,5,2,2,205,15904,77.58,6,134,3080,0.1937,1536,1544,61,12.29,8.0,2439,379,255,7,13,0.0327,"{""IC"": 2604, ""S"": 339, ""HDM"": 95, ""MV"": 42}","[5, 6, 7, 8, 9, 10, 11, 13, 12, 14]",0.1151
2023,5,3,3,201,16078,79.99,1,20,2483,0.1544,1235,1248,56,9.97,7.0,2113,273,97,0,6,0.0425,"{""IC"": 2047, ""S"": 256, ""PYO"": 162, ""HDM"": 18}","[5, 6, 7, 8, 9, 14, 10, 15, 11, 12]",0.1261
2023,5,4,4,203,16394,80.76,0,0,2566,0.1565,1291,1275,102,11.41,7.0,2200,275,9,82,6,0.0416,"{""IC"": 2022, ""S"": 472, ""PYO"": 38, ""HDM"": 26, ""MV"": 8}","[5, 6, 7, 8, 10, 9, 15, 12, 11, 14]",0.1245
2023,5,5,5,214,17700,82.71,1,14,1797,0.1015,902,895,19,8.0,7.0,1680,117,0,0,3,0.0559,"{""IC"": 1455, ""S"": 270, ""PYO"": 38, ""HDM"": 16, ""MV"": 12, ""V"": 6}","[5, 6, 7, 9, 8, 10, 12, 15, 11, 13]",0.1265
2023,5,6,6,169,13966,82.64,2,16,1197,0.0857,593,604,17,7.0,6.0,1171,26,0,0,5,0.07,"{""IC"": 999, ""S"": 145, ""PYO"": 15, ""HDM"": 30, ""MV"": 8}","[5, 6, 7, 8, 9, 10, 11, 13, 15, 12]",0.1302
2023,5,7,7,176,14320,81.36,0,0,2114,0.1476,1052,1062,69,11.73,7.0,1804,107,178,25,12,0.0456,"{""IC"": 1781, ""S"": 279, ""HDM"": 40, ""MV"": 14}","[5, 6, 7, 8, 9, 11, 10, 12, 13, 14]",0.1347
2023,5,8,1,195,14974,76.79,0,4,2406,0.1607,1206,1200,147,27.97,9.0,1591,141,260,414,7,0.0275,"{""IC"": 1817, ""S"": 554, ""HDM"": 35}","[5, 6, 8, 7, 9, 10, 13, 11, 12, 55]",0.1429
2023,5,9,2,199,14860,74.67,8,410,2291,0.1542,1147,1144,205,18.47,12.0,1444,514,277,56,14,0.0356,"{""IC"": 1676, ""S"": 547, ""HDM"": 15, ""PYO"": 7, ""MV"": 46}","[5, 6, 7, 8, 12, 14, 13, 11, 9, 19]",0.1372
2023,5,10,3,200,16886,84.43,1,14,4019,0.238,2014,2005,98,12.87,9.0,3049,772,138,60,14,0.0304,"{""IC"": 3237, ""S"": 613, ""PYO"": 9, ""HDM"": 42, ""MV"": 118}","[5, 6, 7, 8, 9, 10, 11, 12, 14, 13]",0.1492
2023,5,11,4,201,17294,86.04,1,38,3410,0.1972,1706,1704,74,14.73,8.0,2444,542,263,161,14,0.0302,"{""IC"": 2820, ""S"": 524, ""PYO"": 5, ""HDM"": 61}","[5, 6, 7, 8, 13, 9, 10, 12, 14, 11]",0.155
2023,5,12,5,215,18212,84.71,4,118,8004,0.4395,3991,4013,104,17.61,13.0,4667,2054,1146,137,56,0.019,"{""S"": 1280, ""IC"": 6414, ""PYO"": 135, ""HDM"": 175}","[5, 6, 7, 8, 9, 11, 10, 14, 13, 12]",0.2033
2023,5,13,6,175,14318,81.82,1,60,1454,0.1016,731,723,49,13.3,8.0,1004,249,201,0,13,0.0512,"{""S"": 293, ""IC"": 1090, ""HDM"": 71}","[5, 6, 7, 8, 9, 11, 10, 15, 16, 36]",0.2055
2023,5,14,7,175,14496,82.83,0,16,1648,0.1137,829,819,158,9.26,7.0,1496,120,24,8,3,0.0552,"{""IC"": 1283, ""S"": 317, ""HDM"": 18, ""MV"": 30}","[5, 6, 7, 8, 9, 10, 11, 12, 13, 17]",0.2007
2023,5,15,1,203,16540,81.48,0,16,2863,0.1731,1429,1434,85,12.66,9.0,2082,568,212,1,16,0.0358,"{""S"": 461, ""IC"": 2235, ""HDM"": 110, ""MV"": 57}","[5, 6, 7, 8, 9, 10, 12, 14, 11, 17]",0.2025
2023,5,16,2,197,16270,82.59,0,140,2884,0.1773,1450,1434,92,13.78,9.0,2242,352,181,109,11,0.0329,"{""S"": 411, ""IC"": 2431, ""HDM"": 36, ""MV"": 6}","[5, 6, 7, 9, 8, 10, 11, 12, 13, 16]",0.2058
2023,5,17,3,208,17318,83.26,1,30,2798,0.1616,1401,1397,62,9.93,8.0,2338,385,74,1,7,0.0432,"{""IC"": 2205, ""S"": 460, ""PYO"": 63, ""HDM"": 29, ""MV"": 41}","[5, 6, 7, 8, 9, 10, 13, 11, 12, 14]",0.1949
2023,5,18,4,176,15360,87.27,2,44,2405,0.1566,1197,1208,53,9.94,8.0,2014,330,61,0,14,0.0429,"{""IC"": 2034, ""S"": 326, ""PYO"": 7, ""HDM"": 29, ""MV"": 9}","[5, 6, 7, 8, 10, 9, 11, 12, 15, 13]",0.1891
2023,5,19,5,217,18264,84.17,0,16,2585,0.1415,1289,1296,125,19.13,8.0,1830,439,111,205,17,0.0321,"{""IC"": 2255, ""S"": 183, ""PYO"": 31, ""HDM"": 73, ""MV"": 43}","[5, 6, 7, 8, 9, 11, 12, 10, 17, 24]",0.1465
2023,5,20,6,176,14476,82.25,1,112,1521,0.1051,765,756,430,23.71,9.0,1232,200,21,68,6,0.045,"{""IC"": 1229, ""S"": 193, ""PYO"": 18, ""HDM"": 42, ""P"": 39}","[5, 6, 9, 7, 10, 8, 13, 12, 11, 14]",0.147
2023,5,21,7,171,14340,83.86,2,156,2175,0.1517,1086,1089,65,10.32,7.0,1749,380,30,16,12,0.0422,"{""IC"": 1808, ""S"": 347, ""HDM"": 20}","[5, 6, 7, 8, 10, 9, 11, 14, 13, 22]",0.1524
2023,5,22,1,197,16208,82.27,1,110,2799,0.1727,1400,1399,101,22.89,10.0,1829,334,258,378,15,0.0266,"{""S"": 449, ""IC"": 2317, ""HDM"": 33}","[5, 6, 7, 11, 10, 8, 9, 12, 14, 13]",0.1524
2023,5,23,2,206,16326,79.25,0,60,3240,0.1985,1630,1610,75,13.65,8.0,2293,584,354,9,13,0.0349,"{""S"": 736, ""IC"": 2466, ""HDM"": 30, ""MV"": 7, ""V"": 1}","[5, 6, 7, 8, 9, 10, 11, 13, 16, 15]",0.1554
2023,5,24,3,199,16732,84.08,0,0,2429,0.1452,1230,1199,72,10.24,8.0,1997,366,65,1,6,0.0475,"{""S"": 363, ""IC"": 1945, ""PYO"": 95, ""HDM"": 26}","[5, 6, 7, 8, 9, 11, 10, 12, 13, 14]",0.153
2023,5,25,4,208,17204,82.71,0,0,2023,0.1176,1020,1003,40,9.49,7.0,1710,246,67,0,8,0.0491,"{""S"": 464, ""IC"": 1516, ""PYO"": 11, ""HDM"": 19, ""MV"": 13}","[5, 6, 7, 8, 9, 10, 11, 18, 12, 13]",0.1475
2023,5,26,5,213,17480,82.07,0,0,2948,0.1686,1488,1460,44,10.01,7.0,2530,283,135,0,13,0.04,"{""IC"": 2333, ""S"": 496, ""PYO"": 20, ""HDM"": 50, ""MV"": 31, ""V"": 18}","[5, 6, 7, 8, 10, 9, 11, 12, 13, 14]",0.1513
2023,5,27,6,177,13814,78.05,0,4,1531,0.1108,766,765,115,12.02,8.0,1147,287,84,13,10,0.0563,"{""S"": 263, ""IC"": 1200, ""PYO"": 12, ""HDM"": 37, ""MUS"": 19}","[5, 6, 7, 8, 9, 10, 13, 15, 14, 32]",0.1522
2023,5,28,7,186,15090,81.13,0,28,3428,0.2272,1723,1705,109,18.66,10.0,2032,700,593,103,25,0.0263,"{""S"": 344, ""IC"": 2764, ""HDM"": 113, ""MV"": 207}","[5, 6, 7, 8, 10, 9, 12, 11, 27, 32]",0.1629
2023,5,29,1,205,16366,79.83,0,0,2784,0.1701,1397,1387,60,10.92,9.0,2165,608,10,1,13,0.0374,"{""IC"": 2202, ""S"": 504, ""HDM"": 73, ""MV"": 5}","[5, 6, 7, 8, 9, 10, 11, 13, 12, 17]",0.1626
2023,5,30,2,201,16112,80.16,0,0,2067,0.1283,1047,1020,57,11.32,8.0,1724,192,151,0,10,0.0473,"{""IC"": 1547, ""S"": 433, ""HDM"": 22, ""MV"": 65}","[5, 6, 7, 9, 8, 13, 12, 11, 10, 14]",0.1525
2023,5,31,3,205,16410,80.05,0,0,3597,0.2192,1803,1794,74,17.1,12.0,2133,938,394,132,15,0.024,"{""IC"": 3049, ""S"": 308, ""PYO"": 120, ""HDM"": 54, ""MV"": 66}","[5, 6, 8, 9, 7, 10, 14, 13, 17, 15]",0.1631
2023,6,1,4,202,16392,81.15,0,0,2622,0.16,1321,1301,92,17.35,9.0,1790,408,263,161,12,0.0319,"{""IC"": 2017, ""S"": 434, ""PYO"": 9, ""HDM"": 74, ""MV"": 88}","[5, 6, 7, 8, 9, 10, 11, 13, 12, 22]",0.1692
2023,6,2,5,212,17656,83.28,1,38,4080,0.2311,2057,2023,52,10.27,8.0,3508,401,171,0,14,0.0303,"{""IC"": 3316, ""S"": 596, ""PYO"": 92, ""HDM"": 76}","[5, 6, 7, 8, 9, 10, 11, 12, 13, 14]",0.1781
2023,6,3,6,172,14122,82.1,0,0,2008,0.1422,1005,1003,35,7.73,6.0,1902,80,26,0,7,0.0522,"{""IC"": 1711, ""S"": 248, ""PYO"": 5, ""HDM"": 30, ""MV"": 14}","[5, 6, 7, 8, 9, 10, 12, 11, 13, 14]",0.1826
2023,6,4,7,176,14648,83.23,0,64,3920,0.2676,1968,1952,76,12.98,9.0,2879,671,321,49,24,0.0288,"{""IC"": 3257, ""S"": 503, ""HDM"": 113, ""MV"": 47}","[5, 6, 7, 8, 9, 10, 11, 12, 15, 19]",0.1884
2023,6,5,1,202,15898,78.7,0,0,2495,0.1569,1261,1234,49,9.73,7.0,2134,244,117,0,9,0.041,"{""S"": 409, ""IC"": 1996, ""HDM"": 43, ""MV"": 47}","[5, 6, 7, 8, 9, 10, 11, 12, 13, 18]",0.1865
2023,6,6,2,194,15350,79.12,0,0,2987,0.1946,1504,1483,225,19.84,8.0,2413,304,61,209,12,0.0224,"{""IC"": 2486, ""S"": 448, ""HDM"": 53}","[5, 6, 7, 8, 9, 12, 11, 10, 13, 14]",0.1959
2023,6,7,3,198,15918,80.39,0,226,2204,0.1385,1123,1081,217,16.56,8.0,1696,216,243,49,8,0.0414,"{""IC"": 1691, ""S"": 349, ""PYO"": 113, ""HDM"": 25, ""MV"": 26}","[5, 6, 7, 8, 9, 10, 12, 11, 13, 39]",0.1844
2023,6,8,4,206,16254,78.9,2,140,4565,0.2809,2300,2265,297,33.35,16.0,2176,836,964,589,34,0.0186,"{""S"": 694, ""IC"": 3651, ""PYO"": 27, ""HDM"": 160, ""MV"": 33}","[5, 6, 7, 8, 9, 10, 11, 30, 12, 17]",0.2017
2023,6,9,5,226,18640,82.48,5,104,3582,0.1922,1797,1785,116,10.44,8.0,3219,269,42,52,18,0.0386,"{""IC"": 2623, ""S"": 665, ""PYO"": 36, ""HDM"": 50, ""MUS"": 101, ""MV"": 45, ""V"": 62}","[5, 6, 7, 8, 9, 10, 11, 12, 13, 14]",0.1961
2023,6,10,6,185,14738,79.66,2,60,1593,0.1081,801,792,40,10.52,8.0,1252,307,34,0,8,0.0563,"{""IC"": 1270, ""S"": 186, ""PYO"": 15, ""HDM"": 6, ""MUS"": 116}","[5, 6, 7, 8, 14, 9, 10, 15, 11, 16]",0.1913
2023,6,11,7,176,14918,84.76,0,320,4204,0.2818,2113,2091,337,23.5,14.0,2190,997,679,338,30,0.0279,"{""IC"": 2767, ""S"": 689, ""HDM"": 94, ""MV"": 600, ""MUS"": 54}","[5, 6, 7, 8, 9, 11, 14, 10, 13, 12]",0.1933
2023,6,12,1,209,16150,77.27,0,0,3416,0.2115,1718,1698,88,18.42,13.0,1891,869,514,142,20,0.0307,"{""IC"": 2779, ""S"": 354, ""PYO"": 39, ""HDM"": 127, ""MV"": 117}","[5, 6, 7, 8, 16, 9, 13, 15, 14, 10]",0.2011
2023,6,13,2,205,16038,78.23,0,16,2986,0.1862,1500,1486,64,17.44,10.0,1949,459,503,75,16,0.0299,"{""IC"": 2382, ""S"": 513, ""PYO"": 19, ""HDM"": 48, ""MV"": 24}","[5, 6, 8, 9, 7, 10, 11, 12, 14, 13]",0.1999
2023,6,14,3,204,16180,79.31,1,52,2953,0.1825,1480,1473,70,12.69,9.0,2266,478,185,24,16,0.0375,"{""S"": 422, ""IC"": 2404, ""PYO"": 33, ""HDM"": 49, ""MV"": 45}","[5, 6, 8, 7, 9, 10, 11, 14, 15, 12]",0.2062
2023,6,15,4,205,16082,78.45,2,40,2601,0.1617,1304,1297,80,17.41,8.0,1975,157,223,246,19,0.0321,"{""S"": 377, ""IC"": 2107, ""PYO"": 3, ""HDM"": 83, ""MV"": 31}","[5, 6, 7, 9, 8, 10, 11, 12, 13, 16]",0.1891
2023,6,16,5,215,18128,84.32,3,36,3524,0.1944,1761,1763,38,10.6,8.0,2878,547,99,0,19,0.0344,"{""IC"": 2746, ""S"": 609, ""PYO"": 29, ""HDM"": 99, ""MV"": 41}","[5, 6, 7, 8, 10, 9, 12, 11, 14, 13]",0.1895
2023,6,17,6,177,14328,80.95,4,130,1485,0.1036,736,749,54,13.59,7.0,1087,192,206,0,8,0.0493,"{""IC"": 1127, ""S"": 211, ""PYO"": 138, ""HDM"": 9}","[5, 6, 7, 8, 9, 10, 11, 18, 45, 13]",0.1888
2023,6,18,7,164,14368,87.61,3,144,2465,0.1716,1215,1250,46,9.94,8.0,2077,320,68,0,15,0.0396,"{""IC"": 2122, ""S"": 261, ""PYO"": 6, ""HDM"": 67, ""MV"": 9}","[5, 6, 9, 7, 8, 10, 12, 11, 14, 16]",0.1731
2023,6,19,1,201,16862,83.89,0,32,3204,0.19,1598,1606,213,21.72,9.0,2159,605,235,205,10,0.0257,"{""IC"": 2395, ""S"": 623, ""PYO"": 77, ""HDM"": 83, ""MV"": 26}","[5, 6, 7, 8, 9, 10, 11, 13, 19, 15]",0.17
2023,6,20,2,202,16810,83.22,0,0,3369,0.2004,1672,1697,72,12.47,9.0,2822,288,246,13,19,0.0316,"{""IC"": 2843, ""S"": 441, ""PYO"": 13, ""HDM"": 72}","[5, 6, 7, 8, 10, 9, 13, 11, 12, 14]",0.172
2023,6,21,3,202,16806,83.2,0,12,2908,0.173,1453,1455,83,12.07,8.0,2471,273,78,86,16,0.0382,"{""IC"": 2122, ""S"": 600, ""PYO"": 51, ""HDM"": 98, ""MV"": 37}","[5, 6, 7, 8, 9, 10, 11, 12, 13, 14]",0.1707
2023,6,22,4,212,18118,85.46,0,0,3631,0.2004,1813,1818,132,17.22,8.0,2557,553,325,196,19,0.0298,"{""IC"": 3062, ""S"": 328, ""PYO"": 109, ""HDM"": 132}","[5, 6, 7, 8, 9, 10, 11, 12, 15, 13]",0.1762
2023,6,23,5,166,13860,83.49,0,0,1419,0.1024,708,711,57,8.38,7.0,1300,118,1,0,7,0.0672,"{""IC"": 1146, ""S"": 239, ""PYO"": 4, ""HDM"": 30}","[5, 7, 6, 8, 9, 10, 11, 12, 13, 17]",0.1631
2023,6,24,6,152,10364,68.18,0,8,1055,0.1018,526,529,92,26.44,11.0,583,94,257,121,9,0.0406,"{""IC"": 951, ""S"": 40, ""PYO"": 18, ""HDM"": 46}","[5, 6, 8, 7, 11, 9, 43, 57, 10, 58]",0.1628
2023,6,25,7,175,14638,83.65,1,70,2180,0.1489,1089,1091,56,10.21,8.0,1818,277,85,0,13,0.0561,"{""S"": 126, ""IC"": 1854, ""PYO"": 9, ""HDM"": 191}","[5, 6, 7, 8, 9, 10, 11, 12, 14, 13]",0.1596
2023,6,26,1,200,16780,83.9,0,0,3005,0.1791,1498,1507,44,11.16,8.0,2341,546,118,0,13,0.0359,"{""S"": 245, ""IC"": 2636, ""PYO"": 11, ""HDM"": 112, ""MV"": 1}","[5, 6, 7, 8, 9, 12, 10, 11, 13, 14]",0.158
2023,6,27,2,208,16938,81.43,3,164,2987,0.1763,1494,1493,72,16.79,9.0,2021,461,386,119,12,0.0283,"{""IC"": 2326, ""S"": 560, ""PYO"": 24, ""HDM"": 65, ""MV"": 12}","[5, 6, 7, 8, 9, 10, 11, 12, 14, 13]",0.1546
2023,6,28,3,202,16796,83.15,5,124,5185,0.3087,2595,2590,144,26.88,18.0,2189,1327,1098,571,27,0.0196,"{""IC"": 4320, ""S"": 658, ""PYO"": 23, ""HDM"": 184}","[5, 6, 8, 7, 9, 10, 11, 16, 15, 14]",0.1739
2023,6,29,4,205,17164,83.73,3,186,5197,0.3028,2607,2590,69,20.71,15.0,2576,1190,1259,172,28,0.0196,"{""S"": 838, ""IC"": 4011, ""PYO"": 85, ""HDM"": 75, ""MV"": 188}","[5, 6, 7, 9, 8, 11, 10, 15, 12, 13]",0.1886
2023,6,30,5,216,18266,84.56,4,112,7613,0.4168,3806,3807,312,45.83,22.0,2992,1327,1427,1867,35,0.011,"{""IC"": 6083, ""S"": 1043, ""PYO"": 372, ""HDM"": 89, ""MV"": 26}","[5, 6, 8, 7, 9, 11, 10, 12, 13, 15]",0.2335
2023,7,1,6,192,14792,77.04,1,60,2849,0.1926,1416,1433,42,10.22,8.0,2479,180,190,0,19,0.0369,"{""IC"": 2151, ""S"": 499, ""PYO"": 64, ""HDM"": 90, ""MUS"": 33, ""MV"": 12}","[5, 6, 7, 9, 8, 10, 11, 12, 13, 14]",0.2465
2023,7,2,7,173,14534,84.01,0,0,2283,0.1571,1143,1140,53,9.35,7.0,2000,216,67,0,8,0.0395,"{""IC"": 1877, ""S"": 356, ""PYO"": 24, ""HDM"": 26}","[5, 6, 7, 8, 9, 10, 12, 11, 13, 14]",0.2476
2023,7,3,1,205,16490,80.44,2,86,3508,0.2127,1760,1748,49,13.92,12.0,2030,1350,128,0,24,0.0319,"{""IC"": 2750, ""S"": 516, ""HDM"": 166, ""MV"": 76}","[5, 6, 8, 19, 7, 9, 12, 20, 11, 10]",0.2524
2023,7,4,2,199,16188,81.35,2,126,3208,0.1982,1600,1608,46,11.29,9.0,2486,578,144,0,18,0.0388,"{""IC"": 2634, ""S"": 500, ""HDM"": 70, ""MV"": 4}","[5, 6, 7, 8, 9, 10, 11, 12, 13, 14]",0.2556
2023,7,5,3,203,16682,82.18,1,32,1939,0.1162,976,963,33,8.85,7.0,1777,145,17,0,6,0.0534,"{""S"": 485, ""IC"": 1326, ""PYO"": 29, ""HDM"": 83, ""MV"": 16}","[5, 6, 7, 8, 9, 10, 11, 14, 12, 13]",0.2281
2023,7,6,4,205,17104,83.43,0,124,2781,0.1626,1388,1393,321,46.61,9.0,1789,167,114,711,9,0.0176,"{""IC"": 2249, ""S"": 389, ""PYO"": 104, ""HDM"": 39}","[5, 6, 7, 9, 8, 10, 11, 13, 12, 14]",0.208
2023,7,7,5,217,18280,84.24,2,84,2718,0.1487,1344,1374,60,10.45,8.0,2180,465,72,1,24,0.0419,"{""IC"": 2245, ""S"": 293, ""PYO"": 93, ""HDM"": 40, ""MV"": 47}","[5, 6, 7, 8, 9, 11, 10, 12, 17, 14]",0.1697
2023,7,8,6,172,14670,85.29,0,0,1763,0.1202,878,885,198,10.49,7.0,1510,184,50,19,4,0.0579,"{""IC"": 1345, ""S"": 205, ""PYO"": 191, ""HDM"": 20, ""MUS"": 2}","[5, 6, 7, 8, 9, 10, 11, 12, 13, 14]",0.1594
2023,7,9,7,176,14648,83.23,1,30,1534,0.1047,765,769,54,11.57,7.5,1172,276,86,0,7,0.0545,"{""IC"": 1408, ""S"": 86, ""PYO"": 22, ""HDM"": 18}","[5, 6, 7, 8, 10, 9, 15, 11, 19, 13]",0.1519
2023,7,10,1,203,17396,85.69,5,110,2083,0.1197,1048,1035,43,10.16,8.0,1744,296,43,0,13,0.0541,"{""IC"": 1606, ""S"": 359, ""PYO"": 47, ""HDM"": 15, ""MV"": 56}","[5, 6, 7, 8, 9, 10, 12, 13, 11, 14]",0.1386
2023,7,11,2,203,17268,85.06,0,0,3226,0.1868,1609,1617,76,15.22,9.0,2149,607,398,72,20,0.0314,"{""IC"": 2515, ""S"": 571, ""PYO"": 30, ""HDM"": 21, ""MV"": 89}","[5, 6, 8, 7, 9, 10, 11, 15, 16, 14]",0.137
2023,7,12,3,202,17256,85.43,0,0,2577,0.1493,1286,1291,45,9.94,8.0,2125,442,10,0,15,0.0459,"{""IC"": 2008, ""S"": 507, ""PYO"": 21, ""HDM"": 34, ""MV"": 7}","[5, 6, 7, 8, 9, 10, 11, 12, 13, 14]",0.1417
2023,7,13,4,202,17430,86.29,2,78,2452,0.1407,1229,1223,170,18.82,9.0,1682,344,332,94,13,0.0372,"{""IC"": 1923, ""S"": 370, ""PYO"": 63, ""HDM"": 70, ""MV"": 26}","[5, 6, 7, 8, 9, 10, 11, 14, 12, 13]",0.1386
2023,7,14,5,215,18426,85.7,2,42,2066,0.1121,1028,1038,26,8.9,7.0,1756,310,0,0,16,0.0597,"{""IC"": 1520, ""S"": 327, ""PYO"": 74, ""HDM"": 59, ""P"": 26, ""MV"": 60}","[5, 7, 6, 8, 9, 11, 10, 17, 12, 15]",0.1334
2023,7,15,6,187,14972,80.06,0,2,1327,0.0886,662,665,41,9.53,8.0,1116,193,18,0,12,0.0685,"{""IC"": 962, ""S"": 197, ""PYO"": 69, ""HDM"": 71, ""MUS"": 10, ""MV"": 18}","[5, 6, 8, 7, 9, 10, 11, 17, 16, 14]",0.1288
2023,7,16,7,178,14752,82.88,2,40,1723,0.1168,854,869,87,9.83,7.0,1516,130,63,14,9,0.0515,"{""IC"": 1473, ""S"": 173, ""PYO"": 12, ""HDM"": 41, ""V"": 24}","[5, 6, 7, 8, 10, 9, 12, 11, 16, 15]",0.1306
2023,7,17,1,202,17288,85.58,0,0,1547,0.0895,772,775,126,9.77,7.0,1441,81,0,25,5,0.0687,"{""IC"": 1289, ""S"": 234, ""PYO"": 8, ""HDM"": 12, ""P"": 1, ""V"": 3}","[5, 6, 7, 8, 11, 9, 10, 12, 13, 14]",0.1263
2023,7,18,2,198,17114,86.43,0,0,2023,0.1182,1015,1008,67,13.27,8.0,1387,518,101,17,10,0.0504,"{""IC"": 1721, ""S"": 248, ""PYO"": 13, ""HDM"": 41}","[5, 6, 7, 9, 8, 10, 11, 16, 21, 18]",0.1165
2023,7,19,3,202,17166,84.98,0,20,2246,0.1308,1127,1119,114,22.1,13.0,1247,531,259,209,10,0.0335,"{""IC"": 1846, ""S"": 319, ""PYO"": 74, ""HDM"": 7}","[5, 6, 7, 8, 9, 13, 11, 12, 10, 17]",0.1138
2023,7,20,4,207,17640,85.22,1,34,1442,0.0817,717,725,72,11.35,8.0,1187,173,60,22,8,0.0643,"{""IC"": 1000, ""S"": 133, ""PYO"": 184, ""HDM"": 33, ""MV"": 92}","[5, 6, 7, 9, 8, 10, 12, 11, 13, 20]",0.1054
2023,7,21,5,212,18164,85.68,0,0,3043,0.1675,1517,1526,134,23.11,11.0,1818,597,254,374,16,0.0279,"{""IC"": 2512, ""S"": 347, ""PYO"": 113, ""HDM"": 70, ""V"": 1}","[5, 6, 9, 7, 8, 10, 11, 16, 12, 14]",0.1133
2023,7,22,6,179,14880,83.13,2,28,1871,0.1257,933,938,141,24.85,10.0,1217,296,74,284,6,0.0332,"{""IC"": 1591, ""S"": 214, ""PYO"": 66}","[5, 6, 7, 9, 8, 11, 10, 12, 14, 19]",0.1186
2023,7,23,7,180,14850,82.5,0,0,1463,0.0985,733,730,60,10.76,8.0,1308,79,62,14,7,0.0665,"{""IC"": 1076, ""S"": 289, ""PYO"": 11, ""HDM"": 11, ""MV"": 76}","[5, 6, 7, 8, 9, 10, 11, 12, 13, 15]",0.116
2023,7,24,1,203,17288,85.16,0,0,1723,0.0997,860,863,25,8.78,7.0,1494,229,0,0,7,0.0622,"{""IC"": 1167, ""S"": 479, ""PYO"": 66, ""HDM"": 3, ""MV"": 8}","[5, 6, 7, 8, 9, 10, 12, 11, 17, 14]",0.1174
2023,7,25,2,200,17202,86.01,0,0,1337,0.0777,668,669,225,25.78,9.0,970,165,26,176,5,0.0487,"{""S"": 178, ""IC"": 1022, ""PYO"": 125, ""HDM"": 12}","[5, 6, 7, 9, 8, 11, 10, 12, 13, 16]",0.1117
2023,7,26,3,201,17280,85.97,0,0,1534,0.0888,764,770,25,7.67,7.0,1445,89,0,0,5,0.0636,"{""S"": 214, ""IC"": 1261, ""PYO"": 29, ""HDM"": 27, ""MV"": 3}","[5, 6, 7, 8, 9, 10, 11, 12, 13, 15]",0.1057
2023,7,27,4,204,17496,85.76,2,74,1509,0.0862,750,759,115,13.09,7.0,1254,160,35,60,10,0.0601,"{""IC"": 1068, ""S"": 268, ""PYO"": 61, ""HDM"": 35, ""MV"": 77}","[5, 6, 7, 8, 9, 10, 13, 11, 12, 18]",0.1063
2023,7,28,5,211,18118,85.87,0,0,3424,0.189,1709,1715,108,20.38,9.0,2347,435,254,388,18,0.0264,"{""IC"": 2784, ""S"": 449, ""PYO"": 86, ""HDM"": 105}","[5, 6, 7, 8, 10, 9, 11, 12, 17, 16]",0.1094
2023,7,29,6,182,15496,85.14,6,144,2626,0.1695,1317,1309,110,27.12,13.0,1395,355,499,377,12,0.0293,"{""IC"": 2009, ""S"": 499, ""PYO"": 66, ""HDM"": 37, ""MUS"": 13, ""MV"": 2}","[5, 6, 7, 8, 9, 12, 13, 11, 10, 15]",0.1156
2023,7,30,7,173,14878,86.0,2,50,1255,0.0844,620,635,34,9.48,7.0,1058,177,20,0,9,0.0693,"{""IC"": 961, ""S"": 188, ""PYO"": 49, ""HDM"": 57}","[5, 6, 7, 8, 12, 9, 13, 17, 11, 10]",0.1136
2023,7,31,1,203,17216,84.81,1,14,2193,0.1274,1097,1096,79,13.77,8.0,1682,194,287,30,12,0.0414,"{""IC"": 1748, ""S"": 332, ""PYO"": 53, ""HDM"": 22, ""MV"": 38}","[5, 6, 7, 9, 8, 10, 11, 12, 13, 40]",0.1176
2023,8,1,2,202,17166,84.98,0,0,2186,0.1273,1099,1087,59,12.72,10.0,1646,386,154,0,13,0.0459,"{""IC"": 1616, ""S"": 392, ""PYO"": 88, ""HDM"": 89, ""V"": 1}","[5, 6, 7, 11, 12, 10, 8, 13, 9, 14]",0.1247
2023,8,2,3,200,17202,86.01,0,0,832,0.0484,415,417,31,8.11,6.0,760,70,2,0,2,0.088,"{""S"": 98, ""IC"": 715, ""PYO"": 18, ""HDM"": 1}","[5, 6, 7, 8, 9, 10, 11, 12, 14, 24]",0.1189
2023,8,3,4,204,17684,86.69,1,42,1677,0.0948,838,839,61,10.42,7.0,1295,366,15,1,10,0.0596,"{""IC"": 1284, ""S"": 267, ""PYO"": 89, ""HDM"": 37}","[5, 6, 7, 9, 8, 11, 12, 10, 15, 16]",0.1201
2023,8,4,5,215,18524,86.16,0,0,1608,0.0868,801,807,38,9.28,7.0,1462,56,90,0,6,0.061,"{""IC"": 1285, ""S"": 225, ""PYO"": 54, ""HDM"": 43, ""MV"": 1}","[5, 6, 7, 8, 9, 10, 11, 12, 13, 36]",0.1055
2023,8,5,6,176,15366,87.31,0,0,1632,0.1062,816,816,69,9.84,8.0,1355,257,19,1,10,0.0561,"{""IC"": 1112, ""S"": 413, ""PYO"": 84, ""HDM"": 23}","[5, 6, 7, 8, 9, 10, 14, 11, 12, 15]",0.0965
2023,8,6,7,175,14898,85.13,1,6,3164,0.2124,1577,1587,87,15.43,10.0,2033,732,362,37,15,0.0282,"{""IC"": 2546, ""S"": 429, ""PYO"": 99, ""HDM"": 90}","[5, 6, 7, 8, 9, 10, 11, 12, 13, 15]",0.1148
2023,8,7,1,202,17106,84.68,2,368,3937,0.2302,1965,1972,202,26.12,12.0,2247,647,616,427,23,0.0212,"{""IC"": 2921, ""S"": 704, ""PYO"": 98, ""HDM"": 79, ""MV"": 135}","[5, 6, 7, 8, 11, 14, 10, 9, 13, 15]",0.1294
2023,8,8,2,199,17050,85.68,0,270,2274,0.1334,1147,1127,52,11.37,8.0,1816,282,176,0,15,0.0483,"{""IC"": 1796, ""S"": 367, ""PYO"": 8, ""HDM"": 50, ""MV"": 53}","[5, 6, 7, 10, 8, 11, 9, 12, 13, 14]",0.1303
2023,8,9,3,201,17142,85.28,0,270,1240,0.0723,626,614,69,7.27,6.0,1211,28,0,1,2,0.0812,"{""IC"": 1031, ""S"": 163, ""PYO"": 31, ""HDM"": 15}","[5, 6, 7, 8, 9, 10, 11, 12, 13, 14]",0.1337
2023,8,10,4,204,17218,84.4,1,284,1693,0.0983,851,842,64,15.74,8.0,1202,141,345,5,9,0.0436,"{""IC"": 1407, ""S"": 202, ""PYO"": 44, ""HDM"": 20, ""MV"": 20}","[5, 6, 7, 8, 9, 50, 10, 49, 41, 36]",0.1342
2023,8,11,5,212,17858,84.24,0,180,1598,0.0895,795,803,86,9.23,6.0,1481,45,37,35,7,0.0623,"{""IC"": 1293, ""S"": 184, ""PYO"": 27, ""HDM"": 22, ""MV"": 28, ""V"": 44}","[5, 6, 7, 8, 9, 10, 11, 12, 13, 14]",0.1346
2023,8,12,6,181,14754,81.51,0,0,1916,0.1299,957,959,134,13.03,9.0,1396,339,175,6,9,0.0465,"{""IC"": 1657, ""S"": 176, ""PYO"": 38, ""HDM"": 27, ""MUS"": 12, ""V"": 6}","[5, 6, 8, 7, 9, 10, 11, 12, 15, 23]",0.138
2023,8,13,7,197,15110,76.7,0,28,1956,0.1295,972,984,92,10.76,7.0,1650,152,122,32,7,0.0506,"{""IC"": 1544, ""S"": 261, ""PYO"": 12, ""HDM"": 32, ""P"": 14, ""MUS"": 31, ""MV"": 62}","[5, 6, 7, 8, 9, 11, 10, 12, 32, 16]",0.1262
2023,8,14,1,206,15472,75.11,2,60,1807,0.1168,904,903,42,8.43,7.0,1678,99,30,0,8,0.0562,"{""IC"": 1472, ""S"": 215, ""HDM"": 58, ""MV"": 60, ""V"": 2}","[5, 6, 7, 8, 9, 10, 11, 13, 14, 12]",0.11
2023,8,15,2,201,16630,82.74,1,96,3389,0.2038,1697,1692,121,11.79,8.0,2770,539,21,59,15,0.034,"{""IC"": 2817, ""S"": 434, ""HDM"": 68, ""MV"": 70}","[5, 6, 7, 8, 9, 12, 14, 11, 13, 10]",0.12
2023,8,16,3,219,14670,66.99,0,0,2314,0.1577,1158,1156,40,10.27,7.0,1922,242,150,0,20,0.0451,"{""IC"": 1825, ""S"": 354, ""PYO"": 26, ""HDM"": 109}","[5, 6, 8, 7, 9, 10, 11, 12, 15, 14]",0.1322
2023,8,17,4,208,17424,83.77,5,90,1973,0.1132,985,988,125,16.56,9.0,1449,314,116,94,6,0.0391,"{""IC"": 1581, ""S"": 348, ""PYO"": 10, ""HDM"": 28, ""MV"": 6}","[5, 6, 7, 8, 12, 11, 10, 9, 13, 14]",0.1343
2023,8,18,5,217,17914,82.55,0,0,2111,0.1178,1051,1060,36,8.46,7.0,1907,189,15,0,9,0.0505,"{""IC"": 1514, ""S"": 464, ""PYO"": 41, ""HDM"": 78, ""MUS"": 10, ""V"": 4}","[5, 6, 7, 8, 9, 10, 11, 12, 15, 13]",0.1384
2023,8,19,6,175,14740,84.23,0,0,896,0.0608,455,441,23,7.61,6.0,811,85,0,0,3,0.0776,"{""S"": 186, ""IC"": 663, ""PYO"": 24, ""HDM"": 23}","[5, 6, 7, 9, 10, 8, 15, 11, 17, 16]",0.1285
2023,8,20,7,173,14598,84.38,2,50,1927,0.132,961,966,98,12.61,8.0,1477,323,89,38,10,0.0414,"{""IC"": 1524, ""S"": 345, ""PYO"": 19, ""HDM"": 39}","[5, 6, 7, 8, 9, 10, 11, 12, 13, 26]",0.1289
2023,8,21,1,199,16674,83.79,3,80,1945,0.1166,982,963,28,8.01,7.0,1781,164,0,0,3,0.0517,"{""IC"": 1546, ""S"": 296, ""PYO"": 54, ""HDM"": 22, ""MV"": 27}","[5, 6, 7, 8, 9, 10, 13, 11, 15, 14]",0.1288
2023,8,22,2,202,16660,82.48,4,140,1875,0.1125,938,937,43,8.49,7.0,1738,130,7,0,6,0.0527,"{""IC"": 1631, ""S"": 129, ""PYO"": 14, ""HDM"": 98, ""V"": 3}","[5, 6, 7, 8, 9, 10, 11, 12, 13, 15]",0.1158
2023,8,23,3,201,16648,82.83,0,0,1355,0.0814,667,688,16,6.92,6.0,1345,10,0,0,4,0.0644,"{""IC"": 1003, ""S"": 276, ""PYO"": 30, ""HDM"": 46}","[5, 6, 7, 8, 9, 10, 11, 12, 13, 14]",0.1049
2023,8,24,4,210,16810,80.05,6,246,2403,0.143,1197,1206,315,28.95,10.0,1721,311,107,264,11,0.0405,"{""IC"": 1984, ""S"": 267, ""PYO"": 32, ""HDM"": 31, ""MV"": 89}","[5, 6, 7, 11, 10, 9, 8, 12, 13, 16]",0.1092
2023,8,25,5,217,17936,82.65,4,56,2120,0.1182,1061,1059,33,8.95,8.0,1947,158,15,0,11,0.0542,"{""IC"": 1622, ""S"": 256, ""PYO"": 74, ""HDM"": 157, ""MV"": 11}","[5, 6, 7, 9, 10, 8, 11, 12, 13, 14]",0.1092
2023,8,26,6,184,15462,84.03,0,0,1970,0.1274,989,981,102,15.83,10.0,1445,340,74,111,15,0.0439,"{""IC"": 1254, ""S"": 528, ""PYO"": 19, ""HDM"": 129, ""MUS"": 12, ""MV"": 28}","[5, 6, 7, 9, 11, 8, 10, 12, 13, 14]",0.1187
2023,8,27,7,175,14894,85.11,1,864,3700,0.2484,1842,1858,288,36.07,13.0,1998,690,473,539,29,0.0192,"{""IC"": 2819, ""S"": 537, ""PYO"": 90, ""HDM"": 48, ""MUS"": 1, ""MV"": 205}","[5, 6, 7, 8, 13, 14, 9, 11, 15, 10]",0.1354
2023,8,28,1,199,16388,82.35,0,0,2332,0.1423,1173,1159,125,12.02,8.0,1791,403,130,8,13,0.0449,"{""IC"": 1896, ""S"": 263, ""HDM"": 73, ""MV"": 100}","[5, 6, 7, 8, 9, 12, 10, 15, 14, 11]",0.139
2023,8,29,2,191,15994,83.74,0,0,1978,0.1237,993,985,28,9.61,7.0,1664,314,0,0,6,0.0466,"{""IC"": 1724, ""S"": 213, ""HDM"": 41}","[5, 6, 7, 8, 9, 14, 12, 15, 10, 13]",0.1406
2023,8,30,3,197,16592,84.22,0,40,2362,0.1424,1191,1171,116,17.8,8.0,1650,334,175,203,9,0.0389,"{""S"": 253, ""IC"": 2007, ""PYO"": 47, ""HDM"": 39, ""MV"": 16}","[5, 6, 7, 8, 9, 10, 16, 11, 17, 12]",0.1493
2023,8,31,4,202,16958,83.95,3,108,3506,0.2067,1769,1737,182,27.4,11.0,2029,750,145,582,14,0.0205,"{""S"": 772, ""IC"": 2461, ""PYO"": 62, ""HDM"": 114, ""MV"": 97}","[5, 6, 7, 8, 9, 10, 19, 11, 13, 12]",0.1584
2023,9,1,5,212,17898,84.42,0,0,2264,0.1265,1134,1130,123,24.93,8.0,1530,175,172,387,4,0.0326,"{""S"": 580, ""IC"": 1514, ""PYO"": 128, ""HDM"": 34, ""MV"": 8}","[5, 6, 7, 8, 9, 10, 11, 15, 67, 66]",0.1596
2023,9,2,6,170,14196,83.51,2,24,1552,0.1093,782,770,70,9.95,8.0,1262,289,0,1,7,0.0558,"{""IC"": 1220, ""S"": 234, ""PYO"": 71, ""HDM"": 15, ""MV"": 12}","[5, 6, 7, 8, 9, 10, 11, 14, 12, 13]",0.157
2023,9,3,7,172,14394,83.69,1,14,1950,0.1355,979,971,52,10.57,8.0,1625,205,120,0,12,0.0472,"{""S"": 289, ""IC"": 1505, ""PYO"": 34, ""HDM"": 42, ""MUS"": 15, ""MV"": 65}","[5, 6, 8, 7, 9, 10, 11, 12, 13, 14]",0.1409
2023,9,4,1,203,16468,81.12,5,222,2264,0.1375,1136,1128,43,9.43,8.0,1966,288,10,0,9,0.0477,"{""IC"": 1754, ""S"": 478, ""HDM"": 8, ""MV"": 24}","[5, 6, 8, 9, 7, 10, 11, 12, 13, 18]",0.1402
2023,9,5,2,195,15566,79.83,1,72,1781,0.1144,904,877,80,9.29,7.0,1601,123,51,6,6,0.0576,"{""IC"": 1368, ""S"": 295, ""HDM"": 41, ""MV"": 77}","[5, 6, 7, 8, 9, 10, 11, 12, 13, 17]",0.1389
2023,9,6,3,201,16946,84.31,0,2,2130,0.1257,1071,1059,34,9.47,8.0,1847,248,35,0,10,0.0549,"{""IC"": 1588, ""S"": 412, ""PYO"": 44, ""HDM"": 37, ""MV"": 49}","[5, 6, 8, 7, 10, 9, 13, 11, 12, 15]",0.1365
2023,9,7,4,201,17316,86.15,3,54,3072,0.1774,1542,1530,72,12.05,8.0,2371,464,209,28,13,0.0393,"{""IC"": 2345, ""S"": 453, ""PYO"": 98, ""HDM"": 143, ""MV"": 33}","[5, 6, 7, 8, 9, 11, 10, 12, 14, 16]",0.1323
2023,9,8,5,213,18194,85.42,0,0,2858,0.1571,1428,1430,120,11.82,8.0,2218,546,58,36,14,0.0407,"{""IC"": 2304, ""S"": 303, ""PYO"": 105, ""HDM"": 86, ""MUS"": 36, ""MV"": 24}","[5, 6, 7, 8, 9, 11, 10, 17, 18, 13]",0.1367
2023,9,9,6,168,15022,89.42,4,104,1998,0.133,999,999,39,9.65,8.0,1693,269,36,0,8,0.0504,"{""IC"": 1472, ""S"": 418, ""PYO"": 54, ""HDM"": 24, ""MV"": 30}","[5, 6, 8, 7, 9, 10, 12, 11, 14, 15]",0.1401
2023,9,10,7,173,15126,87.43,2,142,2506,0.1657,1256,1250,72,11.5,8.0,2012,354,109,31,10,0.0445,"{""IC"": 2031, ""S"": 284, ""PYO"": 52, ""HDM"": 43, ""MV"": 96}","[5, 6, 7, 8, 10, 12, 9, 11, 14, 13]",0.1444
2023,9,11,1,194,15910,82.01,0,0,1960,0.1232,992,968,31,8.81,7.0,1709,245,6,0,9,0.0499,"{""IC"": 1450, ""S"": 404, ""HDM"": 68, ""MV"": 38}","[5, 6, 7, 8, 9, 10, 11, 12, 19, 16]",0.1424
2023,9,12,2,197,15998,81.21,3,42,2121,0.1326,1077,1044,143,17.37,8.0,1599,270,100,152,5,0.0341,"{""IC"": 1798, ""S"": 187, ""PYO"": 122, ""HDM"": 14}","[5, 7, 6, 8, 9, 10, 11, 17, 13, 12]",0.145
2023,9,13,3,204,17080,83.73,2,40,2603,0.1524,1309,1294,47,14.63,9.0,1716,505,382,0,13,0.0348,"{""IC"": 1995, ""S"": 491, ""PYO"": 25, ""HDM"": 68, ""MV"": 24}","[5, 6, 7, 8, 9, 10, 11, 23, 14, 13]",0.1488
2023,9,14,4,198,17478,88.27,0,0,2587,0.148,1298,1289,66,10.95,8.0,1954,608,24,1,13,0.0451,"{""IC"": 2028, ""S"": 357, ""PYO"": 141, ""HDM"": 61}","[5, 6, 7, 8, 13, 12, 14, 9, 10, 11]",0.1446
2023,9,15,5,212,18148,85.6,2,28,2458,0.1354,1227,1231,38,9.99,7.0,2013,420,25,0,6,0.0478,"{""IC"": 2020, ""S"": 307, ""PYO"": 59, ""HDM"": 53, ""MV"": 19}","[5, 6, 7, 8, 9, 10, 14, 12, 11, 15]",0.1415
2023,9,16,6,165,15030,91.09,0,0,1466,0.0975,739,727,54,9.8,7.0,1292,86,88,0,6,0.0575,"{""IC"": 1097, ""S"": 241, ""PYO"": 53, ""HDM"": 42, ""MUS"": 33}","[5, 6, 7, 8, 9, 10, 12, 11, 13, 16]",0.1364
2023,9,17,7,172,14132,82.16,0,0,1668,0.118,837,831,37,12.41,8.0,1146,426,96,0,12,0.0529,"{""IC"": 1323, ""S"": 217, ""PYO"": 42, ""HDM"": 86}","[5, 6, 7, 8, 9, 16, 29, 11, 10, 12]",0.1296
2023,9,18,1,200,16918,84.59,0,10,2947,0.1742,1480,1467,115,11.82,7.0,2528,271,75,73,9,0.0364,"{""S"": 350, ""IC"": 2539, ""PYO"": 4, ""HDM"": 35, ""MV"": 19}","[5, 6, 7, 9, 8, 10, 12, 13, 11, 14]",0.1369
2023,9,19,2,198,16686,84.27,0,34,2670,0.16,1345,1325,73,12.18,8.0,2082,300,287,1,8,0.0387,"{""IC"": 2065, ""S"": 524, ""PYO"": 46, ""HDM"": 27, ""MV"": 8}","[5, 6, 7, 8, 9, 10, 11, 12, 14, 17]",0.1408
2023,9,20,3,203,17128,84.37,0,116,5099,0.2977,2562,2537,208,21.35,11.0,3114,1163,555,267,23,0.0232,"{""IC"": 4091, ""S"": 821, ""PYO"": 50, ""HDM"": 130, ""MV"": 7}","[5, 6, 7, 8, 9, 10, 14, 15, 12, 18]",0.1615
2023,9,21,4,202,17280,85.54,1,16,2613,0.1512,1315,1298,66,10.73,9.0,2142,423,37,11,9,0.0404,"{""S"": 620, ""IC"": 1927, ""PYO"": 10, ""HDM"": 28, ""MV"": 28}","[5, 6, 7, 9, 8, 12, 10, 11, 13, 14]",0.162
2023,9,22,5,215,17968,83.57,1,16,3372,0.1877,1698,1674,79,10.62,8.0,2683,605,60,24,14,0.039,"{""IC"": 2651, ""S"": 562, ""PYO"": 60, ""HDM"": 65, ""MV"": 34}","[5, 6, 7, 8, 9, 10, 11, 15, 16, 12]",0.1695
2023,9,23,6,180,15070,83.72,2,44,2055,0.1364,1041,1014,86,10.83,7.0,1625,288,110,32,8,0.049,"{""IC"": 1408, ""S"": 474, ""PYO"": 68, ""HDM"": 96, ""MUS"": 9}","[5, 6, 7, 8, 9, 10, 11, 17, 16, 20]",0.175
2023,9,24,7,172,13950,81.1,3,60,2526,0.1811,1276,1250,103,13.84,9.0,1917,401,134,74,16,0.0387,"{""S"": 342, ""IC"": 2134, ""PYO"": 14, ""HDM"": 26, ""MUS"": 10}","[5, 6, 7, 8, 9, 10, 11, 14, 13, 12]",0.184
2023,9,25,1,202,17274,85.51,5,122,2900,0.1679,1457,1443,60,9.37,7.0,2521,345,33,1,13,0.0437,"{""IC"": 2293, ""S"": 416, ""PYO"": 21, ""HDM"": 90, ""MV"": 80}","[5, 6, 7, 10, 9, 8, 11, 13, 14, 12]",0.1831
2023,9,26,2,200,17118,85.59,3,60,2615,0.1528,1318,1297,117,20.96,8.0,1929,153,206,327,2,0.025,"{""IC"": 2334, ""S"": 254, ""PYO"": 12, ""HDM"": 15}","[5, 6, 7, 8, 9, 10, 12, 11, 13, 23]",0.1821
2023,9,27,3,204,17282,84.72,5,70,1858,0.1075,937,921,32,8.69,7.0,1582,272,4,0,10,0.0522,"{""IC"": 1452, ""S"": 334, ""PYO"": 6, ""HDM"": 44, ""MUS"": 1, ""MV"": 21}","[5, 6, 7, 8, 9, 10, 11, 15, 18, 17]",0.1549
2023,9,28,4,209,17502,83.74,1,118,3046,0.174,1530,1516,46,12.18,9.0,2180,726,140,0,20,0.0361,"{""IC"": 2397, ""S"": 399, ""PYO"": 31, ""HDM"": 115, ""MUS"": 81, ""MV"": 23}","[5, 6, 7, 8, 9, 10, 11, 12, 13, 15]",0.1582
2023,9,29,5,221,18184,82.28,8,264,2679,0.1473,1344,1335,173,11.87,7.0,2225,295,127,32,16,0.0434,"{""IC"": 1795, ""S"": 571, ""PYO"": 96, ""HDM"": 54, ""MUS"": 5, ""MV"": 156, ""V"": 2}","[5, 6, 7, 8, 9, 10, 11, 13, 15, 17]",0.1524
2023,9,30,6,174,15358,88.26,5,128,2388,0.1555,1203,1185,42,10.41,8.0,1902,443,43,0,9,0.0445,"{""IC"": 1912, ""S"": 335, ""PYO"": 49, ""HDM"": 2, ""MUS"": 33, ""MV"": 57}","[5, 6, 7, 10, 11, 8, 9, 21, 12, 14]",0.1552
2023,10,1,7,179,15136,84.56,8,376,2665,0.1761,1342,1323,170,34.09,12.0,1439,354,223,649,13,0.0206,"{""IC"": 2238, ""S"": 220, ""PYO"": 28, ""HDM"": 37, ""MUS"": 82, ""MV"": 60}","[5, 6, 7, 8, 9, 15, 118, 14, 16, 10]",0.1544
2023,10,2,1,205,16024,78.17,4,82,1429,0.0892,733,696,34,7.19,6.0,1389,28,12,0,6,0.0643,"{""IC"": 1078, ""S"": 251, ""HDM"": 67, ""MUS"": 6, ""MV"": 27}","[5, 6, 7, 8, 9, 10, 13, 11, 12, 15]",0.1432
2023,10,3,2,226,14768,65.35,0,0,1567,0.1061,791,776,28,7.52,6.0,1456,111,0,0,7,0.0575,"{""IC"": 1268, ""S"": 281, ""HDM"": 8, ""MV"": 10}","[5, 6, 7, 8, 9, 10, 11, 12, 16, 15]",0.1365
2023,10,4,3,216,16848,78.0,2,794,4038,0.2397,2020,2018,350,66.71,34.0,1703,233,687,1415,11,0.0129,"{""IC"": 3206, ""S"": 581, ""PYO"": 183, ""HDM"": 68}","[5, 6, 7, 8, 11, 9, 10, 12, 13, 57]",0.1554
2023,10,5,4,204,17316,84.88,3,164,5583,0.3224,2794,2789,164,18.66,12.0,3257,1639,395,292,32,0.0196,"{""IC"": 4545, ""S"": 786, ""PYO"": 7, ""HDM"": 128, ""MV"": 117}","[5, 6, 10, 7, 9, 11, 8, 12, 14, 19]",0.1766
2023,10,6,5,214,18006,84.14,3,122,3623,0.2012,1824,1799,117,14.1,9.0,2609,554,420,40,16,0.0299,"{""IC"": 2793, ""S"": 686, ""PYO"": 55, ""HDM"": 81, ""MV"": 8}","[5, 7, 6, 8, 11, 12, 10, 9, 13, 16]",0.1843
2023,10,7,6,177,15316,86.53,4,90,4280,0.2794,2157,2123,87,14.85,9.0,3180,625,271,204,21,0.0252,"{""IC"": 3296, ""S"": 782, ""PYO"": 19, ""HDM"": 107, ""MUS"": 28, ""MV"": 48}","[5, 6, 7, 8, 9, 10, 11, 12, 13, 14]",0.202
2023,10,8,7,176,14944,84.91,0,0,3991,0.2671,2007,1984,65,13.12,9.0,2834,752,381,24,18,0.0259,"{""IC"": 3098, ""S"": 662, ""PYO"": 104, ""HDM"": 87, ""P"": 37, ""MV"": 3}","[5, 6, 7, 8, 9, 10, 11, 13, 14, 17]",0.215
2023,10,9,1,196,15910,81.17,3,54,2507,0.1576,1259,1248,33,10.44,9.0,2023,447,37,0,12,0.0375,"{""IC"": 1962, ""S"": 493, ""HDM"": 24, ""MV"": 28}","[5, 6, 7, 9, 10, 11, 8, 13, 14, 15]",0.2248
2023,10,10,2,227,14762,65.03,5,80,1689,0.1144,848,841,48,10.07,7.0,1480,71,138,0,14,0.0549,"{""IC"": 1301, ""S"": 273, ""HDM"": 32, ""MV"": 83}","[5, 6, 7, 8, 9, 10, 11, 12, 14, 13]",0.226
2023,10,11,3,214,16572,77.44,2,222,4577,0.2762,2296,2281,164,22.0,13.0,2441,1066,751,319,27,0.0219,"{""IC"": 3740, ""S"": 738, ""PYO"": 56, ""HDM"": 35, ""MV"": 8}","[5, 6, 7, 8, 9, 10, 14, 22, 15, 21]",0.2312
2023,10,12,4,204,17226,84.44,0,18,4189,0.2432,2103,2086,42,12.1,10.0,2989,1055,145,0,21,0.027,"{""IC"": 3556, ""S"": 477, ""PYO"": 23, ""HDM"": 85, ""MV"": 48}","[5, 6, 7, 8, 9, 10, 11, 12, 14, 15]",0.2199
2023,10,13,5,218,18104,83.05,5,158,4413,0.2438,2209,2204,222,22.91,11.0,2683,831,588,311,24,0.0221,"{""IC"": 3469, ""S"": 665, ""PYO"": 109, ""HDM"": 109, ""MV"": 61}","[5, 6, 7, 8, 11, 10, 9, 12, 13, 14]",0.226
2023,10,14,6,169,15224,90.08,0,0,3341,0.2195,1673,1668,64,13.84,9.0,2393,582,353,13,13,0.0259,"{""IC"": 2489, ""S"": 631, ""PYO"": 111, ""HDM"": 60, ""MUS"": 4, ""MV"": 46}","[5, 6, 7, 8, 9, 11, 10, 12, 14, 13]",0.2174
2023,10,15,7,167,14794,88.59,0,0,2722,0.184,1369,1353,214,11.77,9.0,2190,497,8,27,13,0.0386,"{""IC"": 2183, ""S"": 436, ""PYO"": 52, ""HDM"": 30, ""V"": 21}","[5, 6, 7, 8, 10, 9, 11, 13, 14, 12]",0.2055
2023,10,16,1,196,15914,81.19,3,72,4637,0.2914,2339,2298,81,14.37,10.0,3176,1120,191,150,29,0.0226,"{""S"": 735, ""IC"": 3738, ""HDM"": 145, ""MV"": 19}","[5, 6, 7, 9, 10, 8, 13, 14, 12, 11]",0.2246
2023,10,17,2,231,14958,64.75,4,162,1994,0.1333,1004,990,129,18.12,8.0,1570,125,170,129,14,0.0396,"{""IC"": 1448, ""S"": 417, ""HDM"": 38, ""MV"": 91}","[5, 6, 7, 9, 8, 10, 11, 12, 17, 13]",0.2273
2023,10,18,3,208,16892,81.21,0,130,4048,0.2396,2026,2022,87,18.73,12.0,2233,1108,518,189,19,0.0229,"{""IC"": 3107, ""S"": 731, ""PYO"": 70, ""HDM"": 81, ""MV"": 59}","[5, 6, 7, 8, 9, 10, 11, 12, 14, 15]",0.2221
2023,10,19,4,199,17152,86.19,0,0,4773,0.2783,2402,2371,68,12.99,10.0,3418,1098,191,66,19,0.0241,"{""IC"": 3999, ""S"": 660, ""PYO"": 12, ""HDM"": 86, ""MV"": 16}","[5, 6, 7, 8, 10, 9, 11, 14, 12, 13]",0.2271
2023,10,20,5,221,18104,81.92,0,0,5840,0.3226,2919,2921,80,14.14,10.0,3796,1553,400,91,28,0.022,"{""IC"": 4504, ""S"": 994, ""PYO"": 19, ""HDM"": 214, ""MUS"": 17, ""MV"": 88, ""V"": 4}","[5, 6, 8, 7, 9, 10, 11, 13, 16, 18]",0.2384
2023,10,21,6,192,15400,80.21,0,0,3294,0.2139,1656,1638,77,16.03,11.0,2107,790,284,113,16,0.0266,"{""IC"": 2564, ""S"": 564, ""PYO"": 35, ""HDM"": 111, ""MUS"": 20}","[5, 6, 7, 9, 8, 10, 11, 13, 17, 12]",0.2376
2023,10,22,7,182,15050,82.69,0,0,4137,0.2749,2075,2062,47,11.61,9.0,3010,1023,104,0,20,0.0285,"{""IC"": 3403, ""S"": 533, ""PYO"": 16, ""HDM"": 108, ""MV"": 76, ""V"": 1}","[5, 6, 7, 8, 9, 10, 11, 12, 17, 14]",0.2506
2023,10,23,1,205,17320,84.49,3,82,5425,0.3132,2721,2704,79,14.65,11.0,3633,1404,270,118,31,0.0217,"{""IC"": 4041, ""S"": 1171, ""PYO"": 22, ""HDM"": 177, ""MV"": 14}","[5, 6, 7, 9, 10, 8, 13, 11, 12, 15]",0.2537
2023,10,24,2,198,17114,86.43,0,0,3748,0.219,1884,1864,120,18.7,10.0,2518,630,343,257,10,0.0239,"{""S"": 390, ""IC"": 3296, ""PYO"": 42, ""HDM"": 20}","[5, 6, 7, 8, 9, 10, 12, 13, 11, 15]",0.2659
2023,10,25,3,201,17136,85.25,0,0,5956,0.3476,2984,2972,280,15.33,12.0,3406,1900,645,5,28,0.022,"{""IC"": 4902, ""S"": 872, ""PYO"": 65, ""HDM"": 117}","[5, 6, 10, 7, 8, 9, 11, 12, 17, 13]",0.2814
2023,10,26,4,200,17190,85.95,1,38,4188,0.2436,2100,2088,61,15.18,11.0,2676,1065,441,6,20,0.026,"{""IC"": 3603, ""S"": 485, ""PYO"": 13, ""HDM"": 87}","[5, 6, 7, 9, 8, 10, 11, 12, 13, 16]",0.2764
2023,10,27,5,211,17890,84.79,0,0,5560,0.3108,2778,2782,145,22.02,12.0,3251,1095,786,428,31,0.0189,"{""IC"": 4106, ""S"": 1257, ""PYO"": 59, ""HDM"": 134, ""MV"": 4}","[5, 6, 7, 8, 11, 10, 12, 9, 13, 14]",0.2747
2023,10,28,6,176,15336,87.14,0,4,3210,0.2093,1617,1593,84,22.65,13.0,1711,773,250,476,12,0.0223,"{""IC"": 2274, ""S"": 562, ""PYO"": 298, ""HDM"": 53, ""MUS"": 23}","[5, 6, 7, 10, 9, 8, 16, 11, 12, 15]",0.2741
2023,10,29,7,176,14948,84.93,0,8,3464,0.2317,1738,1726,148,26.11,13.0,1843,826,281,514,18,0.0207,"{""IC"": 2805, ""S"": 579, ""PYO"": 27, ""HDM"": 53}","[5, 7, 6, 8, 9, 10, 13, 15, 16, 14]",0.2679
2023,10,30,1,205,17186,83.83,0,12,2853,0.166,1440,1413,51,10.1,8.0,2331,501,21,0,11,0.0403,"{""S"": 617, ""IC"": 2146, ""PYO"": 16, ""HDM"": 65, ""MV"": 9}","[5, 6, 7, 8, 9, 10, 11, 13, 12, 15]",0.2469
2023,10,31,2,213,17350,81.46,4,154,4760,0.2744,2393,2367,130,13.37,8.0,3614,734,227,185,23,0.0291,"{""S"": 698, ""IC"": 3890, ""PYO"": 44, ""HDM"": 93, ""MV"": 35}","[5, 6, 7, 8, 9, 10, 11, 13, 12, 16]",0.2548
2023,11,1,3,209,17228,82.43,5,246,4685,0.2719,2350,2335,110,16.83,10.0,3127,885,361,312,25,0.0243,"{""IC"": 3740, ""S"": 825, ""PYO"": 27, ""HDM"": 91, ""MV"": 2}","[5, 6, 7, 8, 9, 10, 14, 11, 13, 16]",0.244
2023,11,2,4,207,17478,84.43,4,300,3321,0.19,1667,1654,56,10.26,8.0,2692,555,74,0,13,0.0371,"{""IC"": 2662, ""S"": 568, ""PYO"": 7, ""HDM"": 84}","[5, 6, 7, 8, 9, 10, 11, 12, 13, 16]",0.2363
2023,11,3,5,220,18156,82.53,8,224,2881,0.1587,1450,1431,61,10.24,8.0,2315,516,49,1,12,0.0401,"{""IC"": 2358, ""S"": 368, ""PYO"": 68, ""HDM"": 50, ""MV"": 37}","[5, 6, 7, 8, 9, 11, 10, 12, 13, 19]",0.2146
2023,11,4,6,178,15466,86.89,2,76,1973,0.1276,1002,971,33,10.26,8.0,1643,297,33,0,9,0.0476,"{""IC"": 1534, ""S"": 360, ""PYO"": 23, ""HDM"": 28, ""MV"": 28}","[5, 6, 7, 8, 9, 11, 10, 13, 12, 25]",0.2029
2023,11,5,7,175,15004,85.74,0,0,2661,0.1774,1333,1328,86,14.97,10.0,1811,487,295,68,15,0.0346,"{""IC"": 1990, ""S"": 577, ""PYO"": 2, ""HDM"": 54, ""MV"": 38}","[5, 6, 7, 8, 9, 12, 11, 10, 13, 31]",0.1951
2023,11,6,1,206,17074,82.88,4,200,2156,0.1263,1083,1073,40,9.76,8.0,1837,274,45,0,12,0.0499,"{""IC"": 1777, ""S"": 189, ""PYO"": 59, ""HDM"": 34, ""MV"": 97}","[5, 6, 7, 8, 9, 10, 11, 14, 12, 16]",0.1895
2023,11,7,2,206,16952,82.29,0,14,1408,0.0831,707,701,68,8.72,7.0,1282,113,0,13,5,0.0723,"{""IC"": 1108, ""S"": 233, ""PYO"": 2, ""HDM"": 37, ""MV"": 28}","[5, 6, 7, 9, 8, 10, 11, 12, 13, 14]",0.1621
2023,11,8,3,207,17068,82.45,6,190,1868,0.1094,938,930,71,12.54,7.0,1411,315,91,51,11,0.0466,"{""IC"": 1458, ""S"": 293, ""PYO"": 29, ""HDM"": 79, ""MV"": 9}","[5, 6, 7, 8, 11, 9, 17, 10, 16, 15]",0.1389
2023,11,9,4,204,16914,82.91,0,0,2357,0.1394,1178,1179,128,15.49,8.0,1813,400,16,128,14,0.0362,"{""IC"": 2058, ""S"": 265, ""HDM"": 34}","[5, 6, 7, 8, 9, 10, 11, 12, 13, 15]",0.1317
2023,11,10,5,210,17554,83.59,1,38,2437,0.1388,1219,1218,54,11.68,8.0,1870,451,116,0,12,0.0403,"{""IC"": 1970, ""S"": 363, ""PYO"": 65, ""HDM"": 39}","[5, 6, 7, 8, 9, 11, 10, 13, 12, 14]",0.1289
2023,11,11,6,177,15344,86.69,1,62,1760,0.1147,883,877,78,10.06,8.0,1502,231,24,3,4,0.0611,"{""IC"": 1385, ""S"": 308, ""PYO"": 23, ""HDM"": 44}","[5, 6, 7, 8, 9, 10, 11, 12, 13, 14]",0.127
2023,11,12,7,176,14964,85.02,0,0,3127,0.209,1561,1566,46,10.67,8.0,2414,664,49,0,13,0.0368,"{""IC"": 2624, ""S"": 386, ""PYO"": 8, ""HDM"": 49, ""MV"": 60}","[5, 6, 7, 8, 9, 10, 11, 12, 14, 16]",0.1315
2023,11,13,1,207,17124,82.72,0,0,2545,0.1486,1289,1256,65,10.69,8.0,2117,333,92,3,12,0.0448,"{""IC"": 1824, ""S"": 447, ""PYO"": 7, ""HDM"": 39, ""MV"": 228}","[5, 6, 7, 10, 8, 9, 11, 14, 13, 12]",0.1347
2023,11,14,2,206,16992,82.49,7,216,2527,0.1487,1264,1263,95,19.66,12.0,1478,420,513,116,8,0.0331,"{""IC"": 2274, ""S"": 230, ""PYO"": 2, ""HDM"": 13, ""MV"": 8}","[5, 6, 8, 10, 7, 9, 13, 12, 46, 11]",0.1441
2023,11,15,3,210,17350,82.62,7,108,2337,0.1347,1175,1162,142,14.46,9.0,1847,378,25,87,15,0.0438,"{""IC"": 1452, ""S"": 442, ""PYO"": 16, ""HDM"": 46, ""MV"": 381}","[5, 6, 7, 10, 9, 11, 8, 12, 14, 17]",0.1477
2023,11,16,4,205,17180,83.8,1,50,2685,0.1563,1339,1346,73,16.13,10.0,1848,434,328,75,18,0.0354,"{""IC"": 2093, ""S"": 388, ""PYO"": 138, ""HDM"": 66}","[5, 6, 9, 7, 8, 10, 11, 14, 12, 16]",0.1501
2023,11,17,5,215,17726,82.45,1,38,3371,0.1902,1683,1688,113,16.55,10.0,2147,848,221,155,15,0.032,"{""IC"": 2564, ""S"": 603, ""PYO"": 104, ""HDM"": 42, ""MV"": 58}","[5, 6, 7, 8, 9, 10, 11, 17, 13, 12]",0.1575
2023,11,18,6,178,15476,86.94,1,38,1581,0.1022,801,780,167,15.37,7.0,1372,111,6,92,7,0.0529,"{""IC"": 1078, ""S"": 411, ""PYO"": 21, ""HDM"": 25, ""MUS"": 33, ""MV"": 13}","[5, 6, 7, 9, 10, 8, 11, 12, 15, 13]",0.1557
2023,11,19,7,179,15274,85.33,2,62,2353,0.1541,1173,1180,60,16.63,13.0,1300,720,332,1,22,0.0357,"{""IC"": 1918, ""S"": 260, ""PYO"": 7, ""HDM"": 110, ""MV"": 30, ""V"": 28}","[5, 6, 7, 8, 9, 13, 11, 14, 12, 23]",0.1478
2023,11,20,1,203,16896,83.23,7,140,3361,0.1989,1683,1678,235,14.67,8.0,2558,659,84,60,9,0.0302,"{""IC"": 2650, ""S"": 592, ""PYO"": 55, ""HDM"": 30, ""MV"": 34}","[5, 6, 7, 8, 9, 10, 11, 13, 14, 12]",0.155
2023,11,21,2,209,17390,83.21,9,674,3393,0.1951,1703,1690,256,37.88,13.0,1813,492,379,709,28,0.0298,"{""IC"": 2636, ""S"": 629, ""PYO"": 6, ""HDM"": 51, ""MV"": 71}","[5, 6, 9, 8, 7, 11, 10, 12, 16, 15]",0.1616
2023,11,22,3,214,17452,81.55,7,210,3892,0.223,1957,1935,228,11.65,10.0,2922,913,50,7,25,0.0384,"{""IC"": 2719, ""S"": 629, ""PYO"": 10, ""HDM"": 118, ""MV"": 416}","[5, 6, 7, 10, 11, 9, 12, 8, 13, 16]",0.1743
2023,11,23,4,206,17018,82.61,5,154,3662,0.2152,1835,1827,75,15.79,11.0,2309,922,330,101,27,0.028,"{""IC"": 3124, ""S"": 392, ""PYO"": 7, ""HDM"": 139}","[5, 6, 7, 8, 10, 9, 11, 14, 13, 12]",0.1827
2023,11,24,5,219,17978,82.09,6,252,3634,0.2021,1827,1807,215,18.58,9.0,2597,613,229,195,17,0.0292,"{""IC"": 2817, ""S"": 507, ""PYO"": 94, ""HDM"": 62, ""MUS"": 142, ""MV"": 11, ""V"": 1}","[5, 6, 8, 7, 9, 10, 12, 11, 16, 13]",0.1844
2023,11,25,6,199,15860,79.7,8,178,3188,0.201,1601,1587,205,24.55,10.0,1987,432,418,351,20,0.0256,"{""IC"": 2210, ""S"": 671, ""PYO"": 79, ""HDM"": 37, ""MUS"": 161, ""MV"": 22, ""V"": 8}","[5, 6, 7, 8, 9, 12, 10, 11, 13, 30]",0.1985
2023,11,26,7,186,15348,82.52,5,336,3618,0.2357,1805,1813,96,14.94,11.0,2302,950,338,28,24,0.0287,"{""IC"": 2682, ""S"": 665, ""PYO"": 26, ""HDM"": 78, ""MV"": 167}","[5, 6, 7, 8, 9, 12, 11, 10, 17, 16]",0.2101
2023,11,27,1,214,17478,81.67,12,418,5514,0.3155,2764,2750,130,20.87,12.0,3272,1109,689,444,33,0.0194,"{""IC"": 4350, ""S"": 886, ""PYO"": 64, ""HDM"": 96, ""MV"": 118}","[6, 5, 7, 8, 9, 10, 13, 14, 11, 12]",0.2268
2023,11,28,2,203,17184,84.65,6,126,5374,0.3127,2686,2688,54,14.93,11.0,3417,1337,620,0,30,0.0213,"{""IC"": 3991, ""S"": 1254, ""PYO"": 14, ""HDM"": 115}","[5, 6, 7, 8, 9, 11, 10, 12, 13, 23]",0.2436
2023,11,29,3,204,17242,84.52,3,120,3589,0.2082,1794,1795,116,25.09,11.0,2057,653,307,572,12,0.0212,"{""S"": 739, ""IC"": 2714, ""PYO"": 32, ""HDM"": 43, ""MV"": 61}","[5, 6, 7, 8, 10, 9, 11, 15, 13, 16]",0.2415
2023,11,30,4,202,17170,85.0,1,60,4462,0.2599,2244,2218,52,12.47,9.0,3414,715,333,0,25,0.0273,"{""IC"": 3487, ""S"": 752, ""PYO"": 94, ""HDM"": 129}","[5, 6, 8, 7, 9, 10, 11, 12, 13, 14]",0.2479
2023,12,1,5,212,18058,85.18,3,302,7153,0.3961,3576,3577,93,16.15,10.0,4520,1867,547,219,42,0.0184,"{""IC"": 5681, ""S"": 1124, ""PYO"": 115, ""HDM"": 167, ""MV"": 66}","[5, 6, 7, 8, 9, 10, 12, 11, 16, 17]",0.2756
2023,12,2,6,181,15336,84.73,1,30,3326,0.2169,1665,1661,91,12.94,8.0,2540,593,82,111,15,0.0302,"{""IC"": 2528, ""S"": 685, ""PYO"": 79, ""HDM"": 21, ""MUS"": 13}","[5, 6, 7, 8, 9, 13, 15, 14, 10, 11]",0.2779
2023,12,3,7,174,14916,85.72,2,50,5065,0.3396,2533,2532,154,18.71,12.0,3103,1242,518,202,34,0.0202,"{""IC"": 3939, ""S"": 929, ""PYO"": 5, ""HDM"": 176, ""MV"": 16}","[5, 6, 7, 8, 11, 10, 12, 13, 16, 9]",0.2927
2023,12,4,1,209,17480,83.64,4,280,5976,0.3419,2992,2984,118,17.36,11.0,3664,1346,770,196,35,0.0208,"{""IC"": 4510, ""S"": 1152, ""PYO"": 68, ""HDM"": 173, ""MV"": 73}","[5, 7, 8, 6, 9, 10, 11, 15, 14, 12]",0.2965
2023,12,5,2,211,17688,83.83,4,328,4790,0.2708,2399,2391,67,15.91,12.0,2744,1352,682,12,34,0.0246,"{""IC"": 3630, ""S"": 859, ""PYO"": 5, ""HDM"": 154, ""MV"": 142}","[5, 6, 7, 8, 9, 11, 10, 12, 13, 14]",0.2905
2023,12,6,3,184,16030,87.12,2,60,4225,0.2636,2118,2107,64,13.44,9.0,2995,886,338,6,20,0.0263,"{""IC"": 3297, ""S"": 737, ""PYO"": 76, ""HDM"": 115}","[5, 6, 7, 8, 9, 10, 11, 14, 12, 13]",0.2984
2023,12,7,4,205,17236,84.08,3,78,4572,0.2653,2305,2267,137,20.01,12.0,2741,999,548,284,20,0.0207,"{""IC"": 3732, ""S"": 754, ""PYO"": 9, ""HDM"": 77}","[5, 6, 7, 9, 8, 11, 10, 16, 13, 14]",0.2992
2023,12,8,5,227,18690,82.33,2,396,5372,0.2874,2696,2676,185,17.67,10.0,3377,1109,820,66,34,0.0234,"{""IC"": 3784, ""S"": 1069, ""PYO"": 94, ""HDM"": 107, ""MV"": 315, ""V"": 3}","[5, 6, 7, 8, 9, 10, 11, 12, 29, 13]",0.2836
2023,12,9,6,188,15458,82.22,8,250,3390,0.2193,1705,1685,66,15.36,9.0,2470,409,451,60,14,0.0246,"{""IC"": 2583, ""S"": 747, ""PYO"": 40, ""HDM"": 17, ""MUS"": 3}","[5, 6, 7, 8, 9, 10, 11, 12, 14, 13]",0.284
2023,12,10,7,184,15550,84.51,1,116,5726,0.3682,2877,2849,69,14.16,10.0,3998,1044,660,24,38,0.0191,"{""IC"": 4469, ""S"": 882, ""PYO"": 76, ""HDM"": 150, ""MUS"": 4, ""MV"": 125, ""V"": 20}","[5, 6, 7, 8, 10, 9, 12, 13, 11, 14]",0.2881
2023,12,11,1,202,17870,88.47,2,162,5327,0.2981,2668,2659,55,11.68,10.0,4080,1060,187,0,19,0.0258,"{""IC"": 3877, ""S"": 1198, ""PYO"": 55, ""HDM"": 104, ""MV"": 93}","[5, 6, 7, 11, 8, 9, 10, 12, 13, 14]",0.2818
2023,12,12,2,198,17338,87.57,0,0,5700,0.3288,2850,2850,94,12.85,9.0,4062,1161,447,30,23,0.021,"{""IC"": 4873, ""S"": 666, ""PYO"": 89, ""HDM"": 72}","[5, 6, 7, 8, 9, 10, 11, 12, 18, 17]",0.2901
2023,12,13,3,200,17828,89.14,3,126,6530,0.3663,3263,3267,98,11.14,9.0,5052,1383,29,66,19,0.022,"{""IC"": 4974, ""S"": 1399, ""PYO"": 62, ""HDM"": 68, ""MV"": 27}","[5, 6, 7, 8, 10, 9, 12, 11, 16, 15]",0.3048
2023,12,14,4,200,17830,89.15,191,16178,1107,0.0621,557,550,471,53.48,32.0,308,215,476,108,7,0.0144,"{""IC"": 804, ""PYO"": 196, ""MV"": 107}","[39, 7, 8, 470, 9, 40, 38, 13, 15, 5]",0.2757
2023,12,15,5,211,18722,88.73,8,210,8407,0.449,4202,4205,120,20.41,12.0,4903,1703,1341,460,47,0.014,"{""IC"": 6809, ""S"": 1262, ""PYO"": 161, ""HDM"": 164, ""MV"": 11}","[5, 6, 7, 8, 11, 9, 12, 10, 13, 14]",0.2988
2023,12,16,6,179,16200,90.5,8,192,3677,0.227,1845,1832,60,12.24,8.0,2820,510,346,1,17,0.0268,"{""IC"": 2772, ""S"": 657, ""PYO"": 224, ""HDM"": 10, ""MV"": 14}","[5, 6, 7, 8, 9, 10, 11, 13, 12, 14]",0.2999
2023,12,17,7,177,16146,91.22,6,108,2399,0.1486,1200,1199,47,12.98,7.0,1816,227,356,0,7,0.0372,"{""IC"": 1804, ""S"": 433, ""PYO"": 147, ""HDM"": 15}","[5, 6, 7, 8, 9, 10, 12, 11, 13, 41]",0.2686
2023,12,18,1,203,18224,89.77,10,160,2860,0.1569,1433,1427,144,12.1,8.0,2437,345,18,60,12,0.0389,"{""IC"": 2170, ""S"": 403, ""PYO"": 216, ""HDM"": 71}","[5, 6, 7, 8, 9, 10, 11, 12, 13, 14]",0.2484
2023,12,19,2,201,18172,90.41,2,50,3146,0.1731,1576,1570,40,8.93,8.0,2884,223,39,0,6,0.0397,"{""IC"": 2483, ""S"": 582, ""PYO"": 71, ""HDM"": 10}","[5, 6, 7, 8, 9, 10, 12, 11, 13, 14]",0.2261
2023,12,20,3,204,18294,89.68,8,242,4814,0.2631,2410,2404,114,14.08,9.0,3837,538,349,90,13,0.0241,"{""IC"": 3714, ""S"": 780, ""PYO"": 265, ""HDM"": 51, ""MV"": 4}","[5, 6, 7, 8, 9, 10, 13, 12, 11, 14]",0.2114
2023,12,21,4,205,18264,89.09,3,58,5600,0.3066,2801,2799,70,12.74,9.0,4339,828,277,156,20,0.0208,"{""IC"": 4419, ""S"": 744, ""PYO"": 361, ""HDM"": 62, ""MV"": 14}","[5, 6, 7, 8, 9, 10, 11, 13, 12, 15]",0.2463
2023,12,22,5,213,19040,89.39,2,76,6755,0.3548,3383,3372,107,13.06,9.0,4941,1198,571,45,27,0.0211,"{""IC"": 5169, ""S"": 1223, ""PYO"": 171, ""HDM"": 132, ""MV"": 60}","[5, 6, 7, 8, 9, 14, 13, 10, 16, 12]",0.2329
2023,12,23,6,185,17150,92.7,1,66,4471,0.2607,2241,2230,93,12.08,8.0,3703,520,105,143,17,0.0258,"{""IC"": 3564, ""S"": 586, ""PYO"": 191, ""HDM"": 78, ""MV"": 52}","[5, 6, 7, 8, 9, 11, 10, 12, 13, 15]",0.2377
2023,12,24,7,83,6460,77.83,0,0,2310,0.3576,1160,1150,30,10.54,9.0,1864,439,7,0,11,0.0212,"{""IC"": 2051, ""S"": 235, ""HDM"": 24}","[5, 7, 6, 8, 11, 12, 9, 10, 13, 15]",0.2675
2023,12,25,1,130,12096,93.05,2,84,2828,0.2338,1420,1408,60,11.9,8.0,2137,499,191,1,12,0.0302,"{""IC"": 2456, ""S"": 203, ""PYO"": 103, ""HDM"": 50, ""MV"": 16}","[5, 7, 6, 8, 9, 10, 14, 11, 15, 13]",0.2785
2023,12,26,2,183,16280,88.96,8,134,4601,0.2826,2306,2295,161,16.29,10.0,3126,908,437,130,23,0.0205,"{""IC"": 3484, ""S"": 611, ""PYO"": 411, ""HDM"": 73, ""MV"": 22}","[5, 6, 7, 8, 9, 10, 12, 11, 14, 15]",0.2942
2023,12,27,3,211,18578,88.05,8,278,5356,0.2883,2682,2674,135,16.77,9.0,3627,901,624,204,22,0.0198,"{""IC"": 3809, ""S"": 980, ""PYO"": 348, ""HDM"": 46, ""MV"": 173}","[5, 6, 7, 8, 9, 10, 11, 12, 17, 13]",0.2978
2023,12,28,4,204,18232,89.37,6,162,4093,0.2245,2048,2045,93,11.29,8.0,3136,735,217,5,19,0.0278,"{""IC"": 3371, ""S"": 543, ""PYO"": 139, ""HDM"": 32, ""MV"": 8}","[5, 6, 7, 8, 9, 10, 11, 12, 13, 16]",0.286
2023,12,29,5,213,19044,89.41,3,70,5545,0.2912,2781,2764,75,12.64,9.0,4277,763,446,59,15,0.0267,"{""IC"": 4382, ""S"": 876, ""PYO"": 247, ""HDM"": 36, ""MV"": 4}","[5, 6, 7, 8, 9, 10, 11, 14, 12, 15]",0.277
2023,12,30,6,178,16198,91.0,4,86,4650,0.2871,2330,2320,105,15.79,9.0,3238,739,503,170,20,0.0187,"{""IC"": 3625, ""S"": 465, ""PYO"": 457, ""HDM"": 98, ""V"": 5}","[5, 6, 7, 8, 9, 10, 13, 12, 11, 14]",0.2807
2023,12,31,7,153,14316,93.57,2,76,4643,0.3243,2316,2327,114,14.6,11.0,3050,1257,290,46,22,0.0226,"{""IC"": 4077, ""S"": 216, ""PYO"": 244, ""HDM"": 68, ""MV"": 38}","[5, 6, 7, 8, 10, 11, 9, 12, 13, 14]",0.276
2024,1,1,1,185,16624,89.86,12,612,8417,0.5063,4209,4208,222,31.14,17.0,3815,2042,1539,1021,46,0.0131,"{""IC"": 6292, ""S"": 1300, ""PYO"": 507, ""HDM"": 91, ""MV"": 227}","[5, 9, 8, 6, 10, 7, 11, 12, 13, 14]",0.3149
2024,1,2,2,212,18672,88.08,18,1214,12791,0.685,6413,6378,236,41.58,22.0,4132,3592,2137,2930,79,0.0118,"{""IC"": 8943, ""S"": 2402, ""PYO"": 788, ""HDM"": 226, ""MV"": 432}","[5, 6, 11, 8, 7, 10, 15, 9, 16, 13]",0.3724
2024,1,3,3,209,18658,89.27,13,814,12521,0.6711,6277,6244,261,37.19,21.0,4331,3747,2307,2136,71,0.0124,"{""IC"": 9042, ""S"": 2222, ""PYO"": 714, ""HDM"": 240, ""MV"": 303}","[5, 6, 11, 10, 7, 9, 12, 8, 13, 14]",0.4271
2024,1,4,4,213,18698,87.78,25,1566,11840,0.6332,5937,5903,403,64.72,33.0,3277,2125,2276,4162,63,0.0097,"{""IC"": 8505, ""S"": 1723, ""PYO"": 890, ""HDM"": 233, ""MV"": 489}","[5, 6, 7, 9, 8, 12, 10, 13, 11, 14]",0.4855
2024,1,5,5,218,19320,88.62,53,2686,12095,0.626,6069,6026,266,41.3,26.0,3574,2960,3306,2255,69,0.01,"{""IC"": 9130, ""S"": 1783, ""PYO"": 811, ""HDM"": 246, ""MV"": 125}","[8, 7, 9, 6, 10, 5, 20, 12, 11, 14]",0.5333
2024,1,6,6,174,16130,92.7,33,1534,9851,0.6107,4934,4917,212,31.67,15.0,4751,2268,1424,1408,46,0.0095,"{""IC"": 7559, ""S"": 1246, ""PYO"": 815, ""HDM"": 183, ""MV"": 48}","[5, 8, 6, 7, 9, 10, 12, 11, 13, 14]",0.5795
2024,1,7,7,187,16324,87.29,47,1972,9777,0.5989,4902,4875,184,30.62,20.0,3880,2308,2286,1303,51,0.011,"{""IC"": 7867, ""S"": 1178, ""PYO"": 316, ""HDM"": 137, ""MV"": 279}","[5, 6, 7, 12, 8, 10, 11, 9, 14, 13]",0.6187
2024,1,8,1,207,18222,88.03,48,1790,8859,0.4862,4442,4417,166,22.23,13.0,5058,2282,913,606,23,0.0105,"{""IC"": 6487, ""S"": 1682, ""PYO"": 335, ""HDM"": 99, ""MV"": 256}","[5, 6, 8, 7, 9, 10, 11, 12, 13, 14]",0.6159
2024,1,9,2,205,18014,87.87,43,1756,7827,0.4345,3929,3898,105,14.12,11.0,4910,2454,423,40,24,0.0168,"{""IC"": 6155, ""S"": 1347, ""PYO"": 58, ""HDM"": 124, ""MV"": 143}","[5, 6, 7, 8, 10, 9, 11, 12, 15, 14]",0.5801
2024,1,10,3,208,18390,88.41,34,1312,6624,0.3602,3326,3298,150,19.58,12.0,4070,1452,785,317,21,0.0163,"{""IC"": 5005, ""S"": 1208, ""PYO"": 32, ""HDM"": 88, ""MV"": 291}","[5, 6, 7, 8, 10, 9, 12, 13, 11, 14]",0.5357
2024,1,11,4,201,17718,88.15,1,20,4919,0.2776,2474,2445,130,16.37,10.0,3348,1039,330,202,19,0.0198,"{""IC"": 3906, ""S"": 660, ""PYO"": 329, ""HDM"": 24}","[5, 6, 7, 8, 9, 10, 15, 11, 12, 13]",0.4849
2024,1,12,5,210,18624,88.69,0,0,10316,0.5539,5171,5145,321,33.56,16.0,4794,2469,1497,1556,44,0.0117,"{""IC"": 8018, ""S"": 1631, ""PYO"": 357, ""HDM"": 96, ""MV"": 214}","[5, 6, 7, 8, 9, 10, 11, 15, 12, 14]",0.4746
2024,1,13,6,177,15656,88.45,4,94,8344,0.533,4187,4157,78,17.81,13.0,4584,2647,808,305,44,0.0148,"{""IC"": 6017, ""S"": 1875, ""PYO"": 265, ""HDM"": 183, ""MV"": 4}","[5, 6, 9, 10, 12, 8, 11, 7, 13, 14]",0.4635
2024,1,14,7,181,15986,88.32,6,160,7670,0.4798,3848,3822,71,17.66,13.0,4388,1949,1237,96,34,0.017,"{""IC"": 6001, ""S"": 1288, ""PYO"": 178, ""HDM"": 120, ""MV"": 83}","[5, 6, 7, 10, 11, 9, 8, 12, 14, 15]",0.4465
2024,1,15,1,201,17866,88.89,13,428,8902,0.4983,4464,4438,124,20.57,14.0,4661,2544,1305,392,29,0.0151,"{""IC"": 6980, ""S"": 1659, ""PYO"": 57, ""HDM"": 83, ""MV"": 123}","[5, 6, 8, 7, 10, 9, 11, 12, 15, 16]",0.4482
2024,1,16,2,199,17690,88.89,20,414,9784,0.5531,4910,4874,227,28.52,15.0,4720,2524,1609,931,41,0.0105,"{""IC"": 7739, ""S"": 1609, ""PYO"": 317, ""HDM"": 119}","[5, 6, 7, 8, 9, 12, 10, 11, 13, 14]",0.4651
2024,1,17,3,201,17818,88.65,4,80,8012,0.4497,4026,3986,173,19.45,12.0,4643,2117,900,352,34,0.0154,"{""IC"": 6187, ""S"": 1193, ""PYO"": 399, ""HDM"": 149, ""MV"": 84}","[5, 6, 7, 10, 8, 9, 12, 11, 13, 14]",0.4779
2024,1,18,4,207,18132,87.59,6,310,10804,0.5959,5411,5393,175,29.26,17.0,4795,3000,1552,1457,56,0.0122,"{""IC"": 8965, ""S"": 1320, ""PYO"": 175, ""HDM"": 164, ""MV"": 180}","[7, 6, 5, 8, 9, 11, 10, 12, 14, 15]",0.5234
2024,1,19,5,210,18470,87.95,6,218,10967,0.5938,5494,5473,179,21.38,13.0,5898,2989,1553,527,52,0.0146,"{""IC"": 8470, ""S"": 2030, ""PYO"": 283, ""HDM"": 174, ""MV"": 10}","[5, 6, 8, 9, 7, 10, 11, 12, 14, 13]",0.5291
2024,1,20,6,175,15656,89.46,10,722,8843,0.5648,4437,4406,85,18.02,14.0,4591,3016,973,263,37,0.015,"{""IC"": 7106, ""S"": 1327, ""PYO"": 186, ""HDM"": 182, ""MV"": 42}","[5, 9, 6, 8, 10, 7, 11, 12, 13, 16]",0.5336
2024,1,21,7,177,15660,88.47,13,630,6806,0.4346,3415,3391,235,25.86,12.0,3949,1640,704,513,35,0.0121,"{""IC"": 5207, ""S"": 1183, ""PYO"": 241, ""HDM"": 139, ""MV"": 36}","[5, 6, 7, 8, 12, 10, 9, 13, 11, 14]",0.5272
2024,1,22,1,203,17796,87.67,9,300,9242,0.5193,4638,4604,145,24.3,15.0,4600,2235,1340,1067,46,0.0117,"{""IC"": 7270, ""S"": 1611, ""PYO"": 247, ""HDM"": 114}","[6, 5, 7, 8, 9, 10, 11, 15, 12, 13]",0.5302
2024,1,23,2,207,18024,87.07,9,404,7502,0.4162,3759,3743,274,23.16,13.0,4183,1979,1051,289,36,0.013,"{""IC"": 6026, ""S"": 1037, ""PYO"": 160, ""HDM"": 189, ""MV"": 90}","[5, 6, 7, 8, 9, 10, 12, 14, 13, 11]",0.5106
2024,1,24,3,199,17690,88.89,1,60,5236,0.296,2623,2613,261,28.92,10.0,3745,744,84,663,16,0.0125,"{""IC"": 4315, ""S"": 613, ""PYO"": 240, ""HDM"": 68}","[5, 6, 7, 10, 8, 9, 11, 13, 12, 14]",0.4887
2024,1,25,4,207,17906,86.5,9,230,6221,0.3474,3124,3097,190,22.95,10.0,4096,945,519,661,28,0.0164,"{""IC"": 4706, ""S"": 1093, ""PYO"": 154, ""HDM"": 186, ""MV"": 76, ""V"": 6}","[5, 6, 9, 7, 8, 10, 11, 15, 13, 12]",0.4532
2024,1,26,5,212,18536,87.43,3,80,7271,0.3923,3640,3631,78,14.01,10.0,4876,1689,649,57,29,0.0189,"{""IC"": 6097, ""S"": 896, ""PYO"": 107, ""HDM"": 157, ""MV"": 14}","[5, 6, 7, 8, 9, 10, 11, 12, 13, 15]",0.4244
2024,1,27,6,177,15668,88.52,0,0,4888,0.312,2458,2430,78,14.01,11.0,3133,1414,329,12,17,0.0218,"{""S"": 810, ""IC"": 4012, ""PYO"": 44, ""HDM"": 22}","[5, 7, 6, 8, 9, 13, 16, 12, 10, 14]",0.3883
2024,1,28,7,174,15634,89.85,2,60,4183,0.2676,2094,2089,64,12.3,9.0,3240,675,245,23,16,0.0244,"{""IC"": 3452, ""S"": 596, ""PYO"": 71, ""HDM"": 64}","[5, 6, 7, 9, 8, 10, 13, 11, 12, 14]",0.3644
2024,1,29,1,201,17742,88.27,0,0,5094,0.2871,2556,2538,96,17.29,11.0,3287,927,688,192,21,0.0185,"{""IC"": 4247, ""S"": 651, ""PYO"": 123, ""HDM"": 69, ""MV"": 4}","[5, 6, 7, 8, 9, 10, 12, 11, 14, 13]",0.3312
2024,1,30,2,201,17718,88.15,2,120,4020,0.2269,2019,2001,58,13.38,8.0,2931,661,428,0,16,0.0244,"{""IC"": 3217, ""S"": 675, ""PYO"": 85, ""HDM"": 41, ""MV"": 2}","[5, 6, 7, 8, 9, 13, 12, 10, 11, 14]",0.3042
2024,1,31,3,203,17936,88.35,2,182,3816,0.2128,1914,1902,54,10.21,8.0,3192,507,117,0,8,0.0321,"{""IC"": 3271, ""S"": 429, ""PYO"": 64, ""HDM"": 48, ""MV"": 4}","[5, 6, 7, 8, 9, 13, 10, 11, 12, 14]",0.2923
2024,2,1,4,205,17830,86.98,2,152,3586,0.2011,1796,1790,441,51.99,9.0,2538,442,0,606,6,0.0149,"{""IC"": 2988, ""S"": 264, ""PYO"": 295, ""HDM"": 32, ""MV"": 7}","[5, 6, 7, 9, 8, 10, 11, 12, 14, 16]",0.2714
2024,2,2,5,215,19146,89.05,202,17042,604,0.0315,302,302,27,12.22,11.0,408,196,0,0,5,0.0515,"{""PYO"": 122, ""IC"": 336, ""MV"": 146}","[10, 9, 8, 5, 6, 7, 16, 13, 12, 11]",0.2199
2024,2,3,6,180,16046,89.14,5,158,3301,0.2057,1648,1653,87,13.78,9.0,2542,524,103,132,17,0.032,"{""IC"": 2707, ""S"": 409, ""PYO"": 88, ""HDM"": 83, ""MV"": 14}","[5, 6, 8, 7, 9, 10, 13, 12, 11, 14]",0.2047
2024,2,4,7,172,15518,90.22,0,0,4010,0.2584,2001,2009,105,16.99,10.0,2709,649,434,218,14,0.02,"{""IC"": 3109, ""S"": 744, ""PYO"": 76, ""HDM"": 81}","[5, 6, 7, 8, 12, 10, 9, 11, 13, 14]",0.2034
2024,2,5,1,201,17396,86.55,1,84,3753,0.2157,1880,1873,129,19.05,10.0,2450,776,305,222,19,0.027,"{""IC"": 2856, ""S"": 669, ""PYO"": 115, ""HDM"": 88, ""MV"": 25}","[5, 6, 7, 9, 8, 10, 12, 11, 14, 13]",0.1932
2024,2,6,2,206,17506,84.98,3,552,6099,0.3484,3050,3049,378,36.54,16.0,2808,1196,920,1175,28,0.0126,"{""IC"": 4804, ""S"": 769, ""PYO"": 395, ""HDM"": 99, ""MV"": 32}","[5, 6, 7, 8, 10, 9, 11, 12, 17, 16]",0.2105
2024,2,7,3,208,17860,85.87,5,118,6309,0.3532,3149,3160,149,21.02,11.0,3984,989,898,438,30,0.0149,"{""IC"": 4895, ""S"": 882, ""PYO"": 171, ""HDM"": 124, ""MV"": 237}","[5, 6, 7, 8, 9, 11, 10, 12, 13, 14]",0.2306
2024,2,8,4,204,17434,85.46,4,196,6216,0.3565,3116,3100,181,19.12,13.0,3449,1480,1095,192,34,0.0175,"{""IC"": 5299, ""S"": 646, ""PYO"": 155, ""HDM"": 105, ""MV"": 11}","[5, 6, 7, 8, 10, 9, 11, 14, 13, 12]",0.2528
2024,2,9,5,217,18870,86.96,10,872,9824,0.5206,4926,4898,202,46.25,32.0,3072,1525,2377,2850,59,0.0098,"{""IC"": 7095, ""S"": 1543, ""PYO"": 832, ""HDM"": 182, ""MV"": 172}","[5, 6, 7, 8, 9, 10, 11, 16, 12, 17]",0.3226
2024,2,10,6,183,16530,90.33,8,594,7447,0.4505,3728,3719,139,22.58,15.0,3497,2066,1411,473,40,0.015,"{""IC"": 5963, ""S"": 954, ""PYO"": 286, ""HDM"": 198, ""MV"": 46}","[5, 6, 7, 8, 9, 11, 10, 15, 13, 12]",0.3576
2024,2,11,7,174,15490,89.02,6,320,7574,0.489,3784,3790,164,31.15,17.0,3163,1836,1472,1103,46,0.0119,"{""IC"": 6018, ""S"": 1077, ""PYO"": 341, ""HDM"": 138}","[5, 9, 8, 6, 7, 10, 12, 11, 17, 15]",0.3906
2024,2,12,1,201,17392,86.53,198,17312,52,0.003,26,26,59,41.6,48.0,10,0,42,0,2,0.0302,"{""HDM"": 10, ""MV"": 42}","[48, 13, 50, 46, 49, 47, 14, 44, 51, 12]",0.3602
2024,2,13,2,241,20684,85.83,207,17842,2046,0.0989,1027,1019,165,46.74,37.0,343,377,812,514,18,0.0135,"{""MV"": 2046}","[5, 9, 41, 34, 16, 51, 33, 6, 7, 24]",0.3245
2024,2,14,3,214,17976,84.0,77,4866,8824,0.4909,4426,4398,274,37.92,21.0,3313,1937,1980,1594,41,0.0102,"{""IC"": 6975, ""S"": 1098, ""PYO"": 369, ""HDM"": 151, ""MV"": 231}","[5, 6, 7, 8, 10, 9, 11, 13, 12, 15]",0.3442
2024,2,15,4,207,17638,85.21,46,2222,8615,0.4884,4314,4301,170,21.68,14.0,4553,2448,1112,502,57,0.0135,"{""IC"": 7222, ""S"": 868, ""PYO"": 153, ""HDM"": 239, ""MV"": 133}","[5, 6, 10, 9, 7, 8, 11, 14, 12, 13]",0.363
2024,2,16,5,220,19260,87.55,34,1492,10824,0.562,5414,5410,120,26.63,19.0,4283,3120,2428,993,49,0.0115,"{""IC"": 7936, ""S"": 1693, ""PYO"": 453, ""HDM"": 168, ""MV"": 574}","[5, 6, 7, 9, 8, 11, 10, 12, 13, 19]",0.369
2024,2,17,6,177,16080,90.85,28,1022,8540,0.5311,4273,4267,199,28.4,20.0,3404,2134,1975,1027,35,0.0129,"{""IC"": 6783, ""S"": 1119, ""PYO"": 440, ""HDM"": 184, ""MV"": 14}","[5, 6, 8, 7, 9, 10, 15, 11, 33, 16]",0.3805
2024,2,18,7,175,15710,89.77,15,512,7681,0.4889,3843,3838,163,23.32,14.0,3891,1745,1550,495,43,0.0139,"{""IC"": 5945, ""S"": 1267, ""PYO"": 141, ""HDM"": 146, ""MV"": 182}","[5, 6, 7, 8, 9, 10, 13, 14, 11, 12]",0.3805
2024,2,19,1,202,17442,86.35,18,608,6539,0.3749,3289,3250,67,15.83,11.0,4199,1382,844,114,31,0.0183,"{""IC"": 5190, ""S"": 1037, ""PYO"": 122, ""HDM"": 165, ""MV"": 25}","[5, 6, 7, 8, 9, 10, 11, 13, 12, 14]",0.4336
2024,2,20,2,206,17644,85.65,17,540,7160,0.4058,3588,3572,88,18.69,13.0,4005,1742,1210,203,33,0.0156,"{""IC"": 5962, ""S"": 845, ""PYO"": 145, ""HDM"": 83, ""MV"": 125}","[5, 7, 6, 8, 9, 14, 15, 10, 16, 11]",0.4774
2024,2,21,3,206,17472,84.82,19,598,8060,0.4613,4041,4019,120,19.34,14.0,4207,2617,927,309,33,0.0148,"{""IC"": 6600, ""S"": 1129, ""PYO"": 141, ""HDM"": 157, ""MV"": 33}","[5, 6, 7, 14, 8, 15, 9, 10, 13, 12]",0.4732
2024,2,22,4,204,17386,85.23,17,540,6476,0.3725,3254,3222,78,13.51,11.0,4069,2074,320,13,29,0.0218,"{""IC"": 5749, ""S"": 462, ""PYO"": 81, ""HDM"": 149, ""MV"": 35}","[5, 6, 7, 8, 9, 10, 11, 15, 12, 16]",0.4566
2024,2,23,5,213,18590,87.28,29,1282,7747,0.4167,3884,3863,289,23.66,12.0,4538,1911,732,566,29,0.0145,"{""IC"": 6255, ""S"": 1008, ""PYO"": 274, ""HDM"": 177, ""MV"": 33}","[5, 6, 7, 8, 10, 9, 11, 12, 13, 19]",0.4359
2024,2,24,6,176,16096,91.45,20,682,4087,0.2539,2051,2036,55,11.92,9.0,2948,970,169,0,9,0.0267,"{""IC"": 3471, ""S"": 514, ""PYO"": 76, ""HDM"": 26}","[5, 6, 7, 8, 9, 11, 10, 12, 18, 19]",0.3963
2024,2,25,7,172,15518,90.22,25,1264,5290,0.3409,2643,2647,125,17.65,13.0,3190,1563,367,170,16,0.0164,"{""IC"": 4488, ""S"": 699, ""PYO"": 38, ""HDM"": 65}","[5, 6, 13, 7, 14, 12, 16, 10, 8, 11]",0.3751
2024,2,26,1,206,18062,87.68,27,914,4691,0.2597,2363,2328,83,12.5,9.0,3562,936,77,116,19,0.0254,"{""IC"": 3198, ""S"": 1173, ""PYO"": 10, ""HDM"": 87, ""MV"": 223}","[5, 6, 7, 8, 9, 10, 12, 11, 15, 13]",0.3587
2024,2,27,2,207,17994,86.93,31,1014,4768,0.265,2395,2373,77,14.72,10.0,3351,874,503,40,8,0.0229,"{""IC"": 3729, ""S"": 875, ""PYO"": 59, ""HDM"": 88, ""MV"": 17}","[5, 6, 8, 7, 9, 10, 12, 11, 13, 14]",0.3386
2024,2,28,3,202,17804,88.14,20,664,4979,0.2797,2503,2476,55,11.66,9.0,3748,983,248,0,18,0.0251,"{""IC"": 3432, ""S"": 1346, ""PYO"": 29, ""HDM"": 96, ""MV"": 76}","[5, 6, 7, 8, 9, 10, 11, 16, 14, 12]",0.3126
2024,2,29,4,203,17802,87.69,18,624,5515,0.3098,2769,2746,70,12.87,9.0,4203,829,423,60,13,0.0195,"{""IC"": 4305, ""S"": 1056, ""PYO"": 69, ""HDM"": 79, ""MV"": 6}","[5, 6, 7, 8, 9, 11, 10, 12, 14, 13]",0.3037
2024,3,1,5,218,19094,87.59,23,1010,5123,0.2683,2573,2550,61,11.95,9.0,3739,1154,229,1,24,0.0278,"{""IC"": 3674, ""S"": 974, ""PYO"": 252, ""HDM"": 132, ""MV"": 91}","[5, 6, 7, 8, 9, 10, 11, 12, 20, 21]",0.2825
2024,3,2,6,169,15860,93.85,1,28,3333,0.2102,1675,1658,53,12.04,9.0,2455,720,158,0,16,0.0342,"{""IC"": 2653, ""S"": 446, ""PYO"": 38, ""HDM"": 69, ""MV"": 127}","[5, 6, 7, 8, 10, 9, 12, 11, 15, 13]",0.2762
2024,3,3,7,157,14992,95.49,3,96,6120,0.4082,3059,3061,73,16.96,12.0,3717,1362,922,119,28,0.0197,"{""IC"": 5044, ""S"": 822, ""PYO"": 111, ""HDM"": 143}","[6, 5, 7, 8, 9, 11, 10, 13, 12, 14]",0.2858
2024,3,4,1,188,17642,93.84,0,0,4692,0.266,2353,2339,64,10.88,7.0,3899,541,240,12,16,0.0267,"{""IC"": 3548, ""S"": 881, ""PYO"": 183, ""HDM"": 76, ""MV"": 4}","[5, 6, 7, 8, 9, 10, 13, 12, 11, 14]",0.2867
2024,3,5,2,182,17268,94.88,0,16,4573,0.2648,2306,2267,63,11.48,9.0,3702,661,179,31,16,0.0241,"{""IC"": 3408, ""S"": 1062, ""PYO"": 22, ""HDM"": 68, ""MV"": 13}","[5, 6, 7, 11, 9, 10, 8, 12, 13, 14]",0.2867
2024,3,6,3,183,17548,95.89,0,0,5200,0.2963,2619,2581,68,11.77,9.0,4045,832,321,2,10,0.0237,"{""IC"": 3796, ""S"": 1236, ""PYO"": 146, ""HDM"": 22}","[5, 6, 7, 8, 9, 10, 13, 11, 12, 14]",0.2891
2024,3,7,4,191,17684,92.59,2,28,4827,0.273,2428,2399,49,10.48,9.0,3834,955,38,0,17,0.0282,"{""IC"": 3634, ""S"": 934, ""PYO"": 118, ""HDM"": 111, ""MV"": 30}","[5, 6, 8, 7, 10, 9, 11, 13, 12, 14]",0.2838
2024,3,8,5,191,18088,94.7,0,60,7057,0.3901,3540,3517,110,27.86,13.0,3781,1050,1127,1099,16,0.0139,"{""IC"": 5212, ""S"": 1303, ""PYO"": 468, ""HDM"": 37, ""MV"": 37}","[6, 5, 7, 8, 10, 9, 11, 12, 13, 15]",0.3012
2024,3,9,6,165,15914,96.45,1,30,5252,0.33,2643,2609,82,13.2,10.0,3709,1151,350,42,22,0.0217,"{""IC"": 3973, ""S"": 883, ""PYO"": 152, ""HDM"": 94, ""MV"": 150}","[5, 6, 7, 8, 10, 9, 11, 12, 13, 14]",0.3183
2024,3,10,7,157,15028,95.72,6,202,3603,0.2398,1805,1798,78,15.14,9.0,2579,545,328,151,14,0.0224,"{""IC"": 2834, ""S"": 493, ""PYO"": 187, ""HDM"": 89}","[5, 6, 7, 8, 9, 10, 12, 11, 13, 15]",0.2943
2024,3,11,1,202,18212,90.16,17,614,3505,0.1925,1760,1745,27,9.36,8.0,3000,505,0,0,13,0.0342,"{""IC"": 2461, ""S"": 893, ""PYO"": 47, ""HDM"": 64, ""MV"": 40}","[5, 6, 7, 8, 9, 11, 12, 10, 13, 14]",0.2838
2024,3,12,2,200,17806,89.03,18,624,4680,0.2628,2348,2332,115,17.46,9.0,3142,843,434,261,13,0.0187,"{""IC"": 3479, ""S"": 938, ""PYO"": 176, ""HDM"": 28, ""MV"": 59}","[5, 6, 8, 7, 9, 10, 12, 11, 18, 13]",0.2835
2024,3,13,3,203,18200,89.66,18,624,3737,0.2053,1876,1861,69,12.91,8.0,2883,554,273,27,8,0.0277,"{""IC"": 2793, ""S"": 774, ""PYO"": 144, ""HDM"": 18, ""MV"": 8}","[5, 6, 7, 8, 9, 10, 11, 12, 13, 15]",0.2705
2024,3,14,4,203,18248,89.89,18,624,4864,0.2665,2441,2423,74,14.36,10.0,3186,1133,491,54,18,0.0237,"{""IC"": 4099, ""S"": 562, ""PYO"": 126, ""HDM"": 77}","[5, 6, 7, 8, 9, 10, 12, 11, 14, 16]",0.2696
2024,3,15,5,199,18586,93.4,2,362,6142,0.3305,3073,3069,101,23.35,12.0,3417,1264,674,787,28,0.017,"{""IC"": 4864, ""S"": 958, ""PYO"": 83, ""HDM"": 224, ""MV"": 13}","[5, 6, 7, 8, 9, 11, 10, 12, 14, 13]",0.2611
2024,3,16,6,170,15996,94.09,2,190,3562,0.2227,1777,1785,100,15.08,9.0,2468,548,516,30,18,0.0293,"{""IC"": 2775, ""S"": 554, ""PYO"": 179, ""HDM"": 54}","[5, 6, 7, 8, 9, 10, 11, 38, 12, 13]",0.2457
2024,3,17,7,164,15480,94.39,1,144,5427,0.3506,2718,2709,49,12.56,9.0,3873,1178,376,0,17,0.0192,"{""IC"": 4469, ""S"": 585, ""PYO"": 301, ""HDM"": 72}","[5, 6, 7, 8, 9, 10, 11, 13, 14, 15]",0.2616
2024,3,18,1,194,17966,92.61,2,168,4412,0.2456,2212,2200,72,11.68,10.0,3223,1070,118,1,17,0.0304,"{""IC"": 3479, ""S"": 743, ""PYO"": 69, ""HDM"": 121}","[5, 6, 9, 7, 8, 10, 12, 11, 14, 16]",0.2691
2024,3,19,2,195,17644,90.48,2,64,3706,0.21,1868,1838,35,10.81,8.0,2846,789,71,0,12,0.03,"{""IC"": 3131, ""S"": 414, ""PYO"": 73, ""HDM"": 88}","[5, 6, 7, 8, 9, 10, 11, 13, 14, 15]",0.2616
2024,3,20,3,193,18038,93.46,0,24,4242,0.2352,2130,2112,97,12.4,9.0,3071,960,210,1,9,0.0279,"{""IC"": 3255, ""S"": 745, ""PYO"": 177, ""HDM"": 65}","[5, 6, 7, 8, 9, 11, 10, 12, 14, 15]",0.2659
2024,3,21,4,197,18192,92.35,1,84,4270,0.2347,2145,2125,63,13.18,9.0,2804,1243,214,9,19,0.0263,"{""IC"": 3792, ""S"": 342, ""PYO"": 72, ""HDM"": 64}","[5, 6, 7, 8, 9, 13, 10, 14, 15, 18]",0.2613
2024,3,22,5,206,18544,90.02,2,98,5203,0.2806,2604,2599,62,13.99,10.0,3482,1196,512,13,14,0.0248,"{""IC"": 4318, ""S"": 761, ""PYO"": 54, ""HDM"": 18, ""MV"": 52}","[5, 6, 7, 8, 9, 10, 12, 11, 13, 18]",0.2542
2024,3,23,6,170,15922,93.66,1,38,3190,0.2004,1608,1582,41,12.26,9.0,2337,603,250,0,14,0.0321,"{""IC"": 2606, ""S"": 387, ""PYO"": 84, ""HDM"": 53, ""MV"": 60}","[5, 6, 7, 8, 12, 9, 10, 11, 13, 15]",0.251
2024,3,24,7,177,15828,89.42,3,134,3958,0.2501,1989,1969,51,12.13,8.0,3062,609,287,0,15,0.0283,"{""IC"": 3175, ""S"": 602, ""PYO"": 132, ""HDM"": 46, ""MV"": 3}","[5, 6, 7, 8, 9, 10, 13, 12, 11, 14]",0.2367
2024,3,25,1,205,18324,89.39,3,40,4793,0.2616,2411,2382,73,16.04,10.0,3365,786,420,222,9,0.0246,"{""IC"": 3503, ""S"": 992, ""PYO"": 137, ""HDM"": 17, ""MV"": 144}","[5, 6, 7, 8, 10, 9, 11, 14, 12, 13]",0.2389
2024,3,26,2,203,17852,87.94,0,0,1994,0.1117,1003,991,26,8.93,7.0,1724,270,0,0,6,0.048,"{""IC"": 1465, ""S"": 437, ""PYO"": 49, ""HDM"": 39, ""MV"": 4}","[5, 6, 7, 8, 9, 11, 13, 10, 12, 15]",0.2249
2024,3,27,3,206,18394,89.29,1,10,3791,0.2061,1900,1891,149,23.71,11.0,2247,657,367,520,11,0.0164,"{""IC"": 2245, ""S"": 742, ""PYO"": 691, ""HDM"": 56, ""MV"": 57}","[5, 6, 7, 8, 9, 15, 13, 12, 10, 16]",0.2207
2024,3,28,4,214,18822,87.95,0,0,3212,0.1707,1602,1610,94,14.68,9.0,2265,630,194,123,16,0.0307,"{""IC"": 2345, ""S"": 630, ""PYO"": 125, ""HDM"": 84, ""MV"": 28}","[5, 6, 7, 8, 9, 10, 11, 13, 12, 15]",0.2116
2024,3,29,5,186,17370,93.39,4,170,3034,0.1747,1522,1512,139,12.42,8.0,2469,438,23,104,10,0.0323,"{""IC"": 2231, ""S"": 502, ""PYO"": 228, ""HDM"": 33, ""MV"": 40}","[5, 6, 9, 7, 10, 8, 11, 12, 13, 14]",0.1965
2024,3,30,6,174,15916,91.47,1,84,2233,0.1403,1125,1108,145,13.45,8.0,1751,313,129,40,6,0.0418,"{""IC"": 1650, ""S"": 411, ""PYO"": 114, ""HDM"": 18, ""MV"": 40}","[5, 6, 7, 9, 8, 10, 13, 12, 11, 14]",0.1879
2024,3,31,7,161,14764,91.7,1,8,2407,0.163,1204,1203,106,18.14,7.0,1875,185,105,242,6,0.0265,"{""IC"": 1826, ""S"": 371, ""PYO"": 201, ""HDM"": 9}","[5, 6, 7, 8, 9, 11, 10, 12, 21, 96]",0.1754
2024,4,1,1,177,16222,91.65,0,0,3592,0.2214,1793,1799,188,25.65,11.0,2089,886,236,381,17,0.0215,"{""IC"": 2885, ""S"": 529, ""PYO"": 122, ""HDM"": 56}","[5, 6, 7, 9, 8, 10, 14, 15, 16, 11]",0.1697
2024,4,2,2,199,17690,88.89,0,0,4107,0.2322,2057,2050,102,11.32,8.0,3258,699,114,36,11,0.0295,"{""IC"": 3099, ""S"": 917, ""PYO"": 36, ""HDM"": 55}","[5, 6, 7, 8, 10, 11, 9, 12, 13, 15]",0.1869
2024,4,3,3,203,17798,87.67,0,16,6217,0.3493,3114,3103,70,18.1,12.0,3475,1665,1037,40,24,0.0187,"{""IC"": 4317, ""S"": 1716, ""PYO"": 29, ""HDM"": 117, ""MV"": 38}","[5, 6, 7, 10, 8, 9, 11, 12, 20, 21]",0.2074
2024,4,4,4,204,17986,88.17,0,0,5256,0.2922,2628,2628,147,18.04,9.0,3802,659,387,408,19,0.0181,"{""IC"": 4161, ""S"": 804, ""PYO"": 222, ""HDM"": 69}","[5, 6, 7, 9, 8, 11, 10, 12, 13, 14]",0.2247
2024,4,5,5,211,18942,89.77,2,82,7034,0.3713,3519,3515,81,15.87,10.0,4442,1546,986,60,26,0.019,"{""IC"": 5232, ""S"": 1261, ""PYO"": 389, ""HDM"": 136, ""MV"": 16}","[5, 6, 7, 9, 8, 10, 11, 12, 13, 15]",0.2528
2024,4,6,6,177,16110,91.02,1,48,3903,0.2423,1952,1951,63,14.4,10.0,2504,972,418,9,16,0.0283,"{""IC"": 3003, ""S"": 759, ""PYO"": 85, ""HDM"": 56}","[5, 6, 7, 8, 9, 10, 12, 13, 16, 15]",0.2674
2024,4,7,7,178,15696,88.18,1,28,5085,0.324,2547,2538,60,12.11,9.0,3753,999,330,3,15,0.0246,"{""IC"": 4475, ""S"": 516, ""PYO"": 50, ""HDM"": 30, ""MV"": 14}","[5, 6, 7, 8, 9, 10, 11, 13, 12, 14]",0.2904
2024,4,8,1,199,17690,88.89,0,4,5802,0.328,2912,2890,72,11.49,8.0,4768,702,329,3,19,0.0225,"{""IC"": 4458, ""S"": 1223, ""PYO"": 72, ""HDM"": 49}","[5, 6, 7, 8, 9, 11, 10, 12, 13, 14]",0.3056
2024,4,9,2,203,17816,87.76,1,154,4991,0.2801,2500,2491,86,17.52,11.0,3067,1008,736,180,24,0.0217,"{""IC"": 3507, ""S"": 1303, ""PYO"": 24, ""HDM"": 65, ""MV"": 92}","[5, 6, 7, 8, 11, 10, 9, 12, 15, 16]",0.3125
2024,4,10,3,203,17902,88.19,1,62,4622,0.2582,2313,2309,108,17.81,10.0,2966,861,556,239,15,0.0245,"{""IC"": 3577, ""S"": 816, ""PYO"": 109, ""HDM"": 44, ""MV"": 76}","[5, 6, 7, 8, 9, 10, 11, 12, 13, 16]",0.2994
2024,4,11,4,204,17942,87.95,0,24,5599,0.3121,2806,2793,71,12.65,9.0,4160,1123,271,45,17,0.0243,"{""IC"": 4474, ""S"": 912, ""PYO"": 133, ""HDM"": 54, ""MV"": 26}","[5, 6, 7, 8, 9, 10, 11, 12, 13, 14]",0.3023
2024,4,12,5,214,18992,88.75,0,0,5987,0.3152,2995,2992,127,17.97,11.0,3517,1686,617,167,25,0.02,"{""IC"": 4423, ""S"": 1158, ""PYO"": 209, ""HDM"": 166, ""MV"": 31}","[5, 6, 8, 7, 9, 10, 11, 12, 15, 13]",0.2943
2024,4,13,6,189,16282,86.15,1,48,4985,0.3062,2493,2492,70,14.51,11.0,3280,1171,471,63,25,0.0223,"{""IC"": 3878, ""S"": 783, ""PYO"": 174, ""HDM"": 131, ""MUS"": 19}","[5, 6, 7, 8, 9, 13, 12, 15, 14, 10]",0.3034
2024,4,14,7,180,15582,86.57,0,10,5245,0.3366,2621,2624,59,12.87,10.0,3662,1228,355,0,24,0.0226,"{""IC"": 4212, ""S"": 850, ""PYO"": 78, ""HDM"": 68, ""MUS"": 37}","[5, 6, 7, 8, 9, 10, 12, 11, 13, 14]",0.3052
2024,4,15,1,207,17694,85.48,3,112,5648,0.3192,2829,2819,81,14.7,10.0,3903,1112,552,81,23,0.0208,"{""IC"": 3713, ""S"": 1345, ""PYO"": 469, ""HDM"": 109, ""MV"": 12}","[5, 6, 7, 8, 9, 10, 12, 11, 13, 14]",0.3039
2024,4,16,2,201,17422,86.68,0,0,5666,0.3252,2830,2836,38,11.06,9.0,4245,1324,97,0,23,0.0252,"{""IC"": 4346, ""S"": 998, ""PYO"": 239, ""HDM"": 77, ""MV"": 6}","[5, 6, 8, 7, 9, 10, 11, 12, 15, 14]",0.3104
2024,4,17,3,200,17446,87.23,1,20,4514,0.2587,2265,2249,51,10.31,8.0,3849,479,186,0,13,0.0276,"{""IC"": 3071, ""S"": 856, ""PYO"": 522, ""HDM"": 64, ""MV"": 1}","[5, 6, 7, 8, 9, 10, 12, 11, 13, 14]",0.3105
2024,4,18,4,209,17864,85.47,6,190,4901,0.2744,2451,2450,69,11.81,8.0,3776,879,240,6,21,0.0272,"{""IC"": 3566, ""S"": 832, ""PYO"": 408, ""HDM"": 64, ""MV"": 31}","[5, 6, 7, 8, 9, 10, 11, 12, 14, 13]",0.3051
2024,4,19,5,211,18316,86.81,9,316,7088,0.387,3550,3538,200,22.77,14.0,3755,1834,1034,465,37,0.022,"{""S"": 1330, ""IC"": 5044, ""PYO"": 536, ""HDM"": 152, ""MV"": 26}","[5, 6, 7, 10, 11, 8, 12, 9, 13, 14]",0.3153
2024,4,20,6,179,15710,87.77,6,272,7792,0.496,3912,3880,119,22.64,14.0,4028,1631,1652,481,38,0.015,"{""IC"": 5664, ""S"": 1432, ""PYO"": 553, ""HDM"": 124, ""MV"": 19}","[6, 5, 7, 8, 9, 10, 11, 13, 12, 14]",0.3424
2024,4,21,7,175,15480,88.46,4,118,6786,0.4384,3401,3385,90,15.59,11.0,4198,1757,796,35,31,0.0187,"{""IC"": 5095, ""S"": 1041, ""PYO"": 489, ""HDM"": 161}","[5, 6, 8, 7, 9, 10, 11, 13, 14, 12]",0.357
2024,4,22,1,200,17522,87.61,3,30,4878,0.2784,2449,2429,210,12.12,8.0,3964,732,125,57,13,0.0252,"{""S"": 1037, ""IC"": 3274, ""PYO"": 509, ""HDM"": 56, ""MV"": 2}","[5, 6, 7, 8, 9, 10, 11, 13, 12, 14]",0.3512
2024,4,23,2,204,17556,86.06,4,212,10370,0.5907,5198,5172,126,26.97,19.0,3760,3540,1793,1277,55,0.0134,"{""IC"": 7451, ""S"": 1918, ""PYO"": 741, ""HDM"": 200, ""MV"": 60}","[5, 6, 7, 8, 10, 9, 16, 19, 18, 15]",0.3891
2024,4,24,3,201,17588,87.5,1,146,5206,0.296,2601,2605,88,15.87,10.0,3299,1389,299,219,20,0.0206,"{""IC"": 3661, ""S"": 972, ""PYO"": 378, ""HDM"": 85, ""MV"": 110}","[5, 6, 7, 8, 9, 10, 13, 12, 15, 14]",0.3944
2024,4,25,4,206,17708,85.96,7,174,5655,0.3193,2843,2812,90,13.18,9.0,4184,949,487,35,23,0.0244,"{""IC"": 4130, ""S"": 938, ""PYO"": 497, ""HDM"": 66, ""MV"": 24}","[5, 6, 7, 8, 9, 11, 12, 14, 10, 13]",0.4008
2024,4,26,5,209,18494,88.49,1,40,4952,0.2678,2477,2475,49,12.91,9.0,3648,841,463,0,24,0.0245,"{""IC"": 3225, ""S"": 1201, ""PYO"": 356, ""HDM"": 79, ""MV"": 91}","[5, 6, 7, 8, 9, 10, 12, 13, 11, 14]",0.3838
2024,4,27,6,186,15814,85.02,10,190,3508,0.2218,1752,1756,84,10.82,8.0,3014,392,44,58,9,0.0341,"{""IC"": 2627, ""S"": 681, ""PYO"": 168, ""HDM"": 32}","[5, 6, 8, 7, 9, 10, 12, 11, 13, 14]",0.3446
2024,4,28,7,178,15526,87.22,3,112,3630,0.2338,1819,1811,32,9.61,8.0,3059,558,13,0,11,0.0314,"{""IC"": 2866, ""S"": 526, ""PYO"": 220, ""HDM"": 12, ""V"": 6}","[5, 6, 7, 8, 9, 12, 11, 10, 13, 14]",0.3154
2024,4,29,1,201,17270,85.92,0,0,4675,0.2707,2336,2339,67,12.45,9.0,3453,976,216,30,18,0.0256,"{""S"": 837, ""IC"": 3319, ""PYO"": 380, ""HDM"": 73, ""MV"": 66}","[5, 6, 7, 8, 9, 13, 10, 12, 11, 16]",0.3143
2024,4,30,2,208,18114,87.09,0,0,4867,0.2687,2434,2433,122,15.22,9.0,3495,933,206,233,16,0.0251,"{""IC"": 3165, ""S"": 1264, ""PYO"": 296, ""HDM"": 100, ""MV"": 42}","[5, 6, 7, 8, 9, 10, 11, 13, 12, 17]",0.2683
2024,5,1,3,179,16046,89.64,1,44,4005,0.2496,2007,1998,44,11.74,9.0,3043,764,198,0,15,0.0275,"{""IC"": 2717, ""S"": 1065, ""PYO"": 169, ""HDM"": 44, ""MV"": 10}","[6, 5, 7, 8, 9, 10, 11, 13, 12, 14]",0.2617
2024,5,2,4,202,17510,86.68,0,120,4924,0.2812,2471,2453,97,15.29,9.0,3468,829,482,145,19,0.0209,"{""IC"": 3568, ""S"": 1079, ""PYO"": 232, ""HDM"": 35, ""MV"": 10}","[5, 6, 7, 8, 9, 10, 11, 12, 13, 16]",0.2562
2024,5,3,5,212,18352,86.57,3,86,5462,0.2976,2741,2721,108,14.68,9.0,3936,1131,165,230,23,0.0207,"{""IC"": 3904, ""S"": 1119, ""PYO"": 361, ""HDM"": 58, ""MV"": 20}","[5, 6, 7, 8, 9, 10, 11, 13, 12, 17]",0.2605
2024,5,4,6,194,15324,78.99,4,94,4956,0.3234,2471,2485,123,16.54,11.0,3097,1397,319,143,33,0.0181,"{""S"": 771, ""IC"": 3527, ""PYO"": 457, ""HDM"": 117, ""MUS"": 7, ""MV"": 77}","[5, 6, 7, 8, 9, 12, 10, 11, 14, 13]",0.275
2024,5,5,7,181,14476,79.98,3,94,5222,0.3607,2610,2612,45,13.53,11.0,3390,1444,388,0,24,0.0207,"{""IC"": 4018, ""S"": 748, ""PYO"": 292, ""HDM"": 102, ""MV"": 62}","[5, 6, 8, 7, 9, 10, 11, 12, 13, 14]",0.2931
2024,5,6,1,201,16962,84.39,0,0,3557,0.2097,1784,1773,140,15.25,9.0,2515,641,233,168,14,0.0287,"{""S"": 594, ""IC"": 2584, ""PYO"": 220, ""HDM"": 98, ""MV"": 61}","[5, 6, 7, 8, 9, 10, 11, 12, 13, 16]",0.2844
2024,5,7,2,197,16792,85.24,0,0,3395,0.2022,1706,1689,50,9.06,7.0,2922,472,1,0,6,0.0346,"{""IC"": 2482, ""S"": 669, ""PYO"": 237, ""HDM"": 7}","[5, 6, 7, 8, 9, 10, 11, 13, 15, 14]",0.2749
2024,5,8,3,211,17682,83.8,0,0,4920,0.2782,2468,2452,103,11.82,9.0,3840,863,191,26,18,0.0264,"{""IC"": 3794, ""S"": 647, ""PYO"": 339, ""HDM"": 99, ""MV"": 41}","[5, 6, 7, 8, 9, 10, 11, 13, 12, 14]",0.279
2024,5,9,4,181,14698,81.2,0,2,3306,0.2249,1659,1647,62,15.88,10.0,2158,639,436,73,17,0.0245,"{""S"": 585, ""IC"": 2269, ""PYO"": 341, ""HDM"": 104, ""MV"": 7}","[5, 6, 7, 8, 9, 11, 10, 12, 23, 13]",0.271
2024,5,10,5,213,17942,84.23,4,84,5170,0.2882,2594,2576,48,12.02,9.0,4010,815,345,0,19,0.0243,"{""IC"": 3760, ""S"": 901, ""PYO"": 424, ""HDM"": 73, ""MUS"": 10, ""MV"": 2}","[5, 6, 7, 8, 9, 10, 11, 13, 12, 14]",0.2696
2024,5,11,6,180,15592,86.62,5,200,2672,0.1714,1336,1336,59,12.43,9.0,2009,471,192,0,8,0.0341,"{""IC"": 1874, ""S"": 540, ""PYO"": 245, ""HDM"": 12, ""MV"": 1}","[5, 6, 7, 8, 12, 9, 11, 10, 13, 15]",0.2479
2024,5,12,7,172,15176,88.23,0,32,3285,0.2165,1647,1638,69,13.49,9.0,2407,534,311,33,14,0.0264,"{""IC"": 2381, ""S"": 643, ""PYO"": 209, ""HDM"": 52}","[5, 6, 7, 8, 9, 10, 11, 12, 17, 13]",0.2273
2024,5,13,1,197,16830,85.43,0,0,4047,0.2405,2026,2021,42,11.2,9.0,3112,835,100,0,19,0.0272,"{""IC"": 2856, ""S"": 806, ""PYO"": 291, ""HDM"": 94}","[5, 6, 7, 8, 9, 10, 12, 13, 14, 11]",0.2317
2024,5,14,2,199,16848,84.66,0,20,4631,0.2749,2323,2308,48,14.08,11.0,2938,1279,414,0,24,0.0243,"{""S"": 733, ""IC"": 3462, ""PYO"": 236, ""HDM"": 140, ""MV"": 60}","[5, 6, 7, 8, 9, 10, 11, 12, 13, 18]",0.2421
2024,5,15,3,203,17210,84.78,2,40,5141,0.2987,2583,2558,131,16.55,11.0,3541,1062,236,302,19,0.0214,"{""IC"": 3919, ""S"": 625, ""PYO"": 460, ""HDM"": 135, ""MV"": 2}","[5, 6, 9, 7, 11, 10, 8, 12, 13, 14]",0.245
2024,5,16,4,207,17402,84.07,1,36,5078,0.2918,2537,2541,69,11.77,8.0,4204,529,302,43,19,0.0259,"{""S"": 653, ""IC"": 3990, ""PYO"": 344, ""HDM"": 88, ""MV"": 3}","[5, 6, 7, 8, 9, 11, 10, 12, 13, 14]",0.2546
2024,5,17,5,209,17768,85.01,1,38,5276,0.2969,2649,2627,132,13.6,10.0,3691,1235,290,60,30,0.0266,"{""IC"": 3626, ""S"": 1120, ""PYO"": 347, ""HDM"": 90, ""MV"": 93}","[5, 6, 7, 8, 9, 10, 11, 13, 12, 14]",0.2558
2024,5,18,6,178,15324,86.09,3,82,3177,0.2073,1604,1573,105,11.72,7.0,2646,287,195,49,4,0.0366,"{""IC"": 2373, ""S"": 554, ""PYO"": 167, ""HDM"": 45, ""P"": 38}","[5, 6, 7, 8, 10, 9, 11, 13, 12, 14]",0.2609
2024,5,19,7,169,14110,83.49,0,36,4622,0.3276,2314,2308,103,16.13,9.0,3107,970,351,194,17,0.0191,"{""IC"": 3108, ""S"": 906, ""PYO"": 494, ""HDM"": 96, ""MV"": 18}","[5, 6, 7, 8, 9, 10, 13, 11, 14, 15]",0.2768
2024,5,20,1,201,16928,84.22,2,142,4475,0.2644,2248,2227,54,10.43,8.0,3610,791,74,0,22,0.027,"{""IC"": 3167, ""S"": 910, ""PYO"": 309, ""HDM"": 87, ""MV"": 2}","[5, 6, 7, 8, 9, 13, 10, 11, 12, 16]",0.2802
2024,5,21,2,198,15628,78.93,4,64,3589,0.2297,1802,1787,36,10.82,9.0,2749,836,4,0,13,0.0285,"{""IC"": 2890, ""S"": 611, ""HDM"": 51, ""MV"": 37}","[5, 7, 6, 8, 9, 10, 11, 12, 13, 18]",0.2738
2024,5,22,3,205,17006,82.96,1,16,4277,0.2515,2143,2134,78,10.93,8.0,3632,475,105,65,18,0.0298,"{""IC"": 3162, ""S"": 700, ""PYO"": 266, ""HDM"": 77, ""MV"": 72}","[5, 6, 7, 8, 9, 10, 11, 12, 13, 14]",0.267
2024,5,23,4,210,17494,83.3,8,156,4622,0.2642,2318,2304,152,21.39,10.0,3038,751,397,436,21,0.021,"{""IC"": 3434, ""S"": 566, ""PYO"": 471, ""HDM"": 45, ""MV"": 106}","[5, 6, 7, 8, 9, 10, 12, 13, 11, 14]",0.2631
2024,5,24,5,216,18070,83.66,7,188,7809,0.4322,3913,3896,120,18.13,12.0,4583,2100,820,306,37,0.0158,"{""IC"": 5592, ""S"": 1349, ""PYO"": 530, ""HDM"": 134, ""MV"": 204}","[5, 6, 7, 9, 8, 10, 13, 11, 15, 12]",0.2824
2024,5,25,6,185,15884,85.86,5,172,3126,0.1968,1567,1559,156,14.44,8.0,2501,434,89,102,19,0.0272,"{""IC"": 2182, ""S"": 514, ""PYO"": 336, ""HDM"": 73, ""MV"": 20, ""V"": 1}","[5, 6, 7, 8, 9, 10, 11, 16, 13, 14]",0.2809
2024,5,26,7,172,14336,83.35,0,92,3861,0.2693,1935,1926,248,32.74,11.0,2232,600,591,438,14,0.0162,"{""IC"": 2642, ""S"": 849, ""PYO"": 298, ""HDM"": 72}","[5, 6, 7, 8, 10, 9, 12, 11, 191, 17]",0.2726
2024,5,27,1,204,17496,85.76,3,178,3369,0.1926,1681,1688,139,21.71,9.0,2345,333,359,332,14,0.0258,"{""IC"": 1841, ""S"": 833, ""PYO"": 406, ""HDM"": 82, ""MV"": 207}","[5, 6, 7, 8, 9, 10, 11, 12, 13, 14]",0.2623
2024,5,28,2,206,16008,77.71,4,46,2695,0.1684,1352,1343,67,14.68,9.0,1816,537,329,13,16,0.0312,"{""IC"": 1900, ""S"": 687, ""HDM"": 88, ""MV"": 20}","[5, 6, 7, 8, 9, 10, 11, 12, 21, 22]",0.2536
2024,5,29,3,217,17658,81.37,4,190,3866,0.2189,1948,1918,143,19.29,9.0,2720,409,474,263,16,0.0232,"{""IC"": 2612, ""S"": 591, ""PYO"": 597, ""HDM"": 29, ""MV"": 37}","[5, 6, 7, 9, 8, 11, 10, 13, 12, 14]",0.2489
2024,5,30,4,217,17876,82.38,2,44,5494,0.3073,2752,2742,98,14.2,10.0,3700,1289,452,53,26,0.0241,"{""IC"": 3848, ""S"": 1108, ""PYO"": 381, ""HDM"": 137, ""MV"": 20}","[5, 6, 7, 8, 9, 10, 11, 12, 15, 13]",0.2551
2024,5,31,5,229,18736,81.82,9,380,5794,0.3092,2894,2900,202,18.08,11.0,3531,1237,884,142,30,0.0225,"{""IC"": 3990, ""S"": 1269, ""PYO"": 354, ""HDM"": 110, ""MV"": 71}","[5, 6, 7, 9, 8, 10, 11, 12, 13, 16]",0.2375
2024,6,1,6,190,15788,83.09,21,456,4234,0.2682,2118,2116,165,17.32,10.0,2975,758,374,127,27,0.0281,"{""IC"": 3116, ""S"": 719, ""PYO"": 304, ""HDM"": 90, ""MV"": 5}","[5, 6, 8, 7, 9, 10, 12, 13, 11, 14]",0.2477
2024,6,2,7,191,15660,81.99,17,316,6037,0.3855,3032,3005,193,19.72,12.0,3369,1424,1018,226,33,0.02,"{""IC"": 4638, ""S"": 835, ""PYO"": 315, ""HDM"": 155, ""MV"": 94}","[5, 6, 7, 8, 9, 10, 11, 13, 12, 15]",0.2643
2024,6,3,1,201,16908,84.12,4,116,4622,0.2734,2322,2300,99,12.87,9.0,3362,1008,183,69,12,0.0245,"{""IC"": 3119, ""S"": 1187, ""PYO"": 181, ""HDM"": 59, ""MV"": 76}","[5, 6, 7, 8, 9, 11, 12, 10, 15, 13]",0.2758
2024,6,4,2,205,16126,78.66,2,24,2093,0.1298,1057,1036,54,10.07,7.0,1771,212,110,0,9,0.043,"{""IC"": 1614, ""S"": 423, ""HDM"": 35, ""MV"": 21}","[5, 6, 7, 8, 10, 9, 16, 14, 12, 11]",0.2703
2024,6,5,3,217,17280,79.63,2,188,5346,0.3094,2674,2672,112,19.55,12.0,3032,1234,785,295,36,0.0201,"{""IC"": 3398, ""S"": 1245, ""PYO"": 339, ""HDM"": 91, ""MV"": 273}","[5, 6, 8, 7, 9, 10, 11, 12, 15, 16]",0.2833
2024,6,6,4,214,17582,82.16,7,218,6702,0.3812,3354,3348,138,22.21,13.0,3688,1565,1013,436,28,0.0153,"{""S"": 1137, ""IC"": 5013, ""PYO"": 317, ""HDM"": 131, ""MUS"": 1, ""MV"": 71, ""V"": 32}","[5, 6, 8, 9, 7, 10, 11, 12, 13, 14]",0.2938
2024,6,7,5,237,18996,80.15,9,364,5049,0.2658,2523,2526,107,19.15,10.0,3042,913,892,202,22,0.0263,"{""IC"": 3647, ""S"": 973, ""PYO"": 269, ""HDM"": 20, ""MUS"": 30, ""MV"": 110}","[5, 7, 6, 8, 9, 10, 13, 14, 11, 12]",0.2876
2024,6,8,6,201,16016,79.68,9,240,3034,0.1894,1519,1515,54,10.21,7.0,2477,500,57,0,11,0.0373,"{""S"": 375, ""IC"": 2264, ""PYO"": 324, ""HDM"": 43, ""MUS"": 12, ""MV"": 15, ""V"": 1}","[5, 6, 7, 8, 9, 10, 11, 23, 12, 13]",0.2764
2024,6,9,7,197,15468,78.52,14,196,5157,0.3334,2586,2571,160,17.35,10.0,3540,1011,276,330,20,0.0205,"{""IC"": 3513, ""S"": 1142, ""PYO"": 394, ""HDM"": 108}","[6, 5, 7, 8, 9, 10, 12, 11, 14, 16]",0.2689
2024,6,10,1,220,17638,80.17,14,196,2742,0.1555,1373,1369,60,10.53,8.0,2197,497,47,1,11,0.034,"{""S"": 727, ""IC"": 1682, ""PYO"": 268, ""HDM"": 30, ""MV"": 35}","[5, 6, 7, 8, 9, 10, 11, 13, 12, 15]",0.2521
2024,6,11,2,212,16604,78.32,11,290,3230,0.1945,1615,1615,44,12.05,8.0,2550,304,376,0,18,0.0311,"{""IC"": 2365, ""S"": 525, ""HDM"": 46, ""PYO"": 2, ""MV"": 292}","[5, 6, 7, 8, 9, 10, 11, 13, 14, 12]",0.2613
2024,6,12,3,204,17324,84.92,0,0,4432,0.2558,2227,2205,168,14.63,9.0,3201,891,86,254,19,0.0312,"{""IC"": 2915, ""S"": 861, ""PYO"": 449, ""HDM"": 113, ""MV"": 94}","[5, 6, 7, 8, 9, 11, 13, 12, 10, 15]",0.2537
2024,6,13,4,203,17276,85.1,0,144,5344,0.3093,2673,2671,145,24.54,15.0,2581,1305,1164,294,29,0.0172,"{""S"": 980, ""IC"": 3695, ""PYO"": 487, ""HDM"": 161, ""MUS"": 21}","[5, 6, 7, 8, 11, 10, 9, 12, 16, 13]",0.2434
2024,6,14,5,217,18422,84.89,0,80,6247,0.3391,3119,3128,141,19.26,10.0,4099,1156,504,488,28,0.0199,"{""IC"": 4311, ""S"": 1087, ""PYO"": 550, ""HDM"": 145, ""MV"": 154}","[5, 6, 7, 8, 9, 10, 11, 13, 12, 14]",0.2539
2024,6,15,6,189,15848,83.85,3,70,4213,0.2658,2108,2105,46,12.36,10.0,2994,1049,170,0,21,0.0288,"{""S"": 640, ""IC"": 2918, ""PYO"": 432, ""HDM"": 70, ""MUS"": 42, ""MV"": 105, ""V"": 6}","[5, 6, 7, 9, 8, 10, 11, 13, 12, 14]",0.2648
2024,6,16,7,186,15460,83.12,0,0,5282,0.3417,2645,2637,136,13.14,9.0,3964,1072,169,77,25,0.0227,"{""IC"": 3735, ""S"": 813, ""PYO"": 560, ""HDM"": 155, ""MUS"": 4, ""MV"": 15}","[5, 6, 7, 8, 9, 11, 10, 12, 13, 14]",0.266
2024,6,17,1,200,17550,87.75,0,0,4873,0.2777,2439,2434,131,15.4,9.0,3364,1019,341,149,17,0.0236,"{""IC"": 3112, ""S"": 1106, ""PYO"": 538, ""HDM"": 117}","[5, 6, 7, 8, 9, 10, 11, 12, 16, 19]",0.2834
2024,6,18,2,204,17660,86.57,1,58,4180,0.2367,2098,2082,96,13.64,9.0,3109,700,317,54,19,0.0251,"{""IC"": 2859, ""S"": 945, ""PYO"": 266, ""HDM"": 89, ""MV"": 21}","[5, 6, 7, 8, 9, 10, 11, 12, 14, 13]",0.2894
2024,6,19,3,203,17592,86.66,1,30,3494,0.1986,1756,1738,82,11.26,8.0,2824,505,159,6,12,0.035,"{""IC"": 2286, ""S"": 806, ""PYO"": 367, ""HDM"": 24, ""MV"": 11}","[5, 7, 6, 8, 10, 9, 12, 13, 11, 14]",0.2813
2024,6,20,4,218,18614,85.39,2,46,4794,0.2575,2383,2411,91,11.79,8.0,3782,831,80,101,13,0.0269,"{""IC"": 3249, ""S"": 1026, ""PYO"": 415, ""HDM"": 79, ""MV"": 25}","[5, 6, 7, 10, 8, 9, 11, 12, 13, 14]",0.2739
2024,6,21,5,174,15188,87.29,0,32,3223,0.2122,1617,1606,37,10.88,8.0,2514,640,69,0,12,0.0337,"{""IC"": 2164, ""S"": 609, ""PYO"": 333, ""HDM"": 93, ""MV"": 24}","[5, 6, 7, 8, 10, 11, 9, 12, 13, 16]",0.2557
2024,6,22,6,158,13270,83.99,0,0,1674,0.1261,849,825,26,8.51,7.0,1560,114,0,0,2,0.0509,"{""IC"": 1244, ""S"": 186, ""PYO"": 185, ""MV"": 59}","[5, 6, 7, 8, 12, 13, 11, 10, 9, 14]",0.2358
2024,6,23,7,177,15366,86.81,0,0,3790,0.2466,1891,1899,116,13.04,9.0,2856,686,199,49,19,0.0288,"{""IC"": 2536, ""S"": 802, ""PYO"": 394, ""HDM"": 45, ""MV"": 13}","[5, 6, 7, 8, 9, 10, 11, 12, 15, 13]",0.2222
2024,6,24,1,177,16100,90.96,3,216,7389,0.4589,3695,3694,105,24.25,14.0,3719,1609,1186,875,39,0.0145,"{""S"": 1477, ""IC"": 5150, ""PYO"": 491, ""HDM"": 167, ""MV"": 104}","[5, 6, 7, 8, 9, 10, 11, 12, 14, 13]",0.2481
2024,6,25,2,178,16028,90.04,3,48,4811,0.3002,2403,2408,101,13.52,10.0,3407,1087,242,75,24,0.0234,"{""IC"": 3412, ""S"": 945, ""PYO"": 285, ""HDM"": 169}","[5, 6, 7, 8, 9, 10, 11, 12, 13, 14]",0.2572
2024,6,26,3,185,16364,88.45,2,66,6471,0.3954,3243,3228,203,17.24,10.0,4363,1312,529,267,27,0.022,"{""IC"": 4512, ""S"": 1145, ""PYO"": 438, ""HDM"": 73, ""MV"": 303}","[5, 6, 8, 9, 7, 10, 11, 12, 14, 13]",0.2853
2024,6,27,4,180,16434,91.3,0,0,4840,0.2945,2428,2412,160,20.19,9.0,3459,674,250,457,14,0.0192,"{""IC"": 3616, ""S"": 748, ""PYO"": 421, ""HDM"": 46, ""MV"": 9}","[5, 6, 7, 8, 9, 10, 11, 13, 14, 12]",0.2906
2024,6,28,5,190,17136,90.19,5,148,5595,0.3265,2789,2806,157,15.31,8.0,4463,745,129,258,18,0.0237,"{""IC"": 4216, ""S"": 909, ""PYO"": 335, ""HDM"": 54, ""MV"": 81}","[5, 6, 7, 8, 9, 10, 12, 11, 13, 15]",0.3069
2024,6,29,6,177,14872,84.02,7,234,4575,0.3076,2292,2283,195,15.48,10.0,3202,964,296,113,17,0.0283,"{""IC"": 3229, ""S"": 1001, ""PYO"": 162, ""HDM"": 119, ""MUS"": 23, ""MV"": 41}","[5, 7, 6, 8, 9, 12, 11, 13, 10, 14]",0.3328
2024,6,30,7,160,14470,90.44,5,106,3202,0.2213,1606,1596,53,12.21,8.0,2437,512,253,0,14,0.0307,"{""IC"": 2400, ""S"": 473, ""PYO"": 268, ""HDM"": 26, ""V"": 35}","[5, 6, 7, 8, 12, 11, 10, 9, 13, 19]",0.3292
2024,7,1,1,179,16052,89.68,6,126,3897,0.2428,1960,1937,56,10.56,8.0,3254,465,178,0,13,0.0331,"{""IC"": 2929, ""S"": 563, ""PYO"": 277, ""HDM"": 94, ""MV"": 34}","[5, 6, 7, 8, 10, 9, 11, 12, 13, 14]",0.2983
2024,7,2,2,178,16032,90.07,2,50,2002,0.1249,999,1003,44,10.06,8.0,1713,241,48,0,11,0.0527,"{""IC"": 1294, ""S"": 471, ""PYO"": 125, ""HDM"": 65, ""MV"": 47}","[5, 6, 7, 8, 10, 11, 9, 12, 13, 14]",0.2733
2024,7,3,3,181,16028,88.55,3,70,1962,0.1224,984,978,66,9.85,8.0,1619,303,39,1,8,0.0514,"{""IC"": 1533, ""S"": 211, ""PYO"": 141, ""HDM"": 57, ""MV"": 20}","[5, 6, 7, 8, 9, 13, 10, 14, 11, 15]",0.2343
2024,7,4,4,184,16654,90.51,1,58,2763,0.1659,1380,1383,51,10.16,8.0,2337,383,43,0,12,0.0421,"{""IC"": 1957, ""S"": 366, ""PYO"": 371, ""HDM"": 39, ""MV"": 28, ""V"": 2}","[5, 6, 7, 8, 9, 11, 10, 12, 15, 13]",0.2159
2024,7,5,5,190,17104,90.02,4,104,3910,0.2286,1959,1951,64,10.54,8.0,3210,618,79,3,16,0.0319,"{""IC"": 2993, ""S"": 547, ""PYO"": 270, ""HDM"": 48, ""MV"": 52}","[5, 6, 7, 8, 10, 9, 11, 12, 13, 14]",0.2019
2024,7,6,6,160,14588,91.17,1,38,2039,0.1398,1020,1019,65,11.51,9.0,1620,350,36,33,11,0.0436,"{""S"": 275, ""IC"": 1458, ""PYO"": 219, ""HDM"": 74, ""MUS"": 13}","[5, 6, 7, 9, 11, 8, 10, 12, 15, 16]",0.178
2024,7,7,7,159,14466,90.98,3,92,2322,0.1605,1163,1159,64,10.05,8.0,1883,421,17,1,13,0.042,"{""S"": 488, ""IC"": 1677, ""PYO"": 104, ""HDM"": 44, ""MV"": 9}","[5, 6, 7, 8, 9, 10, 11, 12, 13, 15]",0.1693
2024,7,8,1,186,16400,88.17,4,164,2066,0.126,1042,1024,62,10.98,7.0,1776,145,109,36,9,0.0439,"{""S"": 287, ""IC"": 1211, ""PYO"": 434, ""HDM"": 27, ""MV"": 107}","[5, 6, 7, 8, 9, 10, 11, 12, 13, 15]",0.1526
2024,7,9,2,180,16228,90.16,1,164,4266,0.2629,2138,2128,50,13.35,11.0,2716,1332,218,0,27,0.0283,"{""S"": 875, ""IC"": 2991, ""PYO"": 227, ""HDM"": 92, ""MV"": 81}","[5, 6, 7, 8, 11, 9, 10, 12, 14, 15]",0.1723
2024,7,10,3,179,15974,89.24,5,110,2282,0.1429,1143,1139,162,14.42,7.0,2032,134,18,98,5,0.0339,"{""IC"": 1657, ""S"": 295, ""PYO"": 308, ""HDM"": 21, ""MV"": 1}","[6, 5, 7, 8, 9, 12, 11, 13, 10, 14]",0.1752
2024,7,11,4,184,16608,90.26,3,60,2523,0.1519,1263,1260,61,11.73,9.0,1925,469,128,1,12,0.0398,"{""IC"": 1872, ""S"": 109, ""PYO"": 428, ""HDM"": 82, ""MV"": 32}","[5, 6, 7, 8, 9, 10, 11, 12, 13, 14]",0.1732
2024,7,12,5,184,16888,91.78,0,0,2223,0.1316,1116,1107,34,9.42,8.0,1911,289,23,0,6,0.0527,"{""IC"": 1731, ""S"": 309, ""PYO"": 150, ""HDM"": 33}","[5, 6, 7, 8, 9, 11, 10, 12, 13, 14]",0.1594
2024,7,13,6,172,14212,82.63,1,20,1768,0.1244,883,885,102,14.39,9.0,1446,225,1,96,12,0.0496,"{""S"": 218, ""IC"": 1271, ""PYO"": 171, ""HDM"": 94, ""MUS"": 14}","[5, 9, 6, 7, 8, 10, 13, 14, 12, 11]",0.1572
2024,7,14,7,160,14396,89.97,2,150,3619,0.2514,1814,1805,117,13.09,10.0,2500,848,264,7,18,0.0305,"{""IC"": 2789, ""S"": 647, ""PYO"": 132, ""HDM"": 35, ""MUS"": 6, ""MV"": 10}","[5, 6, 8, 7, 9, 10, 11, 12, 13, 16]",0.1702
2024,7,15,1,188,16460,87.55,7,170,2282,0.1386,1140,1142,34,9.29,7.0,1963,275,44,0,7,0.0469,"{""IC"": 1785, ""S"": 255, ""PYO"": 178, ""HDM"": 34, ""MV"": 30}","[5, 6, 7, 9, 8, 10, 11, 12, 17, 14]",0.172
2024,7,16,2,175,15936,91.06,0,66,2340,0.1468,1170,1170,126,17.75,12.0,1358,685,209,88,8,0.0304,"{""IC"": 1659, ""S"": 417, ""PYO"": 231, ""HDM"": 33}","[5, 6, 7, 8, 9, 10, 12, 17, 11, 16]",0.1554
2024,7,17,3,187,16226,86.77,0,10,2927,0.1804,1460,1467,83,11.73,8.0,2383,365,159,20,15,0.0398,"{""S"": 583, ""IC"": 2030, ""PYO"": 195, ""HDM"": 56, ""MV"": 41, ""V"": 22}","[5, 6, 7, 8, 9, 10, 11, 12, 14, 13]",0.1607
2024,7,18,4,180,16508,91.71,0,0,2488,0.1507,1236,1252,36,10.84,8.0,1955,462,71,0,14,0.0431,"{""IC"": 1635, ""S"": 506, ""PYO"": 259, ""HDM"": 85, ""MV"": 3}","[5, 6, 7, 9, 8, 10, 11, 12, 13, 21]",0.1606
2024,7,19,5,191,17162,89.85,1,38,4195,0.2444,2097,2098,195,33.99,11.0,2374,674,396,751,12,0.0184,"{""IC"": 2483, ""S"": 947, ""PYO"": 580, ""HDM"": 44, ""MUS"": 6, ""MV"": 134, ""V"": 1}","[5, 6, 8, 7, 9, 10, 11, 13, 15, 12]",0.1767
2024,7,20,6,175,14970,85.54,3,98,2529,0.1689,1265,1264,240,15.85,12.0,1426,717,385,1,15,0.035,"{""IC"": 1969, ""S"": 307, ""PYO"": 106, ""HDM"": 50, ""P"": 35, ""MUS"": 62}","[5, 6, 7, 9, 8, 18, 11, 17, 12, 10]",0.183
2024,7,21,7,170,14770,86.88,1,28,2648,0.1793,1320,1328,83,11.53,9.0,2211,312,109,16,13,0.0411,"{""S"": 444, ""IC"": 1871, ""PYO"": 178, ""HDM"": 31, ""MUS"": 32, ""MV"": 49, ""V"": 43}","[5, 6, 8, 7, 9, 10, 11, 12, 13, 14]",0.1727
2024,7,22,1,179,16084,89.85,2,40,2661,0.1654,1325,1336,179,17.1,9.0,1829,431,224,177,15,0.039,"{""S"": 376, ""IC"": 2052, ""PYO"": 171, ""HDM"": 45, ""MV"": 17}","[5, 6, 7, 8, 9, 15, 14, 13, 10, 12]",0.1766
2024,7,23,2,176,15972,90.75,0,10,2323,0.1454,1154,1169,88,13.83,9.0,1621,535,92,75,9,0.0381,"{""IC"": 1587, ""S"": 511, ""PYO"": 158, ""HDM"": 67}","[5, 6, 7, 8, 11, 9, 10, 13, 12, 16]",0.1764
2024,7,24,3,178,15948,89.6,4,78,3461,0.217,1736,1725,121,19.9,9.0,2423,377,322,339,12,0.0258,"{""IC"": 2643, ""S"": 511, ""PYO"": 258, ""HDM"": 49}","[7, 5, 8, 6, 9, 10, 11, 12, 13, 19]",0.1816
2024,7,25,4,185,16638,89.94,2,36,5528,0.3323,2768,2760,325,19.32,12.0,3111,1484,598,335,28,0.0215,"{""IC"": 4083, ""S"": 926, ""PYO"": 318, ""HDM"": 180, ""MV"": 21}","[5, 6, 7, 8, 9, 10, 16, 11, 12, 13]",0.2075
2024,7,26,5,186,16964,91.2,2,68,3818,0.2251,1907,1911,117,13.98,9.0,2897,576,198,147,23,0.0256,"{""IC"": 2394, ""S"": 768, ""PYO"": 468, ""HDM"": 120, ""MV"": 68}","[5, 6, 7, 8, 9, 10, 11, 12, 15, 16]",0.2048
2024,7,27,6,153,14290,93.4,1,38,2243,0.157,1121,1122,103,15.79,9.0,1603,455,34,151,13,0.0361,"{""IC"": 1534, ""S"": 488, ""PYO"": 152, ""HDM"": 69}","[5, 6, 7, 8, 9, 11, 10, 12, 16, 13]",0.2031
2024,7,28,7,154,14236,92.44,0,0,2623,0.1843,1310,1313,47,11.17,8.0,1993,496,134,0,19,0.0363,"{""IC"": 2049, ""S"": 402, ""PYO"": 71, ""HDM"": 101}","[5, 6, 7, 8, 9, 16, 12, 10, 11, 14]",0.2038
2024,7,29,1,202,17326,85.77,2,52,2791,0.1611,1400,1391,41,11.79,9.0,2034,667,90,0,16,0.039,"{""IC"": 2138, ""S"": 434, ""PYO"": 103, ""HDM"": 103, ""MV"": 13}","[5, 6, 7, 8, 9, 14, 10, 11, 12, 18]",0.2032
2024,7,30,2,203,17430,85.86,1,14,2889,0.1657,1447,1442,67,11.27,8.0,2228,541,101,19,16,0.0348,"{""IC"": 2164, ""S"": 431, ""PYO"": 262, ""HDM"": 20, ""MV"": 12}","[5, 6, 7, 8, 9, 11, 12, 13, 10, 16]",0.2061
2024,7,31,3,202,17472,86.5,0,0,3647,0.2087,1824,1823,68,11.89,8.0,2963,380,243,61,14,0.032,"{""IC"": 2686, ""S"": 663, ""PYO"": 228, ""HDM"": 60, ""MV"": 3, ""V"": 7}","[5, 6, 7, 8, 9, 10, 11, 13, 15, 12]",0.2049
2024,8,1,4,212,17944,84.64,0,0,2769,0.1543,1389,1380,153,17.89,9.0,1908,535,184,142,15,0.028,"{""IC"": 1886, ""S"": 361, ""PYO"": 406, ""HDM"": 102, ""MUS"": 4, ""MV"": 10}","[5, 6, 7, 8, 9, 10, 11, 12, 22, 21]",0.1795
2024,8,2,5,212,18006,84.93,2,52,2581,0.1433,1294,1287,124,16.46,8.0,2070,239,95,177,9,0.0321,"{""IC"": 1858, ""S"": 557, ""PYO"": 151, ""HDM"": 13, ""MUS"": 2}","[5, 6, 7, 8, 9, 10, 11, 12, 13, 15]",0.1678
2024,8,3,6,170,14944,87.91,1,56,1946,0.1302,969,977,110,20.19,8.0,1246,454,11,235,15,0.0427,"{""IC"": 1386, ""S"": 278, ""PYO"": 253, ""HDM"": 7, ""MUS"": 12, ""MV"": 10}","[5, 6, 7, 8, 9, 10, 18, 22, 20, 17]",0.1639
2024,8,4,7,182,14774,81.18,0,0,5308,0.3593,2648,2660,133,22.35,13.0,2876,1523,543,366,38,0.017,"{""IC"": 4080, ""S"": 862, ""PYO"": 192, ""HDM"": 155, ""MUS"": 12, ""MV"": 7}","[5, 6, 8, 7, 9, 12, 11, 10, 16, 15]",0.1889
2024,8,5,1,203,16306,80.33,0,0,3138,0.1924,1573,1565,157,14.09,7.0,2448,505,48,137,16,0.0309,"{""IC"": 2395, ""S"": 335, ""PYO"": 370, ""HDM"": 34, ""MV"": 4}","[5, 6, 7, 8, 9, 10, 15, 11, 14, 13]",0.1934
2024,8,6,2,203,16420,80.89,0,0,2079,0.1266,1043,1036,135,16.9,8.0,1613,212,153,101,12,0.0376,"{""IC"": 1498, ""S"": 413, ""PYO"": 134, ""HDM"": 34}","[5, 6, 7, 9, 8, 10, 12, 13, 11, 14]",0.1878
2024,8,7,3,203,16360,80.59,2,58,3025,0.1849,1507,1518,62,11.67,8.0,2279,570,174,2,17,0.0339,"{""IC"": 2409, ""S"": 239, ""PYO"": 321, ""HDM"": 56}","[5, 6, 7, 8, 9, 13, 11, 10, 12, 14]",0.1844
2024,8,8,4,207,16568,80.04,0,0,1482,0.0894,745,737,36,10.31,7.0,1180,256,46,0,12,0.0564,"{""IC"": 1128, ""S"": 204, ""PYO"": 104, ""HDM"": 44, ""MV"": 2}","[5, 6, 7, 8, 12, 9, 10, 11, 14, 13]",0.1752
2024,8,9,5,214,17640,82.43,0,50,2244,0.1272,1124,1120,179,13.93,7.0,1941,146,85,72,21,0.043,"{""IC"": 1489, ""S"": 395, ""PYO"": 247, ""HDM"": 50, ""MUS"": 10, ""MV"": 53}","[5, 6, 7, 8, 9, 10, 11, 12, 23, 13]",0.1729
2024,8,10,6,184,16014,87.03,1,70,2625,0.1639,1310,1315,72,12.17,8.0,1813,701,107,4,18,0.0405,"{""IC"": 2125, ""S"": 161, ""PYO"": 178, ""HDM"": 66, ""MUS"": 19, ""MV"": 76}","[5, 6, 7, 8, 9, 10, 11, 15, 16, 12]",0.1777
2024,8,11,7,192,15796,82.27,0,0,2680,0.1697,1340,1340,67,11.87,8.0,2010,551,95,24,14,0.0335,"{""IC"": 1564, ""S"": 504, ""PYO"": 498, ""HDM"": 80, ""P"": 6, ""MUS"": 24, ""MV"": 4}","[5, 6, 7, 8, 9, 11, 12, 13, 14, 10]",0.1506
2024,8,12,1,198,15796,79.78,0,6,2456,0.1555,1233,1223,100,14.12,9.0,1889,372,58,137,14,0.0377,"{""IC"": 2007, ""S"": 320, ""HDM"": 84, ""MUS"": 1, ""MV"": 44}","[5, 6, 9, 7, 8, 11, 10, 12, 13, 15]",0.1453
2024,8,13,2,231,15018,65.01,0,24,1588,0.1057,796,792,76,9.35,6.0,1433,101,30,24,12,0.0538,"{""S"": 387, ""IC"": 1050, ""HDM"": 24, ""PYO"": 1, ""MV"": 126}","[5, 6, 7, 8, 10, 11, 9, 12, 14, 13]",0.1423
2024,8,14,3,218,16344,74.97,3,660,2708,0.1657,1356,1352,85,19.82,8.0,1845,295,278,290,13,0.0313,"{""IC"": 1970, ""S"": 338, ""PYO"": 349, ""HDM"": 48, ""MV"": 3}","[5, 6, 7, 8, 10, 9, 19, 12, 11, 16]",0.1396
2024,8,15,4,203,16582,81.68,0,0,3514,0.2119,1752,1762,82,13.1,9.0,2522,716,223,53,13,0.0282,"{""IC"": 2803, ""S"": 223, ""PYO"": 374, ""HDM"": 83, ""MV"": 31}","[5, 6, 7, 8, 10, 9, 11, 12, 13, 14]",0.1571
2024,8,16,5,216,18050,83.56,2,62,4645,0.2573,2324,2321,49,12.21,10.0,3269,1232,144,0,30,0.0272,"{""S"": 705, ""IC"": 3449, ""PYO"": 262, ""HDM"": 173, ""MUS"": 24, ""MV"": 32}","[5, 6, 7, 8, 9, 10, 11, 12, 13, 17]",0.1757
2024,8,17,6,189,16054,84.94,1,38,1875,0.1168,942,933,80,14.86,8.0,1424,150,247,54,8,0.044,"{""IC"": 1126, ""S"": 252, ""PYO"": 446, ""HDM"": 29, ""MUS"": 3, ""MV"": 19}","[5, 6, 7, 8, 9, 10, 13, 11, 12, 16]",0.1689
2024,8,18,7,182,15746,86.52,0,32,3440,0.2185,1719,1721,107,14.64,9.0,2416,626,286,112,16,0.0293,"{""IC"": 2695, ""S"": 421, ""PYO"": 237, ""HDM"": 85, ""MV"": 2}","[5, 6, 7, 8, 9, 10, 11, 12, 14, 15]",0.1759
2024,8,19,1,204,16194,79.38,0,4,2427,0.1499,1224,1203,36,10.98,8.0,1861,511,55,0,16,0.0382,"{""IC"": 1989, ""S"": 232, ""HDM"": 71, ""PYO"": 3, ""MV"": 132}","[5, 6, 7, 8, 9, 10, 13, 12, 14, 11]",0.1751
2024,8,20,2,218,14200,65.14,0,4,1766,0.1244,888,878,69,11.95,9.0,1297,377,77,15,20,0.0502,"{""IC"": 1382, ""S"": 261, ""HDM"": 123}","[5, 6, 7, 8, 10, 9, 11, 15, 16, 18]",0.1778
2024,8,21,3,213,15664,73.54,0,158,3774,0.2409,1887,1887,98,26.87,18.0,1641,780,970,383,27,0.0207,"{""IC"": 2867, ""S"": 550, ""PYO"": 237, ""HDM"": 84, ""MV"": 36}","[5, 6, 7, 10, 9, 8, 11, 12, 17, 13]",0.1885
2024,8,22,4,202,16628,82.32,0,4,2951,0.1775,1485,1466,49,9.96,8.0,2439,472,40,0,12,0.0406,"{""IC"": 2162, ""S"": 369, ""PYO"": 331, ""HDM"": 30, ""MV"": 59}","[5, 6, 7, 8, 9, 10, 13, 11, 12, 14]",0.1836
2024,8,23,5,214,18018,84.2,1,44,3932,0.2182,1974,1958,53,12.78,9.0,2823,832,277,0,18,0.0284,"{""S"": 741, ""IC"": 2711, ""PYO"": 378, ""HDM"": 90, ""MV"": 11, ""V"": 1}","[5, 6, 7, 8, 9, 10, 12, 11, 19, 13]",0.178
2024,8,24,6,177,15960,90.17,1,42,2807,0.1759,1406,1401,50,12.96,9.0,1946,681,180,0,19,0.0338,"{""IC"": 1854, ""S"": 474, ""PYO"": 429, ""HDM"": 35, ""MUS"": 9, ""MV"": 6}","[5, 6, 8, 7, 9, 10, 13, 11, 12, 16]",0.1865
2024,8,25,7,179,15654,87.45,3,104,3238,0.2068,1623,1615,153,12.11,9.0,2463,720,13,42,14,0.0378,"{""IC"": 2297, ""S"": 675, ""PYO"": 178, ""HDM"": 77, ""MV"": 11}","[5, 6, 7, 8, 10, 11, 13, 9, 14, 15]",0.1848
2024,8,26,1,196,16018,81.72,1,14,2732,0.1706,1375,1357,38,10.51,8.0,2198,496,38,0,10,0.0381,"{""S"": 459, ""IC"": 2187, ""HDM"": 52, ""PYO"": 26, ""MV"": 8}","[5, 6, 7, 8, 10, 11, 9, 14, 12, 13]",0.1878
2024,8,27,2,231,15220,65.89,0,4,2031,0.1334,1012,1019,45,11.88,9.0,1498,464,69,0,17,0.0442,"{""IC"": 1536, ""S"": 430, ""HDM"": 65}","[5, 8, 7, 6, 14, 9, 10, 13, 15, 12]",0.189
2024,8,28,3,222,16968,76.43,1,220,4476,0.2638,2246,2230,124,22.08,13.0,2412,878,860,326,20,0.0265,"{""IC"": 3284, ""S"": 725, ""PYO"": 349, ""HDM"": 69, ""MUS"": 6, ""MV"": 27, ""V"": 16}","[5, 6, 7, 8, 9, 10, 11, 12, 15, 16]",0.1923
2024,8,29,4,210,17582,83.72,1,184,3551,0.202,1787,1764,190,17.48,8.0,2911,334,135,171,11,0.0325,"{""IC"": 2559, ""S"": 597, ""PYO"": 246, ""HDM"": 94, ""MV"": 55}","[5, 6, 7, 8, 9, 10, 11, 12, 13, 14]",0.1958
2024,8,30,5,214,18376,85.87,2,96,6579,0.358,3305,3274,63,17.14,14.0,3428,2165,973,13,29,0.0212,"{""IC"": 4736, ""S"": 1111, ""PYO"": 507, ""HDM"": 186, ""MV"": 39}","[6, 5, 9, 7, 8, 10, 11, 12, 13, 14]",0.2158
2024,8,31,6,177,14334,80.98,3,66,4052,0.2827,2034,2018,95,13.81,10.0,2878,858,275,41,28,0.0321,"{""IC"": 3022, ""S"": 544, ""PYO"": 323, ""HDM"": 159, ""MV"": 4}","[5, 6, 9, 10, 8, 7, 12, 13, 11, 14]",0.231
2024,9,1,7,180,14662,81.46,3,514,5990,0.4085,3009,2981,747,40.67,14.0,3015,1518,767,690,37,0.0143,"{""IC"": 4102, ""S"": 929, ""PYO"": 683, ""HDM"": 193, ""MV"": 83}","[5, 7, 8, 6, 10, 12, 11, 9, 13, 15]",0.2599
2024,9,2,1,205,16930,82.59,9,744,5425,0.3204,2715,2710,208,32.03,15.0,2671,1185,474,1095,22,0.0141,"{""IC"": 3810, ""S"": 1142, ""HDM"": 113, ""PYO"": 334, ""MV"": 26}","[5, 6, 7, 9, 10, 8, 11, 12, 19, 16]",0.2813
2024,9,3,2,232,15612,67.29,4,168,3121,0.1999,1569,1552,92,17.01,11.0,1991,658,360,112,26,0.0311,"{""IC"": 2178, ""S"": 737, ""HDM"": 127, ""MV"": 79}","[5, 6, 7, 9, 8, 11, 10, 12, 13, 18]",0.2908
2024,9,4,3,222,17082,76.95,2,192,3288,0.1925,1659,1629,109,13.82,9.0,2401,653,119,115,12,0.0314,"{""IC"": 2224, ""S"": 510, ""PYO"": 459, ""HDM"": 13, ""MV"": 82}","[5, 6, 7, 8, 9, 11, 10, 12, 16, 17]",0.2806
2024,9,5,4,211,17902,84.84,1,114,4443,0.2482,2226,2217,119,14.5,9.0,3404,646,243,150,22,0.0241,"{""IC"": 2939, ""S"": 770, ""PYO"": 576, ""HDM"": 105, ""MUS"": 10, ""MV"": 43}","[5, 6, 7, 8, 10, 9, 11, 12, 13, 14]",0.2872
2024,9,6,5,214,18672,87.25,3,126,4333,0.2321,2175,2158,98,16.02,10.0,2968,888,267,210,17,0.026,"{""IC"": 3010, ""S"": 490, ""PYO"": 568, ""HDM"": 132, ""MV"": 133}","[5, 6, 7, 8, 11, 10, 12, 9, 13, 14]",0.2692
2024,9,7,6,186,14904,80.13,3,74,2857,0.1917,1429,1428,52,9.33,8.0,2540,277,40,0,13,0.0403,"{""IC"": 2089, ""S"": 424, ""PYO"": 326, ""HDM"": 16, ""MUS"": 2}","[5, 6, 7, 9, 8, 10, 12, 11, 13, 14]",0.2562
2024,9,8,7,182,14614,80.3,0,4,3566,0.244,1789,1777,113,19.54,10.0,2301,578,409,278,18,0.0258,"{""IC"": 2848, ""S"": 481, ""PYO"": 164, ""HDM"": 49, ""MUS"": 13, ""MV"": 11}","[5, 6, 7, 8, 9, 11, 10, 12, 13, 15]",0.2327
2024,9,9,1,212,17570,82.88,2,40,2576,0.1466,1310,1266,107,13.62,8.0,2073,250,182,71,11,0.0445,"{""IC"": 1720, ""S"": 460, ""PYO"": 288, ""HDM"": 93, ""P"": 10, ""MV"": 5}","[5, 6, 7, 8, 9, 10, 13, 12, 11, 14]",0.2079
2024,9,10,2,204,17412,85.35,0,4,2642,0.1517,1333,1309,66,10.68,8.0,2111,500,21,10,14,0.0408,"{""IC"": 2030, ""S"": 383, ""PYO"": 149, ""HDM"": 60, ""MV"": 20}","[5, 6, 7, 9, 8, 10, 14, 11, 12, 13]",0.201
2024,9,11,3,200,17214,86.07,0,4,2420,0.1406,1208,1212,37,9.12,7.0,2092,287,41,0,12,0.049,"{""IC"": 1753, ""S"": 552, ""PYO"": 88, ""HDM"": 27}","[5, 6, 7, 8, 9, 11, 10, 15, 13, 14]",0.1936
2024,9,12,4,202,17608,87.17,0,40,3318,0.1884,1667,1651,60,12.46,9.0,2406,711,198,3,18,0.0345,"{""IC"": 2277, ""S"": 669, ""PYO"": 291, ""HDM"": 79, ""MV"": 2}","[5, 6, 7, 8, 9, 10, 11, 12, 20, 16]",0.185
2024,9,13,5,219,18770,85.71,0,4,3037,0.1618,1530,1507,49,11.34,8.0,2324,557,156,0,17,0.0427,"{""IC"": 2207, ""S"": 547, ""PYO"": 127, ""HDM"": 115, ""MV"": 41}","[5, 6, 7, 8, 9, 10, 14, 11, 16, 15]",0.175
2024,9,14,6,178,14680,82.47,1,42,2402,0.1636,1210,1192,94,12.5,8.0,2029,225,89,59,12,0.04,"{""IC"": 1717, ""S"": 215, ""PYO"": 404, ""HDM"": 66}","[5, 6, 7, 8, 9, 10, 11, 13, 12, 14]",0.171
2024,9,15,7,175,14520,82.97,2,172,3464,0.2386,1736,1728,184,25.86,11.0,2111,567,315,471,19,0.0201,"{""IC"": 2347, ""S"": 558, ""PYO"": 448, ""HDM"": 75, ""MV"": 36}","[5, 6, 7, 8, 11, 9, 10, 12, 15, 13]",0.1702
2024,9,16,1,202,17368,85.98,3,46,3312,0.1907,1663,1649,72,14.62,9.0,2375,579,237,121,11,0.0287,"{""IC"": 2112, ""S"": 881, ""PYO"": 274, ""HDM"": 30, ""MV"": 15}","[5, 6, 7, 8, 9, 12, 10, 11, 14, 13]",0.1765
2024,9,17,2,199,17298,86.92,0,4,2427,0.1403,1223,1204,49,10.87,8.0,1991,336,100,0,9,0.0437,"{""IC"": 1857, ""S"": 349, ""PYO"": 189, ""HDM"": 32}","[5, 6, 7, 8, 9, 11, 12, 10, 14, 18]",0.1749
2024,9,18,3,199,17242,86.64,0,4,2075,0.1203,1044,1031,71,13.46,8.0,1456,334,271,14,11,0.0465,"{""S"": 316, ""IC"": 1578, ""PYO"": 90, ""HDM"": 79, ""MV"": 12}","[5, 6, 7, 8, 9, 11, 15, 10, 12, 23]",0.172
2024,9,19,4,207,17692,85.47,2,36,3517,0.1988,1767,1750,65,15.54,11.0,2163,801,530,23,24,0.0295,"{""IC"": 2519, ""S"": 473, ""PYO"": 296, ""HDM"": 144, ""MV"": 85}","[5, 6, 7, 8, 9, 10, 11, 17, 13, 12]",0.1734
2024,9,20,5,215,18754,87.23,3,82,3243,0.1729,1618,1625,99,10.56,8.0,2679,514,6,44,13,0.04,"{""IC"": 2245, ""S"": 510, ""PYO"": 311, ""HDM"": 72, ""MV"": 13, ""V"": 92}","[5, 6, 7, 8, 9, 10, 11, 12, 14, 16]",0.175
2024,9,21,6,183,15654,85.54,3,196,1265,0.0808,639,626,31,9.55,8.0,1090,170,5,0,5,0.0683,"{""IC"": 1006, ""S"": 107, ""PYO"": 84, ""HDM"": 9, ""MUS"": 34, ""MV"": 1, ""V"": 24}","[5, 8, 6, 10, 7, 9, 11, 12, 13, 14]",0.1632
2024,9,22,7,182,14312,78.64,1,52,1548,0.1082,775,773,58,11.52,9.0,1231,260,57,0,13,0.0534,"{""IC"": 941, ""S"": 253, ""PYO"": 282, ""HDM"": 30, ""MUS"": 27, ""MV"": 15}","[5, 6, 7, 8, 14, 11, 13, 10, 12, 9]",0.1446
2024,9,23,1,207,17478,84.43,0,138,2148,0.1229,1082,1066,290,42.84,10.0,1380,143,264,361,8,0.0234,"{""S"": 306, ""IC"": 1188, ""PYO"": 509, ""HDM"": 45, ""MV"": 100}","[5, 6, 7, 8, 9, 10, 11, 13, 12, 155]",0.1349
2024,9,24,2,209,17598,84.2,6,170,2518,0.1431,1267,1251,110,14.53,9.0,1768,427,316,7,13,0.0405,"{""IC"": 1445, ""S"": 689, ""PYO"": 254, ""HDM"": 48, ""MV"": 82}","[5, 6, 7, 8, 9, 10, 11, 12, 13, 41]",0.1353
2024,9,25,3,208,17538,84.32,5,222,2917,0.1663,1476,1441,115,19.74,9.0,1992,355,259,311,14,0.0311,"{""IC"": 1885, ""S"": 625, ""PYO"": 220, ""HDM"": 104, ""MV"": 83}","[5, 6, 7, 8, 10, 9, 11, 65, 13, 12]",0.1419
2024,9,26,4,208,17646,84.84,4,148,3415,0.1935,1720,1695,125,19.48,10.0,2288,682,158,287,10,0.0276,"{""S"": 481, ""IC"": 2378, ""PYO"": 415, ""HDM"": 67, ""MV"": 74}","[5, 6, 7, 8, 9, 13, 11, 10, 12, 17]",0.1411
2024,9,27,5,209,18266,87.4,1,60,4248,0.2326,2123,2125,375,33.23,11.0,2657,684,207,700,13,0.0211,"{""IC"": 2777, ""S"": 712, ""PYO"": 685, ""HDM"": 69, ""MV"": 5}","[5, 6, 8, 7, 11, 9, 10, 12, 13, 14]",0.1496
2024,9,28,6,193,16338,84.65,9,420,2182,0.1336,1094,1088,173,18.36,7.0,1815,171,26,170,12,0.041,"{""IC"": 1282, ""S"": 404, ""PYO"": 215, ""HDM"": 38, ""MUS"": 5, ""MV"": 238}","[5, 6, 7, 8, 9, 10, 12, 13, 14, 15]",0.1572
2024,9,29,7,176,14710,83.58,2,132,2557,0.1738,1281,1276,128,19.68,8.0,1808,370,179,200,14,0.0289,"{""IC"": 1907, ""S"": 396, ""PYO"": 229, ""HDM"": 17, ""MV"": 8}","[5, 6, 7, 8, 10, 9, 11, 12, 117, 27]",0.1665
2024,9,30,1,205,17410,84.93,2,32,2463,0.1415,1243,1220,40,12.44,8.0,1757,499,207,0,9,0.042,"{""IC"": 1906, ""S"": 420, ""PYO"": 80, ""HDM"": 53, ""MV"": 4}","[5, 6, 7, 8, 9, 12, 22, 10, 29, 28]",0.1692
2024,10,1,2,200,17336,86.68,0,4,2200,0.1269,1109,1091,66,9.52,8.0,1916,235,48,1,6,0.0529,"{""IC"": 1602, ""S"": 353, ""PYO"": 171, ""HDM"": 46, ""MV"": 28}","[5, 6, 7, 8, 9, 10, 11, 12, 13, 15]",0.1669
2024,10,2,3,202,17358,85.93,1,42,2672,0.1539,1338,1334,76,13.08,8.0,2022,462,146,42,13,0.0379,"{""IC"": 1881, ""S"": 486, ""PYO"": 218, ""HDM"": 81, ""MV"": 6}","[5, 6, 7, 9, 8, 10, 11, 13, 12, 19]",0.1651
2024,10,3,4,204,17438,85.48,2,58,2545,0.1459,1276,1269,78,13.2,8.0,1832,452,238,23,14,0.0389,"{""IC"": 1869, ""S"": 235, ""PYO"": 338, ""HDM"": 95, ""MV"": 8}","[5, 6, 7, 8, 10, 9, 16, 12, 11, 13]",0.1583
2024,10,4,5,210,18348,87.37,0,28,3655,0.1992,1834,1821,120,20.11,8.0,2586,319,405,345,18,0.028,"{""IC"": 2074, ""S"": 972, ""PYO"": 470, ""HDM"": 101, ""MV"": 38}","[5, 6, 7, 8, 9, 10, 11, 14, 12, 13]",0.1535
2024,10,5,6,173,15466,89.4,0,4,1831,0.1184,923,908,47,9.36,8.0,1647,152,32,0,4,0.052,"{""S"": 304, ""IC"": 1289, ""PYO"": 193, ""HDM"": 37, ""MUS"": 2, ""MV"": 6}","[5, 6, 7, 8, 9, 10, 11, 14, 12, 13]",0.1514
2024,10,6,7,174,15278,87.8,1,142,2174,0.1423,1096,1078,53,8.48,7.0,1980,157,37,0,1,0.0458,"{""IC"": 1548, ""S"": 360, ""PYO"": 157, ""HDM"": 27, ""MV"": 82}","[5, 6, 7, 8, 9, 10, 12, 11, 18, 20]",0.1469
2024,10,7,1,192,17346,90.34,2,194,2845,0.164,1430,1415,84,14.26,10.0,1979,621,208,37,14,0.037,"{""IC"": 1950, ""S"": 374, ""PYO"": 250, ""HDM"": 74, ""MV"": 197}","[5, 6, 8, 7, 12, 10, 9, 13, 15, 11]",0.1501
2024,10,8,2,204,17610,86.32,9,246,1758,0.0998,891,867,173,9.87,8.0,1548,153,55,2,4,0.0621,"{""IC"": 1192, ""S"": 235, ""PYO"": 227, ""HDM"": 22, ""MV"": 82}","[5, 6, 7, 8, 10, 9, 13, 11, 12, 14]",0.1462
2024,10,9,3,201,17450,86.82,0,36,3567,0.2044,1798,1769,118,18.77,7.0,2623,377,241,326,10,0.0268,"{""IC"": 1951, ""S"": 800, ""PYO"": 642, ""HDM"": 129, ""MV"": 45}","[5, 6, 7, 8, 9, 10, 11, 13, 12, 14]",0.1534
2024,10,10,4,205,17772,86.69,4,670,3689,0.2076,1844,1845,105,19.52,9.0,2409,444,640,196,24,0.0286,"{""S"": 597, ""IC"": 2642, ""PYO"": 183, ""HDM"": 153, ""MV"": 114}","[5, 6, 7, 8, 9, 10, 11, 12, 14, 15]",0.1622
2024,10,11,5,217,18604,85.73,2,52,3019,0.1623,1513,1506,94,11.79,7.0,2427,406,129,57,12,0.0366,"{""IC"": 1785, ""S"": 757, ""PYO"": 392, ""HDM"": 59, ""MV"": 26}","[5, 6, 7, 8, 9, 10, 11, 12, 14, 17]",0.157
2024,10,12,6,182,15934,87.55,4,80,1783,0.1119,890,893,75,12.07,7.0,1548,113,11,111,7,0.0456,"{""IC"": 1149, ""S"": 255, ""PYO"": 364, ""HDM"": 6, ""MV"": 9}","[5, 6, 7, 8, 9, 10, 13, 12, 11, 14]",0.156
2024,10,13,7,178,15558,87.4,1,18,1860,0.1196,932,928,44,8.6,7.0,1700,128,32,0,7,0.0597,"{""IC"": 1153, ""S"": 416, ""PYO"": 190, ""HDM"": 53, ""MV"": 48}","[5, 6, 7, 8, 9, 11, 10, 12, 13, 17]",0.1528
2024,10,14,1,204,17654,86.54,1,66,2329,0.1319,1157,1172,64,12.69,8.0,1881,111,336,1,14,0.0412,"{""IC"": 1594, ""S"": 506, ""PYO"": 193, ""HDM"": 17, ""MV"": 19}","[5, 6, 7, 8, 9, 10, 11, 12, 13, 35]",0.1482
2024,10,15,2,199,16246,81.64,0,4,1994,0.1227,1001,993,67,7.85,7.0,1887,104,0,3,9,0.0495,"{""S"": 423, ""IC"": 1452, ""HDM"": 13, ""PYO"": 6, ""MV"": 100}","[5, 6, 7, 8, 9, 10, 12, 11, 13, 14]",0.1515
2024,10,16,3,204,17748,87.0,1,18,2388,0.1346,1190,1198,41,9.2,8.0,2108,226,54,0,10,0.0446,"{""IC"": 1595, ""S"": 388, ""PYO"": 321, ""HDM"": 84}","[5, 6, 7, 8, 9, 10, 12, 11, 13, 14]",0.1415
2024,10,17,4,204,17616,86.35,1,34,3396,0.1928,1704,1692,166,20.75,9.0,2398,432,242,324,14,0.0305,"{""IC"": 2488, ""S"": 515, ""PYO"": 231, ""HDM"": 98, ""MV"": 64}","[5, 6, 7, 8, 9, 12, 10, 11, 13, 15]",0.1394
2024,10,18,5,212,18384,86.72,1,90,3190,0.1735,1598,1592,108,18.8,9.0,2253,403,221,313,11,0.0244,"{""IC"": 1868, ""S"": 614, ""PYO"": 603, ""HDM"": 67, ""MV"": 38}","[5, 6, 7, 8, 10, 9, 11, 13, 14, 15]",0.141
2024,10,19,6,181,15886,87.77,2,82,2099,0.1321,1051,1048,44,11.1,7.0,1656,265,178,0,8,0.0446,"{""IC"": 1376, ""S"": 310, ""PYO"": 380, ""HDM"": 25, ""MV"": 8}","[5, 6, 7, 8, 9, 10, 11, 18, 13, 29]",0.1439
2024,10,20,7,176,15500,88.07,0,4,3184,0.2054,1595,1589,47,10.19,8.0,2693,401,90,0,15,0.0384,"{""IC"": 2234, ""S"": 534, ""PYO"": 297, ""HDM"": 99, ""MV"": 20}","[5, 6, 7, 8, 9, 10, 11, 12, 13, 14]",0.1561
2024,10,21,1,201,17542,87.27,0,4,3492,0.1991,1758,1734,49,10.23,7.0,2720,731,41,0,12,0.0334,"{""IC"": 2505, ""S"": 705, ""PYO"": 185, ""HDM"": 97}","[5, 6, 7, 8, 11, 9, 10, 12, 15, 13]",0.1657
2024,10,22,2,200,16236,81.18,1,66,2379,0.1465,1192,1187,143,21.57,9.0,1680,353,94,252,14,0.0291,"{""IC"": 1984, ""S"": 306, ""HDM"": 64, ""MV"": 25}","[5, 6, 7, 8, 9, 10, 11, 12, 24, 23]",0.1691
2024,10,23,3,198,16150,81.57,1,62,3380,0.2093,1699,1681,353,16.08,11.0,2253,596,503,28,18,0.0351,"{""IC"": 2465, ""S"": 776, ""HDM"": 138, ""PYO"": 1}","[5, 6, 7, 9, 8, 13, 14, 11, 10, 12]",0.1798
2024,10,24,4,206,17614,85.5,1,34,3996,0.2269,2001,1995,57,11.93,9.0,3017,725,254,0,17,0.0281,"{""IC"": 3109, ""S"": 383, ""PYO"": 403, ""HDM"": 71, ""MV"": 30}","[5, 6, 7, 8, 10, 9, 11, 12, 13, 14]",0.1847
2024,10,25,5,210,18474,87.97,0,4,2784,0.1507,1397,1387,65,13.92,8.0,1950,475,321,38,9,0.0359,"{""IC"": 1884, ""S"": 490, ""PYO"": 307, ""HDM"": 37, ""MV"": 66}","[5, 6, 7, 8, 9, 12, 13, 15, 10, 11]",0.1814
2024,10,26,6,174,15660,90.0,0,4,2359,0.1506,1181,1178,84,25.9,14.0,1215,396,241,507,9,0.0364,"{""S"": 416, ""IC"": 1025, ""PYO"": 825, ""HDM"": 8, ""MUS"": 5, ""MV"": 80}","[5, 6, 7, 61, 60, 8, 62, 14, 15, 63]",0.1841
2024,10,27,7,174,15416,88.6,4,224,3950,0.2562,1978,1972,95,18.02,11.0,2278,856,746,70,22,0.0234,"{""S"": 1082, ""IC"": 2509, ""PYO"": 224, ""HDM"": 75, ""MUS"": 25, ""MV"": 35}","[5, 6, 7, 8, 9, 10, 11, 13, 15, 21]",0.1913
2024,10,28,1,191,17272,90.43,7,292,2077,0.1203,1034,1043,150,12.22,7.0,1743,190,88,56,13,0.0419,"{""IC"": 1043, ""S"": 533, ""PYO"": 329, ""HDM"": 10, ""MV"": 162}","[5, 6, 7, 10, 8, 9, 11, 12, 14, 13]",0.1801
2024,10,29,2,210,17764,84.59,5,104,2741,0.1543,1369,1372,60,10.17,7.0,2250,418,72,1,10,0.0435,"{""IC"": 1692, ""S"": 822, ""PYO"": 209, ""HDM"": 14, ""MV"": 4}","[5, 6, 7, 8, 9, 11, 10, 12, 13, 14]",0.1812
2024,10,30,3,207,17672,85.37,3,102,3741,0.2117,1871,1870,136,20.78,12.0,2170,607,765,199,19,0.0245,"{""IC"": 2227, ""S"": 896, ""PYO"": 521, ""HDM"": 69, ""MV"": 28}","[5, 6, 7, 8, 10, 9, 36, 13, 12, 15]",0.1815
2024,10,31,4,201,17512,87.12,0,0,5205,0.2972,2620,2585,203,16.09,9.0,3805,696,593,111,19,0.0233,"{""IC"": 3869, ""S"": 789, ""PYO"": 479, ""HDM"": 68}","[5, 6, 8, 7, 9, 10, 11, 12, 13, 15]",0.1916
2024,11,1,5,213,18554,87.11,0,0,5134,0.2767,2588,2546,123,12.46,8.0,4087,696,239,112,11,0.0223,"{""S"": 705, ""IC"": 3677, ""PYO"": 545, ""HDM"": 94, ""MV"": 113}","[5, 6, 7, 8, 9, 10, 11, 12, 13, 14]",0.2096
2024,11,2,6,182,16026,88.05,1,70,3959,0.247,1987,1972,120,21.15,11.0,2289,722,705,243,21,0.0217,"{""S"": 578, ""IC"": 2623, ""PYO"": 447, ""HDM"": 104, ""MV"": 169, ""V"": 38}","[5, 6, 8, 7, 9, 10, 11, 12, 13, 25]",0.2233
2024,11,3,7,178,15504,87.1,1,16,4952,0.3194,2474,2478,125,12.09,9.0,3715,1068,135,34,25,0.0265,"{""IC"": 3655, ""S"": 894, ""PYO"": 294, ""HDM"": 73, ""MV"": 36}","[5, 6, 7, 8, 9, 11, 10, 12, 15, 13]",0.2324
2024,11,4,1,200,17370,86.85,0,0,3524,0.2029,1775,1749,67,12.0,8.0,2776,533,163,52,10,0.0327,"{""IC"": 2176, ""S"": 751, ""PYO"": 472, ""HDM"": 76, ""MV"": 49}","[5, 6, 8, 7, 9, 12, 13, 10, 14, 11]",0.2442
2024,11,5,2,203,17286,85.15,3,88,2635,0.1524,1330,1305,59,11.45,8.0,2155,331,149,0,7,0.0386,"{""S"": 494, ""IC"": 1967, ""PYO"": 134, ""HDM"": 23, ""MV"": 17}","[5, 6, 7, 8, 9, 10, 11, 12, 13, 14]",0.2439
2024,11,6,3,200,17198,85.99,0,0,3191,0.1855,1612,1579,75,17.82,10.0,1902,711,491,87,6,0.0263,"{""IC"": 2251, ""S"": 537, ""PYO"": 369, ""HDM"": 34}","[5, 6, 7, 8, 9, 19, 10, 12, 13, 20]",0.2402
2024,11,7,4,203,17354,85.49,0,38,2730,0.1573,1372,1358,65,13.37,8.0,1896,582,224,28,9,0.0368,"{""IC"": 1990, ""S"": 243, ""PYO"": 393, ""HDM"": 73, ""MV"": 31}","[5, 6, 8, 7, 9, 13, 14, 10, 19, 11]",0.2202
2024,11,8,5,217,18360,84.61,9,134,2391,0.1302,1198,1193,82,11.48,7.0,2039,225,35,92,13,0.0412,"{""IC"": 1627, ""S"": 200, ""PYO"": 343, ""HDM"": 60, ""MV"": 161}","[5, 6, 7, 8, 9, 10, 11, 13, 14, 12]",0.1992
2024,11,9,6,186,16592,89.2,4,420,1602,0.0966,805,797,34,8.96,7.0,1422,165,15,0,11,0.0619,"{""S"": 203, ""IC"": 930, ""PYO"": 333, ""HDM"": 42, ""MV"": 94}","[5, 6, 7, 8, 9, 11, 12, 10, 13, 14]",0.1778
2024,11,10,7,178,15618,87.74,3,156,2177,0.1394,1091,1086,44,10.26,9.0,1806,330,41,0,15,0.0422,"{""IC"": 1419, ""S"": 339, ""PYO"": 317, ""HDM"": 64, ""MV"": 38}","[5, 6, 9, 7, 8, 10, 14, 11, 15, 13]",0.152
2024,11,11,1,205,17344,84.6,8,154,2526,0.1456,1264,1262,59,10.89,8.0,2034,367,125,0,7,0.0369,"{""S"": 475, ""IC"": 1894, ""PYO"": 107, ""HDM"": 8, ""MV"": 42}","[5, 6, 7, 9, 8, 10, 14, 11, 12, 13]",0.1439
2024,11,12,2,200,17194,85.97,4,72,2064,0.12,1029,1035,43,10.57,7.0,1707,258,99,0,8,0.0427,"{""IC"": 1438, ""S"": 416, ""PYO"": 172, ""HDM"": 38}","[5, 6, 7, 9, 8, 10, 12, 13, 11, 15]",0.1392
2024,11,13,3,200,17198,85.99,0,0,1974,0.1148,986,988,47,8.74,7.0,1688,285,1,0,8,0.0477,"{""IC"": 1353, ""S"": 391, ""PYO"": 192, ""HDM"": 38}","[5, 6, 7, 9, 8, 10, 12, 11, 13, 16]",0.1291
2024,11,14,4,201,17212,85.63,1,30,2558,0.1486,1290,1268,121,14.05,9.0,1894,310,334,20,10,0.0358,"{""IC"": 1973, ""S"": 303, ""PYO"": 245, ""HDM"": 37}","[5, 6, 8, 7, 9, 10, 11, 16, 14, 15]",0.1279
2024,11,15,5,212,18038,85.08,3,86,3719,0.2062,1853,1866,145,12.33,9.0,2911,584,198,26,16,0.0327,"{""IC"": 2463, ""S"": 804, ""PYO"": 377, ""HDM"": 56, ""MV"": 19}","[5, 6, 7, 9, 8, 10, 12, 11, 13, 14]",0.1387
2024,11,16,6,180,15946,88.59,1,38,2756,0.1728,1376,1380,76,15.55,10.0,1905,521,230,100,11,0.0305,"{""IC"": 1780, ""S"": 502, ""PYO"": 408, ""HDM"": 56, ""MV"": 10}","[5, 6, 7, 10, 11, 9, 8, 12, 14, 13]",0.1496
2024,11,17,7,175,15616,89.23,1,152,1962,0.1256,982,980,74,9.37,7.0,1700,248,13,1,6,0.0478,"{""S"": 498, ""IC"": 1200, ""PYO"": 200, ""HDM"": 43, ""MV"": 21}","[5, 6, 7, 8, 9, 10, 11, 14, 12, 15]",0.1477
2024,11,18,1,201,17204,85.59,0,0,4144,0.2409,2075,2069,58,12.66,11.0,2958,1023,163,0,18,0.0264,"{""IC"": 3208, ""S"": 506, ""PYO"": 324, ""HDM"": 106}","[5, 6, 14, 10, 7, 13, 8, 12, 11, 9]",0.1613
2024,11,19,2,204,17256,84.59,0,0,4747,0.2751,2384,2363,86,16.39,11.0,2829,1333,455,130,21,0.0237,"{""IC"": 3800, ""S"": 728, ""PYO"": 127, ""HDM"": 50, ""MV"": 42}","[5, 6, 7, 8, 9, 10, 12, 19, 11, 29]",0.1834
2024,11,20,3,203,17256,85.0,1,62,6425,0.3723,3232,3193,436,53.5,11.0,3697,966,705,1057,19,0.0137,"{""S"": 1220, ""IC"": 4234, ""PYO"": 833, ""HDM"": 132, ""MV"": 6}","[5, 6, 8, 7, 9, 10, 11, 12, 23, 14]",0.2202
2024,11,21,4,210,17606,83.84,18,1238,11891,0.6754,5952,5939,243,63.14,52.0,2022,1562,2919,5388,78,0.0112,"{""IC"": 9057, ""S"": 1750, ""PYO"": 772, ""HDM"": 172, ""MV"": 140}","[5, 6, 8, 7, 9, 32, 21, 45, 10, 11]",0.2955
2024,11,22,5,223,18604,83.43,7,168,7781,0.4182,3897,3884,199,29.31,14.0,4056,1528,1113,1084,35,0.0119,"{""S"": 1526, ""IC"": 4932, ""PYO"": 1012, ""HDM"": 47, ""MUS"": 3, ""MV"": 235, ""V"": 26}","[5, 6, 7, 8, 9, 11, 10, 15, 16, 13]",0.3258
2024,11,23,6,194,16258,83.8,5,188,5885,0.362,2944,2941,100,16.2,10.0,3955,1187,527,216,23,0.0206,"{""IC"": 4082, ""S"": 1031, ""PYO"": 552, ""HDM"": 90, ""MUS"": 42, ""MV"": 88}","[5, 6, 7, 8, 9, 10, 12, 13, 11, 14]",0.3528
2024,11,24,7,183,15870,86.72,3,80,5361,0.3378,2692,2669,109,16.15,9.0,3770,1015,342,234,23,0.0183,"{""S"": 734, ""IC"": 4058, ""PYO"": 453, ""HDM"": 63, ""MUS"": 5, ""MV"": 36, ""V"": 12}","[5, 6, 7, 8, 9, 13, 14, 15, 11, 10]",0.3831
2024,11,25,1,203,17870,88.03,6,368,6310,0.3531,3158,3152,126,22.47,11.0,3861,870,997,582,29,0.018,"{""IC"": 4449, ""S"": 1298, ""PYO"": 440, ""HDM"": 121, ""MV"": 2}","[5, 6, 7, 10, 8, 9, 11, 13, 14, 12]",0.3991
2024,11,26,2,209,18052,86.37,4,226,4492,0.2488,2261,2231,157,16.16,10.0,3156,937,171,228,23,0.0245,"{""S"": 985, ""IC"": 3088, ""PYO"": 273, ""HDM"": 57, ""MV"": 89}","[5, 6, 7, 8, 9, 10, 11, 13, 12, 14]",0.3954
2024,11,27,3,203,18048,88.91,9,194,3002,0.1663,1504,1498,71,10.37,7.0,2579,292,88,43,9,0.0377,"{""IC"": 1997, ""S"": 599, ""PYO"": 394, ""HDM"": 12}","[5, 6, 8, 7, 9, 10, 11, 13, 12, 15]",0.3659
2024,11,28,4,205,18068,88.14,6,148,3558,0.1969,1778,1780,146,22.67,11.0,2075,573,515,395,18,0.0244,"{""IC"": 2988, ""S"": 262, ""PYO"": 258, ""HDM"": 47, ""MV"": 3}","[5, 6, 7, 10, 8, 9, 11, 12, 13, 14]",0.2976
2024,11,29,5,212,18810,88.73,5,116,3226,0.1715,1612,1614,134,14.22,8.0,2401,413,358,54,9,0.0347,"{""IC"": 2099, ""S"": 783, ""PYO"": 281, ""HDM"": 61, ""MV"": 2}","[5, 6, 7, 8, 9, 10, 11, 12, 15, 14]",0.2623
2024,11,30,6,188,16236,86.36,3,86,2224,0.137,1121,1103,53,12.5,7.0,1673,317,234,0,8,0.0409,"{""IC"": 1640, ""S"": 234, ""PYO"": 194, ""HDM"": 78, ""MUS"": 78}","[5, 6, 7, 8, 10, 9, 11, 20, 12, 21]",0.2302
2024,12,1,7,174,15658,89.99,0,0,2227,0.1422,1111,1116,52,8.77,6.0,2002,159,66,0,8,0.0423,"{""IC"": 1332, ""S"": 512, ""PYO"": 298, ""HDM"": 85}","[5, 6, 7, 8, 9, 10, 14, 11, 12, 13]",0.2023
2024,12,2,1,205,17908,87.36,14,262,3141,0.1754,1568,1573,130,14.79,9.0,2306,580,151,104,16,0.0318,"{""IC"": 2012, ""S"": 744, ""PYO"": 324, ""HDM"": 55, ""MV"": 6}","[5, 6, 7, 8, 9, 10, 11, 12, 13, 18]",0.1769
2024,12,3,2,201,17800,88.56,6,160,3124,0.1755,1571,1553,66,10.06,8.0,2548,556,15,5,11,0.0387,"{""IC"": 2025, ""S"": 562, ""PYO"": 424, ""HDM"": 113}","[5, 6, 7, 8, 9, 11, 10, 12, 16, 13]",0.1664
2024,12,4,3,205,17868,87.16,6,148,3588,0.2008,1802,1786,42,9.58,7.5,3091,418,79,0,19,0.0351,"{""S"": 805, ""IC"": 2395, ""PYO"": 342, ""HDM"": 45, ""MV"": 1}","[5, 6, 7, 8, 9, 10, 14, 12, 11, 13]",0.1713
2024,12,5,4,214,18868,88.17,4,288,5689,0.3015,2849,2840,155,17.77,9.0,4058,993,384,254,22,0.0206,"{""S"": 860, ""IC"": 4270, ""PYO"": 335, ""HDM"": 122, ""MV"": 102}","[5, 6, 7, 8, 9, 11, 10, 12, 14, 13]",0.1863
2024,12,6,5,183,16064,87.78,4,98,3167,0.1971,1586,1581,80,12.47,9.0,2296,749,41,81,10,0.0317,"{""IC"": 2296, ""S"": 632, ""PYO"": 102, ""HDM"": 47, ""MV"": 90}","[5, 6, 7, 8, 11, 10, 13, 16, 9, 12]",0.1899
2024,12,7,6,182,15546,85.42,8,190,1905,0.1225,957,948,96,16.48,7.0,1479,129,113,184,2,0.0325,"{""S"": 184, ""IC"": 1123, ""PYO"": 584, ""HDM"": 14}","[5, 6, 7, 8, 10, 9, 11, 13, 14, 12]",0.1879
2024,12,8,7,181,15532,85.81,8,202,2364,0.1522,1186,1178,55,12.99,8.0,1878,156,330,0,8,0.0336,"{""IC"": 1803, ""S"": 261, ""PYO"": 243, ""HDM"": 57}","[5, 6, 7, 8, 9, 11, 10, 12, 13, 15]",0.1893
2024,12,9,1,203,17656,86.98,16,238,2271,0.1286,1147,1124,60,11.33,7.0,1952,96,222,1,6,0.0448,"{""S"": 560, ""IC"": 1441, ""PYO"": 227, ""HDM"": 30, ""MV"": 13}","[5, 6, 7, 8, 9, 10, 11, 51, 52, 12]",0.1826
2024,12,10,2,201,17474,86.94,11,156,2266,0.1297,1137,1129,43,10.09,7.0,1835,330,101,0,10,0.0408,"{""S"": 518, ""IC"": 1523, ""PYO"": 162, ""HDM"": 63}","[5, 6, 7, 8, 11, 10, 9, 16, 12, 15]",0.1761
2024,12,11,3,201,17466,86.9,14,184,2420,0.1386,1211,1209,140,15.65,7.0,1967,269,63,121,11,0.0358,"{""IC"": 1634, ""S"": 552, ""PYO"": 188, ""HDM"": 37, ""MV"": 9}","[5, 6, 7, 8, 9, 12, 15, 13, 10, 11]",0.1672
2024,12,12,4,206,17758,86.2,13,164,2817,0.1586,1420,1397,24,9.29,7.0,2362,455,0,0,6,0.0356,"{""IC"": 2007, ""S"": 360, ""PYO"": 356, ""HDM"": 73, ""MV"": 21}","[5, 6, 7, 9, 8, 11, 12, 13, 10, 16]",0.1468
2024,12,13,5,211,18162,86.08,2,52,4675,0.2574,2338,2337,105,15.42,9.0,3738,480,135,322,17,0.0224,"{""IC"": 3446, ""S"": 791, ""PYO"": 368, ""HDM"": 70}","[5, 6, 7, 8, 10, 9, 12, 11, 13, 14]",0.1554
2024,12,14,6,181,15774,87.15,4,110,5424,0.3439,2715,2709,113,17.12,11.0,3348,1141,854,81,36,0.0207,"{""S"": 875, ""IC"": 4048, ""PYO"": 344, ""HDM"": 80, ""MV"": 77}","[5, 6, 7, 8, 9, 10, 11, 12, 16, 15]",0.187
2024,12,15,7,186,16818,90.42,3,494,8608,0.5118,4315,4293,212,24.2,16.0,4004,2540,1320,744,52,0.0144,"{""IC"": 5619, ""S"": 1611, ""PYO"": 795, ""HDM"": 168, ""H"": 32, ""MV"": 383}","[5, 7, 6, 8, 9, 10, 12, 15, 14, 11]",0.2384
2024,12,16,1,206,18110,87.91,3,396,8285,0.4575,4164,4121,139,19.31,14.0,4168,2649,1232,236,39,0.0177,"{""IC"": 6063, ""S"": 1627, ""PYO"": 339, ""HDM"": 199, ""H"": 57}","[5, 6, 7, 8, 10, 9, 16, 11, 15, 12]",0.2854
2024,12,17,2,213,18628,87.46,1,196,9690,0.5202,4862,4828,133,20.88,14.0,5013,2783,1357,537,47,0.016,"{""IC"": 6480, ""S"": 2080, ""PYO"": 678, ""HDM"": 153, ""H"": 44, ""MV"": 255}","[5, 7, 8, 6, 9, 10, 12, 11, 14, 13]",0.3411
2024,12,18,3,207,18406,88.92,14,322,8023,0.4359,4018,4005,260,33.71,16.0,3715,1719,1421,1168,39,0.013,"{""IC"": 5282, ""S"": 1633, ""PYO"": 950, ""HDM"": 109, ""H"": 43, ""MV"": 6}","[5, 6, 10, 7, 9, 8, 11, 12, 13, 15]",0.3836
2024,12,19,4,215,18628,86.64,14,282,6832,0.3668,3417,3415,143,15.0,11.0,4525,1583,635,89,28,0.0231,"{""IC"": 4850, ""S"": 1153, ""PYO"": 625, ""HDM"": 96, ""H"": 60, ""MV"": 48}","[5, 6, 7, 9, 8, 14, 10, 11, 13, 12]",0.4134
2024,12,20,5,220,19448,88.4,8,158,6160,0.3167,3086,3074,65,13.64,10.0,4364,1297,372,127,22,0.0231,"{""IC"": 4390, ""S"": 1176, ""PYO"": 485, ""H"": 57, ""HDM"": 52}","[5, 6, 7, 8, 11, 9, 10, 13, 14, 12]",0.4218
2024,12,21,6,184,16864,91.65,7,144,3715,0.2203,1852,1863,167,10.42,8.0,2986,680,41,8,21,0.0348,"{""S"": 731, ""IC"": 2596, ""PYO"": 303, ""HDM"": 62, ""H"": 16, ""MV"": 7}","[5, 6, 7, 8, 9, 10, 11, 12, 16, 14]",0.4042
2024,12,22,7,181,17152,94.76,4,80,4488,0.2617,2256,2232,87,14.45,9.0,3198,892,237,161,15,0.0227,"{""IC"": 2966, ""S"": 943, ""PYO"": 519, ""HDM"": 34, ""H"": 26}","[5, 6, 7, 8, 9, 10, 11, 12, 13, 18]",0.3684
2024,12,23,1,219,19354,88.37,1,20,2465,0.1274,1236,1229,71,9.59,7.0,2157,227,78,3,16,0.0558,"{""IC"": 1872, ""S"": 364, ""PYO"": 118, ""HDM"": 70, ""H"": 26, ""MV"": 15}","[5, 6, 7, 8, 9, 10, 12, 11, 13, 14]",0.3213
2024,12,24,2,93,7230,77.74,0,32,666,0.0921,333,333,115,13.67,8.0,548,52,50,16,4,0.0603,"{""IC"": 610, ""S"": 37, ""H"": 10, ""HDM"": 9}","[5, 6, 8, 7, 14, 13, 12, 9, 11, 15]",0.2601
2024,12,25,3,139,12764,91.83,2,12,1770,0.1387,884,886,72,18.23,10.0,1085,278,341,66,11,0.0341,"{""IC"": 866, ""S"": 401, ""PYO"": 435, ""HDM"": 39, ""H"": 21, ""MV"": 8}","[5, 6, 8, 7, 12, 10, 9, 11, 41, 13]",0.2177
2024,12,26,4,176,16550,94.03,0,0,1735,0.1048,867,868,65,13.16,8.0,1395,124,169,47,13,0.0497,"{""IC"": 1067, ""S"": 350, ""PYO"": 247, ""HDM"": 47, ""H"": 24}","[5, 6, 7, 8, 9, 10, 11, 13, 12, 14]",0.1802
2024,12,27,5,219,19556,89.3,1,116,2902,0.1484,1449,1453,60,12.75,8.0,2171,469,261,1,18,0.0396,"{""IC"": 2124, ""S"": 431, ""PYO"": 214, ""HDM"": 10, ""H"": 32, ""MV"": 91}","[5, 6, 7, 8, 11, 9, 10, 13, 12, 26]",0.1562
2024,12,28,6,182,16564,91.01,0,0,1644,0.0993,823,821,91,11.9,6.0,1444,60,50,90,9,0.051,"{""IC"": 1079, ""S"": 218, ""PYO"": 289, ""H"": 28, ""HDM"": 2, ""MV"": 28}","[5, 6, 7, 9, 8, 10, 11, 12, 87, 13]",0.1389
2024,12,29,7,178,16460,92.47,0,0,2462,0.1496,1232,1230,33,10.62,8.0,1924,510,28,0,11,0.0429,"{""IC"": 1792, ""S"": 444, ""PYO"": 151, ""HDM"": 51, ""H"": 24}","[5, 6, 7, 10, 8, 9, 11, 12, 13, 24]",0.1229
2024,12,30,1,206,18516,89.88,0,132,4464,0.2411,2233,2231,123,34.67,26.0,1821,501,1069,1073,16,0.0184,"{""IC"": 2580, ""S"": 898, ""PYO"": 840, ""HDM"": 32, ""H"": 38, ""MV"": 76}","[5, 6, 7, 8, 10, 9, 74, 43, 11, 44]",0.1391
2024,12,31,2,217,19348,89.16,0,0,1912,0.0988,955,957,34,10.1,8.0,1601,306,5,0,7,0.0558,"{""IC"": 1001, ""S"": 391, ""PYO"": 496, ""H"": 24}","[5, 6, 7, 8, 12, 9, 10, 13, 11, 14]",0.1401
2025,1,1,3,178,16904,94.97,0,0,3124,0.1848,1561,1563,118,12.6,9.0,2215,789,71,49,12,0.0355,"{""IC"": 2295, ""S"": 400, ""PYO"": 340, ""HDM"": 67, ""H"": 22}","[5, 6, 7, 8, 9, 18, 16, 12, 11, 14]",0.1467
2025,1,2,4,210,18878,89.9,0,204,3000,0.1589,1499,1501,253,37.02,8.0,1993,361,212,434,12,0.0173,"{""IC"": 1887, ""S"": 360, ""PYO"": 625, ""HDM"": 39, ""H"": 28, ""MV"": 61}","[5, 6, 7, 8, 11, 9, 10, 236, 15, 12]",0.1544
2025,1,3,5,220,19480,88.55,0,0,5246,0.2693,2624,2622,145,16.75,9.0,3706,977,274,289,22,0.0222,"{""IC"": 3687, ""S"": 922, ""PYO"": 473, ""HDM"": 75, ""H"": 24, ""MV"": 58, ""V"": 7}","[5, 7, 6, 8, 9, 10, 11, 12, 16, 15]",0.1717
2025,1,4,6,180,16536,91.87,0,0,3721,0.225,1864,1857,75,11.74,8.0,2965,414,339,3,16,0.0309,"{""IC"": 2542, ""S"": 783, ""PYO"": 315, ""HDM"": 27, ""H"": 28, ""MV"": 26}","[5, 6, 7, 8, 9, 10, 11, 12, 14, 13]",0.1896
2025,1,5,7,156,14792,94.82,0,0,3467,0.2344,1734,1733,139,23.66,14.0,1768,768,596,335,19,0.0194,"{""IC"": 2392, ""S"": 348, ""PYO"": 669, ""HDM"": 41, ""H"": 17}","[5, 6, 7, 8, 9, 13, 10, 25, 30, 24]",0.2018
2025,1,6,1,179,16576,92.6,2,236,2773,0.1673,1390,1383,67,13.24,9.0,1895,672,193,13,14,0.0336,"{""IC"": 1615, ""S"": 651, ""PYO"": 417, ""HDM"": 22, ""H"": 26, ""MV"": 42}","[5, 6, 7, 8, 11, 9, 10, 12, 16, 17]",0.1912
2025,1,7,2,208,18130,87.16,8,98,3303,0.1822,1656,1647,46,10.09,8.0,2784,426,93,0,13,0.0351,"{""IC"": 2329, ""S"": 549, ""PYO"": 277, ""HDM"": 62, ""H"": 56, ""MV"": 30}","[5, 6, 7, 8, 9, 10, 11, 12, 14, 13]",0.2031
2025,1,8,3,206,17922,87.0,2,10,3093,0.1726,1557,1536,68,9.62,7.0,2760,243,70,20,5,0.0399,"{""IC"": 2373, ""S"": 461, ""PYO"": 213, ""HDM"": 12, ""H"": 34}","[5, 6, 7, 8, 9, 10, 11, 12, 13, 14]",0.2014
2025,1,9,4,213,17940,84.23,8,58,3422,0.1907,1713,1709,112,11.71,8.0,2810,447,123,42,12,0.0354,"{""IC"": 2366, ""S"": 585, ""PYO"": 358, ""HDM"": 84, ""H"": 19, ""MV"": 10}","[5, 6, 7, 9, 8, 10, 11, 12, 13, 22]",0.2059
2025,1,10,5,223,19060,85.47,8,128,5188,0.2722,2601,2587,261,15.5,9.0,3624,1052,449,63,18,0.0241,"{""IC"": 3728, ""S"": 826, ""PYO"": 474, ""HDM"": 114, ""H"": 38, ""MV"": 8}","[5, 6, 7, 8, 9, 10, 11, 15, 12, 26]",0.2063
2025,1,11,6,183,16238,88.73,1,96,3473,0.2139,1743,1730,97,14.3,8.0,2757,408,128,180,12,0.0286,"{""S"": 655, ""IC"": 2207, ""PYO"": 368, ""HDM"": 12, ""H"": 29, ""MV"": 202}","[5, 6, 7, 8, 10, 9, 11, 14, 12, 13]",0.2048
2025,1,12,7,183,15992,87.39,1,2,4633,0.2897,2320,2313,133,8.72,8.0,4175,456,0,2,18,0.0292,"{""IC"": 3205, ""S"": 1136, ""PYO"": 223, ""HDM"": 41, ""H"": 24, ""MV"": 4}","[5, 7, 6, 8, 9, 10, 11, 12, 15, 13]",0.2127
2025,1,13,1,211,17920,84.93,0,0,6239,0.3482,3132,3107,34,10.32,9.0,5094,1069,76,0,27,0.0223,"{""IC"": 4548, ""S"": 1407, ""PYO"": 196, ""HDM"": 57, ""H"": 27, ""MV"": 4}","[6, 5, 7, 8, 9, 10, 11, 13, 14, 12]",0.2385
2025,1,14,2,213,17936,84.21,2,64,2979,0.1661,1495,1484,117,17.32,7.0,2388,226,127,238,10,0.0307,"{""IC"": 2321, ""S"": 480, ""PYO"": 119, ""HDM"": 28, ""H"": 25, ""MV"": 6}","[5, 6, 7, 8, 9, 10, 11, 16, 12, 13]",0.2362
2025,1,15,3,213,17950,84.27,0,28,3386,0.1886,1699,1687,106,15.66,8.0,2510,344,466,66,17,0.0324,"{""IC"": 2246, ""S"": 601, ""PYO"": 427, ""HDM"": 87, ""H"": 25}","[5, 6, 7, 8, 9, 10, 11, 12, 15, 13]",0.2385
2025,1,16,4,216,18058,83.6,6,68,2861,0.1584,1437,1424,88,17.68,11.0,1818,597,258,188,9,0.0319,"{""IC"": 2350, ""S"": 297, ""PYO"": 107, ""HDM"": 34, ""H"": 44, ""MV"": 29}","[5, 6, 7, 8, 9, 11, 10, 14, 13, 15]",0.2339
2025,1,17,5,225,18990,84.4,0,0,3100,0.1632,1551,1549,54,10.22,8.0,2579,427,94,0,14,0.0396,"{""IC"": 2516, ""S"": 335, ""PYO"": 138, ""HDM"": 32, ""H"": 45, ""MV"": 34}","[5, 6, 7, 8, 10, 9, 13, 14, 12, 11]",0.2183
2025,1,18,6,183,16144,88.22,0,0,1153,0.0714,577,576,36,11.84,8.0,870,192,91,0,7,0.0667,"{""IC"": 861, ""S"": 80, ""PYO"": 77, ""HDM"": 32, ""H"": 28, ""MV"": 75}","[5, 6, 8, 7, 9, 10, 13, 14, 15, 12]",0.1979
2025,1,19,7,181,15960,88.18,0,0,2149,0.1346,1070,1079,159,24.34,15.0,1059,642,302,146,12,0.031,"{""IC"": 1642, ""S"": 321, ""PYO"": 93, ""HDM"": 59, ""H"": 32, ""MV"": 2}","[5, 6, 7, 12, 18, 8, 20, 13, 14, 9]",0.1758
2025,1,20,1,217,18104,83.43,4,56,2006,0.1108,1008,998,61,11.37,8.0,1521,389,91,5,11,0.0526,"{""IC"": 1414, ""S"": 271, ""PYO"": 240, ""H"": 36, ""HDM"": 41, ""MV"": 4}","[5, 7, 6, 8, 9, 10, 11, 17, 18, 19]",0.1419
2025,1,21,2,218,18456,84.66,5,420,4319,0.234,2165,2154,125,15.38,9.0,3147,717,313,142,16,0.0272,"{""IC"": 2671, ""S"": 1059, ""PYO"": 234, ""HDM"": 40, ""H"": 23, ""MV"": 292}","[5, 6, 7, 8, 9, 10, 11, 12, 13, 14]",0.1516
2025,1,22,3,214,18114,84.64,1,112,3018,0.1666,1516,1502,49,10.02,7.0,2584,291,143,0,11,0.0378,"{""S"": 682, ""IC"": 1926, ""PYO"": 176, ""HDM"": 37, ""H"": 41, ""MV"": 156}","[5, 6, 7, 8, 9, 10, 11, 12, 14, 17]",0.1484
2025,1,23,4,207,17992,86.92,0,8,3575,0.1987,1788,1787,135,17.12,9.0,2510,613,269,183,21,0.0228,"{""IC"": 2438, ""S"": 454, ""PYO"": 570, ""HDM"": 65, ""H"": 48}","[5, 6, 7, 8, 9, 10, 11, 12, 13, 16]",0.1542
2025,1,24,5,218,19024,87.27,0,0,2701,0.142,1353,1348,60,8.93,7.0,2333,367,0,1,7,0.0406,"{""IC"": 2125, ""S"": 243, ""PYO"": 219, ""HDM"": 35, ""H"": 41, ""MV"": 38}","[5, 6, 7, 8, 9, 10, 11, 12, 14, 15]",0.1512
2025,1,25,6,183,16116,88.07,0,0,1708,0.106,853,855,22,7.55,6.0,1601,107,0,0,7,0.0581,"{""IC"": 1344, ""S"": 252, ""PYO"": 70, ""HDM"": 18, ""H"": 24}","[5, 6, 7, 8, 9, 12, 11, 13, 14, 16]",0.1561
2025,1,26,7,182,15980,87.8,1,16,1366,0.0855,682,684,31,7.81,6.0,1254,65,47,0,3,0.057,"{""IC"": 1032, ""S"": 186, ""PYO"": 130, ""HDM"": 2, ""H"": 16}","[5, 6, 7, 8, 9, 15, 10, 30, 31, 16]",0.1491
2025,1,27,1,211,17920,84.93,1,30,2496,0.1393,1257,1239,37,11.12,8.0,1928,463,105,0,9,0.0432,"{""S"": 308, ""IC"": 1799, ""PYO"": 310, ""HDM"": 45, ""H"": 30, ""MV"": 4}","[5, 6, 7, 8, 9, 10, 12, 13, 11, 16]",0.1532
2025,1,28,2,215,17996,83.7,0,0,2121,0.1179,1064,1057,72,10.11,7.0,1864,203,6,48,8,0.0468,"{""IC"": 1507, ""S"": 197, ""PYO"": 313, ""HDM"": 8, ""H"": 36, ""MV"": 60}","[5, 6, 7, 10, 8, 9, 12, 11, 15, 14]",0.1366
2025,1,29,3,211,17972,85.18,1,42,2336,0.13,1172,1164,57,13.14,7.0,1819,207,310,0,8,0.0383,"{""S"": 493, ""IC"": 1550, ""PYO"": 245, ""HDM"": 7, ""H"": 41}","[5, 6, 7, 8, 12, 11, 9, 10, 47, 13]",0.1313
2025,1,30,4,211,18152,86.03,4,118,1937,0.1067,968,969,36,9.86,7.0,1576,309,52,0,11,0.0498,"{""IC"": 1321, ""S"": 339, ""PYO"": 205, ""HDM"": 41, ""H"": 25, ""MV"": 6}","[5, 6, 7, 8, 9, 10, 11, 12, 20, 16]",0.1182
2025,1,31,5,220,19458,88.45,0,0,2176,0.1118,1090,1086,51,11.89,7.0,1590,454,132,0,8,0.0499,"{""S"": 605, ""IC"": 1362, ""PYO"": 168, ""HDM"": 4, ""H"": 30, ""MV"": 7}","[5, 6, 7, 8, 9, 10, 11, 19, 18, 20]",0.1139
2025,2,1,6,183,16524,90.3,0,0,1833,0.1109,920,913,61,8.32,7.0,1659,173,0,1,7,0.0613,"{""IC"": 1323, ""S"": 366, ""PYO"": 136, ""HDM"": 8}","[5, 6, 7, 8, 9, 10, 11, 12, 16, 15]",0.1146
2025,2,2,7,180,15916,88.42,0,0,1806,0.1135,906,900,38,9.0,7.0,1545,235,26,0,5,0.0501,"{""IC"": 1404, ""S"": 200, ""PYO"": 189, ""H"": 6, ""HDM"": 5, ""MV"": 2}","[5, 6, 7, 8, 9, 10, 13, 16, 18, 19]",0.1186
2025,2,3,1,211,17552,83.18,0,0,2004,0.1142,1000,1004,72,11.19,7.0,1758,75,162,9,8,0.0434,"{""IC"": 1334, ""S"": 124, ""PYO"": 531, ""H"": 1, ""HDM"": 10, ""MV"": 4}","[5, 6, 7, 8, 9, 10, 11, 12, 13, 14]",0.115
2025,2,4,2,214,17574,82.12,1,20,2182,0.1242,1085,1097,79,12.75,7.0,1763,223,112,84,13,0.04,"{""IC"": 1303, ""S"": 479, ""PYO"": 317, ""HDM"": 68, ""H"": 15}","[5, 6, 7, 8, 9, 10, 11, 12, 13, 21]",0.1159
2025,2,5,3,215,17834,82.95,1,20,3303,0.1852,1658,1645,84,14.32,8.0,2501,352,420,30,10,0.0314,"{""IC"": 2587, ""S"": 488, ""PYO"": 211, ""H"": 1, ""MV"": 16}","[5, 6, 7, 8, 9, 10, 11, 12, 13, 15]",0.1238
2025,2,6,4,218,18062,82.85,5,262,3385,0.1874,1691,1694,45,10.14,8.0,2882,397,106,0,8,0.0392,"{""S"": 672, ""IC"": 2210, ""PYO"": 387, ""HDM"": 37, ""MV"": 79}","[5, 6, 7, 8, 9, 10, 11, 14, 12, 16]",0.1353
2025,2,7,5,226,19096,84.5,0,0,2426,0.127,1214,1212,63,14.21,9.0,1577,601,235,13,10,0.0402,"{""S"": 399, ""IC"": 1525, ""PYO"": 439, ""HDM"": 36, ""H"": 27}","[5, 6, 7, 8, 9, 15, 18, 11, 14, 16]",0.1375
2025,2,8,6,183,16624,90.84,0,0,1682,0.1012,841,841,55,11.82,7.0,1265,345,72,0,6,0.0562,"{""IC"": 1256, ""S"": 258, ""PYO"": 135, ""HDM"": 33}","[5, 6, 7, 8, 9, 25, 26, 24, 10, 54]",0.1361
2025,2,9,7,183,16162,88.32,1,90,1578,0.0976,786,792,51,13.86,8.0,1084,250,244,0,5,0.0475,"{""IC"": 875, ""S"": 266, ""PYO"": 387, ""HDM"": 20, ""H"": 1, ""MV"": 29}","[5, 6, 7, 8, 9, 10, 22, 18, 21, 32]",0.1338
2025,2,10,1,214,17654,82.5,0,0,1611,0.0913,814,797,73,9.49,7.0,1420,139,51,1,3,0.0608,"{""S"": 206, ""IC"": 928, ""PYO"": 401, ""HDM"": 23, ""H"": 13, ""MV"": 40}","[5, 6, 7, 8, 9, 10, 12, 11, 13, 14]",0.1306
2025,2,11,2,214,17606,82.27,0,0,1805,0.1025,896,909,25,8.67,7.0,1567,238,0,0,7,0.0537,"{""IC"": 1565, ""S"": 147, ""PYO"": 86, ""HDM"": 5, ""MV"": 2}","[5, 6, 7, 8, 9, 11, 10, 12, 15, 16]",0.1275
2025,2,12,3,215,17824,82.9,2,20,1534,0.0861,772,762,123,17.65,7.0,1222,156,10,146,8,0.045,"{""IC"": 1325, ""S"": 106, ""PYO"": 85, ""HDM"": 7, ""MV"": 11}","[5, 6, 7, 8, 9, 10, 18, 19, 11, 14]",0.1133
2025,2,13,4,214,17824,83.29,0,0,2137,0.1199,1069,1068,98,13.33,7.0,1621,279,201,36,8,0.0425,"{""S"": 223, ""IC"": 1679, ""PYO"": 229, ""H"": 4, ""MV"": 2}","[5, 6, 7, 8, 9, 10, 13, 11, 19, 16]",0.1037
2025,2,14,5,226,19176,84.85,0,0,2603,0.1357,1296,1307,46,11.93,9.0,1817,672,114,0,11,0.0458,"{""IC"": 1639, ""S"": 547, ""PYO"": 379, ""H"": 16, ""HDM"": 11, ""MV"": 11}","[5, 6, 7, 10, 8, 16, 9, 14, 11, 15]",0.1049
2025,2,15,6,188,16618,88.39,5,100,2313,0.1392,1159,1154,157,29.81,10.0,1360,221,291,441,10,0.0259,"{""S"": 363, ""IC"": 1297, ""PYO"": 596, ""HDM"": 20, ""H"": 5, ""MUS"": 6, ""MV"": 26}","[5, 6, 7, 8, 9, 10, 12, 11, 14, 16]",0.1103
2025,2,16,7,184,16416,89.22,7,404,2361,0.1438,1177,1184,118,24.88,11.0,1328,343,468,222,9,0.0247,"{""IC"": 1681, ""S"": 365, ""PYO"": 198, ""HDM"": 1, ""MV"": 116}","[5, 6, 7, 8, 9, 20, 12, 13, 10, 116]",0.1169
2025,2,17,1,214,18068,84.43,3,188,2390,0.1323,1199,1191,145,17.58,8.0,1796,175,327,92,15,0.0333,"{""S"": 435, ""IC"": 1469, ""PYO"": 160, ""HDM"": 42, ""H"": 15, ""MV"": 269}","[5, 6, 7, 8, 9, 10, 11, 12, 49, 13]",0.1228
2025,2,18,2,204,17538,85.97,1,20,2153,0.1228,1077,1076,33,9.48,7.0,1844,248,61,0,7,0.049,"{""S"": 213, ""IC"": 1585, ""PYO"": 333, ""HDM"": 10, ""H"": 12}","[5, 6, 7, 8, 9, 11, 14, 10, 12, 13]",0.1257
2025,2,19,3,208,17930,86.2,0,20,2666,0.1487,1331,1335,68,12.73,8.0,1997,502,135,32,13,0.0388,"{""IC"": 2177, ""S"": 277, ""PYO"": 184, ""HDM"": 28}","[5, 6, 7, 8, 9, 11, 10, 15, 24, 25]",0.1346
2025,2,20,4,210,17914,85.3,4,106,3040,0.1697,1518,1522,73,12.53,8.0,2424,326,262,28,10,0.0376,"{""S"": 507, ""IC"": 2077, ""PYO"": 408, ""HDM"": 20, ""MV"": 28}","[5, 6, 7, 8, 9, 10, 11, 12, 30, 13]",0.1417
2025,2,21,5,218,19056,87.41,3,60,3588,0.1883,1802,1786,61,9.64,7.0,3080,475,31,2,14,0.0419,"{""IC"": 2657, ""S"": 514, ""PYO"": 333, ""HDM"": 39, ""H"": 45}","[5, 6, 7, 8, 9, 10, 12, 11, 13, 14]",0.1493
2025,2,22,6,180,16536,91.87,0,0,1274,0.077,641,633,50,8.44,6.0,1192,45,37,0,3,0.0748,"{""IC"": 1020, ""S"": 183, ""PYO"": 69, ""HDM"": 2}","[5, 6, 7, 8, 9, 10, 12, 13, 11, 21]",0.1404
2025,2,23,7,177,16092,90.92,1,30,2549,0.1584,1279,1270,142,23.31,10.0,1748,386,145,270,8,0.0291,"{""IC"": 1517, ""S"": 842, ""PYO"": 171, ""HDM"": 4, ""H"": 15}","[5, 6, 8, 7, 9, 11, 13, 10, 12, 14]",0.1425
2025,2,24,1,204,17994,88.21,0,0,1483,0.0824,743,740,29,8.67,7.0,1312,171,0,0,7,0.0618,"{""IC"": 1060, ""S"": 234, ""PYO"": 84, ""HDM"": 8, ""H"": 7, ""MV"": 90}","[5, 6, 7, 8, 9, 10, 11, 24, 21, 23]",0.1353
2025,2,25,2,205,17946,87.54,0,0,1970,0.1098,993,977,71,12.12,7.0,1598,173,162,37,4,0.048,"{""S"": 400, ""IC"": 1252, ""PYO"": 253, ""HDM"": 25, ""H"": 16, ""MV"": 24}","[5, 6, 7, 8, 9, 10, 13, 11, 12, 16]",0.1335
2025,2,26,3,209,18212,87.14,0,0,1956,0.1074,984,972,54,12.63,9.0,1497,312,147,0,11,0.05,"{""IC"": 1357, ""S"": 317, ""PYO"": 256, ""HDM"": 17, ""MV"": 9}","[5, 6, 7, 8, 9, 11, 12, 10, 13, 15]",0.1276
2025,2,27,4,207,18332,88.56,1,92,1717,0.0937,867,850,91,17.18,7.0,1195,234,136,152,4,0.0422,"{""IC"": 1119, ""S"": 131, ""PYO"": 434, ""HDM"": 27, ""H"": 1, ""MV"": 5}","[5, 6, 7, 8, 9, 16, 10, 14, 86, 87]",0.1167
2025,2,28,5,219,19420,88.68,0,0,1443,0.0743,719,724,75,9.65,6.0,1219,154,69,1,8,0.0681,"{""IC"": 1008, ""S"": 165, ""PYO"": 218, ""HDM"": 38, ""MV"": 14}","[5, 6, 7, 8, 12, 9, 13, 16, 15, 43]",0.1004
2025,3,1,6,180,16528,91.82,0,0,1458,0.0882,728,730,149,12.46,6.0,1230,121,76,31,7,0.0579,"{""S"": 272, ""IC"": 983, ""PYO"": 161, ""H"": 16, ""MV"": 26}","[5, 6, 7, 8, 9, 13, 24, 11, 12, 10]",0.102
2025,3,2,7,175,15934,91.05,0,4,1535,0.0963,767,768,30,8.83,7.0,1337,194,4,0,6,0.0589,"{""IC"": 1132, ""S"": 309, ""PYO"": 49, ""HDM"": 37, ""MV"": 8}","[5, 6, 7, 8, 9, 12, 11, 10, 18, 14]",0.0932
2025,3,3,1,206,18014,87.45,0,32,2002,0.1111,1003,999,138,28.98,10.0,1327,162,132,381,11,0.0328,"{""IC"": 1209, ""S"": 494, ""PYO"": 151, ""HDM"": 78, ""H"": 1, ""MV"": 69}","[5, 6, 7, 8, 11, 10, 9, 14, 12, 15]",0.0973
2025,3,4,2,211,17920,84.93,0,18,1496,0.0835,740,756,61,8.48,7.0,1420,55,20,1,7,0.0663,"{""S"": 232, ""IC"": 1130, ""PYO"": 116, ""H"": 12, ""HDM"": 4, ""MV"": 2}","[5, 6, 7, 9, 8, 10, 13, 12, 11, 14]",0.0935
2025,3,5,3,210,18192,86.63,1,24,2291,0.1259,1151,1140,66,9.97,7.0,1786,480,24,1,9,0.0486,"{""IC"": 1586, ""S"": 327, ""PYO"": 312, ""HDM"": 50, ""H"": 16}","[5, 6, 7, 8, 9, 10, 17, 15, 14, 13]",0.0961
2025,3,6,4,210,18314,87.21,0,0,2082,0.1137,1045,1037,89,11.65,7.0,1713,221,115,33,9,0.0467,"{""IC"": 1729, ""S"": 189, ""PYO"": 118, ""HDM"": 5, ""H"": 13, ""MV"": 28}","[5, 6, 7, 8, 11, 10, 14, 9, 12, 13]",0.099
2025,3,7,5,222,19598,88.28,1,32,1306,0.0666,656,650,31,8.33,6.0,1147,154,5,0,5,0.0702,"{""IC"": 798, ""S"": 199, ""PYO"": 220, ""HDM"": 36, ""H"": 13, ""MV"": 35, ""V"": 5}","[5, 6, 7, 8, 9, 20, 21, 11, 10, 12]",0.0979
2025,3,8,6,180,16506,91.7,0,0,1293,0.0783,643,650,33,9.56,6.0,1101,132,60,0,4,0.0686,"{""IC"": 766, ""S"": 425, ""PYO"": 86, ""H"": 6, ""HDM"": 10}","[5, 6, 7, 8, 10, 9, 11, 32, 27, 24]",0.0965
2025,3,9,7,176,15956,90.66,0,0,2635,0.1651,1314,1321,78,17.36,8.0,1756,437,278,164,12,0.0303,"{""S"": 433, ""IC"": 1801, ""PYO"": 349, ""HDM"": 36, ""H"": 16}","[5, 6, 7, 8, 9, 10, 20, 11, 48, 14]",0.1063
2025,3,10,1,203,17896,88.16,0,0,1733,0.0968,872,861,70,7.84,7.0,1646,86,0,1,5,0.0594,"{""IC"": 971, ""S"": 460, ""PYO"": 263, ""HDM"": 26, ""H"": 13}","[5, 6, 7, 8, 10, 9, 11, 13, 12, 14]",0.1043
2025,3,11,2,206,17934,87.06,0,0,1315,0.0733,659,656,27,8.11,6.0,1187,128,0,0,5,0.0693,"{""IC"": 942, ""S"": 245, ""PYO"": 116, ""HDM"": 10, ""MV"": 2}","[5, 6, 7, 8, 14, 9, 13, 10, 15, 11]",0.1028
2025,3,12,3,209,18152,86.85,2,4,1873,0.1032,938,935,133,13.0,7.0,1552,167,90,64,9,0.05,"{""IC"": 1240, ""S"": 466, ""PYO"": 112, ""HDM"": 55}","[5, 6, 7, 8, 9, 10, 11, 12, 28, 57]",0.0996
2025,3,13,4,208,18222,87.61,1,26,2002,0.1099,1001,1001,83,12.09,7.0,1598,194,170,40,11,0.0507,"{""IC"": 1554, ""S"": 256, ""PYO"": 113, ""HDM"": 32, ""H"": 13, ""MV"": 34}","[5, 6, 7, 8, 9, 10, 11, 12, 16, 13]",0.099
2025,3,14,5,222,19514,87.9,2,90,3240,0.166,1620,1620,148,17.74,8.0,2528,345,124,243,8,0.0292,"{""IC"": 2015, ""S"": 454, ""PYO"": 722, ""HDM"": 9, ""MV"": 40}","[5, 6, 7, 8, 9, 10, 11, 15, 12, 14]",0.1132
2025,3,15,6,183,16624,90.84,0,0,1598,0.0961,798,800,38,10.58,7.0,1288,181,129,0,6,0.055,"{""IC"": 863, ""S"": 571, ""PYO"": 122, ""H"": 6, ""HDM"": 5, ""MV"": 31}","[5, 6, 7, 8, 9, 10, 11, 23, 33, 32]",0.1158
2025,3,16,7,175,15948,91.13,0,0,1816,0.1139,906,910,20,8.47,7.0,1589,227,0,0,8,0.0533,"{""IC"": 1338, ""S"": 343, ""PYO"": 91, ""HDM"": 44}","[5, 6, 7, 8, 9, 10, 16, 11, 13, 12]",0.1085
2025,3,17,1,204,17910,87.79,0,0,1492,0.0833,749,743,67,9.68,7.0,1310,128,26,28,3,0.0566,"{""S"": 442, ""IC"": 851, ""PYO"": 166, ""HDM"": 33}","[5, 6, 7, 9, 8, 12, 11, 13, 10, 16]",0.1065
2025,3,18,2,206,17946,87.12,2,40,1768,0.0985,884,884,53,11.4,7.0,1365,283,120,0,11,0.0539,"{""IC"": 1208, ""S"": 399, ""PYO"": 120, ""HDM"": 31, ""MV"": 10}","[5, 6, 7, 8, 9, 20, 21, 13, 10, 12]",0.1101
2025,3,19,3,205,18152,88.55,0,0,2012,0.1108,1012,1000,185,18.46,7.0,1528,144,244,96,5,0.0368,"{""IC"": 1194, ""S"": 510, ""PYO"": 304, ""HDM"": 4}","[5, 6, 7, 8, 9, 10, 30, 12, 11, 35]",0.1112
2025,3,20,4,214,18550,86.68,13,756,6507,0.3508,3258,3249,337,38.5,19.0,2587,1816,993,1111,34,0.0193,"{""IC"": 4642, ""S"": 1219, ""PYO"": 429, ""HDM"": 95, ""H"": 23, ""MV"": 99}","[5, 6, 7, 10, 11, 12, 8, 9, 13, 23]",0.1456
2025,3,21,5,222,19502,87.85,1,30,3002,0.1539,1497,1505,70,11.88,7.0,2305,457,192,48,21,0.0397,"{""IC"": 2056, ""S"": 420, ""PYO"": 366, ""HDM"": 126, ""H"": 31, ""MV"": 3}","[5, 6, 7, 8, 9, 10, 16, 11, 17, 13]",0.1439
2025,3,22,6,182,16618,91.31,0,108,2046,0.1231,1019,1027,212,17.55,8.0,1502,321,163,60,6,0.0428,"{""IC"": 1284, ""S"": 503, ""PYO"": 198, ""HDM"": 1, ""MV"": 60}","[5, 6, 7, 8, 9, 10, 12, 17, 212, 11]",0.1478
2025,3,23,7,179,16184,90.41,1,258,1989,0.1229,990,999,52,11.94,8.0,1500,349,140,0,11,0.0443,"{""IC"": 1430, ""S"": 367, ""PYO"": 132, ""HDM"": 51, ""MV"": 9}","[5, 6, 7, 8, 9, 10, 12, 14, 21, 13]",0.149
2025,3,24,1,203,17904,88.2,0,0,1754,0.098,879,875,81,10.37,7.0,1408,289,51,6,6,0.0512,"{""S"": 337, ""IC"": 1124, ""PYO"": 276, ""HDM"": 17}","[5, 6, 7, 9, 8, 12, 13, 10, 21, 14]",0.1511
2025,3,25,2,204,17906,87.77,0,0,1457,0.0814,726,731,25,7.58,6.0,1415,42,0,0,7,0.0731,"{""IC"": 828, ""S"": 400, ""PYO"": 150, ""HDM"": 50, ""H"": 29}","[5, 6, 7, 8, 9, 10, 11, 13, 12, 14]",0.1487
2025,3,26,3,208,18046,86.76,0,0,1137,0.063,573,564,28,9.62,7.0,903,234,0,0,5,0.0719,"{""IC"": 718, ""S"": 260, ""PYO"": 46, ""HDM"": 24, ""H"": 13, ""MV"": 76}","[5, 6, 7, 8, 22, 10, 9, 15, 18, 11]",0.1419
2025,3,27,4,204,17914,87.81,0,0,1706,0.0952,855,851,24,7.76,7.0,1611,95,0,0,5,0.0612,"{""IC"": 1399, ""S"": 221, ""PYO"": 79, ""HDM"": 7}","[5, 6, 7, 8, 9, 10, 14, 13, 11, 15]",0.1054
2025,3,28,5,217,19392,89.36,0,0,2170,0.1119,1085,1085,102,18.27,7.0,1723,161,2,284,6,0.0368,"{""S"": 376, ""IC"": 1588, ""PYO"": 206}","[5, 6, 7, 8, 9, 10, 11, 13, 12, 20]",0.0994
2025,3,29,6,188,16868,89.72,1,212,1979,0.1173,994,985,165,28.01,11.0,1091,414,79,395,9,0.0361,"{""IC"": 1285, ""S"": 587, ""PYO"": 81, ""HDM"": 2, ""MUS"": 24}","[5, 6, 7, 9, 10, 11, 8, 18, 23, 15]",0.0985
2025,3,30,7,177,16298,92.08,1,92,1991,0.1222,990,1001,70,10.84,7.0,1529,391,69,2,8,0.0502,"{""S"": 467, ""IC"": 1223, ""PYO"": 136, ""HDM"": 72, ""H"": 16, ""MV"": 77}","[5, 6, 7, 8, 9, 10, 28, 23, 13, 20]",0.0984
2025,3,31,1,204,17996,88.22,1,92,2260,0.1256,1134,1126,93,13.61,9.0,1697,307,227,29,8,0.0403,"{""IC"": 1470, ""S"": 412, ""PYO"": 304, ""HDM"": 65, ""H"": 9}","[5, 6, 7, 9, 8, 12, 10, 11, 14, 13]",0.1024
2025,4,1,2,205,17920,87.41,0,24,2459,0.1372,1226,1233,60,10.63,7.0,2053,261,144,1,9,0.0497,"{""IC"": 1527, ""S"": 651, ""PYO"": 208, ""HDM"": 53, ""H"": 20}","[5, 6, 7, 8, 14, 9, 10, 11, 13, 12]",0.1103
2025,4,2,3,210,17998,85.7,1,14,1731,0.0962,865,866,61,9.61,7.0,1426,304,0,1,4,0.0595,"{""IC"": 1297, ""S"": 308, ""PYO"": 115, ""HDM"": 10, ""V"": 1}","[5, 6, 7, 9, 8, 15, 12, 11, 10, 14]",0.1151
2025,4,3,4,209,18176,86.97,0,60,2151,0.1183,1075,1076,158,20.75,8.0,1499,246,107,299,9,0.034,"{""IC"": 1404, ""S"": 344, ""PYO"": 304, ""HDM"": 26, ""MV"": 44, ""V"": 29}","[5, 6, 7, 8, 9, 11, 10, 12, 69, 22]",0.1184
2025,4,4,5,226,19864,87.89,0,0,1745,0.0878,871,874,62,9.33,7.0,1475,228,41,1,5,0.0605,"{""S"": 370, ""IC"": 1020, ""PYO"": 225, ""HDM"": 25, ""H"": 5, ""MV"": 67, ""V"": 33}","[5, 6, 7, 8, 9, 13, 10, 11, 12, 17]",0.1149
2025,4,5,6,185,16790,90.76,0,0,1358,0.0809,676,682,37,11.67,7.0,989,272,97,0,3,0.0647,"{""IC"": 753, ""S"": 314, ""PYO"": 189, ""HDM"": 8, ""MV"": 90, ""V"": 4}","[5, 6, 7, 8, 9, 10, 16, 12, 36, 11]",0.1097
2025,4,6,7,175,15948,91.13,0,0,2631,0.165,1312,1319,48,10.68,8.0,2211,258,162,0,12,0.0408,"{""S"": 346, ""IC"": 2168, ""PYO"": 70, ""HDM"": 47}","[5, 6, 8, 7, 10, 9, 11, 13, 12, 14]",0.1159
2025,4,7,1,203,17904,88.2,0,0,1287,0.0719,643,644,60,7.85,7.0,1208,72,6,1,6,0.0764,"{""IC"": 792, ""S"": 319, ""PYO"": 135, ""HDM"": 30, ""H"": 11}","[5, 6, 8, 7, 9, 10, 13, 11, 12, 15]",0.1082
2025,4,8,2,204,17906,87.77,0,0,1426,0.0796,707,719,25,9.67,8.0,1118,308,0,0,8,0.0605,"{""IC"": 847, ""S"": 272, ""PYO"": 289, ""HDM"": 2, ""H"": 16}","[5, 6, 7, 13, 16, 8, 17, 9, 15, 10]",0.1
2025,4,9,3,205,17932,87.47,0,114,1082,0.0603,545,537,96,14.91,6.0,915,40,20,107,5,0.0692,"{""IC"": 808, ""S"": 134, ""PYO"": 83, ""HDM"": 52, ""MV"": 5}","[5, 6, 7, 8, 9, 10, 88, 74, 16, 73]",0.0948
2025,4,10,4,212,18118,85.46,1,34,1885,0.104,945,940,231,15.15,8.0,1446,299,92,48,10,0.051,"{""IC"": 1452, ""S"": 249, ""PYO"": 102, ""HDM"": 29, ""H"": 5, ""MV"": 48}","[5, 6, 7, 8, 9, 10, 13, 11, 14, 31]",0.0928
2025,4,11,5,223,19752,88.57,2,290,3805,0.1926,1897,1908,135,23.61,12.0,2092,731,592,390,21,0.0285,"{""IC"": 2570, ""S"": 455, ""PYO"": 407, ""HDM"": 130, ""MV"": 243}","[5, 6, 7, 8, 9, 10, 17, 11, 16, 12]",0.1078
2025,4,12,6,181,16598,91.7,0,0,1850,0.1115,920,930,37,9.93,7.0,1462,361,27,0,9,0.0534,"{""S"": 389, ""IC"": 1367, ""PYO"": 46, ""HDM"": 37, ""H"": 8, ""MV"": 3}","[5, 6, 7, 8, 9, 10, 21, 11, 22, 19]",0.1121
2025,4,13,7,176,16006,90.94,0,0,1887,0.1179,942,945,49,9.9,8.0,1564,272,51,0,11,0.0495,"{""IC"": 1357, ""S"": 428, ""PYO"": 40, ""HDM"": 43, ""H"": 5, ""MV"": 14}","[5, 6, 7, 9, 8, 10, 15, 11, 13, 12]",0.1054
2025,4,14,1,204,17918,87.83,0,0,1803,0.1006,907,896,48,11.78,9.0,1284,464,55,0,14,0.0587,"{""IC"": 1343, ""S"": 196, ""PYO"": 165, ""HDM"": 97, ""H"": 2}","[5, 6, 7, 8, 9, 15, 13, 10, 11, 18]",0.1095
2025,4,15,2,204,17906,87.77,0,0,1701,0.095,853,848,47,7.67,6.0,1579,114,8,0,6,0.0632,"{""S"": 351, ""IC"": 1179, ""PYO"": 147, ""HDM"": 24}","[5, 6, 7, 8, 9, 10, 13, 11, 12, 14]",0.1117
2025,4,16,3,209,18568,88.84,2,60,2783,0.1499,1385,1398,108,16.41,9.0,1869,553,208,153,16,0.0422,"{""IC"": 1643, ""S"": 722, ""PYO"": 244, ""HDM"": 38, ""MV"": 136}","[5, 6, 7, 9, 8, 10, 11, 13, 15, 14]",0.1245
2025,4,17,4,217,19274,88.82,1,14,2320,0.1204,1158,1162,66,11.13,8.0,1874,326,103,17,11,0.05,"{""IC"": 1534, ""S"": 362, ""PYO"": 380, ""HDM"": 38, ""H"": 5, ""MV"": 1}","[5, 6, 7, 8, 9, 10, 11, 12, 14, 16]",0.1268
2025,4,18,5,181,16952,93.66,0,0,1229,0.0725,613,616,124,19.05,8.0,960,69,126,74,6,0.0567,"{""S"": 119, ""IC"": 783, ""PYO"": 292, ""HDM"": 35}","[5, 6, 7, 9, 8, 11, 13, 10, 12, 14]",0.1097
2025,4,19,6,184,16364,88.93,0,0,2245,0.1372,1116,1129,34,9.68,8.0,1896,338,11,0,6,0.0512,"{""S"": 835, ""IC"": 1311, ""PYO"": 93, ""HDM"": 1, ""MUS"": 2, ""MV"": 3}","[5, 6, 7, 8, 9, 10, 11, 13, 12, 17]",0.1134
2025,4,20,7,162,14944,92.25,0,0,2662,0.1781,1330,1332,65,11.26,8.0,2104,436,121,1,12,0.0405,"{""IC"": 2114, ""S"": 174, ""PYO"": 277, ""HDM"": 73, ""MV"": 24}","[5, 6, 7, 11, 10, 8, 12, 9, 14, 13]",0.122
2025,4,21,1,177,16422,92.78,0,8,1399,0.0852,698,701,86,10.73,7.0,1247,87,21,44,7,0.0642,"{""IC"": 1063, ""S"": 187, ""PYO"": 106, ""HDM"": 42, ""H"": 1}","[5, 7, 6, 8, 9, 10, 12, 11, 24, 13]",0.1198
2025,4,22,2,202,17652,87.39,0,0,2106,0.1193,1049,1057,32,10.38,8.0,1692,392,22,0,12,0.0482,"{""IC"": 1405, ""S"": 392, ""PYO"": 246, ""HDM"": 63}","[5, 6, 7, 10, 8, 11, 9, 13, 12, 16]",0.1232
2025,4,23,3,203,17674,87.06,0,0,1680,0.0951,844,836,61,9.66,7.0,1349,326,4,1,6,0.0549,"{""IC"": 1344, ""S"": 230, ""PYO"": 58, ""HDM"": 48}","[5, 6, 8, 7, 10, 9, 20, 21, 12, 11]",0.1154
2025,4,24,4,205,17722,86.45,0,0,1778,0.1003,897,881,95,12.3,7.0,1530,157,5,86,4,0.0497,"{""S"": 223, ""IC"": 1392, ""PYO"": 136, ""HDM"": 27}","[5, 6, 7, 8, 10, 9, 12, 11, 90, 21]",0.1125
2025,4,25,5,216,18820,87.13,0,0,2223,0.1181,1100,1123,59,9.95,7.0,1916,197,110,0,12,0.0506,"{""IC"": 1582, ""S"": 478, ""PYO"": 67, ""HDM"": 80, ""H"": 16}","[5, 6, 7, 8, 9, 10, 11, 12, 15, 13]",0.119
2025,4,26,6,200,15188,75.94,0,0,1841,0.1212,920,921,133,19.06,9.0,1398,152,175,116,16,0.0425,"{""IC"": 1026, ""S"": 403, ""PYO"": 224, ""HDM"": 78, ""H"": 5, ""MUS"": 19, ""MV"": 86}","[5, 7, 6, 8, 9, 10, 11, 12, 13, 14]",0.1168
2025,4,27,7,180,15832,87.96,0,0,4245,0.2681,2120,2125,74,19.05,14.0,2153,1230,751,111,22,0.0249,"{""IC"": 3140, ""S"": 822, ""PYO"": 151, ""HDM"": 114, ""H"": 13, ""MUS"": 5}","[5, 6, 7, 15, 8, 13, 12, 14, 9, 10]",0.1296
2025,4,28,1,202,17660,87.43,0,0,1848,0.1046,931,917,37,10.72,8.0,1473,327,48,0,12,0.0585,"{""IC"": 1426, ""S"": 253, ""PYO"": 2, ""HDM"": 157, ""H"": 10}","[5, 6, 8, 7, 9, 10, 11, 14, 12, 24]",0.1324
2025,4,29,2,209,17826,85.29,0,0,1050,0.0589,524,526,65,9.1,7.0,917,128,4,1,8,0.0769,"{""IC"": 641, ""S"": 199, ""PYO"": 95, ""HDM"": 36, ""H"": 19, ""MV"": 60}","[5, 6, 7, 8, 9, 10, 11, 12, 13, 15]",0.1238
2025,4,30,3,216,18670,86.44,0,0,1718,0.092,861,857,68,11.95,7.0,1366,238,93,21,7,0.0566,"{""S"": 193, ""IC"": 1176, ""PYO"": 298, ""HDM"": 2, ""H"": 13, ""MV"": 36}","[5, 6, 7, 8, 9, 11, 10, 24, 12, 13]",0.1233
2025,5,1,4,190,16396,86.29,0,0,638,0.0389,318,320,50,6.59,6.0,637,0,1,0,5,0.104,"{""IC"": 494, ""S"": 79, ""PYO"": 30, ""HDM"": 31, ""MUS"": 4}","[5, 6, 7, 8, 9, 10, 11, 12, 13, 50]",0.1145
2025,5,2,5,222,19036,85.75,4,242,2331,0.1225,1169,1162,61,9.69,7.0,2088,153,87,3,12,0.0467,"{""IC"": 1634, ""S"": 382, ""PYO"": 111, ""HDM"": 84, ""MV"": 120}","[5, 6, 7, 8, 9, 10, 11, 14, 12, 13]",0.1152
2025,5,3,6,193,13004,67.38,2,60,892,0.0686,447,445,33,9.41,8.0,764,120,8,0,7,0.071,"{""IC"": 722, ""S"": 60, ""HDM"": 30, ""PYO"": 4, ""MV"": 76}","[5, 6, 8, 7, 9, 10, 11, 12, 24, 13]",0.1077
2025,5,4,7,199,13504,67.86,2,172,2883,0.2135,1441,1442,106,22.75,10.0,1766,494,289,334,23,0.0238,"{""IC"": 2350, ""S"": 202, ""PYO"": 199, ""HDM"": 66, ""H"": 17, ""MV"": 49}","[5, 6, 7, 8, 11, 9, 10, 12, 32, 14]",0.0999
2025,5,5,1,206,16788,81.5,1,8,1975,0.1176,989,986,44,9.21,7.0,1766,159,50,0,4,0.0487,"{""IC"": 1432, ""S"": 377, ""PYO"": 135, ""HDM"": 7, ""MV"": 22, ""V"": 2}","[5, 6, 7, 8, 10, 9, 11, 14, 13, 39]",0.1017
2025,5,6,2,206,16702,81.08,2,84,1880,0.1126,940,940,51,12.54,9.0,1330,426,124,0,14,0.0462,"{""IC"": 1559, ""S"": 41, ""PYO"": 138, ""HDM"": 38, ""H"": 15, ""MV"": 89}","[5, 6, 7, 9, 8, 10, 11, 14, 22, 21]",0.1094
2025,5,7,3,202,16830,83.32,5,76,1645,0.0977,824,821,51,13.92,9.0,1213,202,230,0,7,0.0453,"{""IC"": 1231, ""S"": 285, ""PYO"": 65, ""HDM"": 46, ""H"": 2, ""MV"": 16}","[5, 6, 7, 8, 10, 9, 13, 12, 11, 14]",0.1102
2025,5,8,4,208,17422,83.76,3,64,2005,0.1151,1002,1003,93,15.83,7.0,1456,199,263,87,7,0.044,"{""S"": 249, ""IC"": 1666, ""PYO"": 15, ""HDM"": 33, ""H"": 5, ""MV"": 37}","[5, 6, 8, 7, 9, 11, 10, 12, 32, 14]",0.1211
2025,5,9,5,222,18618,83.86,4,136,2304,0.1238,1154,1150,77,9.17,7.0,2130,130,33,11,7,0.057,"{""IC"": 1759, ""S"": 375, ""PYO"": 101, ""HDM"": 34, ""MUS"": 17, ""MV"": 18}","[5, 6, 7, 8, 9, 10, 11, 12, 13, 18]",0.1213
2025,5,10,6,188,12434,66.14,2,40,852,0.0685,428,424,32,9.07,6.0,701,142,9,0,7,0.0662,"{""S"": 159, ""IC"": 642, ""HDM"": 42, ""MV"": 9}","[5, 6, 7, 19, 8, 20, 11, 9, 10, 13]",0.1213
2025,5,11,7,197,14208,72.12,2,34,1865,0.1313,932,933,85,9.9,7.0,1641,175,38,11,14,0.0573,"{""IC"": 1381, ""S"": 229, ""PYO"": 144, ""HDM"": 75, ""MV"": 36}","[5, 6, 7, 8, 9, 11, 10, 29, 12, 13]",0.1095
2025,5,12,1,188,16282,86.61,0,0,1917,0.1177,960,957,89,16.49,8.0,1383,229,240,65,7,0.0364,"{""IC"": 1386, ""S"": 281, ""PYO"": 162, ""HDM"": 32, ""MV"": 56}","[5, 6, 7, 8, 9, 13, 14, 15, 12, 10]",0.1095
2025,5,13,2,209,16766,80.22,2,134,2425,0.1446,1217,1208,173,18.27,8.0,1956,178,106,185,18,0.0333,"{""IC"": 1873, ""S"": 191, ""PYO"": 126, ""HDM"": 44, ""H"": 32, ""MV"": 159}","[5, 6, 7, 8, 9, 11, 10, 12, 13, 14]",0.1141
2025,5,14,3,204,16802,82.36,2,24,3238,0.1927,1621,1617,119,16.73,10.0,2276,659,136,167,15,0.0294,"{""IC"": 2418, ""S"": 580, ""PYO"": 141, ""HDM"": 86, ""H"": 11, ""MV"": 2}","[5, 6, 7, 8, 9, 11, 10, 12, 15, 14]",0.1277
2025,5,15,4,216,17682,81.86,2,190,2254,0.1275,1125,1129,256,13.55,9.0,1472,704,59,19,19,0.0506,"{""S"": 277, ""IC"": 1706, ""PYO"": 146, ""HDM"": 67, ""MUS"": 1, ""MV"": 49, ""V"": 8}","[5, 6, 7, 9, 8, 10, 21, 17, 23, 13]",0.1294
2025,5,16,5,221,18498,83.7,1,64,2446,0.1322,1228,1218,36,9.74,8.0,2098,301,47,0,13,0.0518,"{""IC"": 1991, ""S"": 277, ""PYO"": 104, ""HDM"": 61, ""H"": 11, ""MUS"": 2}","[5, 6, 7, 8, 9, 10, 11, 12, 16, 13]",0.1306
2025,5,17,6,196,13690,69.85,3,32,1969,0.1438,982,987,28,10.2,8.0,1540,429,0,0,15,0.0472,"{""IC"": 1375, ""S"": 470, ""HDM"": 54, ""MUS"": 69, ""MV"": 1}","[5, 6, 7, 8, 9, 10, 19, 12, 11, 18]",0.1414
2025,5,18,7,189,13868,73.38,0,0,2094,0.151,1040,1054,34,9.61,8.0,1816,236,42,0,15,0.0505,"{""IC"": 1520, ""S"": 314, ""PYO"": 223, ""HDM"": 21, ""H"": 16}","[5, 6, 7, 8, 9, 10, 11, 12, 14, 13]",0.1442
2025,5,19,1,208,17406,83.68,0,0,2904,0.1668,1453,1451,171,20.12,10.0,2094,495,55,260,19,0.0282,"{""IC"": 1874, ""S"": 738, ""PYO"": 72, ""HDM"": 68, ""H"": 1, ""MV"": 151}","[5, 6, 7, 12, 9, 10, 11, 8, 13, 17]",0.1512
2025,5,20,2,191,16862,88.28,1,98,1892,0.1122,951,941,33,10.13,8.0,1527,355,10,0,6,0.0516,"{""IC"": 1614, ""S"": 183, ""PYO"": 60, ""HDM"": 21, ""H"": 14}","[5, 6, 7, 9, 8, 10, 12, 11, 15, 13]",0.1466
2025,5,21,3,218,17910,82.16,3,226,3239,0.1808,1622,1617,64,16.54,10.0,2178,437,561,63,21,0.031,"{""IC"": 2173, ""S"": 680, ""PYO"": 99, ""HDM"": 77, ""MV"": 210}","[5, 6, 7, 8, 10, 9, 11, 12, 15, 14]",0.1449
2025,5,22,4,209,17482,83.65,2,140,1501,0.0859,750,751,39,8.59,7.0,1359,122,20,0,8,0.0677,"{""S"": 242, ""IC"": 1130, ""PYO"": 70, ""HDM"": 37, ""H"": 8, ""MV"": 14}","[5, 6, 8, 7, 9, 11, 12, 10, 13, 16]",0.139
2025,5,23,5,227,18732,82.52,5,128,3722,0.1987,1862,1860,166,11.74,9.0,2982,571,153,16,17,0.041,"{""IC"": 2844, ""S"": 694, ""PYO"": 121, ""HDM"": 39, ""H"": 17, ""MV"": 7}","[5, 6, 8, 7, 10, 9, 13, 14, 12, 11]",0.1485
2025,5,24,6,190,13376,70.4,0,94,1201,0.0898,604,597,33,9.01,6.0,1046,122,33,0,6,0.057,"{""IC"": 723, ""S"": 379, ""HDM"": 93, ""H"": 3, ""PYO"": 3}","[5, 6, 7, 8, 12, 9, 10, 11, 29, 28]",0.1407
2025,5,25,7,195,14208,72.86,1,116,2044,0.1439,1021,1023,33,10.3,8.0,1683,320,41,0,10,0.0546,"{""IC"": 1475, ""S"": 166, ""PYO"": 196, ""HDM"": 50, ""MV"": 157}","[5, 6, 7, 10, 8, 11, 9, 12, 13, 14]",0.1397
2025,5,26,1,212,17810,84.01,2,220,4834,0.2714,2414,2420,209,43.5,14.0,2446,847,364,1177,29,0.0155,"{""IC"": 3359, ""S"": 1069, ""PYO"": 236, ""HDM"": 36, ""H"": 16, ""MV"": 118}","[6, 5, 7, 8, 9, 11, 10, 13, 12, 14]",0.1547
2025,5,27,2,206,17532,85.11,2,76,1776,0.1013,893,883,81,8.88,7.0,1688,81,0,7,7,0.0622,"{""IC"": 1319, ""S"": 397, ""PYO"": 39, ""HDM"": 20, ""H"": 1}","[5, 6, 7, 10, 11, 13, 12, 8, 9, 14]",0.1531
2025,5,28,3,217,18722,86.28,0,0,2819,0.1506,1419,1400,47,10.63,8.0,2248,460,111,0,11,0.0441,"{""IC"": 2038, ""S"": 556, ""PYO"": 132, ""HDM"": 17, ""MV"": 76}","[5, 6, 8, 7, 9, 10, 13, 11, 16, 12]",0.1488
2025,5,29,4,187,15512,82.95,1,116,2043,0.1317,1016,1027,69,12.06,8.0,1454,457,131,1,14,0.0521,"{""IC"": 1322, ""S"": 442, ""PYO"": 71, ""HDM"": 68, ""H"": 16, ""MUS"": 4, ""MV"": 120}","[5, 6, 7, 8, 10, 17, 11, 9, 16, 13]",0.1553
2025,5,30,5,223,18926,84.87,0,0,2279,0.1204,1130,1149,38,9.97,7.0,1910,304,65,0,8,0.0504,"{""IC"": 1401, ""S"": 351, ""PYO"": 415, ""HDM"": 22, ""H"": 14, ""MV"": 76}","[5, 6, 7, 8, 9, 10, 11, 13, 12, 14]",0.1442
2025,5,31,6,194,13554,69.87,2,24,662,0.0488,327,335,31,7.86,6.0,598,61,3,0,2,0.0788,"{""IC"": 515, ""S"": 130, ""HDM"": 12, ""MUS"": 5}","[5, 6, 7, 8, 9, 10, 15, 28, 20, 12]",0.1383
2025,6,1,7,195,14830,76.05,0,0,1624,0.1095,806,818,60,10.68,7.0,1446,65,103,10,12,0.0517,"{""IC"": 1248, ""S"": 273, ""PYO"": 79, ""HDM"": 15, ""MUS"": 9}","[5, 6, 7, 8, 9, 11, 10, 12, 16, 13]",0.1334
2025,6,2,1,205,17526,85.49,0,0,2524,0.144,1260,1264,41,9.93,7.0,2139,347,38,0,15,0.0462,"{""IC"": 1719, ""S"": 605, ""PYO"": 105, ""HDM"": 78, ""H"": 12, ""MV"": 5}","[5, 6, 7, 8, 9, 10, 11, 12, 25, 13]",0.1152
2025,6,3,2,206,17408,84.5,0,32,2071,0.119,1032,1039,145,14.55,9.0,1608,382,4,77,10,0.0446,"{""IC"": 1697, ""S"": 248, ""PYO"": 35, ""HDM"": 59, ""H"": 32}","[5, 6, 7, 10, 8, 9, 11, 12, 14, 15]",0.1177
2025,6,4,3,211,17878,84.73,3,216,1476,0.0826,738,738,147,13.58,6.0,1268,54,82,72,5,0.0608,"{""IC"": 1035, ""S"": 176, ""PYO"": 174, ""HDM"": 32, ""MV"": 59}","[5, 6, 7, 8, 9, 10, 43, 12, 11, 44]",0.108
2025,6,5,4,211,17956,85.1,3,212,2072,0.1154,1041,1031,34,9.72,7.0,1678,336,58,0,6,0.0487,"{""IC"": 1352, ""S"": 532, ""PYO"": 142, ""HDM"": 45, ""MV"": 1}","[5, 6, 7, 9, 8, 11, 10, 16, 12, 18]",0.1057
2025,6,6,5,231,19064,82.53,1,100,2651,0.1391,1325,1326,77,11.64,8.0,2154,331,136,30,13,0.0439,"{""IC"": 1826, ""S"": 448, ""PYO"": 263, ""HDM"": 88, ""MUS"": 4, ""V"": 22}","[5, 6, 7, 8, 9, 10, 11, 12, 13, 14]",0.1083
2025,6,7,6,188,15510,82.5,2,44,1165,0.0751,580,585,53,9.35,6.0,1025,91,49,0,7,0.072,"{""IC"": 686, ""S"": 310, ""PYO"": 108, ""HDM"": 33, ""H"": 4, ""MUS"": 23, ""MV"": 1}","[5, 6, 7, 8, 9, 11, 12, 10, 22, 24]",0.1121
2025,6,8,7,184,15936,86.61,0,0,3286,0.2062,1642,1644,297,14.88,8.0,2532,392,160,202,18,0.0369,"{""IC"": 2668, ""S"": 486, ""PYO"": 58, ""HDM"": 73, ""MUS"": 1}","[5, 6, 8, 7, 9, 10, 11, 12, 16, 15]",0.1259
2025,6,9,1,212,18022,85.01,4,288,2600,0.1443,1288,1312,62,9.74,7.0,2294,203,84,19,13,0.0441,"{""IC"": 1827, ""S"": 494, ""PYO"": 202, ""HDM"": 10, ""MUS"": 1, ""MV"": 66}","[5, 6, 7, 8, 9, 10, 13, 11, 12, 14]",0.126
2025,6,10,2,206,17626,85.56,1,46,3496,0.1983,1744,1752,89,12.1,7.0,2909,278,228,81,15,0.0306,"{""IC"": 2636, ""S"": 625, ""PYO"": 160, ""HDM"": 54, ""H"": 14, ""MV"": 7}","[5, 6, 7, 8, 9, 10, 11, 12, 13, 14]",0.1373
2025,6,11,3,208,17720,85.19,2,40,2729,0.154,1368,1361,107,12.82,8.0,2160,267,264,38,9,0.04,"{""IC"": 2159, ""S"": 234, ""PYO"": 135, ""HDM"": 50, ""H"": 12, ""MV"": 139}","[5, 6, 7, 8, 9, 10, 11, 12, 13, 15]",0.1475
2025,6,12,4,212,17870,84.29,1,76,3228,0.1806,1615,1613,77,13.69,9.0,2283,612,300,33,18,0.0351,"{""IC"": 2467, ""S"": 513, ""PYO"": 89, ""HDM"": 37, ""H"": 40, ""MV"": 82}","[5, 6, 7, 8, 9, 13, 12, 14, 11, 10]",0.1568
2025,6,13,5,224,18792,83.89,0,0,3022,0.1608,1507,1515,114,13.11,9.0,2347,553,24,98,15,0.0382,"{""IC"": 2113, ""S"": 636, ""PYO"": 175, ""HDM"": 56, ""H"": 16, ""MV"": 23, ""V"": 3}","[5, 6, 7, 8, 9, 12, 10, 14, 11, 13]",0.1599
2025,6,14,6,198,16092,81.27,1,30,2100,0.1305,1048,1052,107,19.47,8.0,1497,244,130,229,10,0.0408,"{""IC"": 1443, ""S"": 461, ""PYO"": 135, ""H"": 16, ""HDM"": 4, ""MUS"": 15, ""MV"": 14, ""V"": 12}","[5, 6, 7, 8, 10, 9, 11, 12, 21, 15]",0.1678
2025,6,15,7,187,16088,86.03,0,0,4121,0.2562,2059,2062,242,35.98,14.0,2118,1033,328,642,22,0.0185,"{""IC"": 2886, ""S"": 724, ""PYO"": 365, ""HDM"": 87, ""H"": 7, ""MUS"": 35, ""MV"": 16, ""V"": 1}","[5, 6, 7, 8, 9, 10, 14, 21, 20, 11]",0.175
2025,6,16,1,207,17760,85.8,0,0,2687,0.1513,1343,1344,121,14.11,8.0,2034,423,116,114,16,0.0393,"{""IC"": 1949, ""S"": 382, ""PYO"": 222, ""HDM"": 45, ""H"": 32, ""MV"": 57}","[5, 6, 7, 8, 9, 10, 13, 11, 12, 14]",0.176
2025,6,17,2,214,18186,84.98,5,300,2833,0.1558,1418,1415,89,15.94,9.0,1927,489,290,127,13,0.038,"{""IC"": 2068, ""S"": 442, ""PYO"": 266, ""HDM"": 57}","[5, 6, 9, 7, 8, 10, 11, 15, 12, 14]",0.1699
2025,6,18,3,216,17974,83.21,5,140,2207,0.1228,1109,1098,49,11.25,8.0,1767,355,85,0,17,0.0513,"{""IC"": 1333, ""S"": 298, ""PYO"": 260, ""HDM"": 68, ""MV"": 248}","[5, 6, 8, 9, 7, 11, 10, 13, 12, 14]",0.1654
2025,6,19,4,225,19128,85.01,2,86,2531,0.1323,1258,1273,64,12.07,7.0,2031,302,194,4,11,0.0497,"{""IC"": 1792, ""S"": 472, ""PYO"": 161, ""HDM"": 87, ""MV"": 19}","[5, 6, 7, 8, 9, 12, 13, 10, 11, 20]",0.1585
2025,6,20,5,180,13938,77.43,0,0,1429,0.1025,718,711,107,19.38,9.0,980,251,34,164,12,0.0414,"{""IC"": 1175, ""S"": 121, ""HDM"": 48, ""MV"": 81, ""V"": 4}","[5, 6, 7, 14, 8, 15, 10, 9, 12, 11]",0.1502
2025,6,21,6,170,11984,70.49,2,66,1029,0.0859,510,519,42,9.66,7.0,922,70,37,0,6,0.0714,"{""IC"": 659, ""S"": 142, ""PYO"": 180, ""HDM"": 6, ""H"": 5, ""MV"": 37}","[5, 6, 7, 9, 12, 8, 11, 14, 10, 13]",0.1438
2025,6,22,7,173,15516,89.69,0,0,1510,0.0973,747,763,49,12.86,8.0,1180,134,196,0,4,0.0568,"{""IC"": 1104, ""S"": 250, ""PYO"": 128, ""H"": 8, ""HDM"": 20}","[5, 6, 9, 8, 7, 10, 11, 12, 13, 47]",0.1211
2025,6,23,1,200,16538,82.69,3,126,2071,0.1252,1034,1037,76,13.17,8.0,1540,281,247,3,13,0.0496,"{""IC"": 1249, ""S"": 367, ""PYO"": 350, ""HDM"": 59, ""H"": 16, ""MV"": 30}","[5, 6, 8, 7, 9, 10, 12, 13, 14, 11]",0.1174
2025,6,24,2,203,16870,83.1,4,200,1772,0.105,885,887,63,10.65,7.0,1466,242,51,13,8,0.0585,"{""IC"": 1330, ""S"": 328, ""PYO"": 49, ""H"": 21, ""MV"": 44}","[5, 6, 7, 8, 9, 11, 13, 10, 14, 12]",0.1101
2025,6,25,3,198,16612,83.9,0,28,1868,0.1124,931,937,70,12.96,9.0,1347,360,160,1,14,0.0577,"{""IC"": 1315, ""S"": 370, ""PYO"": 91, ""HDM"": 48, ""H"": 44}","[5, 6, 7, 8, 11, 10, 9, 12, 19, 13]",0.1087
2025,6,26,4,205,17084,83.34,6,72,1423,0.0833,712,711,29,8.68,7.0,1286,137,0,0,6,0.0766,"{""IC"": 946, ""S"": 280, ""PYO"": 153, ""HDM"": 33, ""MV"": 11}","[5, 6, 7, 8, 11, 10, 9, 12, 13, 23]",0.1017
2025,6,27,5,213,17592,82.59,3,36,2667,0.1516,1337,1330,59,13.09,10.0,1783,795,89,0,11,0.0464,"{""IC"": 2038, ""S"": 262, ""PYO"": 222, ""HDM"": 100, ""H"": 36, ""MV"": 9}","[6, 5, 7, 8, 10, 9, 11, 15, 12, 13]",0.1087
2025,6,28,6,207,14160,68.41,5,1726,2413,0.1704,1209,1204,930,236.51,79.0,974,102,57,1280,7,0.0096,"{""IC"": 1010, ""S"": 538, ""PYO"": 780, ""HDM"": 32, ""MUS"": 13, ""MV"": 40}","[5, 6, 9, 7, 8, 10, 198, 14, 11, 15]",0.1207
2025,6,29,7,199,14342,72.07,6,1666,5960,0.4156,2977,2983,164,30.95,22.0,2082,1480,1630,768,42,0.0162,"{""IC"": 4579, ""S"": 943, ""PYO"": 143, ""HDM"": 171, ""H"": 32, ""P"": 11, ""MV"": 81}","[5, 6, 10, 9, 12, 8, 11, 15, 16, 7]",0.1662
2025,6,30,1,198,16636,84.02,1,30,2093,0.1258,1041,1052,107,13.36,9.0,1572,450,0,71,11,0.0494,"{""IC"": 1390, ""S"": 431, ""PYO"": 80, ""HDM"": 103, ""MV"": 89}","[5, 6, 7, 8, 9, 13, 10, 12, 17, 14]",0.1663
2025,7,1,2,198,16672,84.2,0,0,1524,0.0914,757,767,71,11.97,7.0,1301,111,21,91,5,0.069,"{""IC"": 1113, ""S"": 229, ""PYO"": 124, ""HDM"": 37, ""H"": 19, ""MV"": 2}","[5, 6, 7, 8, 9, 10, 11, 15, 12, 14]",0.1644
2025,7,2,3,202,16868,83.5,0,16,1382,0.0819,688,694,109,17.94,9.0,889,221,187,85,10,0.0504,"{""IC"": 808, ""S"": 180, ""PYO"": 327, ""HDM"": 57, ""H"": 10}","[5, 6, 7, 8, 9, 10, 11, 30, 15, 34]",0.16
2025,7,3,4,206,17240,83.69,2,24,1956,0.1135,980,976,23,7.92,7.0,1846,110,0,0,10,0.0613,"{""IC"": 1321, ""S"": 349, ""PYO"": 179, ""HDM"": 50, ""H"": 15, ""MV"": 42}","[5, 6, 7, 8, 9, 10, 11, 13, 12, 21]",0.1643
2025,7,4,5,208,17540,84.33,3,434,5253,0.2995,2615,2638,414,52.29,14.0,2659,885,410,1299,26,0.0151,"{""IC"": 3797, ""S"": 908, ""PYO"": 426, ""HDM"": 77, ""H"": 27, ""MV"": 18}","[5, 6, 7, 9, 8, 10, 12, 11, 13, 14]",0.1854
2025,7,5,6,179,14688,82.06,1,196,2631,0.1791,1312,1319,125,27.42,10.0,1492,333,345,461,21,0.0268,"{""IC"": 2060, ""S"": 267, ""PYO"": 203, ""HDM"": 43, ""H"": 22, ""MV"": 36}","[5, 6, 8, 9, 7, 10, 11, 28, 93, 12]",0.1867
2025,7,6,7,165,14402,87.28,0,0,1760,0.1222,874,886,98,9.87,8.0,1602,126,13,19,10,0.0553,"{""IC"": 1137, ""S"": 391, ""PYO"": 159, ""HDM"": 62, ""H"": 11}","[5, 6, 7, 10, 8, 11, 9, 12, 13, 14]",0.1448
2025,7,7,1,203,16650,82.02,0,0,1626,0.0977,807,819,49,11.87,9.0,1277,246,103,0,10,0.0594,"{""IC"": 1121, ""S"": 345, ""PYO"": 72, ""HDM"": 56, ""H"": 1, ""MV"": 31}","[5, 6, 7, 11, 8, 9, 10, 12, 13, 14]",0.1408
2025,7,8,2,202,16878,83.55,1,10,2274,0.1347,1136,1138,100,17.6,9.0,1613,280,269,112,12,0.0371,"{""IC"": 1707, ""S"": 366, ""PYO"": 159, ""HDM"": 16, ""H"": 12, ""MV"": 14}","[5, 6, 7, 9, 8, 12, 10, 11, 13, 17]",0.1469
2025,7,9,3,200,16684,83.42,0,0,1125,0.0674,562,563,65,7.34,6.0,1115,9,0,1,8,0.0844,"{""IC"": 738, ""S"": 128, ""PYO"": 217, ""HDM"": 41, ""MUS"": 1}","[5, 6, 7, 8, 9, 12, 10, 11, 13, 14]",0.1449
2025,7,10,4,203,17086,84.17,2,40,1814,0.1062,897,917,36,11.25,9.0,1419,293,102,0,10,0.0547,"{""IC"": 1475, ""S"": 136, ""PYO"": 105, ""HDM"": 29, ""H"": 17, ""MV"": 52}","[5, 6, 7, 9, 8, 10, 11, 12, 13, 32]",0.1438
2025,7,11,5,210,17572,83.68,1,40,1176,0.0669,591,585,62,8.57,6.0,1100,49,22,5,9,0.0839,"{""S"": 126, ""IC"": 798, ""PYO"": 148, ""HDM"": 63, ""H"": 16, ""MUS"": 3, ""MV"": 15, ""V"": 7}","[5, 6, 7, 8, 9, 10, 12, 11, 13, 25]",0.1106
2025,7,12,6,179,14686,82.04,1,132,1997,0.136,991,1006,52,16.26,13.0,1109,626,262,0,15,0.0406,"{""IC"": 1330, ""S"": 256, ""PYO"": 347, ""HDM"": 64}","[5, 6, 7, 9, 8, 10, 11, 13, 26, 17]",0.1044
2025,7,13,7,166,14498,87.34,0,24,3421,0.236,1709,1712,80,18.51,11.0,2020,729,533,139,24,0.0262,"{""IC"": 2559, ""S"": 489, ""PYO"": 185, ""HDM"": 64, ""H"": 4, ""MV"": 120}","[5, 6, 7, 8, 9, 12, 10, 11, 25, 15]",0.1207
2025,7,14,1,211,17160,81.33,4,324,4272,0.249,2134,2138,46,13.62,10.0,2811,1078,383,0,28,0.0267,"{""IC"": 2861, ""S"": 949, ""PYO"": 207, ""HDM"": 122, ""H"": 17, ""MV"": 113, ""V"": 3}","[5, 6, 7, 8, 9, 10, 11, 12, 13, 14]",0.1423
2025,7,15,2,193,16890,87.51,3,180,2663,0.1577,1331,1332,222,36.68,10.0,1760,266,175,462,15,0.02,"{""IC"": 1664, ""S"": 439, ""PYO"": 357, ""HDM"": 31, ""H"": 20, ""MV"": 152}","[5, 6, 7, 8, 9, 10, 11, 12, 14, 13]",0.1456
2025,7,16,3,187,16618,88.87,2,24,2160,0.13,1075,1085,90,13.31,9.0,1427,682,30,21,15,0.0412,"{""IC"": 1684, ""S"": 214, ""PYO"": 196, ""HDM"": 42, ""H"": 24}","[5, 6, 7, 8, 9, 17, 28, 10, 14, 22]",0.1545
2025,7,17,4,199,16994,85.4,0,48,2118,0.1246,1051,1067,146,17.33,7.0,1738,192,27,161,12,0.0403,"{""IC"": 1458, ""S"": 356, ""PYO"": 210, ""HDM"": 57, ""H"": 13, ""MV"": 24}","[5, 6, 7, 8, 9, 10, 12, 14, 16, 11]",0.1572
2025,7,18,5,208,17704,85.12,3,286,3943,0.2227,1969,1974,168,38.54,15.0,1940,566,334,1103,18,0.0184,"{""IC"": 2777, ""S"": 716, ""PYO"": 272, ""HDM"": 65, ""H"": 5, ""MV"": 108}","[5, 6, 7, 8, 9, 11, 10, 12, 16, 17]",0.1794
2025,7,19,6,186,15120,81.29,4,290,1447,0.0957,721,726,93,19.57,10.0,953,138,246,110,14,0.0461,"{""IC"": 970, ""S"": 175, ""PYO"": 98, ""HDM"": 32, ""MUS"": 6, ""MV"": 166}","[5, 6, 9, 7, 8, 10, 13, 35, 11, 42]",0.1737
2025,7,20,7,167,14550,87.13,1,78,2536,0.1743,1262,1274,154,23.03,9.0,1814,328,44,350,12,0.026,"{""IC"": 1854, ""S"": 500, ""PYO"": 144, ""HDM"": 24, ""H"": 14}","[5, 6, 7, 8, 9, 14, 10, 12, 13, 11]",0.1649
2025,7,21,1,201,16746,83.31,2,84,1777,0.1061,887,890,82,14.61,8.0,1316,164,268,29,11,0.0476,"{""IC"": 1200, ""S"": 292, ""PYO"": 200, ""HDM"": 29, ""H"": 32, ""MV"": 24}","[5, 6, 7, 9, 8, 10, 11, 12, 13, 36]",0.1444
2025,7,22,2,207,17068,82.45,1,30,1287,0.0754,638,649,34,10.75,8.0,1001,262,24,0,15,0.0677,"{""IC"": 652, ""S"": 275, ""PYO"": 121, ""H"": 24, ""HDM"": 21, ""MV"": 194}","[5, 6, 8, 7, 10, 12, 11, 13, 28, 9]",0.1327
2025,7,23,3,207,16850,81.4,5,88,1567,0.093,775,792,32,9.57,7.0,1260,303,4,0,13,0.0613,"{""IC"": 995, ""S"": 319, ""PYO"": 149, ""HDM"": 10, ""MV"": 94}","[5, 6, 7, 9, 8, 18, 12, 19, 10, 11]",0.1274
2025,7,24,4,202,17048,84.4,3,296,2730,0.1601,1362,1368,442,44.52,9.0,1975,335,179,241,16,0.0175,"{""IC"": 1578, ""S"": 581, ""PYO"": 432, ""HDM"": 55, ""H"": 16, ""MV"": 68}","[5, 7, 6, 8, 10, 9, 11, 13, 12, 14]",0.1325
2025,7,25,5,210,17732,84.44,0,0,3565,0.201,1780,1785,581,75.25,10.0,2524,506,51,484,24,0.0136,"{""S"": 420, ""IC"": 2101, ""PYO"": 814, ""HDM"": 89, ""H"": 56, ""MV"": 85}","[5, 6, 7, 8, 10, 9, 11, 12, 13, 14]",0.1294
2025,7,26,6,180,15038,83.54,3,344,4046,0.2691,2010,2036,299,44.58,15.0,2021,689,438,898,26,0.0142,"{""IC"": 2506, ""S"": 836, ""PYO"": 411, ""HDM"": 59, ""MV"": 228, ""V"": 6}","[5, 6, 7, 8, 9, 10, 12, 13, 11, 16]",0.1541
2025,7,27,7,170,14830,87.24,1,96,2895,0.1952,1434,1461,154,29.98,9.0,1956,163,146,630,17,0.02,"{""IC"": 1890, ""S"": 488, ""PYO"": 362, ""HDM"": 33, ""H"": 16, ""MV"": 106}","[5, 6, 7, 8, 9, 10, 12, 11, 120, 13]",0.1571
2025,7,28,1,210,17750,84.52,2,128,3245,0.1828,1616,1629,91,13.6,9.0,2314,676,187,68,18,0.0388,"{""IC"": 1963, ""S"": 637, ""PYO"": 412, ""HDM"": 37, ""H"": 24, ""MV"": 172}","[5, 6, 7, 8, 9, 10, 11, 16, 13, 12]",0.1681
2025,7,29,2,208,17652,84.87,1,20,2418,0.137,1208,1210,39,11.32,8.0,1814,531,73,0,11,0.0459,"{""S"": 253, ""IC"": 1914, ""PYO"": 131, ""HDM"": 70, ""H"": 16, ""V"": 34}","[6, 5, 8, 7, 9, 10, 13, 11, 14, 12]",0.1769
2025,7,30,3,208,17610,84.66,1,116,2479,0.1408,1241,1238,95,20.59,12.0,1438,486,394,161,22,0.0341,"{""IC"": 1496, ""S"": 407, ""PYO"": 346, ""HDM"": 105, ""H"": 32, ""MV"": 93}","[5, 7, 6, 8, 12, 9, 11, 10, 16, 17]",0.1837
2025,7,31,4,214,18110,84.63,5,880,8130,0.4489,4072,4058,391,51.57,26.0,2611,1914,1659,1946,47,0.0135,"{""IC"": 5675, ""S"": 1217, ""PYO"": 875, ""HDM"": 189, ""H"": 32, ""MV"": 142}","[5, 7, 6, 8, 9, 18, 10, 15, 29, 14]",0.225
2025,8,1,5,223,19368,86.85,3,176,2243,0.1158,1120,1123,113,15.33,8.0,1721,274,83,165,11,0.0465,"{""IC"": 1501, ""S"": 473, ""PYO"": 120, ""HDM"": 56, ""H"": 11, ""MV"": 67, ""V"": 15}","[5, 6, 7, 8, 10, 9, 11, 12, 13, 17]",0.2128
2025,8,2,6,194,16056,82.76,3,96,1733,0.1079,864,869,83,14.34,8.0,1312,282,43,96,19,0.0543,"{""IC"": 1140, ""S"": 319, ""PYO"": 128, ""HDM"": 113, ""H"": 16, ""MUS"": 1, ""MV"": 16}","[5, 6, 7, 8, 11, 12, 10, 9, 15, 14]",0.1898
2025,8,3,7,183,16154,88.27,1,306,2832,0.1753,1410,1422,237,55.05,15.0,1406,343,214,869,11,0.0194,"{""IC"": 1845, ""S"": 555, ""PYO"": 295, ""HDM"": 56, ""H"": 31, ""MV"": 50}","[5, 6, 13, 7, 8, 9, 12, 15, 11, 14]",0.1869
2025,8,4,1,212,17654,83.27,3,258,3214,0.1821,1599,1615,249,21.12,10.0,2122,760,80,252,15,0.0304,"{""IC"": 2160, ""S"": 352, ""PYO"": 541, ""HDM"": 33, ""H"": 20, ""MV"": 108}","[5, 6, 7, 8, 9, 11, 10, 15, 12, 17]",0.1868
2025,8,5,2,206,17234,83.66,2,276,2667,0.1548,1332,1335,95,20.85,11.0,1492,556,451,168,13,0.0333,"{""IC"": 2079, ""S"": 226, ""PYO"": 160, ""HDM"": 32, ""H"": 16, ""MV"": 154}","[5, 6, 7, 8, 9, 10, 57, 11, 20, 12]",0.1894
2025,8,6,3,212,17572,82.89,5,134,1242,0.0707,623,619,86,15.26,7.0,981,25,169,67,9,0.0668,"{""S"": 115, ""IC"": 868, ""PYO"": 105, ""H"": 7, ""HDM"": 26, ""MV"": 121}","[5, 6, 7, 8, 10, 9, 11, 12, 13, 32]",0.1794
2025,8,7,4,214,17802,83.19,2,160,1948,0.1094,967,981,101,17.5,8.0,1335,259,229,125,13,0.0442,"{""S"": 160, ""IC"": 1236, ""PYO"": 403, ""HDM"": 39, ""H"": 29, ""MV"": 81}","[5, 6, 7, 8, 9, 10, 14, 12, 27, 18]",0.1309
2025,8,8,5,221,18640,84.34,4,114,1483,0.0796,740,743,200,12.35,8.0,1249,144,65,25,6,0.0687,"{""IC"": 901, ""S"": 384, ""PYO"": 113, ""HDM"": 66, ""H"": 7, ""MV"": 8, ""V"": 4}","[5, 6, 7, 8, 9, 14, 13, 12, 15, 10]",0.1257
2025,8,9,6,184,15736,85.52,0,94,1218,0.0774,605,613,42,9.85,8.0,1062,128,28,0,2,0.0714,"{""IC"": 840, ""S"": 159, ""PYO"": 169, ""HDM"": 43, ""MV"": 7}","[5, 6, 7, 9, 8, 11, 10, 12, 13, 15]",0.1213
2025,8,10,7,182,15772,86.66,0,90,2023,0.1283,1003,1020,80,16.4,10.0,1321,403,256,43,15,0.0385,"{""IC"": 1319, ""S"": 300, ""PYO"": 233, ""H"": 48, ""HDM"": 20, ""MUS"": 27, ""MV"": 76}","[5, 6, 7, 8, 9, 11, 10, 15, 14, 18]",0.1146
2025,8,11,1,205,17128,83.55,0,0,1785,0.1042,889,896,29,9.37,8.0,1546,239,0,0,12,0.0514,"{""IC"": 1394, ""S"": 267, ""PYO"": 43, ""HDM"": 72, ""H"": 2, ""MV"": 7}","[5, 6, 7, 8, 9, 10, 12, 11, 13, 18]",0.1035
2025,8,12,2,210,17456,83.12,2,62,1863,0.1067,927,936,46,15.45,13.0,1020,649,194,0,8,0.0409,"{""IC"": 1442, ""S"": 181, ""PYO"": 128, ""HDM"": 38, ""H"": 18, ""MV"": 56}","[5, 6, 7, 8, 19, 12, 21, 16, 9, 20]",0.0966
2025,8,13,3,206,17126,83.14,0,0,1055,0.0616,522,533,43,9.15,6.0,907,110,38,0,6,0.0675,"{""IC"": 675, ""S"": 95, ""PYO"": 262, ""HDM"": 9, ""H"": 11, ""MV"": 3}","[5, 6, 7, 8, 9, 16, 12, 10, 14, 11]",0.0953
2025,8,14,4,210,17382,82.77,0,0,2134,0.1228,1062,1072,109,12.76,8.0,1626,279,227,2,11,0.0486,"{""IC"": 1545, ""S"": 226, ""PYO"": 220, ""HDM"": 4, ""H"": 1, ""MV"": 138}","[5, 6, 7, 9, 8, 10, 11, 12, 15, 14]",0.0972
2025,8,15,5,217,18446,85.0,0,0,2136,0.1158,1065,1071,85,10.42,7.0,1948,8,168,12,8,0.0479,"{""IC"": 1432, ""S"": 413, ""PYO"": 187, ""HDM"": 32, ""H"": 8, ""MV"": 64}","[5, 6, 7, 8, 9, 10, 11, 50, 49, 12]",0.1024
2025,8,16,6,183,15714,85.87,0,0,1484,0.0944,742,742,64,8.78,7.0,1376,70,37,1,2,0.0625,"{""IC"": 978, ""S"": 322, ""PYO"": 166, ""H"": 4, ""HDM"": 12, ""MUS"": 2}","[5, 6, 7, 10, 9, 8, 11, 12, 13, 15]",0.1048
2025,8,17,7,181,15994,88.36,1,128,2098,0.1312,1044,1054,73,13.0,9.0,1477,419,201,1,8,0.0436,"{""IC"": 1450, ""S"": 313, ""PYO"": 182, ""HDM"": 30, ""MV"": 123}","[5, 6, 7, 8, 9, 10, 12, 11, 15, 14]",0.1052
2025,8,18,1,207,17216,83.17,0,24,1746,0.1014,876,870,112,23.1,8.0,1214,160,113,259,4,0.0388,"{""IC"": 1253, ""S"": 227, ""PYO"": 185, ""HDM"": 4, ""MV"": 77}","[5, 6, 7, 8, 11, 9, 13, 12, 10, 107]",0.1048
2025,8,19,2,208,17228,82.83,0,26,1055,0.0612,524,531,51,12.76,8.0,734,254,67,0,5,0.066,"{""S"": 76, ""IC"": 813, ""PYO"": 105, ""HDM"": 40, ""H"": 12, ""MV"": 9}","[5, 6, 7, 8, 9, 24, 11, 12, 10, 23]",0.0983
2025,8,20,3,206,17036,82.7,0,262,2618,0.1537,1304,1314,255,47.77,14.0,1338,255,235,790,8,0.0213,"{""IC"": 1932, ""S"": 487, ""PYO"": 153, ""HDM"": 38, ""V"": 8}","[5, 6, 7, 8, 9, 33, 10, 11, 14, 12]",0.1115
2025,8,21,4,209,17266,82.61,3,240,1209,0.07,597,612,24,7.74,6.0,1117,92,0,0,8,0.0748,"{""S"": 195, ""IC"": 799, ""PYO"": 130, ""HDM"": 31, ""H"": 13, ""MUS"": 5, ""MV"": 36}","[5, 6, 7, 8, 9, 10, 11, 12, 13, 14]",0.104
2025,8,22,5,222,18576,83.68,2,76,2504,0.1348,1246,1258,67,12.17,8.0,2065,216,201,22,16,0.0415,"{""IC"": 1804, ""S"": 428, ""PYO"": 196, ""HDM"": 39, ""H"": 37}","[5, 7, 6, 8, 11, 9, 10, 12, 13, 14]",0.1067
2025,8,23,6,184,15904,86.43,0,24,1517,0.0954,763,754,117,18.92,8.0,1046,232,87,152,8,0.0508,"{""S"": 243, ""IC"": 1002, ""PYO"": 206, ""HDM"": 62, ""H"": 1, ""MUS"": 3}","[5, 6, 7, 8, 10, 14, 12, 9, 11, 17]",0.1068
2025,8,24,7,184,16112,87.57,1,86,2060,0.1279,1028,1032,87,12.3,8.0,1678,237,88,57,6,0.0488,"{""IC"": 1359, ""S"": 410, ""PYO"": 172, ""HDM"": 49, ""MUS"": 6, ""MV"": 64}","[5, 6, 7, 8, 9, 10, 12, 11, 13, 15]",0.1063
2025,8,25,1,205,17392,84.84,0,8,1920,0.1104,965,955,49,9.91,7.0,1621,196,103,0,13,0.0451,"{""S"": 306, ""IC"": 1369, ""PYO"": 177, ""HDM"": 57, ""H"": 4, ""V"": 7}","[5, 6, 7, 8, 9, 10, 11, 12, 15, 14]",0.1076
2025,8,26,2,211,17554,83.19,3,40,1512,0.0861,760,752,45,10.47,8.0,1232,196,84,0,6,0.0557,"{""IC"": 1155, ""S"": 115, ""PYO"": 220, ""H"": 16, ""HDM"": 5, ""MUS"": 1}","[5, 6, 8, 7, 9, 10, 13, 12, 11, 16]",0.1112
2025,8,27,3,211,17544,83.15,2,30,2005,0.1143,1007,998,83,17.21,9.0,1449,210,196,150,14,0.0386,"{""S"": 395, ""IC"": 1348, ""PYO"": 175, ""HDM"": 49, ""H"": 7, ""MV"": 31}","[5, 6, 7, 8, 13, 11, 10, 15, 9, 14]",0.1056
2025,8,28,4,209,17502,83.74,6,312,1810,0.1034,907,903,62,12.82,8.0,1428,192,189,1,5,0.045,"{""S"": 150, ""IC"": 1506, ""PYO"": 109, ""HDM"": 31, ""H"": 12, ""V"": 2}","[5, 6, 7, 9, 10, 8, 11, 14, 13, 15]",0.1103
2025,8,29,5,224,19142,85.46,0,36,3495,0.1826,1749,1746,90,16.61,9.0,2467,481,371,176,15,0.0296,"{""IC"": 2468, ""S"": 627, ""PYO"": 213, ""HDM"": 35, ""H"": 19, ""MV"": 132, ""V"": 1}","[5, 6, 8, 7, 9, 10, 12, 11, 13, 15]",0.1172
2025,8,30,6,185,15492,83.74,0,0,1299,0.0838,656,643,197,13.19,8.0,995,238,15,51,5,0.057,"{""IC"": 882, ""S"": 225, ""PYO"": 181, ""HDM"": 5, ""MV"": 6}","[5, 6, 7, 8, 9, 10, 11, 16, 17, 12]",0.1155
2025,8,31,7,181,14464,79.91,0,0,2175,0.1504,1086,1089,113,10.69,7.0,1845,263,38,29,10,0.041,"{""IC"": 1740, ""S"": 225, ""PYO"": 145, ""H"": 8, ""HDM"": 11, ""MV"": 46}","[5, 6, 7, 8, 9, 10, 11, 12, 14, 13]",0.1187
2025,9,1,1,218,17872,81.98,0,0,3182,0.178,1589,1593,166,19.82,11.0,1957,732,288,205,14,0.0267,"{""S"": 447, ""IC"": 2077, ""PYO"": 402, ""HDM"": 89, ""MV"": 167}","[5, 6, 7, 8, 11, 10, 9, 19, 17, 18]",0.1284
2025,9,2,2,213,17528,82.29,3,142,3018,0.1722,1512,1506,148,21.95,9.0,2161,365,182,310,13,0.025,"{""S"": 631, ""IC"": 2157, ""PYO"": 107, ""HDM"": 31, ""MV"": 92}","[5, 6, 7, 8, 9, 13, 11, 10, 12, 14]",0.1407
2025,9,3,3,206,17644,85.65,2,24,2465,0.1397,1236,1229,60,10.15,7.0,2111,240,113,1,8,0.0432,"{""S"": 332, ""IC"": 1903, ""PYO"": 118, ""HDM"": 18, ""MV"": 94}","[5, 6, 7, 8, 11, 10, 12, 13, 9, 14]",0.1443
2025,9,4,4,206,17570,85.29,2,60,2283,0.1299,1139,1144,145,18.96,8.0,1678,105,343,157,13,0.0424,"{""S"": 583, ""IC"": 1504, ""PYO"": 179, ""H"": 1, ""MV"": 16}","[5, 6, 7, 8, 9, 11, 10, 12, 42, 45]",0.1481
2025,9,5,5,218,18740,85.96,0,6,2551,0.1361,1263,1288,26,8.75,7.0,2299,252,0,0,12,0.0448,"{""S"": 417, ""IC"": 1705, ""PYO"": 248, ""HDM"": 100, ""H"": 16, ""MV"": 65}","[5, 6, 7, 8, 9, 11, 10, 12, 13, 14]",0.1414
2025,9,6,6,194,14424,74.35,0,0,1471,0.102,743,728,63,9.08,7.0,1326,126,18,1,5,0.0581,"{""S"": 370, ""IC"": 724, ""PYO"": 325, ""HDM"": 50, ""H"": 2}","[5, 6, 7, 8, 9, 10, 11, 12, 14, 13]",0.144
2025,9,7,7,192,14558,75.82,2,60,1985,0.1364,989,996,110,10.89,8.0,1694,167,120,4,15,0.0461,"{""S"": 311, ""IC"": 1265, ""PYO"": 336, ""HDM"": 17, ""H"": 3, ""MUS"": 15, ""MV"": 38}","[5, 6, 7, 8, 9, 14, 13, 10, 11, 12]",0.142
2025,9,8,1,212,17756,83.75,1,254,4892,0.2755,2442,2450,104,22.49,12.0,2795,950,635,512,24,0.0208,"{""IC"": 3285, ""S"": 887, ""PYO"": 553, ""HDM"": 91, ""H"": 21, ""MV"": 55}","[5, 6, 7, 9, 8, 10, 11, 13, 12, 15]",0.156
2025,9,9,2,206,17600,85.44,0,4,3273,0.186,1637,1636,102,15.63,10.0,2217,782,118,156,15,0.0323,"{""S"": 650, ""IC"": 2063, ""PYO"": 395, ""HDM"": 126, ""H"": 15, ""MV"": 24}","[5, 6, 7, 8, 10, 9, 11, 12, 15, 13]",0.1579
2025,9,10,3,207,17526,84.67,1,32,2466,0.1407,1236,1230,107,15.56,8.0,1951,277,121,117,10,0.0343,"{""IC"": 1757, ""S"": 576, ""PYO"": 102, ""HDM"": 23, ""H"": 1, ""MV"": 7}","[5, 6, 7, 8, 9, 10, 14, 11, 12, 13]",0.1581
2025,9,11,4,209,17684,84.61,2,28,3019,0.1707,1507,1512,77,15.98,8.0,2090,476,316,137,13,0.0333,"{""IC"": 2325, ""S"": 478, ""PYO"": 156, ""HDM"": 29, ""H"": 16, ""MV"": 15}","[5, 6, 7, 8, 9, 10, 13, 12, 18, 11]",0.1639
2025,9,12,5,222,19012,85.64,1,64,4138,0.2177,2068,2070,106,13.79,9.0,2916,942,196,84,20,0.0334,"{""IC"": 2860, ""S"": 868, ""PYO"": 260, ""HDM"": 78, ""H"": 5, ""MV"": 67}","[5, 6, 7, 8, 9, 11, 12, 10, 13, 14]",0.1756
2025,9,13,6,185,14820,80.11,0,6,1869,0.1261,933,936,149,22.88,9.0,1264,188,258,159,6,0.0311,"{""IC"": 943, ""S"": 335, ""PYO"": 574, ""HDM"": 16, ""MUS"": 1}","[5, 7, 6, 8, 9, 11, 12, 10, 14, 34]",0.179
2025,9,14,7,179,14688,82.06,0,0,2004,0.1364,997,1007,46,12.01,8.0,1569,234,201,0,8,0.0412,"{""IC"": 1634, ""S"": 153, ""PYO"": 191, ""HDM"": 13, ""H"": 12, ""MUS"": 1}","[5, 6, 7, 9, 8, 10, 11, 12, 13, 14]",0.179
2025,9,15,1,205,17528,85.5,0,0,3000,0.1712,1505,1495,36,9.92,8.0,2440,542,18,0,9,0.0372,"{""IC"": 2158, ""S"": 473, ""PYO"": 244, ""HDM"": 62, ""MV"": 63}","[5, 6, 7, 8, 9, 10, 12, 11, 15, 14]",0.1641
2025,9,16,2,205,17290,84.34,1,20,2364,0.1367,1182,1182,46,11.04,8.0,1916,329,119,0,10,0.0428,"{""IC"": 1810, ""S"": 346, ""PYO"": 116, ""HDM"": 53, ""H"": 29, ""MV"": 10}","[5, 6, 7, 8, 9, 10, 11, 12, 13, 15]",0.1571
2025,9,17,3,204,17216,84.39,1,26,1733,0.1007,871,862,58,10.82,8.0,1366,311,56,0,5,0.0493,"{""S"": 393, ""IC"": 1132, ""PYO"": 114, ""HDM"": 94}","[5, 6, 7, 9, 8, 10, 12, 11, 16, 13]",0.1514
2025,9,18,4,207,17612,85.08,1,204,3448,0.1958,1727,1721,107,16.57,10.0,2195,784,351,118,17,0.0282,"{""IC"": 2238, ""S"": 747, ""PYO"": 363, ""HDM"": 60, ""H"": 8, ""MV"": 32}","[5, 6, 7, 8, 9, 10, 11, 12, 19, 20]",0.1549
2025,9,19,5,218,18778,86.14,2,138,4690,0.2498,2343,2347,63,14.64,11.0,2943,1183,563,1,19,0.0268,"{""S"": 599, ""IC"": 3752, ""PYO"": 240, ""HDM"": 58, ""H"": 32, ""MV"": 9}","[5, 6, 7, 9, 8, 10, 11, 14, 18, 12]",0.1595
2025,9,20,6,181,15794,87.26,0,0,2435,0.1542,1222,1213,78,13.32,10.0,1616,674,142,3,13,0.0423,"{""IC"": 1518, ""S"": 659, ""PYO"": 220, ""HDM"": 22, ""H"": 16}","[5, 6, 7, 9, 8, 10, 12, 11, 13, 14]",0.1635
2025,9,21,7,183,15112,82.58,1,14,2180,0.1443,1100,1080,102,13.75,8.0,1570,336,244,30,15,0.0437,"{""IC"": 1604, ""S"": 241, ""PYO"": 192, ""HDM"": 117, ""H"": 16, ""MV"": 10}","[5, 6, 7, 8, 10, 11, 9, 12, 16, 21]",0.1647
2025,9,22,1,208,17690,85.05,2,108,2909,0.1644,1464,1445,152,24.8,11.0,1703,436,517,253,9,0.0242,"{""S"": 411, ""IC"": 2367, ""PYO"": 107, ""HDM"": 24}","[5, 6, 7, 8, 9, 10, 12, 11, 17, 15]",0.1637
2025,9,23,2,204,17524,85.9,7,104,2025,0.1156,1016,1009,35,9.44,7.0,1776,212,37,0,6,0.047,"{""IC"": 1655, ""S"": 231, ""PYO"": 108, ""H"": 4, ""HDM"": 27}","[5, 6, 7, 8, 11, 9, 12, 13, 10, 14]",0.1607
2025,9,24,3,205,17502,85.38,0,0,2673,0.1527,1335,1338,40,10.18,8.0,2310,209,154,0,6,0.0392,"{""IC"": 1900, ""S"": 431, ""PYO"": 291, ""HDM"": 25, ""V"": 26}","[5, 6, 7, 8, 9, 10, 11, 12, 13, 14]",0.1681
2025,9,25,4,204,17520,85.88,0,6,2984,0.1703,1482,1502,55,11.51,8.0,2387,469,128,0,9,0.0384,"{""IC"": 2007, ""S"": 663, ""PYO"": 249, ""HDM"": 41, ""H"": 3, ""MV"": 21}","[5, 6, 7, 8, 9, 10, 12, 11, 13, 14]",0.1645
2025,9,26,5,226,18904,83.65,0,0,2417,0.1279,1211,1206,68,15.72,8.0,1732,309,261,115,10,0.0376,"{""S"": 457, ""IC"": 1360, ""PYO"": 398, ""HDM"": 29, ""H"": 15, ""MV"": 158}","[5, 6, 7, 10, 8, 9, 11, 13, 12, 46]",0.1471
2025,9,27,6,203,15118,74.47,5,152,1053,0.0697,526,527,79,13.91,7.0,839,76,108,30,13,0.0668,"{""S"": 70, ""IC"": 650, ""PYO"": 173, ""HDM"": 4, ""H"": 9, ""MUS"": 36, ""MV"": 111}","[5, 6, 7, 8, 9, 15, 14, 10, 11, 12]",0.135
2025,9,28,7,175,14598,83.42,0,14,2914,0.1996,1462,1452,101,18.34,10.0,1978,572,122,242,13,0.0255,"{""IC"": 2060, ""S"": 473, ""PYO"": 314, ""HDM"": 39, ""H"": 16, ""V"": 12}","[6, 5, 7, 10, 8, 9, 11, 12, 15, 17]",0.1429
2025,9,29,1,210,17868,85.09,1,160,3885,0.2174,1944,1941,143,13.85,8.0,2982,578,178,147,19,0.0307,"{""IC"": 2639, ""S"": 844, ""PYO"": 255, ""HDM"": 91, ""H"": 11, ""MV"": 45}","[5, 6, 7, 9, 8, 11, 10, 12, 13, 14]",0.1505
2025,9,30,2,206,17742,86.13,0,92,3348,0.1887,1680,1668,150,17.22,10.0,2301,599,345,103,12,0.0296,"{""IC"": 2525, ""S"": 546, ""PYO"": 216, ""H"": 16, ""HDM"": 45}","[6, 5, 7, 8, 9, 10, 11, 12, 33, 13]",0.1609
2025,10,1,3,212,18024,85.02,1,92,2323,0.1289,1169,1154,125,15.75,8.0,1767,273,100,183,14,0.0432,"{""IC"": 1647, ""S"": 379, ""PYO"": 168, ""HDM"": 117, ""H"": 2, ""V"": 10}","[5, 6, 7, 8, 9, 10, 12, 11, 13, 18]",0.1575
2025,10,2,4,204,17738,86.95,0,4,3377,0.1904,1691,1686,44,10.69,9.0,2712,623,42,0,18,0.0388,"{""IC"": 2389, ""S"": 623, ""PYO"": 218, ""HDM"": 127, ""H"": 7, ""V"": 13}","[5, 6, 7, 8, 9, 12, 11, 10, 13, 14]",0.1604
2025,10,3,5,219,18748,85.61,0,0,3089,0.1648,1548,1541,51,12.32,8.0,2280,524,285,0,16,0.0361,"{""IC"": 2246, ""S"": 509, ""PYO"": 222, ""HDM"": 97, ""H"": 15}","[5, 6, 7, 8, 9, 15, 10, 11, 14, 13]",0.1656
2025,10,4,6,188,15492,82.4,1,14,1540,0.0994,781,759,33,9.97,8.0,1294,227,19,0,11,0.0583,"{""IC"": 1074, ""S"": 122, ""PYO"": 208, ""HDM"": 55, ""H"": 11, ""MUS"": 12, ""MV"": 26, ""V"": 32}","[5, 6, 7, 9, 8, 11, 10, 13, 12, 14]",0.1699
2025,10,5,7,177,15480,87.46,0,0,2820,0.1822,1416,1404,150,20.26,10.0,1674,724,183,239,12,0.0283,"{""IC"": 1877, ""S"": 661, ""PYO"": 173, ""HDM"": 109}","[5, 6, 7, 9, 8, 10, 17, 14, 11, 19]",0.1674
2025,10,6,1,210,17972,85.58,0,0,2837,0.1579,1413,1424,84,13.5,9.0,1916,709,193,19,16,0.0378,"{""IC"": 1834, ""S"": 718, ""PYO"": 146, ""HDM"": 77, ""H"": 12, ""MV"": 50}","[5, 6, 7, 8, 9, 10, 11, 20, 17, 12]",0.1589
2025,10,7,2,205,16346,79.74,1,30,2324,0.1422,1167,1157,42,11.89,9.0,1616,618,90,0,19,0.0378,"{""IC"": 1666, ""S"": 498, ""HDM"": 82, ""H"": 1, ""MV"": 77}","[5, 6, 7, 8, 10, 9, 17, 18, 14, 11]",0.1523
2025,10,8,3,208,17726,85.22,1,98,3885,0.2192,1946,1939,144,22.28,9.0,2559,538,460,328,22,0.0287,"{""IC"": 2470, ""S"": 1047, ""PYO"": 268, ""HDM"": 80, ""H"": 20}","[5, 6, 9, 7, 8, 11, 14, 15, 10, 13]",0.1652
2025,10,9,4,209,17984,86.05,3,942,3453,0.192,1726,1727,67,14.64,10.0,2398,664,362,29,18,0.0343,"{""IC"": 2663, ""S"": 487, ""PYO"": 153, ""HDM"": 41, ""H"": 19, ""MV"": 90}","[5, 6, 7, 8, 10, 13, 12, 9, 11, 14]",0.1654
2025,10,10,5,219,18806,85.87,1,14,3331,0.1771,1666,1665,108,16.4,9.0,2294,532,333,172,19,0.0309,"{""IC"": 2379, ""S"": 463, ""PYO"": 381, ""HDM"": 69, ""H"": 19, ""MV"": 15, ""V"": 5}","[5, 6, 7, 8, 12, 9, 10, 14, 13, 11]",0.1671
2025,10,11,6,176,16138,91.69,0,0,2619,0.1623,1311,1308,98,15.41,8.0,1889,526,39,165,8,0.0318,"{""S"": 494, ""IC"": 1645, ""PYO"": 375, ""HDM"": 98, ""H"": 1, ""V"": 6}","[5, 6, 7, 8, 9, 11, 10, 22, 14, 12]",0.1761
2025,10,12,7,177,15788,89.2,0,36,3152,0.1996,1582,1570,179,25.2,10.0,1985,443,382,342,12,0.0235,"{""IC"": 2072, ""S"": 607, ""PYO"": 356, ""HDM"": 85, ""MV"": 32}","[5, 6, 7, 8, 9, 11, 10, 12, 13, 14]",0.1786
2025,10,13,1,207,17920,86.57,0,0,3236,0.1806,1624,1612,143,16.99,9.0,2432,350,330,124,17,0.031,"{""IC"": 2329, ""S"": 579, ""PYO"": 182, ""HDM"": 66, ""H"": 32, ""MV"": 48}","[5, 6, 8, 9, 7, 11, 10, 12, 13, 14]",0.1819
2025,10,14,2,203,17662,87.0,0,0,2040,0.1155,1028,1012,76,11.91,7.0,1756,145,30,109,2,0.0443,"{""IC"": 1436, ""S"": 393, ""PYO"": 171, ""HDM"": 24, ""H"": 16}","[5, 6, 7, 8, 9, 10, 12, 11, 13, 15]",0.178
2025,10,15,3,205,17796,86.81,1,42,1945,0.1093,977,968,111,11.09,6.0,1707,170,0,68,5,0.0529,"{""IC"": 1371, ""S"": 458, ""PYO"": 69, ""HDM"": 43, ""H"": 4}","[5, 6, 7, 8, 9, 10, 12, 21, 11, 13]",0.1623
2025,10,16,4,208,17906,86.09,1,32,2834,0.1583,1414,1420,39,10.13,8.0,2362,374,98,0,11,0.0389,"{""IC"": 2135, ""S"": 440, ""PYO"": 169, ""HDM"": 62, ""H"": 28}","[5, 6, 7, 8, 9, 10, 11, 12, 15, 14]",0.1575
2025,10,17,5,226,19226,85.07,4,32,2371,0.1233,1185,1186,115,8.25,7.0,2246,112,0,13,8,0.048,"{""IC"": 1717, ""S"": 340, ""PYO"": 219, ""HDM"": 46, ""MV"": 49}","[5, 6, 7, 8, 9, 10, 11, 12, 15, 13]",0.1498
2025,10,18,6,181,16152,89.24,0,44,1612,0.0998,801,811,54,10.46,7.0,1346,200,66,0,7,0.0548,"{""IC"": 908, ""S"": 418, ""PYO"": 192, ""HDM"": 64, ""H"": 4, ""MUS"": 7, ""MV"": 19}","[6, 5, 7, 8, 9, 11, 10, 25, 45, 13]",0.1409
2025,10,19,7,178,15832,88.94,0,0,2061,0.1302,1029,1032,76,16.33,9.0,1416,232,353,60,9,0.0345,"{""IC"": 1393, ""S"": 345, ""PYO"": 210, ""HDM"": 11, ""H"": 12, ""MV"": 90}","[5, 6, 7, 8, 9, 10, 11, 14, 13, 15]",0.131
2025,10,20,1,208,17952,86.31,4,270,2431,0.1354,1221,1210,60,10.82,8.0,1970,349,111,1,12,0.0442,"{""IC"": 1341, ""S"": 745, ""PYO"": 264, ""HDM"": 29, ""H"": 16, ""MV"": 36}","[5, 6, 7, 8, 9, 10, 11, 12, 13, 14]",0.1245
2025,10,21,2,201,16502,82.1,2,242,2229,0.1351,1118,1111,120,20.28,10.0,1370,310,361,188,12,0.0297,"{""IC"": 1657, ""S"": 476, ""PYO"": 48, ""H"": 13, ""HDM"": 31, ""MV"": 4}","[5, 6, 7, 8, 9, 14, 13, 12, 10, 31]",0.1273
2025,10,22,3,199,16430,82.56,0,0,1760,0.1071,876,884,31,8.76,7.0,1562,194,4,0,5,0.0463,"{""IC"": 1306, ""S"": 405, ""PYO"": 18, ""HDM"": 31}","[5, 6, 7, 8, 9, 11, 10, 12, 13, 22]",0.127
2025,10,23,4,213,18046,84.72,4,198,3254,0.1803,1629,1625,295,39.36,9.0,1978,386,256,634,9,0.0162,"{""IC"": 1905, ""S"": 550, ""PYO"": 652, ""HDM"": 38, ""H"": 16, ""MV"": 93}","[5, 6, 7, 8, 9, 10, 11, 90, 22, 17]",0.1302
2025,10,24,5,217,18748,86.4,1,42,3470,0.1851,1736,1734,66,15.62,10.0,2309,599,542,20,13,0.0307,"{""IC"": 2475, ""S"": 661, ""PYO"": 274, ""HDM"": 49, ""H"": 11}","[5, 6, 7, 8, 10, 9, 13, 11, 12, 16]",0.139
2025,10,25,6,187,16270,87.01,4,104,2733,0.168,1370,1363,91,23.11,11.0,1601,437,216,479,5,0.0255,"{""IC"": 1601, ""S"": 231, ""PYO"": 874, ""HDM"": 12, ""H"": 10, ""V"": 5}","[5, 6, 7, 9, 8, 61, 10, 13, 62, 60]",0.1487
2025,10,26,7,183,15890,86.83,3,36,2016,0.1269,1006,1010,64,14.84,9.0,1342,449,164,61,8,0.0367,"{""IC"": 1333, ""S"": 448, ""PYO"": 128, ""HDM"": 60, ""H"": 16, ""MV"": 18, ""V"": 13}","[5, 6, 7, 8, 11, 9, 20, 19, 15, 10]",0.1483
2025,10,27,1,207,17638,85.21,1,12,2265,0.1284,1129,1136,89,9.87,8.0,1838,419,7,1,15,0.0442,"{""S"": 584, ""IC"": 1361, ""PYO"": 217, ""HDM"": 69, ""H"": 5, ""MV"": 29}","[5, 6, 7, 8, 9, 13, 10, 16, 12, 11]",0.1473
2025,10,28,2,205,17634,86.02,0,0,1545,0.0876,772,773,28,9.01,7.0,1295,250,0,0,7,0.0577,"{""IC"": 1142, ""S"": 164, ""PYO"": 122, ""H"": 18, ""HDM"": 7, ""MV"": 92}","[5, 6, 7, 8, 9, 10, 15, 22, 21, 14]",0.1405
2025,10,29,3,203,17494,86.18,0,0,1358,0.0776,676,682,32,8.67,7.0,1157,194,7,0,9,0.0638,"{""IC"": 956, ""S"": 208, ""PYO"": 154, ""HDM"": 12, ""H"": 28}","[5, 6, 7, 8, 14, 16, 13, 10, 18, 15]",0.1363
2025,10,30,4,204,17584,86.2,0,0,1715,0.0975,853,862,43,8.78,7.0,1501,203,11,0,5,0.0538,"{""IC"": 1305, ""S"": 267, ""PYO"": 87, ""HDM"": 50, ""H"": 6}","[5, 6, 7, 9, 10, 8, 13, 16, 12, 11]",0.1244
2025,10,31,5,220,18800,85.45,2,52,1951,0.1038,973,978,65,10.66,7.0,1582,266,102,1,11,0.0479,"{""IC"": 1460, ""S"": 315, ""PYO"": 112, ""HDM"": 32, ""H"": 16, ""MV"": 16}","[5, 6, 7, 8, 9, 10, 11, 12, 18, 17]",0.1128
2025,11,1,6,182,15974,87.77,0,0,1699,0.1064,844,855,30,8.81,6.0,1448,246,5,0,13,0.0546,"{""S"": 254, ""IC"": 1114, ""PYO"": 278, ""HDM"": 52, ""H"": 1}","[5, 6, 7, 9, 8, 10, 20, 14, 11, 13]",0.104
2025,11,2,7,175,15642,89.38,0,0,2020,0.1291,1013,1007,26,9.89,8.0,1605,415,0,0,6,0.0457,"{""IC"": 1385, ""S"": 474, ""PYO"": 83, ""HDM"": 57, ""H"": 21}","[5, 6, 7, 8, 9, 10, 11, 12, 16, 22]",0.1043
2025,11,3,1,204,17384,85.22,1,158,2243,0.129,1121,1122,104,13.96,8.0,1722,326,138,57,9,0.0449,"{""IC"": 1146, ""S"": 832, ""PYO"": 153, ""HDM"": 13, ""H"": 9, ""MV"": 90}","[5, 6, 7, 8, 10, 11, 9, 12, 18, 13]",0.1044
2025,11,4,2,203,17294,85.19,0,0,1171,0.0677,590,581,101,11.17,7.0,1021,108,1,41,4,0.065,"{""IC"": 727, ""S"": 300, ""PYO"": 118, ""HDM"": 5, ""H"": 21}","[5, 6, 7, 9, 8, 11, 10, 12, 15, 13]",0.1016
2025,11,5,3,204,17352,85.06,0,0,1537,0.0886,769,768,49,11.63,7.0,1226,181,130,0,4,0.0513,"{""IC"": 1118, ""S"": 224, ""PYO"": 124, ""HDM"": 15, ""H"": 10, ""MV"": 46}","[5, 6, 7, 8, 9, 10, 19, 14, 11, 13]",0.1032
2025,11,6,4,206,17452,84.72,0,4,2782,0.1594,1395,1387,133,19.34,8.0,2040,353,86,303,10,0.0305,"{""S"": 314, ""IC"": 1896, ""PYO"": 452, ""HDM"": 1, ""MV"": 119}","[5, 6, 7, 9, 8, 10, 11, 12, 14, 28]",0.112
2025,11,7,5,221,18658,84.43,5,272,2264,0.1213,1122,1142,196,12.95,7.0,1824,345,61,34,8,0.0427,"{""IC"": 1757, ""S"": 105, ""PYO"": 260, ""HDM"": 64, ""H"": 16, ""MV"": 62}","[5, 6, 7, 8, 9, 11, 10, 12, 30, 16]",0.1145
2025,11,8,6,185,16112,87.09,0,32,1369,0.085,688,681,94,17.54,8.0,1080,135,0,154,6,0.0447,"{""IC"": 989, ""S"": 183, ""PYO"": 186, ""HDM"": 10, ""MUS"": 1}","[5, 7, 6, 8, 9, 10, 11, 14, 12, 13]",0.1114
2025,11,9,7,181,15862,87.64,0,0,1743,0.1099,872,871,40,9.88,7.0,1428,267,48,0,6,0.0508,"{""IC"": 1312, ""S"": 188, ""PYO"": 234, ""HDM"": 7, ""H"": 2}","[5, 6, 7, 8, 9, 10, 13, 11, 14, 16]",0.1087
2025,11,10,1,205,17510,85.41,0,0,1672,0.0955,834,838,39,9.62,8.0,1383,275,14,0,6,0.056,"{""IC"": 983, ""S"": 368, ""PYO"": 256, ""HDM"": 34, ""H"": 31}","[5, 6, 7, 8, 15, 9, 11, 10, 13, 14]",0.1039
2025,11,11,2,204,17384,85.22,0,0,1698,0.0977,855,843,116,17.94,8.0,1218,149,260,71,8,0.0458,"{""IC"": 967, ""S"": 364, ""PYO"": 336, ""HDM"": 29, ""MV"": 2}","[5, 6, 7, 9, 8, 10, 11, 14, 13, 12]",0.1082
2025,11,12,3,206,17512,85.01,1,90,1559,0.089,781,778,112,12.13,8.0,1268,174,97,20,12,0.0635,"{""IC"": 1320, ""S"": 111, ""PYO"": 86, ""HDM"": 23, ""H"": 19}","[5, 6, 8, 9, 7, 12, 10, 11, 13, 15]",0.1083
2025,11,13,4,209,17450,83.49,3,66,1792,0.1027,898,894,52,10.56,8.0,1477,264,51,0,8,0.0498,"{""IC"": 1298, ""S"": 327, ""PYO"": 119, ""HDM"": 31, ""MV"": 17}","[5, 6, 7, 9, 8, 12, 10, 11, 13, 14]",0.1002
2025,11,14,5,218,18642,85.51,8,198,2321,0.1245,1162,1159,60,12.44,7.0,1783,259,277,2,10,0.0358,"{""IC"": 1490, ""S"": 444, ""PYO"": 291, ""HDM"": 48, ""H"": 15, ""MV"": 33}","[5, 6, 7, 8, 9, 10, 11, 30, 36, 20]",0.1006
2025,11,15,6,176,16050,91.19,13,236,2316,0.1443,1157,1159,112,12.5,8.0,1868,277,151,20,8,0.0383,"{""IC"": 1558, ""S"": 463, ""PYO"": 280, ""H"": 13, ""HDM"": 2}","[5, 6, 8, 10, 7, 11, 9, 12, 13, 14]",0.1091
2025,11,16,7,177,15738,88.92,12,148,2532,0.1609,1253,1279,85,16.47,7.0,1926,255,117,234,12,0.0292,"{""IC"": 1702, ""S"": 594, ""PYO"": 194, ""HDM"": 14, ""MV"": 28}","[5, 6, 7, 8, 9, 10, 11, 24, 12, 81]",0.1164
2025,11,17,1,207,17410,84.11,4,48,2019,0.116,1012,1007,65,9.2,7.0,1797,193,25,4,10,0.0492,"{""IC"": 1323, ""S"": 239, ""PYO"": 350, ""HDM"": 17, ""H"": 4, ""MV"": 86}","[5, 6, 9, 7, 8, 10, 11, 14, 13, 12]",0.1193
2025,11,18,2,204,17356,85.08,1,118,2113,0.1217,1054,1059,231,23.48,8.0,1479,225,251,158,6,0.0392,"{""IC"": 1188, ""S"": 520, ""PYO"": 335, ""HDM"": 8, ""MV"": 62}","[5, 6, 7, 8, 9, 10, 15, 11, 13, 14]",0.1227
2025,11,19,3,209,17532,83.89,1,136,2401,0.1369,1196,1205,39,10.71,8.0,1817,551,33,0,11,0.0401,"{""IC"": 1679, ""S"": 224, ""PYO"": 276, ""HDM"": 28, ""MV"": 194}","[5, 6, 7, 8, 12, 16, 10, 9, 15, 11]",0.1296
2025,11,20,4,210,17472,83.2,3,104,4714,0.2698,2356,2358,111,17.2,9.0,3451,553,348,362,15,0.0181,"{""IC"": 3544, ""S"": 469, ""PYO"": 635, ""HDM"": 2, ""H"": 33, ""MV"": 31}","[5, 6, 7, 8, 9, 11, 10, 12, 13, 15]",0.1534
2025,11,21,5,223,18774,84.19,5,348,5877,0.313,2934,2943,60,12.8,9.0,4374,919,583,1,28,0.0223,"{""IC"": 4138, ""S"": 915, ""PYO"": 492, ""HDM"": 116, ""H"": 25, ""MV"": 191}","[5, 6, 7, 8, 9, 10, 12, 11, 14, 13]",0.1804
2025,11,22,6,181,16380,90.5,2,24,2462,0.1503,1231,1231,50,9.85,7.0,1992,373,97,0,7,0.0386,"{""IC"": 1647, ""S"": 549, ""PYO"": 229, ""HDM"": 29, ""H"": 8}","[5, 6, 7, 8, 9, 14, 10, 15, 16, 11]",0.1812
2025,11,23,7,180,16140,89.67,2,24,2164,0.1341,1082,1082,30,9.14,7.0,1879,284,1,0,7,0.0417,"{""IC"": 1668, ""S"": 175, ""PYO"": 213, ""HDM"": 20, ""H"": 12, ""MV"": 76}","[5, 6, 7, 8, 10, 9, 12, 11, 13, 27]",0.1774
2025,11,24,1,211,18128,85.91,2,182,3768,0.2079,1893,1875,195,22.57,8.0,2861,376,178,353,12,0.0227,"{""IC"": 2513, ""S"": 714, ""PYO"": 383, ""HDM"": 10, ""MV"": 148}","[5, 6, 7, 8, 9, 10, 14, 15, 11, 129]",0.1905
2025,11,25,2,211,18012,85.36,1,104,2886,0.1602,1442,1444,52,10.9,7.0,2411,277,198,0,14,0.033,"{""IC"": 1489, ""S"": 864, ""PYO"": 361, ""HDM"": 18, ""H"": 17, ""MV"": 137}","[5, 6, 7, 8, 9, 10, 11, 12, 13, 15]",0.196
2025,11,26,3,207,17756,85.78,2,52,3405,0.1918,1708,1697,57,12.87,8.0,2543,464,398,0,13,0.0312,"{""IC"": 2366, ""S"": 694, ""PYO"": 275, ""HDM"": 54, ""H"": 16}","[5, 6, 7, 8, 9, 10, 11, 15, 12, 16]",0.2039
2025,11,27,4,203,17670,87.04,0,0,2751,0.1557,1378,1373,33,8.15,7.0,2506,232,13,0,10,0.0389,"{""IC"": 2164, ""S"": 326, ""PYO"": 251, ""HDM"": 10}","[5, 6, 7, 8, 9, 10, 11, 16, 13, 12]",0.1876
2025,11,28,5,218,18988,87.1,1,130,3305,0.1741,1654,1651,115,10.36,7.0,2618,661,13,13,12,0.0366,"{""IC"": 2531, ""S"": 528, ""PYO"": 139, ""HDM"": 33, ""H"": 17, ""MV"": 57}","[5, 6, 7, 8, 9, 13, 10, 11, 12, 14]",0.1677
2025,11,29,6,197,16326,82.87,0,0,3075,0.1883,1539,1536,152,24.37,9.0,2139,296,239,401,10,0.0203,"{""IC"": 1806, ""S"": 519, ""PYO"": 668, ""HDM"": 12, ""MUS"": 4, ""MV"": 59, ""V"": 7}","[5, 6, 7, 9, 8, 10, 11, 12, 15, 13]",0.1732
2025,11,30,7,178,15860,89.1,0,0,3868,0.2439,1929,1939,66,14.9,10.0,2673,808,262,125,19,0.0257,"{""IC"": 2775, ""S"": 832, ""PYO"": 154, ""HDM"": 78, ""H"": 18, ""MUS"": 11}","[5, 6, 7, 10, 9, 8, 13, 11, 14, 15]",0.1888
2025,12,1,1,203,17674,87.06,0,0,2403,0.136,1202,1201,146,19.08,7.0,2010,155,0,238,7,0.0263,"{""S"": 572, ""IC"": 1455, ""PYO"": 353, ""HDM"": 6, ""H"": 3, ""MV"": 14}","[5, 6, 9, 7, 8, 10, 11, 13, 12, 20]",0.1786
2025,12,2,2,204,17676,86.65,0,0,2163,0.1224,1075,1088,59,10.98,6.0,1723,285,155,0,11,0.0456,"{""IC"": 1572, ""S"": 361, ""PYO"": 193, ""HDM"": 23, ""MV"": 14}","[5, 6, 7, 8, 10, 9, 12, 13, 33, 14]",0.1732
2025,12,3,3,208,17768,85.42,2,28,2092,0.1177,1044,1048,43,10.51,7.0,1783,168,141,0,12,0.0423,"{""IC"": 1270, ""S"": 606, ""PYO"": 150, ""HDM"": 44, ""H"": 18, ""MV"": 4}","[5, 6, 7, 8, 13, 12, 9, 10, 14, 11]",0.1626
2025,12,4,4,205,17734,86.51,4,104,2622,0.1479,1302,1320,126,19.8,8.0,1890,270,271,191,13,0.0286,"{""S"": 334, ""IC"": 2047, ""PYO"": 193, ""HDM"": 17, ""H"": 31}","[5, 6, 7, 10, 8, 9, 11, 12, 14, 13]",0.1615
2025,12,5,5,217,18978,87.46,1,130,2332,0.1229,1168,1164,34,8.28,7.0,2104,218,10,0,14,0.0487,"{""IC"": 1803, ""S"": 273, ""PYO"": 151, ""HDM"": 99, ""H"": 1, ""MV"": 1, ""V"": 4}","[5, 6, 7, 8, 9, 11, 10, 12, 14, 16]",0.1542
2025,12,6,6,172,16030,93.2,0,0,1633,0.1019,821,812,41,8.1,7.0,1523,99,11,0,1,0.0553,"{""IC"": 1072, ""S"": 443, ""PYO"": 83, ""H"": 3, ""HDM"": 1, ""V"": 31}","[5, 6, 7, 8, 9, 11, 10, 12, 13, 15]",0.1418
2025,12,7,7,173,15682,90.65,0,0,2216,0.1413,1114,1102,57,12.67,7.0,1767,208,241,0,7,0.0359,"{""IC"": 1370, ""S"": 574, ""PYO"": 233, ""HDM"": 7, ""H"": 32}","[5, 6, 7, 8, 12, 11, 9, 10, 14, 51]",0.1272
2025,12,8,1,206,17722,86.03,0,0,2645,0.1492,1326,1319,101,16.07,8.0,1989,236,287,133,5,0.0379,"{""IC"": 1775, ""S"": 548, ""PYO"": 277, ""HDM"": 45}","[5, 6, 7, 8, 10, 12, 9, 11, 13, 36]",0.129
2025,12,9,2,213,18114,85.04,3,294,2046,0.113,1025,1021,120,13.41,6.0,1808,81,29,128,14,0.0447,"{""S"": 395, ""IC"": 1355, ""PYO"": 117, ""HDM"": 31, ""MUS"": 20, ""MV"": 128}","[5, 6, 7, 8, 9, 10, 11, 13, 116, 12]",0.1277
2025,12,10,3,208,17892,86.02,0,0,2981,0.1666,1491,1490,63,13.98,8.0,2066,552,355,8,17,0.0318,"{""IC"": 1696, ""S"": 918, ""PYO"": 275, ""HDM"": 29, ""MUS"": 3, ""MV"": 60}","[5, 6, 7, 8, 10, 9, 11, 12, 18, 21]",0.1347
2025,12,11,4,206,17932,87.05,0,0,2485,0.1386,1244,1241,92,12.63,7.0,2012,254,129,90,12,0.0343,"{""IC"": 1609, ""S"": 379, ""PYO"": 278, ""HDM"": 53, ""MV"": 166}","[5, 6, 7, 8, 9, 10, 13, 12, 11, 20]",0.1334
2025,12,12,5,221,19080,86.33,5,50,3437,0.1801,1724,1713,63,11.7,8.0,2805,336,267,29,14,0.0289,"{""IC"": 2455, ""S"": 348, ""PYO"": 420, ""HDM"": 8, ""H"": 5, ""MV"": 181, ""V"": 20}","[5, 6, 7, 8, 9, 11, 10, 12, 13, 14]",0.1415
2025,12,13,6,186,16516,88.8,0,0,2024,0.1225,1016,1008,59,8.7,6.0,1809,175,40,0,9,0.0517,"{""IC"": 1310, ""S"": 474, ""PYO"": 133, ""HDM"": 25, ""H"": 12, ""MUS"": 7, ""MV"": 63}","[5, 6, 7, 8, 9, 10, 12, 11, 22, 26]",0.1445
2025,12,14,7,183,17072,93.29,5,72,2266,0.1327,1128,1138,38,9.99,8.0,1888,337,41,0,11,0.0445,"{""IC"": 1153, ""S"": 636, ""PYO"": 425, ""HDM"": 34, ""H"": 12, ""MUS"": 6}","[5, 6, 7, 8, 9, 10, 13, 12, 14, 19]",0.1432
2025,12,15,1,205,18544,90.46,2,40,1580,0.0852,788,792,162,25.97,9.0,1099,159,67,255,11,0.0333,"{""IC"": 850, ""S"": 181, ""PYO"": 482, ""HDM"": 58, ""MV"": 9}","[5, 6, 7, 9, 8, 10, 14, 13, 70, 12]",0.1341
2025,12,16,2,211,19140,90.71,1,92,1797,0.0939,900,897,54,12.09,8.0,1280,409,108,0,7,0.0534,"{""IC"": 1024, ""S"": 455, ""PYO"": 286, ""HDM"": 32}","[5, 6, 7, 8, 16, 13, 10, 11, 9, 20]",0.1314
2025,12,17,3,207,19146,92.49,0,0,1377,0.0719,689,688,81,10.39,6.0,1238,63,37,39,2,0.0656,"{""S"": 265, ""IC"": 835, ""PYO"": 262, ""HDM"": 5, ""MV"": 10}","[5, 6, 7, 8, 11, 10, 9, 12, 21, 15]",0.1178
2025,12,18,4,213,19330,90.75,2,64,1956,0.1012,973,983,459,65.74,9.0,1290,123,73,470,6,0.0167,"{""S"": 199, ""IC"": 1127, ""PYO"": 557, ""HDM"": 35, ""MV"": 38}","[5, 7, 6, 8, 9, 10, 12, 13, 11, 69]",0.1125
2025,12,19,5,223,20752,93.06,0,0,1970,0.0949,973,997,87,11.11,6.0,1730,131,0,109,10,0.0537,"{""IC"": 1336, ""S"": 368, ""PYO"": 245, ""H"": 1, ""HDM"": 20}","[5, 6, 7, 8, 10, 9, 11, 12, 16, 13]",0.1003
2025,12,20,6,186,17704,95.18,4,80,681,0.0385,336,345,15,6.76,6.0,680,1,0,0,3,0.097,"{""IC"": 480, ""S"": 111, ""PYO"": 57, ""HDM"": 16, ""H"": 5, ""MUS"": 12}","[5, 6, 7, 8, 9, 10, 14, 13, 11, 12]",0.0883
2025,12,21,7,187,18046,96.5,1,20,1356,0.0751,678,678,262,33.39,9.0,803,230,67,256,10,0.0427,"{""S"": 119, ""IC"": 649, ""PYO"": 587, ""HDM"": 1}","[5, 6, 7, 8, 23, 22, 12, 9, 11, 13]",0.0801
2025,12,22,1,207,19210,92.8,0,0,4945,0.2574,2466,2479,178,40.4,26.0,1978,594,1047,1326,24,0.0138,"{""IC"": 2953, ""S"": 1037, ""PYO"": 847, ""HDM"": 36, ""H"": 48, ""MUS"": 24}","[5, 6, 7, 8, 9, 10, 11, 12, 13, 40]",0.1047
2025,12,23,2,222,20678,93.14,0,0,1461,0.0707,717,744,45,8.89,6.0,1295,120,46,0,5,0.0626,"{""IC"": 930, ""S"": 323, ""PYO"": 175, ""HDM"": 33}","[5, 6, 7, 8, 9, 11, 10, 15, 12, 13]",0.1014
2025,12,24,3,95,8234,86.67,0,70,290,0.0352,148,142,64,11.21,8.0,215,74,0,1,1,0.0986,"{""IC"": 184, ""S"": 20, ""PYO"": 20, ""MV"": 66}","[5, 6, 21, 7, 9, 8, 10, 26, 14, 27]",0.0961
2025,12,25,4,135,13190,97.7,0,0,781,0.0592,389,392,21,8.53,7.0,690,91,0,0,3,0.0866,"{""IC"": 507, ""S"": 58, ""PYO"": 212, ""HDM"": 4}","[5, 6, 7, 8, 9, 15, 10, 11, 12, 13]",0.0901
2025,12,26,5,186,18116,97.4,0,0,1814,0.1001,898,916,63,9.46,8.0,1560,251,2,1,8,0.0619,"{""IC"": 1340, ""S"": 141, ""PYO"": 306, ""HDM"": 20, ""H"": 5, ""MUS"": 1, ""MV"": 1}","[5, 6, 7, 8, 9, 10, 13, 12, 11, 17]",0.0909
2025,12,27,6,181,17588,97.17,0,44,3444,0.1958,1720,1724,470,76.54,18.0,1526,422,417,1079,9,0.0141,"{""IC"": 1300, ""S"": 590, ""PYO"": 1467, ""HDM"": 75, ""H"": 12}","[5, 6, 7, 9, 8, 13, 11, 14, 15, 18]",0.1134
2025,12,28,7,188,18084,96.19,7,338,9414,0.5206,4702,4712,386,77.93,50.0,2110,1431,1645,4228,50,0.0108,"{""S"": 1485, ""IC"": 6303, ""PYO"": 1404, ""HDM"": 146, ""H"": 48, ""MV"": 14, ""V"": 14}","[5, 6, 8, 9, 7, 10, 11, 20, 17, 13]",0.177
2025,12,29,1,210,19350,92.14,0,0,7117,0.3678,3549,3568,85,21.11,17.0,3047,2361,1571,138,33,0.0147,"{""IC"": 4948, ""S"": 1224, ""PYO"": 716, ""HDM"": 84, ""H"": 32, ""MV"": 113}","[5, 6, 8, 7, 15, 10, 13, 18, 12, 9]",0.1928
2025,12,30,2,206,19044,92.45,0,0,3915,0.2056,1952,1963,186,21.55,9.0,2740,646,183,346,13,0.0246,"{""IC"": 2655, ""S"": 731, ""PYO"": 470, ""HDM"": 39, ""H"": 20}","[5, 6, 7, 8, 9, 10, 11, 12, 15, 14]",0.212
2025,12,31,3,220,20558,93.45,0,0,5341,0.2598,2671,2670,176,27.16,11.0,3017,1005,683,636,21,0.0145,"{""IC"": 2910, ""S"": 1194, ""PYO"": 1009, ""HDM"": 23, ""H"": 1, ""MV"": 204}","[5, 7, 6, 8, 9, 11, 10, 16, 17, 12]",0.2441
2022,12,1,4,202,16642,82.39,4,202,3294,0.1979,1651,1643,169,15.94,9.0,2386,627,163,118,21,0.0373,"{""IC"": 2706, ""S"": 355, ""PYO"": 28, ""HDM"": 36, ""MV"": 169}","[5, 6, 7, 8, 9, 10, 11, 12, 21, 15]",0.2639
2022,12,2,5,208,17168,82.54,4,92,1668,0.0972,828,840,442,23.31,8.0,1190,306,63,109,9,0.042,"{""IC"": 1366, ""S"": 104, ""PYO"": 36, ""HDM"": 28, ""MUS"": 126, ""MV"": 8}","[5, 6, 7, 8, 9, 19, 12, 13, 10, 11]",0.2635
2022,12,3,6,169,14140,83.67,2,90,1496,0.1058,746,750,248,12.05,7.0,1317,139,21,19,12,0.0679,"{""IC"": 1169, ""S"": 255, ""PYO"": 25, ""HDM"": 23, ""MUS"": 24}","[5, 6, 7, 12, 8, 9, 13, 11, 10, 14]",0.2507
2022,12,4,7,168,13946,83.01,4,96,1851,0.1327,925,926,74,11.0,7.0,1629,104,69,49,6,0.0497,"{""IC"": 1586, ""S"": 142, ""PYO"": 66, ""HDM"": 13, ""MUS"": 34, ""MV"": 10}","[5, 6, 7, 8, 9, 10, 11, 12, 15, 13]",0.1953
2022,12,5,1,199,16786,84.35,10,466,2655,0.1582,1327,1328,376,23.39,9.0,1770,590,97,198,10,0.0297,"{""IC"": 2000, ""S"": 424, ""PYO"": 41, ""HDM"": 16, ""MUS"": 117, ""MV"": 57}","[5, 6, 7, 8, 9, 10, 12, 11, 22, 21]",0.1653
2022,12,6,2,168,15070,89.7,7,224,1807,0.1199,902,905,36,10.56,8.0,1462,255,90,0,4,0.0487,"{""IC"": 1475, ""S"": 331, ""HDM"": 1}","[5, 6, 7, 8, 9, 11, 10, 15, 14, 12]",0.1531
2022,12,7,3,194,16392,84.49,8,244,2387,0.1456,1195,1192,74,10.67,7.0,1899,383,103,2,9,0.0438,"{""IC"": 1858, ""S"": 398, ""PYO"": 92, ""HDM"": 39}","[5, 6, 7, 8, 9, 10, 11, 13, 18, 25]",0.1368
2022,12,8,4,196,16516,84.27,13,374,3986,0.2413,1998,1988,1148,24.78,10.0,2730,944,221,91,25,0.0416,"{""IC"": 3364, ""S"": 393, ""PYO"": 25, ""HDM"": 109, ""V"": 65, ""MV"": 30}","[5, 6, 7, 9, 8, 10, 11, 12, 14, 15]",0.143
2022,12,9,5,215,17146,79.75,6,196,6013,0.3507,2997,3016,136,16.54,10.0,3964,1603,239,207,34,0.0189,"{""IC"": 4598, ""S"": 1146, ""PYO"": 49, ""HDM"": 160, ""MUS"": 11, ""MV"": 26, ""V"": 23}","[5, 6, 7, 9, 8, 10, 11, 12, 17, 13]",0.1792
2022,12,10,6,179,14496,80.98,10,394,4603,0.3175,2302,2301,104,14.62,9.0,3485,645,311,162,24,0.0238,"{""S"": 727, ""IC"": 3790, ""PYO"": 7, ""HDM"": 40, ""MV"": 39}","[5, 6, 7, 9, 13, 8, 12, 10, 14, 11]",0.2094
2022,12,11,7,176,14854,84.4,5,192,4312,0.2903,2156,2156,71,14.36,9.0,3080,803,339,90,29,0.0261,"{""IC"": 3492, ""S"": 704, ""PYO"": 37, ""HDM"": 63, ""MV"": 15, ""V"": 1}","[5, 6, 7, 8, 9, 10, 11, 12, 14, 15]",0.2319
2022,12,12,1,195,16668,85.48,4,200,8444,0.5066,4236,4208,133,27.56,18.0,3612,1943,1764,1125,42,0.0164,"{""IC"": 6933, ""S"": 1091, ""PYO"": 280, ""HDM"": 88, ""MV"": 52}","[5, 6, 7, 9, 8, 10, 14, 11, 13, 12]",0.2817
2022,12,13,2,196,16692,85.16,8,264,11799,0.7069,5910,5889,203,39.07,21.0,3913,3136,1869,2881,79,0.0127,"{""IC"": 9522, ""S"": 1742, ""PYO"": 277, ""HDM"": 128, ""MV"": 130}","[11, 9, 5, 7, 8, 6, 12, 15, 16, 10]",0.3656
2022,12,14,3,206,17448,84.7,14,540,7545,0.4324,3781,3764,266,19.74,11.0,4812,1804,696,233,39,0.0202,"{""IC"": 5702, ""S"": 1227, ""PYO"": 213, ""HDM"": 91, ""MV"": 312}","[5, 6, 8, 7, 10, 9, 12, 11, 17, 14]",0.4065
2022,12,15,4,198,17130,86.52,10,296,8216,0.4796,4118,4098,135,16.84,12.0,5038,2215,684,279,34,0.0158,"{""IC"": 6802, ""S"": 1079, ""PYO"": 198, ""HDM"": 82, ""MV"": 55}","[5, 6, 7, 9, 8, 11, 10, 12, 15, 14]",0.4406
2022,12,16,5,214,18288,85.46,4,56,9220,0.5042,4617,4603,144,23.57,12.0,5297,1597,1583,743,46,0.0116,"{""IC"": 7372, ""S"": 1216, ""PYO"": 509, ""HDM"": 91, ""MV"": 32}","[5, 6, 7, 8, 9, 10, 11, 12, 13, 14]",0.4625
2022,12,17,6,168,14890,88.63,5,200,3985,0.2676,1995,1990,133,19.5,9.0,2781,379,610,215,23,0.0241,"{""IC"": 2957, ""S"": 692, ""PYO"": 204, ""HDM"": 44, ""MV"": 88}","[5, 6, 7, 9, 8, 10, 11, 14, 13, 12]",0.4554
2022,12,18,7,172,15198,88.36,6,172,3063,0.2015,1532,1531,323,32.59,9.0,2230,323,172,338,14,0.0212,"{""IC"": 2560, ""S"": 393, ""PYO"": 62, ""HDM"": 48}","[5, 6, 7, 8, 9, 10, 12, 16, 11, 13]",0.4427
2022,12,19,1,200,17184,85.92,4,180,2865,0.1667,1443,1422,108,13.74,10.0,1873,825,126,41,13,0.0415,"{""IC"": 2175, ""S"": 238, ""PYO"": 297, ""HDM"": 63, ""MV"": 92}","[5, 6, 7, 8, 9, 10, 19, 11, 13, 14]",0.3941
2022,12,20,2,201,17136,85.25,2,60,3781,0.2206,1888,1893,67,13.49,10.0,2635,830,291,25,20,0.0341,"{""S"": 437, ""IC"": 3019, ""PYO"": 191, ""HDM"": 92, ""MV"": 42}","[5, 6, 8, 7, 9, 10, 11, 16, 12, 15]",0.3247
2022,12,21,3,206,17878,86.79,2,108,4929,0.2757,2467,2462,139,18.29,11.0,3321,1035,275,298,35,0.0269,"{""IC"": 3679, ""S"": 620, ""PYO"": 191, ""HDM"": 131, ""MV"": 308}","[5, 6, 7, 8, 9, 10, 11, 12, 13, 16]",0.3023
2022,12,22,4,204,17618,86.36,2,76,4885,0.2773,2426,2459,62,14.96,10.0,3191,1145,521,28,40,0.0286,"{""IC"": 3841, ""S"": 679, ""PYO"": 146, ""HDM"": 172, ""MV"": 47}","[5, 6, 9, 7, 8, 10, 12, 11, 14, 13]",0.2734
2022,12,23,5,215,18572,86.38,0,0,6615,0.3562,3314,3301,215,25.85,13.0,3699,1475,716,725,36,0.0152,"{""IC"": 5067, ""S"": 722, ""PYO"": 646, ""HDM"": 180}","[5, 7, 6, 11, 8, 12, 13, 10, 9, 14]",0.2522
2022,12,24,6,95,7240,76.21,1,74,1363,0.1883,682,681,31,12.32,10.0,987,360,16,0,12,0.0379,"{""IC"": 1021, ""S"": 238, ""HDM"": 46, ""MV"": 58}","[5, 6, 7, 8, 10, 9, 13, 12, 11, 14]",0.2409
2022,12,25,7,130,11554,88.88,2,74,2266,0.1961,1128,1138,218,17.84,10.0,1602,417,171,76,15,0.0335,"{""IC"": 1835, ""S"": 171, ""PYO"": 174, ""HDM"": 64, ""MV"": 22}","[5, 6, 7, 10, 9, 8, 11, 14, 12, 13]",0.2401
2022,12,26,1,171,15200,88.89,2,32,3934,0.2588,1968,1966,78,17.08,11.0,2454,744,627,109,23,0.0264,"{""IC"": 3116, ""S"": 423, ""PYO"": 291, ""HDM"": 104}","[5, 6, 7, 8, 9, 11, 10, 13, 12, 14]",0.2533
2022,12,27,2,195,17090,87.64,0,0,5747,0.3363,2866,2881,108,14.24,10.0,3978,1375,256,138,33,0.026,"{""IC"": 4552, ""S"": 783, ""PYO"": 264, ""HDM"": 148}","[5, 6, 7, 8, 10, 11, 12, 9, 17, 13]",0.2698
2022,12,28,3,203,17340,85.42,9,496,5939,0.3425,2965,2974,333,55.7,20.0,2395,1043,960,1541,36,0.0145,"{""IC"": 4305, ""S"": 1231, ""PYO"": 143, ""HDM"": 136, ""MV"": 124}","[5, 6, 7, 10, 13, 8, 9, 11, 12, 17]",0.2794
2022,12,29,4,198,17314,87.44,4,106,3844,0.222,1916,1928,103,18.54,10.0,2541,675,274,354,19,0.0245,"{""IC"": 3153, ""S"": 369, ""PYO"": 203, ""HDM"": 62, ""MV"": 57}","[5, 6, 7, 9, 8, 10, 12, 11, 14, 15]",0.2715
2022,12,30,5,219,18488,84.42,4,146,3082,0.1667,1539,1543,72,11.28,8.0,2405,525,151,1,13,0.0419,"{""IC"": 2591, ""S"": 297, ""PYO"": 135, ""HDM"": 19, ""MV"": 40}","[5, 6, 7, 8, 9, 10, 13, 12, 11, 29]",0.2444
2022,12,31,6,168,14824,88.24,0,0,1051,0.0709,521,530,56,11.67,7.0,779,198,74,0,11,0.0814,"{""IC"": 763, ""S"": 77, ""PYO"": 169, ""HDM"": 42}","[5, 6, 7, 10, 9, 8, 18, 11, 17, 38]",0.2276
