year,month,day_of_month,day_of_week,total_trains_on_route,total_schedules_by_day,avg_stops_per_train,cancelled_trains_by_day,cancelled_stops_by_day,delay_count_by_day,delay_rate,delay_count_arrivals,delay_count_departures,max_delay_minutes,avg_delay_minutes,median_delay_minutes,delays_5_15min,delays_15_30min,delays_30_60min,delays_over_60min,first_stop_delay_count,delay_propagation_ratio,delay_count_by_train_type,top_10_common_delays,rolling_delay_rate_7d
2018,1,1,1,202,15242,75.46,0,34,121,0.0079,27,94,76,10.69,7.0,102,13,5,1,20,0.0338,"{""IC"": 68, ""S"": 12, ""PYO"": 28, ""HDM"": 5, ""PVV"": 1, ""AE"": 1, ""MV"": 6}","[5, 6, 7, 9, 8, 11, 14, 19, 10, 13]",0.0079
2018,1,2,2,246,17776,72.26,0,0,143,0.008,32,111,84,9.87,7.0,126,12,3,2,34,0.0234,"{""IC"": 91, ""PVV"": 6, ""S"": 17, ""PYO"": 17, ""HSM"": 5, ""HDM"": 6, ""AE"": 1}","[5, 6, 8, 7, 9, 11, 10, 14, 15, 12]",0.008
2018,1,3,3,247,17808,72.1,5,92,134,0.0075,28,106,51,10.12,7.0,112,18,4,0,20,0.037,"{""IC"": 75, ""S"": 20, ""PVV"": 7, ""PYO"": 22, ""HSM"": 3, ""HDM"": 5, ""AE"": 1, ""MV"": 1}","[5, 7, 6, 10, 8, 11, 9, 13, 12, 15]",0.0078
2018,1,4,4,247,17596,71.24,2,28,160,0.0091,46,114,94,9.43,7.0,138,20,0,2,24,0.0315,"{""IC"": 93, ""S"": 21, ""PVV"": 5, ""PYO"": 17, ""HSM"": 3, ""HDM"": 10, ""AE"": 2, ""MV"": 9}","[5, 6, 7, 9, 8, 11, 15, 12, 16, 10]",0.0081
2018,1,5,5,253,18560,73.36,0,0,159,0.0086,35,124,37,9.11,7.0,140,18,1,0,22,0.0319,"{""IC"": 81, ""S"": 22, ""PYO"": 34, ""HSM"": 1, ""HDM"": 7, ""PVV"": 1, ""MV"": 13}","[5, 6, 9, 7, 8, 11, 10, 14, 12, 19]",0.0082
2018,1,6,6,191,14952,78.28,4,360,120,0.008,28,92,50,11.15,8.0,92,24,4,0,19,0.0368,"{""IC"": 58, ""PVV"": 4, ""S"": 15, ""PYO"": 38, ""HSM"": 1, ""HDM"": 4}","[5, 6, 7, 8, 9, 10, 11, 12, 15, 22]",0.0082
2018,1,7,7,203,14978,73.78,1,48,132,0.0088,34,98,48,9.72,7.5,113,15,4,0,26,0.0228,"{""IC"": 83, ""PVV"": 5, ""S"": 17, ""PYO"": 8, ""HSM"": 1, ""HDM"": 7, ""AE"": 3, ""MV"": 8}","[6, 5, 8, 7, 11, 9, 10, 16, 14, 18]",0.0083
2018,1,8,1,244,17134,70.22,0,0,155,0.009,49,106,67,10.97,8.0,122,27,5,1,34,0.025,"{""S"": 26, ""IC"": 105, ""PVV"": 3, ""HSM"": 3, ""HDM"": 14, ""MV"": 4}","[5, 7, 6, 8, 11, 9, 15, 14, 12, 13]",0.0084
2018,1,9,2,252,17560,69.68,1,86,142,0.0081,40,102,153,15.08,7.0,116,12,7,7,22,0.029,"{""S"": 17, ""IC"": 95, ""HSM"": 3, ""HDM"": 7, ""PVV"": 3, ""AE"": 2, ""MV"": 15}","[5, 7, 6, 8, 9, 12, 11, 10, 13, 14]",0.0084
2018,1,10,3,245,17274,70.51,0,0,151,0.0087,44,107,43,9.17,7.0,129,20,2,0,27,0.0307,"{""IC"": 99, ""S"": 18, ""PVV"": 3, ""PYO"": 9, ""HSM"": 3, ""HDM"": 11, ""AE"": 2, ""MV"": 6}","[5, 7, 6, 10, 11, 8, 13, 15, 9, 20]",0.0086
2018,1,11,4,246,17402,70.74,1,48,136,0.0078,33,103,122,12.83,8.0,111,18,4,3,33,0.0324,"{""S"": 21, ""IC"": 92, ""PYO"": 6, ""HSM"": 1, ""HDM"": 12, ""AE"": 2, ""MV"": 2}","[7, 5, 6, 8, 9, 11, 10, 12, 13, 16]",0.0084
2018,1,12,5,248,17556,70.79,1,36,141,0.008,27,114,79,10.66,7.0,117,17,5,2,33,0.0254,"{""IC"": 90, ""PVV"": 2, ""S"": 20, ""PYO"": 7, ""HSM"": 3, ""HDM"": 12, ""AE"": 2, ""MV"": 5}","[5, 6, 7, 10, 8, 13, 9, 11, 17, 18]",0.0083
2018,1,13,6,188,14250,75.8,1,114,102,0.0072,17,85,71,9.77,7.0,86,13,2,1,10,0.0441,"{""IC"": 65, ""S"": 13, ""PYO"": 15, ""HSM"": 1, ""HDM"": 4, ""AE"": 2, ""MV"": 2}","[5, 6, 8, 7, 9, 10, 12, 11, 13, 17]",0.0082
2018,1,14,7,198,14614,73.81,0,0,84,0.0057,17,67,37,8.6,6.5,77,4,3,0,4,0.0572,"{""IC"": 54, ""S"": 17, ""PYO"": 7, ""HDM"": 5, ""AE"": 1}","[5, 6, 7, 11, 9, 8, 12, 10, 15, 14]",0.0078
2018,1,15,1,247,17220,69.72,2,110,109,0.0063,18,91,95,10.11,7.0,99,5,4,1,22,0.0276,"{""IC"": 79, ""S"": 22, ""PVV"": 1, ""HSM"": 1, ""HDM"": 3, ""AE"": 1, ""MV"": 2}","[5, 7, 6, 8, 9, 14, 12, 13, 11, 10]",0.0074
2018,1,16,2,245,17096,69.78,4,62,127,0.0074,29,98,106,10.65,7.0,105,19,1,2,22,0.0323,"{""IC"": 88, ""PVV"": 2, ""S"": 12, ""HDM"": 14, ""AE"": 4, ""MV"": 7}","[5, 6, 7, 8, 9, 13, 16, 11, 10, 22]",0.0073
2018,1,17,3,243,17248,70.98,0,22,139,0.0081,33,106,91,11.27,8.0,113,20,4,2,33,0.0223,"{""IC"": 95, ""S"": 18, ""PVV"": 2, ""PYO"": 4, ""HSM"": 2, ""HDM"": 12, ""AE"": 2, ""MV"": 4}","[6, 5, 7, 10, 9, 8, 12, 11, 19, 13]",0.0072
2018,1,18,4,249,17494,70.26,5,254,162,0.0093,34,128,140,11.3,7.0,131,25,4,2,41,0.0175,"{""IC"": 100, ""S"": 32, ""PYO"": 5, ""HSM"": 1, ""HDM"": 18, ""AE"": 2, ""MV"": 4}","[5, 7, 6, 8, 9, 10, 13, 15, 11, 17]",0.0074
2018,1,19,5,253,17676,69.87,4,104,192,0.0109,56,136,95,11.43,8.0,152,29,8,3,51,0.0193,"{""S"": 22, ""IC"": 116, ""PYO"": 12, ""HSM"": 5, ""HDM"": 22, ""AE"": 2, ""MV"": 13}","[5, 6, 7, 8, 9, 12, 13, 10, 15, 18]",0.0078
2018,1,20,6,191,14258,74.65,0,0,125,0.0088,20,105,67,11.68,8.0,101,15,7,2,20,0.0293,"{""IC"": 76, ""PVV"": 1, ""S"": 10, ""PYO"": 19, ""HSM"": 2, ""HDM"": 9, ""AE"": 2, ""MV"": 6}","[5, 6, 7, 9, 14, 8, 13, 16, 10, 12]",0.0081
2018,1,21,7,202,14676,72.65,6,108,145,0.0099,30,115,37,9.25,7.0,131,11,3,0,32,0.026,"{""IC"": 92, ""S"": 26, ""PYO"": 6, ""HSM"": 4, ""HDM"": 8, ""AE"": 1, ""MV"": 8}","[6, 5, 7, 8, 9, 12, 10, 13, 14, 11]",0.0087
2018,1,22,1,249,17250,69.28,11,222,141,0.0082,39,102,49,9.99,7.0,120,15,6,0,30,0.0213,"{""IC"": 104, ""S"": 18, ""PVV"": 2, ""HSM"": 3, ""HDM"": 8, ""AE"": 1, ""MV"": 5}","[5, 6, 7, 8, 12, 11, 9, 10, 16, 14]",0.0089
2018,1,23,2,251,17544,69.9,5,182,160,0.0091,36,124,38,9.79,7.5,133,24,3,0,40,0.0217,"{""IC"": 80, ""PVV"": 2, ""S"": 23, ""PYO"": 8, ""HSM"": 10, ""HDM"": 18, ""AE"": 4, ""MV"": 15}","[5, 6, 7, 8, 9, 11, 10, 19, 12, 24]",0.0092
2018,1,24,3,246,17414,70.79,4,132,281,0.0161,77,204,58,11.39,8.0,225,38,18,0,73,0.0175,"{""IC"": 183, ""S"": 41, ""PVV"": 3, ""PYO"": 20, ""HSM"": 1, ""HDM"": 27, ""MV"": 6}","[5, 6, 7, 8, 10, 11, 9, 13, 12, 14]",0.0103
2018,1,25,4,248,17546,70.75,5,150,197,0.0112,51,146,52,11.07,8.0,158,28,11,0,44,0.0235,"{""IC"": 124, ""S"": 23, ""PYO"": 19, ""HSM"": 2, ""HDM"": 12, ""AE"": 1, ""MV"": 16}","[5, 6, 7, 8, 9, 10, 14, 11, 15, 12]",0.0106
2018,1,26,5,251,17774,70.81,5,112,148,0.0083,28,120,76,9.2,7.0,134,12,1,1,31,0.0363,"{""IC"": 93, ""PVV"": 1, ""S"": 23, ""PYO"": 15, ""HDM"": 10, ""MV"": 6}","[5, 6, 7, 9, 8, 11, 10, 12, 14, 15]",0.0102
2018,1,27,6,191,14226,74.48,5,90,91,0.0064,18,73,47,9.79,7.0,78,10,3,0,11,0.0514,"{""IC"": 47, ""PVV"": 2, ""S"": 7, ""PYO"": 18, ""HSM"": 2, ""HDM"": 6, ""AE"": 1, ""MV"": 8}","[5, 6, 7, 8, 9, 10, 11, 18, 14, 27]",0.0099
2018,1,28,7,203,14896,73.38,4,70,112,0.0075,18,94,49,9.43,7.0,97,13,2,0,15,0.0343,"{""IC"": 67, ""S"": 17, ""PVV"": 1, ""PYO"": 19, ""HSM"": 1, ""HDM"": 4, ""AE"": 1, ""MV"": 2}","[6, 5, 7, 8, 9, 10, 11, 14, 23, 18]",0.0095
2018,1,29,1,243,17148,70.57,1,20,100,0.0058,24,76,46,9.35,7.0,87,12,1,0,19,0.0292,"{""IC"": 63, ""PVV"": 1, ""S"": 10, ""PYO"": 10, ""HSM"": 1, ""HDM"": 11, ""AE"": 3, ""MV"": 1}","[5, 6, 8, 7, 9, 11, 12, 10, 22, 16]",0.0092
2018,1,30,2,254,17932,70.6,2,364,197,0.011,55,142,86,11.11,8.0,166,22,5,4,47,0.0209,"{""S"": 43, ""IC"": 108, ""PVV"": 2, ""PYO"": 9, ""HSM"": 7, ""HDM"": 11, ""AE"": 4, ""MV"": 13}","[5, 6, 8, 10, 7, 9, 11, 13, 12, 15]",0.0095
2018,1,31,3,255,18106,71.0,3,434,165,0.0091,43,122,75,10.61,7.0,139,17,7,2,30,0.0283,"{""IC"": 81, ""PVV"": 3, ""S"": 17, ""PYO"": 21, ""HSM"": 7, ""HDM"": 16, ""AE"": 1, ""MV"": 19}","[5, 6, 7, 8, 12, 9, 14, 11, 19, 16]",0.0085
2018,2,1,4,245,17462,71.27,6,102,202,0.0116,45,157,69,11.94,8.0,150,41,9,2,55,0.0202,"{""S"": 26, ""IC"": 131, ""PVV"": 1, ""PYO"": 14, ""HSM"": 5, ""HDM"": 19, ""AE"": 4, ""MV"": 2}","[5, 6, 7, 8, 11, 12, 10, 13, 15, 16]",0.0085
2018,2,2,5,248,17786,71.72,0,58,218,0.0123,41,177,54,10.64,8.0,174,37,7,0,59,0.0203,"{""IC"": 146, ""PVV"": 1, ""S"": 28, ""PYO"": 18, ""HSM"": 2, ""HDM"": 20, ""AE"": 1, ""MV"": 2}","[5, 6, 7, 8, 9, 11, 10, 12, 18, 16]",0.0091
2018,2,3,6,187,14136,75.59,4,80,117,0.0083,20,97,44,9.82,7.0,98,17,2,0,18,0.0293,"{""IC"": 61, ""PVV"": 3, ""S"": 13, ""PYO"": 16, ""HSM"": 5, ""HDM"": 12, ""AE"": 3, ""MV"": 4}","[5, 6, 10, 7, 11, 8, 9, 13, 12, 15]",0.0094
2018,2,4,7,203,14968,73.73,0,0,127,0.0085,16,111,81,11.03,8.0,106,14,5,2,37,0.0226,"{""IC"": 75, ""S"": 24, ""PYO"": 14, ""HSM"": 3, ""HDM"": 6, ""AE"": 1, ""MV"": 4}","[5, 6, 9, 8, 7, 11, 10, 12, 14, 18]",0.0095
2018,2,5,1,254,18144,71.43,3,378,230,0.0127,56,174,85,12.38,8.0,169,47,12,2,68,0.0162,"{""IC"": 137, ""S"": 28, ""PVV"": 2, ""PYO"": 15, ""HSM"": 3, ""HDM"": 18, ""AE"": 3, ""MV"": 24}","[5, 6, 8, 7, 9, 11, 10, 15, 14, 19]",0.0105
2018,2,6,2,244,17596,72.11,0,16,222,0.0126,60,162,314,14.26,8.0,164,38,17,3,65,0.0187,"{""IC"": 135, ""S"": 32, ""PVV"": 3, ""PYO"": 12, ""HSM"": 7, ""HDM"": 20, ""AE"": 4, ""MV"": 9}","[5, 6, 8, 7, 10, 12, 11, 9, 14, 20]",0.0107
2018,2,7,3,250,17812,71.25,3,160,201,0.0113,33,168,107,10.26,7.0,177,14,9,1,57,0.0181,"{""IC"": 117, ""S"": 29, ""PVV"": 2, ""PYO"": 18, ""HSM"": 7, ""HDM"": 16, ""P"": 5, ""AE"": 2, ""MV"": 5}","[5, 6, 7, 8, 11, 10, 9, 12, 13, 14]",0.011
2018,2,8,4,249,17878,71.8,5,130,216,0.0121,63,153,58,10.49,7.0,187,18,11,0,50,0.0185,"{""IC"": 134, ""S"": 35, ""PVV"": 1, ""PYO"": 15, ""HSM"": 1, ""HDM"": 14, ""AE"": 3, ""MV"": 13}","[5, 6, 7, 10, 9, 8, 11, 14, 13, 12]",0.0111
2018,2,9,5,250,18304,73.22,1,90,172,0.0094,39,133,119,11.32,7.0,145,16,8,3,37,0.0192,"{""S"": 22, ""IC"": 95, ""PVV"": 1, ""PYO"": 30, ""HSM"": 4, ""HDM"": 15, ""AE"": 3, ""MV"": 2}","[5, 6, 7, 8, 10, 9, 19, 11, 13, 16]",0.0107
2018,2,10,6,190,14684,77.28,0,0,142,0.0097,29,113,50,10.21,7.0,117,20,5,0,18,0.0344,"{""S"": 17, ""IC"": 84, ""PVV"": 2, ""PYO"": 30, ""HSM"": 3, ""HDM"": 5, ""MV"": 1}","[5, 6, 7, 8, 13, 9, 21, 10, 11, 14]",0.0109
2018,2,11,7,205,15214,74.21,2,108,112,0.0074,18,94,86,10.18,7.0,94,15,2,1,20,0.028,"{""IC"": 63, ""S"": 18, ""PYO"": 17, ""HSM"": 2, ""HDM"": 7, ""AE"": 1, ""MV"": 4}","[5, 6, 7, 8, 12, 9, 11, 13, 10, 17]",0.0107
2018,2,12,1,245,17594,71.81,0,0,143,0.0081,31,112,32,9.55,7.0,122,18,3,0,18,0.0286,"{""S"": 12, ""IC"": 96, ""PVV"": 1, ""PYO"": 17, ""HSM"": 1, ""HDM"": 6, ""AE"": 4, ""MV"": 6}","[5, 6, 7, 8, 9, 10, 13, 15, 12, 11]",0.0101
2018,2,13,2,246,17554,71.36,2,36,146,0.0083,31,115,44,9.88,8.0,123,21,2,0,25,0.0294,"{""IC"": 91, ""PVV"": 1, ""S"": 14, ""PYO"": 14, ""HSM"": 5, ""HDM"": 11, ""AE"": 3, ""MV"": 7}","[5, 7, 8, 6, 9, 10, 11, 12, 19, 13]",0.0095
2018,2,14,3,251,17932,71.44,4,304,175,0.0098,38,137,63,10.52,8.0,148,21,5,1,31,0.0262,"{""IC"": 103, ""S"": 30, ""PVV"": 1, ""PYO"": 19, ""HSM"": 4, ""HDM"": 6, ""AE"": 2, ""MV"": 10}","[5, 6, 7, 8, 9, 12, 14, 10, 11, 13]",0.0093
2018,2,15,4,249,17644,70.86,3,130,158,0.009,37,121,98,11.98,8.0,123,26,7,2,28,0.0296,"{""IC"": 99, ""PVV"": 1, ""S"": 21, ""PYO"": 17, ""HSM"": 2, ""HDM"": 10, ""AE"": 2, ""MUS"": 2, ""MV"": 4}","[5, 6, 7, 8, 9, 12, 13, 11, 15, 16]",0.0088
2018,2,16,5,256,18374,71.77,2,108,195,0.0106,47,148,101,10.56,8.0,159,30,5,1,40,0.0246,"{""S"": 30, ""IC"": 106, ""PVV"": 1, ""PYO"": 27, ""HSM"": 5, ""HDM"": 15, ""AE"": 3, ""MV"": 8}","[5, 6, 7, 8, 9, 10, 11, 13, 18, 15]",0.009
2018,2,17,6,193,14638,75.84,1,6,131,0.0089,28,103,38,10.26,8.0,106,22,3,0,13,0.0336,"{""IC"": 64, ""PVV"": 1, ""S"": 11, ""PYO"": 38, ""HDM"": 11, ""AE"": 1, ""MV"": 5}","[5, 6, 7, 9, 8, 11, 10, 12, 16, 13]",0.0089
2018,2,18,7,200,14868,74.34,3,60,122,0.0082,24,98,108,11.76,8.0,92,23,6,1,16,0.0288,"{""IC"": 80, ""S"": 23, ""PYO"": 11, ""HDM"": 3, ""AE"": 2, ""MV"": 3}","[5, 6, 7, 9, 8, 15, 12, 16, 10, 18]",0.009
2018,2,19,1,245,17422,71.11,6,144,162,0.0093,35,127,51,9.57,8.0,142,16,4,0,24,0.0236,"{""IC"": 109, ""PVV"": 1, ""S"": 25, ""PYO"": 14, ""HSM"": 4, ""HDM"": 5, ""AE"": 4}","[5, 6, 7, 9, 10, 11, 8, 13, 14, 12]",0.0092
2018,2,20,2,248,17488,70.52,4,118,165,0.0094,46,119,109,10.94,7.0,135,22,7,1,38,0.0227,"{""S"": 20, ""IC"": 108, ""PVV"": 2, ""PYO"": 14, ""HSM"": 4, ""HDM"": 5, ""AE"": 3, ""MV"": 9}","[6, 5, 7, 8, 10, 9, 14, 15, 13, 18]",0.0093
2018,2,21,3,251,17784,70.85,3,180,174,0.0098,62,112,206,11.86,7.0,146,17,10,1,30,0.0196,"{""IC"": 115, ""S"": 20, ""PVV"": 2, ""PYO"": 17, ""HSM"": 3, ""HDM"": 8, ""AE"": 3, ""MV"": 6}","[5, 6, 7, 9, 8, 10, 12, 11, 14, 16]",0.0093
2018,2,22,4,249,17632,70.81,4,144,262,0.0149,63,199,100,12.03,8.0,201,45,15,1,62,0.0197,"{""IC"": 157, ""S"": 40, ""PVV"": 1, ""PYO"": 19, ""HSM"": 4, ""HDM"": 24, ""AE"": 4, ""MV"": 13}","[5, 6, 7, 8, 10, 9, 13, 11, 12, 15]",0.0102
2018,2,23,5,253,18474,73.02,0,0,181,0.0098,42,139,182,10.54,7.0,156,18,6,1,35,0.0188,"{""IC"": 95, ""S"": 28, ""PVV"": 1, ""PYO"": 27, ""HSM"": 6, ""HDM"": 16, ""AE"": 4, ""MV"": 4}","[5, 6, 7, 9, 8, 10, 11, 13, 16, 12]",0.01
2018,2,24,6,192,14748,76.81,0,0,153,0.0104,31,122,98,12.65,8.0,116,26,10,1,25,0.0261,"{""IC"": 82, ""S"": 11, ""PYO"": 43, ""HSM"": 1, ""HDM"": 8, ""AE"": 2, ""MV"": 6}","[5, 6, 7, 9, 8, 12, 10, 22, 13, 20]",0.0103
2018,2,25,7,203,14936,73.58,0,0,126,0.0084,28,98,25,8.84,7.0,113,13,0,0,28,0.0242,"{""IC"": 86, ""S"": 16, ""PYO"": 14, ""HDM"": 8, ""AE"": 1, ""MV"": 1}","[5, 7, 6, 10, 8, 9, 11, 14, 13, 15]",0.0103
2018,2,26,1,250,17610,70.44,0,0,181,0.0103,42,139,44,11.14,8.0,135,37,9,0,40,0.0281,"{""IC"": 110, ""S"": 21, ""PVV"": 2, ""PYO"": 15, ""HSM"": 5, ""HDM"": 17, ""AE"": 4, ""MV"": 7}","[5, 6, 7, 8, 11, 15, 17, 10, 12, 22]",0.0104
2018,2,27,2,244,17556,71.95,3,220,175,0.01,36,139,125,11.97,7.0,146,20,5,4,28,0.0287,"{""S"": 34, ""IC"": 108, ""PYO"": 17, ""HSM"": 3, ""HDM"": 8, ""AE"": 5}","[5, 6, 7, 9, 8, 12, 11, 10, 19, 16]",0.0105
2018,2,28,3,247,17658,71.49,4,290,162,0.0092,38,124,46,9.29,7.0,140,19,3,0,32,0.0266,"{""IC"": 98, ""S"": 28, ""PVV"": 1, ""PYO"": 16, ""HSM"": 5, ""HDM"": 10, ""AE"": 1, ""MV"": 3}","[5, 6, 7, 9, 8, 11, 12, 16, 10, 13]",0.0104
2018,3,1,4,250,17524,70.1,10,420,155,0.0088,34,121,59,12.01,8.0,111,38,6,0,37,0.0278,"{""IC"": 94, ""S"": 27, ""PVV"": 1, ""PYO"": 12, ""HSM"": 2, ""HDM"": 15, ""MV"": 4}","[5, 6, 8, 7, 10, 9, 14, 16, 12, 15]",0.0096
2018,3,2,5,249,18142,72.86,4,96,170,0.0094,40,130,55,8.82,7.0,152,16,2,0,41,0.0252,"{""IC"": 105, ""S"": 20, ""PVV"": 1, ""PYO"": 22, ""HSM"": 1, ""HDM"": 20, ""AE"": 1}","[5, 6, 7, 8, 10, 9, 12, 11, 17, 24]",0.0095
2018,3,3,6,191,14604,76.46,0,0,138,0.0094,29,109,35,10.54,8.0,110,25,3,0,15,0.0359,"{""IC"": 68, ""S"": 14, ""PVV"": 1, ""PYO"": 41, ""HDM"": 8, ""AE"": 1, ""MV"": 5}","[5, 6, 7, 11, 10, 8, 9, 12, 16, 14]",0.0094
2018,3,4,7,201,14940,74.33,0,0,133,0.0089,26,107,54,10.01,7.0,114,15,4,0,23,0.0255,"{""IC"": 72, ""S"": 20, ""PYO"": 19, ""HSM"": 3, ""HDM"": 14, ""AE"": 3, ""MV"": 2}","[5, 6, 7, 13, 10, 8, 11, 14, 9, 12]",0.0094
2018,3,5,1,246,17430,70.85,6,124,150,0.0086,38,112,51,8.89,7.0,136,10,4,0,23,0.0369,"{""IC"": 86, ""S"": 20, ""PVV"": 2, ""PYO"": 15, ""HDM"": 22, ""MV"": 5}","[5, 6, 7, 9, 8, 10, 22, 11, 14, 13]",0.0092
2018,3,6,2,248,17590,70.93,2,166,147,0.0084,37,110,172,12.21,7.0,126,14,3,4,17,0.0393,"{""S"": 20, ""IC"": 91, ""PVV"": 1, ""PYO"": 16, ""HSM"": 5, ""HDM"": 9, ""AE"": 1, ""MV"": 4}","[5, 6, 7, 8, 13, 9, 10, 12, 14, 15]",0.009
2018,3,7,3,246,17638,71.7,4,78,139,0.0079,35,104,48,8.95,6.0,122,15,2,0,24,0.034,"{""IC"": 83, ""S"": 19, ""PVV"": 1, ""PYO"": 17, ""HSM"": 3, ""HDM"": 5, ""AE"": 1, ""MV"": 10}","[5, 6, 7, 9, 8, 13, 22, 10, 18, 21]",0.0088
2018,3,8,4,246,17492,71.11,3,42,120,0.0069,29,91,51,10.05,7.0,100,15,5,0,16,0.032,"{""IC"": 77, ""PVV"": 1, ""S"": 13, ""PYO"": 15, ""HSM"": 1, ""HDM"": 8, ""AE"": 1, ""MV"": 4}","[5, 6, 7, 8, 9, 11, 12, 10, 14, 15]",0.0085
2018,3,9,5,251,18384,73.24,0,46,184,0.01,45,139,83,10.7,7.0,152,22,8,2,43,0.0225,"{""IC"": 88, ""S"": 35, ""PYO"": 22, ""HSM"": 5, ""HDM"": 23, ""AE"": 9, ""MV"": 2}","[5, 6, 7, 8, 10, 9, 11, 18, 16, 12]",0.0086
2018,3,10,6,195,14784,75.82,2,40,129,0.0087,38,91,80,10.78,7.0,105,20,2,2,15,0.0336,"{""S"": 9, ""IC"": 66, ""PVV"": 1, ""PYO"": 39, ""HSM"": 1, ""HDM"": 5, ""AE"": 2, ""MV"": 6}","[5, 6, 7, 9, 8, 11, 10, 12, 24, 15]",0.0085
2018,3,11,7,208,15346,73.78,5,244,166,0.0108,46,120,108,12.28,8.0,131,24,7,4,30,0.024,"{""IC"": 93, ""PVV"": 3, ""S"": 33, ""PYO"": 12, ""HSM"": 1, ""HDM"": 9, ""AE"": 2, ""MV"": 13}","[5, 6, 7, 8, 10, 12, 9, 13, 16, 17]",0.0088
2018,3,12,1,247,17566,71.12,7,130,153,0.0087,30,123,103,9.77,7.0,137,13,1,2,33,0.028,"{""IC"": 94, ""S"": 16, ""PVV"": 2, ""PYO"": 14, ""HSM"": 6, ""HDM"": 9, ""AE"": 4, ""MV"": 8}","[5, 6, 7, 8, 12, 9, 11, 17, 10, 13]",0.0088
2018,3,13,2,249,17694,71.06,8,208,141,0.008,46,95,46,9.45,8.0,119,20,2,0,28,0.0259,"{""IC"": 79, ""PVV"": 1, ""S"": 21, ""PYO"": 15, ""HSM"": 6, ""HDM"": 9, ""AE"": 3, ""MV"": 7}","[5, 6, 8, 7, 9, 10, 11, 16, 18, 22]",0.0087
2018,3,14,3,244,17402,71.32,1,18,213,0.0122,58,155,97,10.82,8.0,177,29,5,2,39,0.0226,"{""IC"": 123, ""PVV"": 4, ""S"": 32, ""PYO"": 18, ""HSM"": 4, ""HDM"": 24, ""AE"": 2, ""MV"": 6}","[5, 7, 6, 8, 9, 10, 12, 11, 18, 13]",0.0093
2018,3,15,4,248,17634,71.1,3,60,214,0.0121,68,146,73,11.15,8.0,170,34,9,1,43,0.0194,"{""IC"": 129, ""S"": 37, ""PVV"": 1, ""PYO"": 13, ""HSM"": 6, ""HDM"": 23, ""AE"": 1, ""MV"": 4}","[5, 6, 7, 8, 9, 10, 11, 13, 14, 16]",0.0101
2018,3,16,5,251,18278,72.82,1,138,191,0.0104,50,141,45,9.49,8.0,165,22,4,0,41,0.0228,"{""IC"": 99, ""S"": 30, ""PVV"": 1, ""PYO"": 36, ""HSM"": 3, ""HDM"": 17, ""AE"": 2, ""MV"": 3}","[5, 6, 7, 8, 9, 12, 10, 11, 13, 18]",0.0101
2018,3,17,6,189,14596,77.23,0,0,115,0.0079,33,82,95,12.74,7.0,87,19,6,3,12,0.0268,"{""IC"": 66, ""PVV"": 1, ""S"": 7, ""PYO"": 28, ""HSM"": 4, ""HDM"": 6, ""AE"": 3}","[5, 6, 7, 9, 8, 13, 15, 29, 16, 26]",0.01
2018,3,18,7,199,14848,74.61,0,0,135,0.0091,31,104,75,9.06,7.0,121,12,1,1,25,0.0322,"{""IC"": 92, ""S"": 17, ""PYO"": 13, ""HSM"": 3, ""HDM"": 9, ""AE"": 1}","[5, 7, 6, 9, 8, 10, 12, 14, 11, 16]",0.0098
2018,3,19,1,244,17450,71.52,0,0,124,0.0071,29,95,50,7.94,7.0,118,5,1,0,14,0.0356,"{""IC"": 77, ""S"": 15, ""PVV"": 1, ""PYO"": 17, ""HSM"": 4, ""HDM"": 9, ""AE"": 1}","[5, 7, 6, 8, 9, 11, 14, 12, 10, 16]",0.0095
2018,3,20,2,249,17588,70.63,5,220,161,0.0092,35,126,53,9.39,7.0,142,14,5,0,34,0.0235,"{""IC"": 101, ""S"": 17, ""PVV"": 1, ""PYO"": 15, ""HSM"": 3, ""HDM"": 15, ""AE"": 4, ""MV"": 5}","[5, 6, 7, 8, 9, 12, 10, 16, 11, 13]",0.0097
2018,3,21,3,250,17914,71.66,1,284,175,0.0098,42,133,81,11.07,8.0,145,22,5,3,30,0.0231,"{""IC"": 99, ""S"": 30, ""PVV"": 2, ""PYO"": 16, ""HSM"": 5, ""HDM"": 14, ""AE"": 2, ""MV"": 7}","[5, 7, 6, 8, 9, 10, 12, 11, 14, 16]",0.0094
2018,3,22,4,251,17634,70.25,3,40,170,0.0096,45,125,87,12.05,8.0,136,25,6,3,34,0.0251,"{""IC"": 104, ""S"": 24, ""PVV"": 2, ""PYO"": 11, ""HSM"": 1, ""HDM"": 13, ""AE"": 3, ""MV"": 12}","[5, 6, 7, 8, 9, 10, 11, 14, 13, 17]",0.009
2018,3,23,5,259,18416,71.1,17,340,188,0.0102,44,144,52,9.01,6.0,167,16,5,0,30,0.0265,"{""IC"": 97, ""S"": 34, ""PVV"": 2, ""PYO"": 35, ""HDM"": 15, ""AE"": 2, ""MV"": 3}","[5, 6, 7, 10, 8, 9, 13, 14, 19, 12]",0.009
2018,3,24,6,192,14664,76.38,13,236,131,0.0089,27,104,73,10.61,7.0,110,16,3,2,22,0.0217,"{""IC"": 64, ""PVV"": 2, ""S"": 9, ""PYO"": 38, ""HSM"": 5, ""HDM"": 9, ""AE"": 2, ""MV"": 2}","[5, 7, 6, 9, 8, 11, 10, 13, 14, 15]",0.0091
2018,3,25,7,203,14954,73.67,12,252,160,0.0107,40,120,92,11.15,7.0,130,22,7,1,33,0.0328,"{""IC"": 93, ""S"": 21, ""PVV"": 1, ""PYO"": 14, ""HSM"": 2, ""HDM"": 25, ""AE"": 1, ""MV"": 3}","[5, 6, 7, 9, 8, 11, 13, 10, 20, 12]",0.0094
2018,3,26,1,252,17702,70.25,18,352,154,0.0087,45,109,86,9.71,7.0,140,10,2,2,24,0.0306,"{""S"": 23, ""IC"": 93, ""PVV"": 1, ""PYO"": 13, ""HSM"": 6, ""HDM"": 11, ""AE"": 1, ""MV"": 6}","[5, 6, 7, 9, 10, 12, 8, 13, 15, 14]",0.0096
2018,3,27,2,248,17606,70.99,16,306,139,0.0079,30,109,56,9.14,7.0,121,15,3,0,18,0.0423,"{""IC"": 79, ""PVV"": 2, ""S"": 21, ""PYO"": 18, ""HSM"": 3, ""HDM"": 13, ""AE"": 2, ""MV"": 1}","[5, 6, 7, 8, 9, 10, 11, 15, 14, 16]",0.0094
2018,3,28,3,259,18420,71.12,20,506,169,0.0092,28,141,82,9.86,7.0,148,16,4,1,22,0.0353,"{""IC"": 103, ""PVV"": 3, ""S"": 18, ""PYO"": 23, ""HSM"": 4, ""HDM"": 9, ""AE"": 3, ""MV"": 6}","[6, 5, 7, 8, 9, 11, 12, 10, 14, 18]",0.0093
2018,3,29,4,260,18618,71.61,7,232,182,0.0098,33,149,95,9.81,7.0,158,17,6,1,35,0.0283,"{""IC"": 94, ""S"": 25, ""PYO"": 33, ""HSM"": 4, ""HDM"": 13, ""AE"": 3, ""MV"": 10}","[5, 6, 7, 8, 9, 10, 12, 11, 14, 16]",0.0093
2018,3,30,5,213,16432,77.15,0,0,170,0.0103,32,138,55,9.25,7.0,147,18,5,0,23,0.0458,"{""IC"": 91, ""S"": 30, ""PVV"": 3, ""PYO"": 31, ""HDM"": 11, ""MV"": 4}","[5, 7, 6, 8, 9, 12, 10, 17, 11, 15]",0.0094
2018,3,31,6,196,14950,76.28,0,0,142,0.0095,29,113,43,10.47,8.0,117,19,6,0,17,0.0476,"{""IC"": 72, ""PVV"": 1, ""S"": 11, ""PYO"": 32, ""HSM"": 1, ""HDM"": 7, ""AE"": 5, ""MV"": 12, ""V"": 1}","[5, 6, 7, 8, 10, 9, 13, 12, 14, 33]",0.0094
2018,4,1,7,174,12996,74.69,1,20,132,0.0102,27,105,116,10.5,7.0,116,10,4,2,17,0.0337,"{""IC"": 73, ""S"": 12, ""PVV"": 1, ""PYO"": 32, ""HSM"": 2, ""HDM"": 10, ""AE"": 1, ""V"": 1}","[6, 5, 8, 7, 9, 10, 12, 14, 11, 15]",0.0094
2018,4,2,1,206,15506,75.27,0,2,197,0.0127,33,164,75,10.45,7.0,170,21,4,2,46,0.0238,"{""IC"": 108, ""PVV"": 1, ""S"": 32, ""PYO"": 37, ""HSM"": 1, ""HDM"": 14, ""AE"": 2, ""MV"": 2}","[5, 6, 7, 8, 10, 11, 12, 9, 13, 14]",0.0099
2018,4,3,2,252,17546,69.63,7,122,165,0.0094,39,126,102,10.75,7.0,139,22,1,3,20,0.0313,"{""IC"": 107, ""S"": 23, ""PYO"": 14, ""HSM"": 4, ""HDM"": 12, ""AE"": 1, ""MV"": 4}","[5, 6, 7, 8, 9, 10, 13, 12, 16, 14]",0.0102
2018,4,4,3,252,17646,70.02,17,300,155,0.0088,32,123,144,11.15,7.0,128,20,4,3,28,0.0262,"{""IC"": 108, ""PVV"": 2, ""S"": 15, ""PYO"": 9, ""HSM"": 5, ""HDM"": 7, ""AE"": 3, ""MV"": 6}","[5, 6, 7, 8, 9, 10, 15, 12, 11, 17]",0.0101
2018,4,5,4,259,17872,69.0,9,146,152,0.0085,35,117,61,9.32,7.0,132,16,3,1,21,0.0396,"{""IC"": 83, ""S"": 29, ""PVV"": 1, ""PYO"": 11, ""HSM"": 7, ""HDM"": 10, ""AE"": 3, ""MV"": 8}","[5, 6, 7, 8, 11, 9, 10, 12, 15, 19]",0.0099
2018,4,6,5,255,18474,72.45,2,28,192,0.0104,44,148,98,10.89,7.0,161,21,8,2,37,0.0303,"{""IC"": 94, ""PVV"": 3, ""S"": 35, ""PYO"": 28, ""HSM"": 11, ""HDM"": 16, ""AE"": 3, ""MV"": 2}","[5, 6, 7, 8, 9, 10, 11, 12, 17, 21]",0.0099
2018,4,7,6,195,14816,75.98,0,76,152,0.0103,37,115,143,13.41,7.0,122,18,9,3,12,0.0406,"{""IC"": 79, ""PVV"": 1, ""S"": 18, ""PYO"": 39, ""HSM"": 1, ""HDM"": 6, ""MV"": 8}","[5, 6, 7, 8, 9, 12, 10, 16, 26, 14]",0.01
2018,4,8,7,207,15124,73.06,2,186,154,0.0102,39,115,93,13.7,7.0,121,14,12,7,23,0.0218,"{""IC"": 90, ""S"": 33, ""PVV"": 1, ""PYO"": 13, ""HSM"": 1, ""HDM"": 5, ""AE"": 3, ""IC2"": 2, ""MV"": 6}","[5, 6, 7, 8, 10, 14, 9, 11, 36, 71]",0.01
2018,4,9,1,256,17742,69.3,3,156,205,0.0116,51,154,143,12.49,8.0,165,24,14,2,38,0.0278,"{""IC"": 118, ""S"": 31, ""PVV"": 1, ""PYO"": 16, ""HSM"": 10, ""HDM"": 14, ""AE"": 3, ""MV"": 12}","[5, 6, 8, 7, 10, 9, 11, 14, 12, 23]",0.0099
2018,4,10,2,251,17608,70.15,4,176,174,0.0099,33,141,128,11.47,7.0,141,23,8,2,22,0.0326,"{""S"": 32, ""IC"": 111, ""PVV"": 1, ""PYO"": 15, ""HSM"": 4, ""HDM"": 4, ""AE"": 1, ""MV"": 6}","[5, 6, 7, 8, 10, 9, 14, 11, 12, 20]",0.01
2018,4,11,3,252,17618,69.91,4,186,161,0.0091,44,117,111,11.86,7.0,132,15,10,4,24,0.0361,"{""IC"": 104, ""PVV"": 1, ""S"": 21, ""PYO"": 15, ""HSM"": 1, ""HDM"": 9, ""AE"": 3, ""MV"": 7}","[5, 6, 7, 8, 9, 10, 11, 27, 21, 16]",0.01
2018,4,12,4,254,17622,69.38,4,156,168,0.0095,36,132,91,11.24,7.0,136,21,9,2,26,0.0328,"{""IC"": 101, ""S"": 27, ""PVV"": 1, ""PYO"": 11, ""HSM"": 7, ""HDM"": 15, ""AE"": 1, ""MV"": 5}","[5, 7, 6, 9, 8, 14, 10, 12, 16, 15]",0.0101
2018,4,13,5,255,18364,72.02,3,244,167,0.0091,32,135,211,12.16,7.0,137,20,7,3,22,0.0323,"{""IC"": 94, ""PVV"": 1, ""S"": 21, ""PYO"": 27, ""HSM"": 3, ""HDM"": 17, ""AE"": 1, ""MV"": 3}","[5, 6, 7, 10, 8, 11, 9, 13, 16, 31]",0.01
2018,4,14,6,190,14640,77.05,2,40,135,0.0092,18,117,44,9.36,7.0,118,11,6,0,9,0.0745,"{""IC"": 69, ""PVV"": 1, ""S"": 16, ""PYO"": 41, ""HSM"": 2, ""HDM"": 4, ""AE"": 1, ""MV"": 1}","[5, 7, 6, 8, 9, 10, 13, 15, 11, 44]",0.0098
2018,4,15,7,201,14938,74.32,0,0,114,0.0076,18,96,32,8.57,7.0,100,13,1,0,8,0.0731,"{""S"": 23, ""IC"": 70, ""PYO"": 15, ""HDM"": 4, ""MUS"": 2}","[5, 6, 7, 9, 8, 11, 17, 13, 24, 21]",0.0094
2018,4,16,1,250,17570,70.28,4,48,124,0.0071,26,98,170,9.94,7.0,110,11,2,1,18,0.0543,"{""S"": 13, ""IC"": 81, ""PYO"": 14, ""HSM"": 7, ""HDM"": 6, ""AE"": 2, ""MV"": 1}","[5, 6, 7, 8, 9, 10, 18, 14, 22, 13]",0.0088
2018,4,17,2,250,17542,70.17,2,30,124,0.0071,20,104,84,9.42,7.0,111,10,2,1,10,0.0484,"{""IC"": 80, ""PVV"": 1, ""S"": 15, ""PYO"": 15, ""HSM"": 4, ""HDM"": 9}","[5, 6, 7, 9, 8, 10, 12, 11, 13, 17]",0.0084
2018,4,18,3,250,17554,70.22,0,0,152,0.0087,36,116,50,7.81,7.0,142,9,1,0,10,0.0658,"{""IC"": 98, ""S"": 17, ""PVV"": 2, ""PYO"": 16, ""HSM"": 5, ""HDM"": 6, ""MV"": 8}","[5, 6, 7, 8, 9, 10, 11, 13, 12, 20]",0.0083
2018,4,19,4,253,17594,69.54,2,28,153,0.0087,32,121,28,8.37,7.0,138,15,0,0,9,0.0623,"{""IC"": 109, ""PVV"": 2, ""S"": 17, ""PYO"": 15, ""HSM"": 3, ""HDM"": 4, ""AE"": 2, ""V"": 1}","[5, 6, 8, 7, 9, 14, 10, 15, 11, 13]",0.0082
2018,4,20,5,268,18542,69.19,13,218,160,0.0086,27,133,166,9.67,7.0,142,16,1,1,21,0.0415,"{""IC"": 94, ""S"": 19, ""PYO"": 29, ""HSM"": 8, ""HDM"": 6, ""AE"": 2, ""MUS"": 2}","[5, 6, 7, 9, 8, 11, 12, 14, 13, 17]",0.0081
2018,4,21,6,198,14788,74.69,1,32,139,0.0094,15,124,50,10.45,7.0,114,16,9,0,12,0.065,"{""IC"": 77, ""S"": 14, ""PVV"": 1, ""PYO"": 36, ""HSM"": 2, ""HDM"": 4, ""MUS"": 3, ""MV"": 2}","[6, 5, 7, 8, 9, 11, 10, 17, 16, 43]",0.0082
2018,4,22,7,208,14846,71.38,0,0,129,0.0087,22,107,73,11.19,7.0,106,12,10,1,20,0.0474,"{""IC"": 73, ""S"": 26, ""PYO"": 6, ""HSM"": 4, ""HDM"": 5, ""AE"": 4, ""MUS"": 9, ""MV"": 2}","[5, 6, 7, 8, 9, 12, 10, 13, 25, 30]",0.0083
2018,4,23,1,256,17290,67.54,0,10,123,0.0071,23,100,74,9.43,7.0,106,13,3,1,20,0.0421,"{""IC"": 88, ""PVV"": 2, ""S"": 16, ""HSM"": 2, ""HDM"": 7, ""AE"": 2, ""MUS"": 5, ""MV"": 1}","[5, 6, 7, 8, 9, 10, 11, 21, 20, 12]",0.0083
2018,4,24,2,248,17090,68.91,0,0,112,0.0066,25,87,36,8.29,7.0,104,6,2,0,13,0.0465,"{""IC"": 86, ""S"": 13, ""HSM"": 2, ""HDM"": 5, ""AE"": 4, ""MUS"": 2}","[5, 6, 8, 7, 9, 10, 12, 11, 16, 32]",0.0083
2018,4,25,3,251,17388,69.27,0,0,140,0.0081,29,111,57,9.23,7.0,125,12,3,0,18,0.0518,"{""IC"": 81, ""PVV"": 3, ""S"": 27, ""PYO"": 6, ""HSM"": 4, ""HDM"": 6, ""AE"": 5, ""MV"": 8}","[5, 6, 7, 10, 9, 8, 12, 11, 15, 14]",0.0082
2018,4,26,4,251,17392,69.29,2,28,116,0.0067,18,98,34,8.08,6.0,107,7,2,0,12,0.0738,"{""IC"": 83, ""S"": 17, ""PYO"": 9, ""HSM"": 1, ""HDM"": 3, ""MV"": 3}","[5, 6, 7, 8, 9, 12, 11, 14, 19, 28]",0.0079
2018,4,27,5,249,17586,70.63,0,0,149,0.0085,31,118,59,11.36,7.0,119,19,11,0,22,0.0381,"{""S"": 22, ""IC"": 91, ""PVV"": 2, ""PYO"": 8, ""HSM"": 9, ""HDM"": 12, ""AE"": 5}","[5, 6, 7, 8, 14, 9, 12, 22, 16, 11]",0.0079
2018,4,28,6,193,14744,76.39,0,0,119,0.0081,23,96,56,8.44,6.0,108,10,1,0,5,0.0598,"{""IC"": 78, ""PVV"": 4, ""S"": 9, ""PYO"": 12, ""HSM"": 1, ""HDM"": 5, ""MUS"": 4, ""MV"": 6}","[5, 6, 7, 9, 8, 12, 13, 22, 16, 24]",0.0077
2018,4,29,7,202,14854,73.53,3,42,118,0.0079,24,94,39,9.03,6.0,100,16,2,0,14,0.052,"{""S"": 24, ""IC"": 78, ""PYO"": 8, ""HSM"": 1, ""HDM"": 2, ""MUS"": 5}","[5, 6, 7, 8, 9, 10, 15, 12, 17, 11]",0.0076
2018,4,30,1,251,17264,68.78,1,34,195,0.0113,66,129,197,11.16,8.0,155,33,5,2,26,0.0462,"{""S"": 49, ""IC"": 121, ""PYO"": 7, ""HSM"": 6, ""HDM"": 6, ""MV"": 6}","[5, 6, 8, 7, 9, 16, 15, 10, 12, 13]",0.0082
2018,5,1,2,224,16056,71.68,3,90,144,0.009,51,93,55,9.28,6.0,127,11,6,0,19,0.0369,"{""IC"": 98, ""S"": 20, ""PYO"": 5, ""HDM"": 3, ""PVV"": 1, ""AE"": 1, ""MUS"": 2, ""MV"": 13, ""V"": 1}","[6, 5, 7, 8, 11, 9, 10, 24, 16, 13]",0.0085
2018,5,2,3,243,17008,69.99,4,136,132,0.0078,52,80,86,8.68,6.0,123,4,4,1,16,0.0349,"{""IC"": 101, ""PVV"": 1, ""S"": 22, ""HSM"": 2, ""HDM"": 5, ""AE"": 1}","[5, 6, 7, 8, 9, 10, 11, 12, 16, 13]",0.0085
2018,5,3,4,257,17282,67.25,4,76,146,0.0084,58,88,48,8.42,6.0,134,9,3,0,16,0.0509,"{""IC"": 114, ""S"": 18, ""HSM"": 3, ""HDM"": 3, ""AE"": 1, ""MV"": 7}","[5, 6, 7, 9, 8, 10, 11, 12, 14, 17]",0.0087
2018,5,4,5,257,17566,68.35,1,90,201,0.0114,71,130,63,9.45,7.0,176,20,4,1,33,0.0338,"{""IC"": 126, ""S"": 39, ""PVV"": 1, ""HSM"": 3, ""HDM"": 8, ""AE"": 5, ""MUS"": 5, ""MV"": 14}","[6, 5, 7, 8, 9, 10, 11, 17, 13, 14]",0.0091
2018,5,5,6,197,13438,68.21,0,0,129,0.0096,43,86,58,8.9,6.0,112,13,4,0,21,0.0422,"{""S"": 21, ""IC"": 84, ""PVV"": 2, ""HSM"": 2, ""HDM"": 8, ""AE"": 1, ""MUS"": 5, ""MV"": 6}","[5, 6, 7, 8, 10, 11, 15, 13, 27, 17]",0.0093
2018,5,6,7,210,14812,70.53,1,16,168,0.0113,57,111,50,10.85,7.0,142,15,11,0,25,0.0399,"{""IC"": 112, ""PVV"": 1, ""S"": 34, ""HDM"": 9, ""AE"": 1, ""MUS"": 4, ""MV"": 7}","[5, 6, 7, 11, 8, 10, 9, 13, 14, 15]",0.0098
2018,5,7,1,249,17148,68.87,0,0,200,0.0117,70,130,84,10.31,7.0,174,17,6,3,24,0.0368,"{""IC"": 140, ""S"": 24, ""HSM"": 5, ""HDM"": 24, ""MV"": 7}","[5, 6, 7, 8, 10, 9, 12, 11, 14, 15]",0.0099
2018,5,8,2,248,17160,69.19,1,54,151,0.0088,65,86,42,7.81,6.0,144,4,3,0,12,0.0632,"{""IC"": 105, ""PVV"": 1, ""S"": 25, ""HSM"": 8, ""HDM"": 7, ""AE"": 3, ""V"": 2}","[5, 6, 7, 8, 10, 9, 11, 12, 15, 13]",0.0099
2018,5,9,3,250,17114,68.46,0,0,171,0.01,77,94,40,8.2,6.0,157,13,1,0,20,0.0422,"{""IC"": 112, ""PVV"": 2, ""S"": 28, ""HSM"": 7, ""HDM"": 11, ""AE"": 4, ""MUS"": 1, ""MV"": 5, ""V"": 1}","[5, 6, 8, 7, 10, 9, 12, 11, 21, 18]",0.0102
2018,5,10,4,222,15844,71.37,2,28,153,0.0097,67,86,39,7.99,6.0,143,9,1,0,8,0.0552,"{""IC"": 100, ""S"": 28, ""HSM"": 1, ""HDM"": 5, ""AE"": 2, ""MUS"": 1, ""MV"": 16}","[5, 6, 7, 9, 11, 8, 10, 12, 13, 15]",0.0104
2018,5,11,5,252,17528,69.56,2,52,194,0.0111,72,122,72,9.07,7.0,175,14,4,1,28,0.0412,"{""IC"": 126, ""S"": 31, ""PVV"": 2, ""HSM"": 7, ""HDM"": 21, ""MV"": 4, ""V"": 3}","[5, 7, 6, 9, 8, 10, 12, 11, 15, 16]",0.0103
2018,5,12,6,190,13480,70.95,0,0,127,0.0094,46,81,275,12.22,7.0,110,10,5,2,11,0.022,"{""S"": 22, ""IC"": 89, ""PVV"": 2, ""HSM"": 3, ""HDM"": 5, ""AE"": 2, ""MUS"": 2, ""MV"": 2}","[5, 6, 8, 7, 9, 15, 11, 10, 14, 29]",0.0103
2018,5,13,7,201,14636,72.82,2,110,206,0.0141,71,135,142,12.51,7.0,162,32,6,6,35,0.0201,"{""IC"": 142, ""S"": 42, ""PVV"": 1, ""HSM"": 2, ""HDM"": 9, ""AE"": 10}","[5, 6, 7, 8, 10, 9, 11, 15, 17, 12]",0.0107
2018,5,14,1,252,17270,68.53,1,92,217,0.0126,78,139,45,8.55,7.0,199,15,3,0,39,0.0332,"{""IC"": 152, ""S"": 39, ""HSM"": 6, ""HDM"": 5, ""AE"": 7, ""MV"": 8}","[5, 6, 7, 8, 9, 11, 10, 13, 12, 17]",0.0108
2018,5,15,2,250,17406,69.62,3,200,160,0.0092,60,100,44,8.13,7.0,148,11,1,0,14,0.0426,"{""IC"": 118, ""PVV"": 1, ""S"": 27, ""HSM"": 2, ""HDM"": 6, ""AE"": 1, ""MV"": 5}","[6, 5, 7, 8, 10, 9, 11, 15, 13, 12]",0.0109
2018,5,16,3,256,17420,68.05,2,108,197,0.0113,78,119,222,12.07,8.0,168,20,4,5,26,0.0306,"{""S"": 34, ""IC"": 127, ""PVV"": 3, ""HSM"": 3, ""HDM"": 11, ""AE"": 3, ""MUS"": 4, ""MV"": 11, ""V"": 1}","[5, 6, 8, 7, 10, 9, 11, 12, 13, 15]",0.0111
2018,5,17,4,254,17422,68.59,3,192,236,0.0135,84,152,199,12.63,8.0,197,25,8,6,39,0.0237,"{""IC"": 165, ""S"": 34, ""PVV"": 1, ""HSM"": 9, ""HDM"": 15, ""AE"": 2, ""MV"": 10}","[5, 6, 7, 10, 8, 9, 11, 13, 14, 16]",0.0116
2018,5,18,5,254,17548,69.09,1,30,181,0.0103,81,100,196,15.67,8.0,142,24,6,9,34,0.0208,"{""IC"": 121, ""PVV"": 1, ""S"": 38, ""HSM"": 6, ""HDM"": 8, ""AE"": 1, ""MV"": 6}","[5, 6, 7, 8, 9, 10, 11, 15, 16, 12]",0.0115
2018,5,19,6,193,13590,70.41,0,0,131,0.0096,47,84,41,8.89,7.0,115,13,3,0,16,0.0441,"{""S"": 17, ""IC"": 93, ""PVV"": 1, ""HSM"": 1, ""HDM"": 6, ""AE"": 3, ""MUS"": 6, ""MV"": 2, ""V"": 2}","[5, 7, 6, 10, 8, 9, 11, 17, 23, 15]",0.0115
2018,5,20,7,199,14488,72.8,0,0,141,0.0097,52,89,37,7.63,6.0,134,4,3,0,11,0.0521,"{""IC"": 102, ""PVV"": 1, ""S"": 31, ""HDM"": 5, ""MV"": 2}","[5, 6, 7, 8, 9, 13, 10, 11, 25, 35]",0.0109
2018,5,21,1,247,17014,68.88,0,2,173,0.0102,66,107,113,12.6,7.0,144,18,3,8,17,0.034,"{""IC"": 132, ""S"": 31, ""PVV"": 1, ""HSM"": 1, ""HDM"": 7, ""AE"": 1}","[5, 6, 7, 9, 8, 10, 11, 12, 16, 77]",0.0105
2018,5,22,2,247,17134,69.37,0,0,190,0.0111,70,120,39,8.96,7.0,167,21,2,0,35,0.0343,"{""IC"": 129, ""S"": 35, ""PVV"": 1, ""HSM"": 9, ""HDM"": 11, ""AE"": 2, ""MV"": 3}","[5, 7, 6, 8, 9, 12, 10, 11, 22, 17]",0.0108
2018,5,23,3,250,17338,69.35,1,88,182,0.0105,73,109,93,9.5,7.0,164,13,1,4,21,0.0408,"{""IC"": 118, ""PVV"": 1, ""S"": 30, ""HSM"": 5, ""HDM"": 6, ""AE"": 3, ""MV"": 19}","[5, 6, 7, 8, 9, 11, 10, 12, 26, 13]",0.0107
2018,5,24,4,253,17318,68.45,1,70,165,0.0095,56,109,39,8.05,6.0,151,10,4,0,18,0.0381,"{""IC"": 111, ""S"": 35, ""PVV"": 1, ""HSM"": 3, ""HDM"": 5, ""AE"": 4, ""MV"": 6}","[5, 6, 7, 8, 10, 9, 13, 12, 15, 21]",0.0101
2018,5,25,5,255,17852,70.01,3,316,173,0.0097,70,103,82,8.91,7.0,160,10,0,3,17,0.0383,"{""IC"": 113, ""S"": 38, ""PVV"": 3, ""HSM"": 4, ""HDM"": 6, ""AE"": 1, ""MV"": 8}","[5, 6, 7, 8, 10, 9, 13, 14, 11, 19]",0.01
2018,5,26,6,201,13742,68.37,1,32,130,0.0095,36,94,47,9.95,7.0,110,15,5,0,17,0.0446,"{""IC"": 90, ""S"": 21, ""PVV"": 1, ""HSM"": 3, ""HDM"": 3, ""MUS"": 6, ""MV"": 5, ""V"": 1}","[6, 5, 7, 9, 8, 10, 11, 17, 14, 16]",0.01
2018,5,27,7,198,14504,73.25,0,0,136,0.0094,55,81,43,7.69,6.0,128,7,1,0,12,0.0485,"{""IC"": 101, ""PVV"": 1, ""S"": 27, ""HSM"": 2, ""HDM"": 3, ""AE"": 2}","[5, 6, 7, 8, 9, 11, 13, 10, 18, 14]",0.01
2018,5,28,1,249,17074,68.57,0,6,163,0.0095,54,109,42,7.42,6.0,155,6,2,0,16,0.0558,"{""IC"": 126, ""S"": 26, ""HSM"": 2, ""HDM"": 6, ""AE"": 1, ""MV"": 2}","[5, 6, 7, 9, 8, 10, 11, 15, 14, 13]",0.0099
2018,5,29,2,246,17046,69.29,0,0,148,0.0087,64,84,106,8.46,6.0,136,11,0,1,13,0.0444,"{""IC"": 103, ""S"": 29, ""HSM"": 6, ""HDM"": 7, ""AE"": 3}","[5, 6, 7, 9, 8, 10, 14, 12, 15, 11]",0.0095
2018,5,30,3,246,17046,69.29,0,0,129,0.0076,49,80,28,7.6,6.0,123,6,0,0,12,0.0543,"{""S"": 26, ""IC"": 93, ""PVV"": 1, ""HSM"": 3, ""HDM"": 6}","[6, 5, 8, 7, 9, 10, 11, 14, 15, 13]",0.0091
2018,5,31,4,249,17186,69.02,2,28,150,0.0087,54,96,36,7.52,6.0,142,6,2,0,13,0.0416,"{""IC"": 115, ""S"": 21, ""HSM"": 2, ""HDM"": 7, ""AE"": 4, ""MV"": 1}","[5, 6, 7, 8, 9, 10, 12, 15, 13, 31]",0.009
2018,6,1,5,256,17754,69.35,0,66,174,0.0098,64,110,84,9.35,7.0,160,10,1,3,24,0.0419,"{""IC"": 113, ""S"": 34, ""HSM"": 4, ""HDM"": 11, ""MV"": 12}","[5, 6, 7, 9, 10, 8, 11, 12, 17, 14]",0.009
2018,6,2,6,188,13944,74.17,3,504,119,0.0085,35,84,41,8.49,7.0,107,10,2,0,5,0.0534,"{""IC"": 86, ""PVV"": 1, ""S"": 20, ""HSM"": 1, ""HDM"": 4, ""MV"": 7}","[5, 6, 8, 7, 9, 12, 24, 15, 13, 18]",0.0089
2018,6,3,7,195,14562,74.68,2,28,154,0.0106,53,101,107,8.87,6.0,140,10,3,1,19,0.0372,"{""IC"": 105, ""S"": 29, ""PVV"": 1, ""HSM"": 1, ""HDM"": 10, ""AE"": 1, ""MUS"": 4, ""MV"": 3}","[5, 6, 7, 8, 9, 11, 10, 12, 13, 21]",0.0091
2018,6,4,1,254,16750,65.94,3,314,291,0.0174,143,148,202,19.55,10.0,188,56,25,22,39,0.0167,"{""IC"": 205, ""S"": 53, ""HSM"": 7, ""HDM"": 14, ""MUS"": 5, ""MV"": 7}","[5, 6, 7, 8, 10, 9, 15, 11, 14, 16]",0.0102
2018,6,5,2,247,16670,67.49,0,110,214,0.0128,93,121,49,8.41,6.0,195,15,4,0,27,0.0255,"{""IC"": 149, ""S"": 36, ""PVV"": 1, ""HSM"": 4, ""HDM"": 14, ""AE"": 3, ""MV"": 7}","[5, 6, 7, 8, 10, 9, 14, 11, 12, 15]",0.0108
2018,6,6,3,251,16990,67.69,0,24,217,0.0128,92,125,91,9.44,6.0,191,19,4,3,31,0.0265,"{""S"": 35, ""IC"": 140, ""PVV"": 3, ""HSM"": 5, ""HDM"": 9, ""MV"": 25}","[5, 6, 7, 8, 9, 10, 11, 12, 15, 16]",0.0115
2018,6,7,4,258,16974,65.79,2,78,233,0.0137,99,134,108,11.09,7.0,197,24,6,6,43,0.0262,"{""IC"": 172, ""S"": 35, ""PVV"": 2, ""HDM"": 12, ""MV"": 12}","[5, 6, 7, 8, 9, 10, 11, 14, 15, 17]",0.0122
2018,6,8,5,258,17590,68.18,0,48,210,0.0119,75,135,67,10.07,7.0,182,20,7,1,40,0.0262,"{""IC"": 130, ""S"": 47, ""PVV"": 1, ""HSM"": 6, ""HDM"": 13, ""AE"": 2, ""MV"": 8, ""V"": 3}","[5, 6, 7, 9, 10, 11, 13, 8, 14, 15]",0.0125
2018,6,9,6,193,13994,72.51,1,548,155,0.0111,64,91,357,13.12,7.0,127,19,6,3,21,0.033,"{""S"": 30, ""IC"": 107, ""HSM"": 1, ""HDM"": 8, ""AE"": 2, ""MUS"": 3, ""MV"": 4}","[5, 6, 7, 8, 9, 10, 20, 15, 13, 12]",0.0129
2018,6,10,7,195,14444,74.07,1,30,154,0.0107,43,111,29,7.96,6.0,139,15,0,0,26,0.0311,"{""IC"": 105, ""S"": 28, ""PVV"": 1, ""HSM"": 1, ""HDM"": 6, ""MV"": 7, ""V"": 6}","[5, 6, 7, 8, 9, 11, 10, 15, 18, 16]",0.0129
2018,6,11,1,246,16546,67.26,3,60,150,0.0091,51,99,27,7.96,6.0,135,15,0,0,13,0.0367,"{""IC"": 121, ""S"": 20, ""PVV"": 1, ""HSM"": 2, ""HDM"": 5, ""MV"": 1}","[5, 6, 7, 9, 8, 11, 10, 16, 19, 12]",0.0117
2018,6,12,2,245,16576,67.66,1,20,145,0.0087,51,94,58,8.99,6.0,129,11,5,0,17,0.0365,"{""IC"": 99, ""PVV"": 2, ""S"": 27, ""HSM"": 6, ""HDM"": 9, ""AE"": 1, ""V"": 1}","[5, 6, 7, 8, 9, 10, 11, 13, 14, 16]",0.0111
2018,6,13,3,249,16864,67.73,0,0,172,0.0102,59,113,53,9.16,7.0,149,20,3,0,24,0.0366,"{""IC"": 108, ""S"": 30, ""PVV"": 2, ""PYO"": 11, ""HSM"": 6, ""HDM"": 7, ""AE"": 5, ""MV"": 2, ""V"": 1}","[6, 5, 8, 7, 9, 11, 10, 21, 17, 14]",0.0108
2018,6,14,4,250,16974,67.9,5,88,155,0.0091,56,99,47,7.73,6.0,144,9,2,0,18,0.0397,"{""IC"": 104, ""PVV"": 1, ""S"": 32, ""PYO"": 7, ""HSM"": 3, ""HDM"": 4, ""AE"": 2, ""MV"": 2}","[5, 6, 7, 8, 10, 9, 13, 18, 14, 11]",0.0101
2018,6,15,5,259,17730,68.46,3,48,172,0.0097,61,111,69,10.31,7.0,147,18,6,1,21,0.0396,"{""IC"": 95, ""S"": 35, ""PVV"": 3, ""PYO"": 10, ""HSM"": 4, ""HDM"": 7, ""AE"": 2, ""MUS"": 5, ""MV"": 8, ""V"": 3}","[5, 6, 7, 8, 9, 10, 14, 12, 15, 11]",0.0098
2018,6,16,6,207,14566,70.37,1,506,150,0.0103,53,97,92,10.07,7.0,129,16,3,2,14,0.0619,"{""S"": 22, ""IC"": 72, ""PVV"": 1, ""PYO"": 19, ""HSM"": 3, ""HDM"": 7, ""AE"": 2, ""MUS"": 13, ""MV"": 4, ""V"": 7}","[5, 6, 9, 7, 8, 10, 12, 15, 13, 11]",0.0097
2018,6,17,7,202,14720,72.87,0,0,154,0.0105,57,97,41,8.81,7.0,141,10,3,0,18,0.0376,"{""IC"": 92, ""PVV"": 1, ""S"": 31, ""PYO"": 8, ""HDM"": 7, ""AE"": 4, ""MUS"": 9, ""MV"": 1, ""V"": 1}","[5, 6, 8, 7, 9, 13, 11, 12, 10, 14]",0.0097
2018,6,18,1,252,17494,69.42,0,126,218,0.0125,69,149,53,9.85,7.0,187,23,8,0,27,0.0405,"{""IC"": 141, ""PVV"": 2, ""S"": 28, ""PYO"": 10, ""HSM"": 4, ""HDM"": 24, ""AE"": 2, ""MV"": 3, ""V"": 4}","[5, 6, 8, 7, 11, 9, 12, 10, 13, 19]",0.0101
2018,6,19,2,255,17674,69.31,2,156,198,0.0112,77,121,42,8.48,7.0,179,16,3,0,23,0.0359,"{""IC"": 142, ""S"": 29, ""PVV"": 1, ""PYO"": 12, ""HDM"": 7, ""MV"": 7}","[5, 6, 7, 8, 9, 13, 10, 12, 11, 15]",0.0105
2018,6,20,3,254,17678,69.6,5,430,232,0.0131,82,150,149,11.16,6.0,202,18,7,5,33,0.0302,"{""IC"": 154, ""PVV"": 1, ""S"": 38, ""PYO"": 9, ""HSM"": 8, ""HDM"": 16, ""AE"": 4, ""MV"": 2}","[5, 6, 7, 8, 9, 11, 10, 14, 12, 18]",0.0109
2018,6,21,4,259,18034,69.63,1,36,272,0.0151,124,148,147,9.71,7.0,241,21,8,2,35,0.0257,"{""IC"": 169, ""S"": 37, ""PVV"": 3, ""PYO"": 18, ""HSM"": 10, ""HDM"": 13, ""AE"": 13, ""MV"": 9}","[5, 6, 7, 8, 10, 9, 11, 12, 17, 13]",0.0118
2018,6,22,5,202,12742,63.08,3,62,194,0.0152,79,115,100,10.81,7.0,163,20,9,2,30,0.0337,"{""IC"": 122, ""S"": 41, ""HSM"": 2, ""HDM"": 15, ""AE"": 2, ""MV"": 12}","[5, 7, 6, 9, 8, 11, 10, 12, 14, 16]",0.0126
2018,6,23,6,167,11004,65.89,0,68,154,0.014,68,86,40,8.05,6.0,142,9,3,0,15,0.0762,"{""IC"": 97, ""S"": 24, ""PYO"": 19, ""HDM"": 6, ""AE"": 1, ""MV"": 7}","[5, 6, 7, 8, 11, 9, 22, 10, 12, 13]",0.0131
2018,6,24,7,206,13834,67.16,0,242,203,0.0147,79,124,61,9.66,7.0,183,9,10,1,22,0.0399,"{""IC"": 141, ""S"": 35, ""PYO"": 7, ""HDM"": 8, ""AE"": 2, ""MV"": 10}","[5, 6, 7, 9, 8, 10, 11, 12, 13, 14]",0.0137
2018,6,25,1,251,17366,69.19,1,66,210,0.0121,80,130,42,8.93,7.0,187,19,4,0,21,0.0328,"{""S"": 43, ""IC"": 140, ""PVV"": 2, ""PYO"": 11, ""HSM"": 1, ""HDM"": 9, ""MV"": 4}","[5, 6, 7, 9, 8, 10, 12, 13, 11, 28]",0.0136
2018,6,26,2,255,17388,68.19,0,0,216,0.0124,87,129,83,10.75,7.0,185,20,5,6,25,0.04,"{""IC"": 138, ""PVV"": 1, ""S"": 41, ""PYO"": 11, ""HSM"": 4, ""HDM"": 10, ""AE"": 1, ""MUS"": 8, ""MV"": 2}","[5, 6, 7, 8, 9, 11, 14, 12, 10, 16]",0.0138
2018,6,27,3,254,17492,68.87,0,0,256,0.0146,99,157,49,8.69,7.0,224,31,1,0,28,0.0333,"{""IC"": 167, ""S"": 52, ""PVV"": 4, ""PYO"": 7, ""HSM"": 4, ""HDM"": 11, ""AE"": 7, ""MUS"": 2, ""MV"": 2}","[5, 6, 7, 8, 9, 10, 12, 15, 11, 16]",0.014
2018,6,28,4,270,17836,66.06,9,400,266,0.0149,118,148,244,13.22,7.5,211,38,10,7,39,0.0293,"{""IC"": 164, ""PVV"": 1, ""S"": 50, ""PYO"": 8, ""HSM"": 8, ""HDM"": 12, ""AE"": 3, ""MV"": 10, ""MUS"": 10}","[5, 6, 7, 9, 8, 12, 10, 13, 11, 19]",0.014
2018,6,29,5,272,18090,66.51,4,104,270,0.0149,102,168,53,9.8,7.0,223,40,7,0,38,0.0298,"{""IC"": 172, ""S"": 54, ""PVV"": 1, ""PYO"": 10, ""HSM"": 2, ""HDM"": 14, ""MUS"": 7, ""MV"": 10}","[5, 6, 7, 8, 9, 11, 10, 12, 16, 15]",0.0139
2018,6,30,6,223,14926,66.93,4,76,178,0.0119,72,106,57,9.68,6.0,155,12,11,0,20,0.0724,"{""IC"": 85, ""PVV"": 1, ""S"": 31, ""PYO"": 13, ""HSM"": 1, ""HDM"": 9, ""AE"": 1, ""MUS"": 21, ""MV"": 12, ""V"": 4}","[5, 6, 7, 8, 12, 10, 14, 9, 17, 16]",0.0136
2018,7,1,7,208,14982,72.03,1,86,174,0.0116,68,106,37,7.86,6.0,165,4,5,0,9,0.054,"{""IC"": 109, ""PVV"": 3, ""S"": 38, ""PYO"": 8, ""HDM"": 8, ""MUS"": 8}","[5, 6, 7, 8, 9, 10, 12, 11, 13, 31]",0.0132
2018,7,2,1,249,17484,70.22,0,66,190,0.0109,72,118,50,8.67,6.0,172,13,5,0,19,0.0384,"{""IC"": 120, ""S"": 31, ""PVV"": 1, ""PYO"": 12, ""HSM"": 5, ""HDM"": 14, ""AE"": 3, ""MUS"": 1, ""MV"": 3}","[5, 6, 7, 9, 8, 10, 11, 12, 14, 13]",0.013
2018,7,3,2,250,17438,69.75,2,8,240,0.0138,114,126,80,9.1,7.0,215,20,4,1,33,0.0295,"{""S"": 34, ""IC"": 163, ""PVV"": 1, ""PYO"": 7, ""HSM"": 8, ""HDM"": 22, ""AE"": 3, ""V"": 2}","[5, 6, 7, 9, 8, 10, 11, 12, 13, 15]",0.0132
2018,7,4,3,253,17644,69.74,3,60,199,0.0113,83,116,86,9.22,6.0,174,19,5,1,22,0.0418,"{""IC"": 130, ""PVV"": 2, ""S"": 36, ""PYO"": 8, ""HSM"": 4, ""HDM"": 11, ""MV"": 8}","[5, 6, 8, 7, 12, 10, 9, 11, 13, 17]",0.0128
2018,7,5,4,249,17536,70.43,1,426,319,0.0182,132,187,128,26.38,10.0,177,28,51,63,31,0.036,"{""S"": 58, ""IC"": 207, ""PVV"": 5, ""PYO"": 10, ""HSM"": 13, ""HDM"": 17, ""AE"": 8, ""MV"": 1}","[5, 6, 7, 60, 61, 8, 62, 10, 9, 59]",0.0132
2018,7,6,5,260,17786,68.41,2,24,186,0.0105,65,121,75,9.03,6.5,162,19,4,1,21,0.0415,"{""IC"": 120, ""PVV"": 1, ""S"": 30, ""PYO"": 6, ""HSM"": 5, ""HDM"": 10, ""AE"": 3, ""MUS"": 5, ""MV"": 5, ""V"": 1}","[5, 6, 7, 8, 9, 10, 16, 11, 17, 13]",0.0126
2018,7,7,6,200,13112,65.56,1,144,162,0.0124,63,99,62,9.03,7.0,145,13,3,1,18,0.0555,"{""IC"": 103, ""S"": 27, ""PYO"": 18, ""HSM"": 1, ""HDM"": 7, ""AE"": 2, ""MUS"": 4}","[5, 6, 7, 8, 9, 11, 12, 10, 15, 13]",0.0127
2018,7,8,7,208,13666,65.7,0,8,169,0.0124,69,100,68,8.88,6.0,152,12,3,2,14,0.0629,"{""IC"": 108, ""S"": 35, ""PYO"": 8, ""HDM"": 5, ""AE"": 2, ""MUS"": 3, ""MV"": 8}","[5, 6, 7, 9, 8, 10, 12, 11, 16, 23]",0.0128
2018,7,9,1,255,17712,69.46,0,0,248,0.014,119,129,118,10.3,6.0,225,13,4,6,29,0.0303,"{""IC"": 152, ""PVV"": 2, ""S"": 36, ""PYO"": 11, ""HSM"": 2, ""HDM"": 16, ""AE"": 6, ""MUS"": 12, ""MV"": 11}","[5, 6, 7, 8, 9, 10, 11, 12, 13, 14]",0.0132
2018,7,10,2,250,17640,70.56,2,48,206,0.0117,85,121,35,8.13,6.0,187,16,3,0,21,0.038,"{""IC"": 146, ""S"": 28, ""PYO"": 8, ""HSM"": 6, ""HDM"": 11, ""AE"": 1, ""MUS"": 1, ""MV"": 5}","[5, 6, 7, 8, 9, 10, 11, 12, 14, 19]",0.0129
2018,7,11,3,257,17922,69.74,4,118,173,0.0097,64,109,99,8.21,6.0,161,11,0,1,23,0.0372,"{""IC"": 112, ""S"": 24, ""PVV"": 2, ""PYO"": 9, ""HSM"": 4, ""HDM"": 6, ""AE"": 4, ""MUS"": 1, ""MV"": 11}","[5, 6, 7, 8, 9, 12, 11, 10, 15, 14]",0.0127
2018,7,12,4,258,18128,70.26,3,206,251,0.0138,98,153,118,12.46,7.0,204,32,6,9,39,0.024,"{""S"": 35, ""IC"": 156, ""PVV"": 2, ""PYO"": 11, ""HSM"": 10, ""HDM"": 11, ""MUS"": 2, ""MV"": 24}","[5, 6, 7, 8, 13, 9, 10, 15, 18, 12]",0.0121
2018,7,13,5,261,17898,68.57,1,20,242,0.0135,85,157,107,10.36,7.0,208,27,3,4,39,0.0267,"{""IC"": 167, ""PVV"": 1, ""S"": 37, ""PYO"": 3, ""HSM"": 6, ""HDM"": 14, ""MUS"": 4, ""MV"": 6, ""V"": 4}","[5, 6, 7, 8, 9, 10, 12, 11, 14, 17]",0.0125
2018,7,14,6,224,14710,65.67,3,204,199,0.0135,55,144,107,15.13,7.0,147,25,19,8,28,0.0436,"{""IC"": 117, ""S"": 31, ""PYO"": 17, ""HSM"": 3, ""HDM"": 13, ""AE"": 1, ""MUS"": 9, ""MV"": 8}","[5, 6, 7, 9, 8, 12, 18, 13, 11, 10]",0.0127
2018,7,15,7,228,15336,67.26,3,124,206,0.0134,58,148,89,10.76,7.0,173,23,7,3,31,0.0357,"{""IC"": 126, ""S"": 28, ""PYO"": 12, ""HSM"": 6, ""HDM"": 8, ""AE"": 3, ""MUS"": 7, ""MV"": 12, ""V"": 4}","[5, 6, 7, 8, 9, 10, 12, 11, 17, 14]",0.0128
2018,7,16,1,253,17786,70.3,3,92,289,0.0162,97,192,85,12.01,8.0,233,36,14,6,68,0.0224,"{""IC"": 200, ""S"": 39, ""PVV"": 1, ""PYO"": 8, ""HSM"": 10, ""HDM"": 19, ""AE"": 8, ""MUS"": 3, ""MV"": 1}","[5, 6, 7, 8, 11, 9, 13, 12, 14, 10]",0.0131
2018,7,17,2,259,18086,69.83,7,180,258,0.0143,95,163,67,10.09,7.5,214,34,9,1,44,0.0292,"{""IC"": 156, ""S"": 53, ""PYO"": 8, ""HSM"": 10, ""HDM"": 15, ""MUS"": 6, ""MV"": 10}","[5, 6, 7, 8, 9, 10, 15, 12, 14, 17]",0.0135
2018,7,18,3,249,17670,70.96,0,0,244,0.0138,96,148,81,10.81,7.0,195,39,9,1,28,0.0332,"{""IC"": 164, ""PVV"": 1, ""S"": 44, ""PYO"": 8, ""HSM"": 5, ""HDM"": 14, ""MV"": 8}","[5, 6, 7, 8, 10, 11, 9, 23, 14, 15]",0.0141
2018,7,19,4,259,18062,69.74,3,214,216,0.012,73,143,65,10.1,7.0,179,30,6,1,35,0.039,"{""IC"": 145, ""PVV"": 3, ""S"": 23, ""PYO"": 5, ""HSM"": 3, ""HDM"": 11, ""AE"": 2, ""MUS"": 4, ""MV"": 18, ""V"": 2}","[5, 6, 7, 8, 9, 11, 10, 17, 12, 13]",0.0138
2018,7,20,5,256,18108,70.73,0,24,252,0.0139,84,168,76,9.62,7.0,223,23,4,2,50,0.0237,"{""IC"": 166, ""S"": 39, ""PVV"": 1, ""PYO"": 10, ""HSM"": 3, ""HDM"": 28, ""MV"": 5}","[5, 6, 7, 9, 8, 11, 12, 10, 15, 24]",0.0139
2018,7,21,6,208,15164,72.9,3,210,157,0.0104,52,105,65,9.41,7.0,138,13,4,2,16,0.0464,"{""IC"": 86, ""S"": 27, ""PYO"": 13, ""HSM"": 6, ""HDM"": 8, ""AE"": 2, ""MUS"": 2, ""MV"": 13}","[5, 6, 7, 8, 10, 9, 17, 12, 13, 15]",0.0134
2018,7,22,7,206,14846,72.07,1,6,164,0.011,42,122,117,11.11,7.0,132,27,3,2,25,0.0231,"{""IC"": 108, ""S"": 26, ""PVV"": 1, ""PYO"": 4, ""HSM"": 3, ""HDM"": 10, ""AE"": 2, ""MV"": 10}","[5, 7, 6, 8, 10, 11, 9, 16, 14, 15]",0.0131
2018,7,23,1,252,17498,69.44,0,42,182,0.0104,45,137,91,9.46,7.0,166,11,3,2,33,0.0335,"{""IC"": 112, ""PVV"": 2, ""S"": 28, ""PYO"": 12, ""HSM"": 3, ""HDM"": 18, ""AE"": 1, ""MV"": 6}","[5, 6, 7, 8, 9, 12, 11, 13, 10, 24]",0.0123
2018,7,24,2,251,17550,69.92,2,40,160,0.0091,36,124,58,9.88,7.0,137,18,5,0,21,0.0429,"{""IC"": 90, ""S"": 38, ""PYO"": 7, ""HSM"": 2, ""HDM"": 9, ""AE"": 2, ""MV"": 12}","[5, 6, 9, 7, 8, 14, 11, 13, 10, 12]",0.0115
2018,7,25,3,248,17526,70.67,4,80,230,0.0131,88,142,124,11.83,8.0,189,25,12,4,38,0.017,"{""IC"": 151, ""PVV"": 1, ""S"": 55, ""PYO"": 8, ""HSM"": 4, ""HDM"": 5, ""AE"": 4, ""MV"": 2}","[5, 6, 7, 8, 9, 10, 11, 12, 15, 17]",0.0114
2018,7,26,4,258,17738,68.75,3,64,181,0.0102,41,140,79,10.69,7.0,145,27,6,3,35,0.0335,"{""S"": 24, ""IC"": 120, ""PVV"": 1, ""PYO"": 7, ""HSM"": 8, ""HDM"": 13, ""MV"": 8}","[5, 6, 7, 8, 10, 9, 15, 11, 17, 19]",0.0112
2018,7,27,5,261,17874,68.48,0,0,197,0.011,49,148,91,9.58,7.0,176,15,5,1,32,0.0243,"{""IC"": 123, ""S"": 45, ""PVV"": 1, ""PYO"": 9, ""HSM"": 4, ""HDM"": 12, ""AE"": 1, ""MV"": 2}","[5, 8, 7, 6, 9, 11, 14, 10, 13, 12]",0.0107
2018,7,28,6,215,15016,69.84,8,332,162,0.0108,42,120,92,12.15,7.0,134,15,8,5,20,0.0314,"{""IC"": 94, ""PVV"": 1, ""S"": 22, ""PYO"": 17, ""HSM"": 3, ""HDM"": 8, ""AE"": 1, ""MUS"": 4, ""MV"": 7, ""V"": 5}","[5, 6, 7, 8, 9, 10, 12, 13, 14, 19]",0.0108
2018,7,29,7,221,15042,68.06,9,178,197,0.0131,47,150,128,11.57,8.0,150,40,5,2,48,0.0307,"{""IC"": 121, ""PVV"": 1, ""S"": 34, ""PYO"": 7, ""HSM"": 5, ""HDM"": 12, ""AE"": 3, ""MUS"": 4, ""MV"": 7, ""V"": 3}","[5, 6, 7, 8, 9, 12, 16, 14, 10, 18]",0.0111
2018,7,30,1,248,17586,70.91,1,142,222,0.0126,83,139,85,10.64,7.0,187,25,8,2,40,0.026,"{""IC"": 151, ""PVV"": 2, ""S"": 38, ""PYO"": 5, ""HSM"": 3, ""HDM"": 17, ""AE"": 2, ""MV"": 4}","[5, 6, 7, 8, 13, 10, 9, 11, 16, 12]",0.0114
2018,7,31,2,250,17598,70.39,3,204,281,0.016,108,173,77,12.17,8.0,219,44,15,3,49,0.0244,"{""IC"": 199, ""S"": 45, ""PVV"": 2, ""PYO"": 11, ""HSM"": 4, ""HDM"": 15, ""AE"": 1, ""MV"": 4}","[5, 6, 7, 8, 9, 10, 12, 13, 11, 18]",0.0124
2018,8,1,3,254,17850,70.28,2,144,240,0.0134,82,158,73,10.48,7.0,204,25,10,1,45,0.0235,"{""S"": 37, ""IC"": 155, ""PVV"": 2, ""PYO"": 10, ""HSM"": 5, ""HDM"": 14, ""MV"": 17}","[5, 6, 7, 9, 8, 11, 10, 12, 13, 16]",0.0124
2018,8,2,4,254,17640,69.45,2,124,284,0.0161,95,189,85,12.8,9.0,215,48,17,4,52,0.0251,"{""IC"": 179, ""S"": 40, ""PVV"": 2, ""PYO"": 9, ""HSM"": 6, ""HDM"": 27, ""AE"": 6, ""MV"": 12, ""V"": 3}","[5, 7, 6, 8, 9, 10, 11, 15, 13, 12]",0.0133
2018,8,3,5,255,17772,69.69,1,24,277,0.0156,115,162,349,11.04,7.0,235,33,8,1,50,0.0328,"{""S"": 42, ""IC"": 162, ""PVV"": 2, ""PYO"": 8, ""HSM"": 15, ""HDM"": 42, ""MUS"": 5, ""MV"": 1}","[5, 6, 8, 9, 7, 11, 12, 10, 13, 15]",0.0139
2018,8,4,6,202,14564,72.1,1,20,192,0.0132,66,126,62,10.85,7.0,153,31,6,2,26,0.033,"{""S"": 33, ""IC"": 113, ""PVV"": 1, ""PYO"": 13, ""HSM"": 1, ""HDM"": 23, ""AE"": 1, ""MUS"": 5, ""MV"": 2}","[5, 7, 6, 8, 11, 10, 12, 15, 13, 18]",0.0143
2018,8,5,7,209,15040,71.96,0,72,217,0.0144,77,140,156,13.97,10.0,161,39,12,5,31,0.0235,"{""IC"": 124, ""S"": 47, ""PVV"": 1, ""PYO"": 7, ""HSM"": 2, ""HDM"": 11, ""AE"": 2, ""MUS"": 5, ""MV"": 18}","[5, 6, 11, 7, 9, 10, 8, 12, 13, 17]",0.0145
2018,8,6,1,234,17234,73.65,0,0,205,0.0119,71,134,43,8.7,7.0,183,19,3,0,28,0.0384,"{""S"": 29, ""IC"": 134, ""PVV"": 1, ""PYO"": 10, ""HSM"": 1, ""HDM"": 14, ""AE"": 2, ""MV"": 14}","[5, 6, 7, 9, 8, 12, 10, 17, 14, 13]",0.0144
2018,8,7,2,235,17272,73.5,3,60,157,0.0091,37,120,44,9.26,6.0,136,18,3,0,24,0.0395,"{""IC"": 102, ""PVV"": 1, ""S"": 27, ""PYO"": 8, ""HSM"": 4, ""HDM"": 10, ""MUS"": 1, ""MV"": 4}","[5, 6, 8, 7, 12, 14, 9, 10, 11, 18]",0.0134
2018,8,8,3,234,17268,73.79,1,20,177,0.0103,49,128,37,8.75,7.0,158,15,4,0,21,0.0478,"{""IC"": 110, ""S"": 32, ""PVV"": 2, ""PYO"": 7, ""HSM"": 2, ""HDM"": 16, ""MV"": 8}","[5, 6, 7, 10, 8, 9, 11, 12, 13, 16]",0.0129
2018,8,9,4,234,17178,73.41,3,86,206,0.012,60,146,131,10.42,7.0,180,18,5,3,29,0.0345,"{""IC"": 139, ""S"": 32, ""PYO"": 8, ""HSM"": 3, ""HDM"": 21, ""AE"": 2, ""MV"": 1}","[5, 6, 7, 8, 10, 9, 13, 15, 11, 12]",0.0124
2018,8,10,5,241,17632,73.16,1,20,218,0.0124,62,156,107,12.02,8.0,173,32,9,4,42,0.0217,"{""IC"": 153, ""PVV"": 1, ""S"": 29, ""PYO"": 12, ""HSM"": 3, ""HDM"": 13, ""MV"": 7}","[5, 6, 8, 9, 7, 10, 14, 12, 22, 11]",0.0119
2018,8,11,6,183,14352,78.43,0,0,184,0.0128,42,142,43,10.03,7.0,148,31,5,0,26,0.0332,"{""IC"": 113, ""S"": 32, ""PVV"": 2, ""PYO"": 19, ""HDM"": 10, ""MUS"": 1, ""MV"": 7}","[5, 6, 7, 8, 9, 10, 16, 12, 11, 15]",0.0118
2018,8,12,7,208,15110,72.64,0,6,169,0.0112,37,132,42,9.41,7.0,149,16,4,0,31,0.0365,"{""S"": 22, ""IC"": 106, ""PVV"": 2, ""PYO"": 5, ""HSM"": 1, ""HDM"": 11, ""P"": 4, ""MV"": 18}","[5, 6, 7, 8, 9, 10, 12, 13, 11, 23]",0.0114
2018,8,13,1,239,17468,73.09,1,68,195,0.0112,59,136,80,10.37,7.0,171,12,10,2,21,0.0299,"{""IC"": 132, ""S"": 31, ""PVV"": 3, ""PYO"": 11, ""HSM"": 2, ""HDM"": 13, ""AE"": 1, ""V"": 2}","[5, 6, 8, 7, 10, 9, 13, 11, 12, 20]",0.0113
2018,8,14,2,237,17502,73.85,3,264,166,0.0095,42,124,123,11.16,7.0,144,15,3,4,23,0.0192,"{""IC"": 120, ""S"": 30, ""PYO"": 7, ""HSM"": 1, ""HDM"": 6, ""AE"": 2}","[5, 7, 6, 8, 9, 13, 12, 10, 14, 17]",0.0113
2018,8,15,3,235,17348,73.82,2,36,149,0.0086,27,122,35,8.0,7.0,139,8,2,0,17,0.0411,"{""IC"": 108, ""PVV"": 2, ""S"": 18, ""PYO"": 9, ""HSM"": 2, ""HDM"": 8, ""AE"": 2}","[5, 7, 6, 8, 9, 11, 10, 13, 14, 18]",0.0111
2018,8,16,4,239,17460,73.05,2,36,155,0.0089,31,124,162,9.93,6.0,139,10,3,3,13,0.0303,"{""IC"": 103, ""PVV"": 2, ""S"": 30, ""PYO"": 4, ""HSM"": 2, ""HDM"": 10, ""AE"": 1, ""MV"": 3}","[5, 6, 8, 7, 9, 10, 11, 15, 16, 12]",0.0107
2018,8,17,5,245,17922,73.15,2,102,184,0.0103,41,143,138,9.05,7.0,167,15,1,1,32,0.0344,"{""S"": 35, ""IC"": 114, ""PYO"": 8, ""HSM"": 5, ""HDM"": 10, ""AE"": 1, ""MUS"": 6, ""MV"": 5}","[5, 6, 7, 8, 9, 10, 13, 11, 12, 19]",0.0104
2018,8,18,6,203,14820,73.0,1,8,142,0.0096,47,95,38,8.3,6.0,129,12,1,0,16,0.0408,"{""S"": 13, ""IC"": 92, ""PVV"": 2, ""PYO"": 17, ""HSM"": 1, ""HDM"": 5, ""AE"": 1, ""MUS"": 3, ""MV"": 8}","[5, 6, 7, 8, 9, 11, 10, 12, 15, 29]",0.0099
2018,8,19,7,203,15100,74.38,1,88,130,0.0086,28,102,43,8.9,7.0,113,14,3,0,19,0.0416,"{""IC"": 79, ""S"": 22, ""PYO"": 10, ""HDM"": 11, ""MUS"": 8}","[5, 6, 7, 8, 10, 9, 11, 12, 15, 27]",0.0095
2018,8,20,1,257,17672,68.76,3,32,155,0.0088,33,122,52,8.5,7.0,142,12,1,0,15,0.0389,"{""IC"": 108, ""S"": 23, ""PVV"": 2, ""PYO"": 8, ""HSM"": 1, ""HDM"": 9, ""MV"": 3, ""V"": 1}","[5, 6, 7, 8, 10, 9, 11, 13, 22, 14]",0.0092
2018,8,21,2,250,17644,70.58,0,0,172,0.0097,41,131,45,9.26,7.0,149,19,4,0,23,0.0384,"{""S"": 26, ""IC"": 110, ""PVV"": 1, ""PYO"": 8, ""HSM"": 7, ""HDM"": 16, ""AE"": 1, ""MV"": 3}","[5, 7, 6, 8, 9, 10, 12, 15, 11, 16]",0.0092
2018,8,22,3,250,17692,70.77,0,0,146,0.0083,34,112,81,8.62,6.0,133,11,1,1,17,0.0476,"{""S"": 24, ""IC"": 101, ""PYO"": 10, ""HSM"": 2, ""HDM"": 8, ""AE"": 1}","[5, 6, 7, 10, 12, 9, 8, 11, 14, 13]",0.0092
2018,8,23,4,254,17720,69.76,1,30,126,0.0071,27,99,103,9.36,6.5,111,11,3,1,12,0.0447,"{""IC"": 79, ""S"": 23, ""PYO"": 9, ""HSM"": 3, ""HDM"": 7, ""AE"": 1, ""MV"": 4}","[5, 6, 7, 9, 10, 8, 12, 15, 29, 11]",0.0089
2018,8,24,5,262,18516,70.67,1,270,160,0.0086,31,129,97,9.53,6.0,142,11,6,1,18,0.0375,"{""IC"": 101, ""S"": 26, ""PVV"": 2, ""PYO"": 15, ""HSM"": 4, ""HDM"": 7, ""MV"": 5}","[5, 6, 7, 8, 9, 10, 11, 15, 12, 14]",0.0087
2018,8,25,6,208,15186,73.01,0,56,141,0.0093,26,115,170,11.34,7.0,120,11,8,2,17,0.0532,"{""IC"": 79, ""PVV"": 1, ""S"": 21, ""PYO"": 26, ""HSM"": 1, ""HDM"": 4, ""AE"": 1, ""MUS"": 1, ""MV"": 7}","[5, 6, 7, 8, 10, 9, 13, 14, 41, 15]",0.0086
2018,8,26,7,208,15032,72.27,1,32,124,0.0082,31,93,40,9.23,7.0,110,10,4,0,15,0.0478,"{""IC"": 88, ""S"": 18, ""PYO"": 8, ""HSM"": 3, ""HDM"": 5, ""MUS"": 1, ""MV"": 1}","[5, 7, 6, 9, 10, 8, 14, 12, 19, 16]",0.0086
2018,8,27,1,250,17572,70.29,0,0,156,0.0089,39,117,44,7.67,7.0,150,5,1,0,15,0.0471,"{""IC"": 106, ""S"": 23, ""PYO"": 14, ""HSM"": 4, ""HDM"": 9}","[5, 6, 7, 9, 8, 10, 11, 12, 13, 17]",0.0086
2018,8,28,2,252,17744,70.41,0,0,120,0.0068,38,82,37,7.95,6.0,111,7,2,0,7,0.0479,"{""IC"": 81, ""PVV"": 1, ""S"": 24, ""PYO"": 6, ""HSM"": 1, ""HDM"": 4, ""AE"": 1, ""MV"": 2}","[5, 6, 7, 8, 9, 10, 13, 11, 19, 12]",0.0082
2018,8,29,3,250,17628,70.51,3,54,132,0.0075,30,102,36,7.68,6.0,125,6,1,0,9,0.058,"{""IC"": 86, ""PVV"": 3, ""S"": 28, ""PYO"": 8, ""HSM"": 1, ""HDM"": 6}","[5, 6, 7, 9, 8, 12, 11, 15, 13, 10]",0.0081
2018,8,30,4,251,17660,70.36,2,32,147,0.0083,43,104,24,8.68,7.0,130,17,0,0,13,0.0372,"{""IC"": 98, ""S"": 27, ""PVV"": 3, ""PYO"": 4, ""HSM"": 5, ""HDM"": 7, ""AE"": 3}","[5, 6, 9, 7, 8, 12, 10, 20, 11, 13]",0.0082
2018,8,31,5,261,18276,70.02,0,0,146,0.008,35,111,50,8.88,7.0,131,11,4,0,14,0.0487,"{""IC"": 78, ""S"": 27, ""PVV"": 1, ""PYO"": 16, ""HSM"": 1, ""HDM"": 11, ""AE"": 2, ""MUS"": 2, ""MV"": 4, ""V"": 4}","[5, 6, 8, 7, 10, 9, 12, 11, 22, 15]",0.0081
2018,9,1,6,204,14948,73.27,2,216,123,0.0082,31,92,84,12.12,8.0,104,12,4,3,18,0.0408,"{""S"": 12, ""IC"": 77, ""PYO"": 21, ""HDM"": 2, ""MV"": 9, ""V"": 2}","[5, 7, 6, 8, 9, 10, 12, 11, 13, 14]",0.008
2018,9,2,7,212,15166,71.54,0,10,130,0.0086,36,94,51,9.01,6.0,117,7,6,0,14,0.0459,"{""IC"": 82, ""PVV"": 3, ""S"": 23, ""PYO"": 9, ""HDM"": 6, ""AE"": 1, ""MUS"": 1, ""MV"": 4, ""V"": 1}","[5, 6, 7, 8, 10, 9, 11, 12, 20, 14]",0.008
2018,9,3,1,254,17442,68.67,0,12,124,0.0071,31,93,72,9.58,7.0,111,8,3,2,17,0.0365,"{""S"": 26, ""IC"": 78, ""PYO"": 6, ""HSM"": 6, ""HDM"": 4, ""MV"": 4}","[5, 6, 7, 8, 10, 11, 13, 9, 15, 72]",0.0078
2018,9,4,2,247,17128,69.34,0,0,98,0.0057,23,75,53,8.41,6.5,90,6,2,0,13,0.0379,"{""IC"": 61, ""S"": 17, ""PYO"": 10, ""HSM"": 2, ""HDM"": 5, ""AE"": 3}","[5, 6, 7, 8, 10, 9, 18, 13, 11, 53]",0.0076
2018,9,5,3,251,17300,68.92,6,108,136,0.0079,30,106,54,9.43,7.0,119,12,5,0,21,0.0391,"{""IC"": 84, ""S"": 17, ""PYO"": 8, ""HSM"": 2, ""HDM"": 14, ""AE"": 3, ""MV"": 8}","[5, 6, 7, 9, 11, 10, 8, 19, 12, 16]",0.0077
2018,9,6,4,249,17184,69.01,0,0,153,0.0089,36,117,40,8.21,7.0,138,13,2,0,21,0.0452,"{""IC"": 97, ""S"": 28, ""PVV"": 1, ""PYO"": 11, ""HSM"": 1, ""HDM"": 12, ""AE"": 1, ""MV"": 2}","[5, 6, 8, 7, 9, 10, 16, 24, 18, 15]",0.0078
2018,9,7,5,260,18154,69.82,2,20,158,0.0087,50,108,42,10.55,7.0,130,18,10,0,24,0.0292,"{""IC"": 103, ""S"": 25, ""PVV"": 1, ""PYO"": 18, ""HSM"": 1, ""HDM"": 5, ""AE"": 2, ""MV"": 3}","[6, 5, 7, 8, 11, 9, 10, 12, 13, 16]",0.0079
2018,9,8,6,213,14616,68.62,0,0,153,0.0105,45,108,52,9.9,7.0,130,16,7,0,19,0.0568,"{""IC"": 82, ""S"": 16, ""PVV"": 1, ""PYO"": 29, ""HSM"": 2, ""HDM"": 13, ""MUS"": 4, ""MV"": 4, ""V"": 2}","[5, 6, 7, 8, 9, 10, 13, 14, 17, 15]",0.0082
2018,9,9,7,202,14950,74.01,0,0,118,0.0079,23,95,37,8.47,6.0,102,14,2,0,12,0.0482,"{""IC"": 83, ""S"": 18, ""PYO"": 8, ""HDM"": 6, ""AE"": 1, ""MV"": 2}","[5, 6, 8, 7, 9, 15, 13, 16, 11, 10]",0.0081
2018,9,10,1,250,17140,68.56,1,36,114,0.0067,23,91,28,7.55,6.0,106,8,0,0,13,0.0504,"{""IC"": 72, ""S"": 20, ""PYO"": 7, ""HSM"": 3, ""HDM"": 10, ""AE"": 1, ""MV"": 1}","[5, 6, 7, 9, 11, 8, 16, 14, 12, 13]",0.008
2018,9,11,2,249,17156,68.9,0,0,131,0.0076,24,107,96,10.55,7.0,116,6,7,2,17,0.0454,"{""IC"": 81, ""S"": 28, ""PVV"": 2, ""PYO"": 8, ""HSM"": 3, ""HDM"": 8, ""AE"": 1}","[5, 6, 7, 8, 9, 10, 13, 11, 32, 14]",0.0083
2018,9,12,3,249,17272,69.37,0,0,124,0.0072,40,84,26,7.98,6.5,114,10,0,0,21,0.0444,"{""S"": 19, ""IC"": 76, ""PVV"": 1, ""PYO"": 3, ""HSM"": 2, ""HDM"": 16, ""AE"": 2, ""MV"": 5}","[5, 6, 7, 8, 14, 9, 10, 12, 15, 11]",0.0082
2018,9,13,4,253,17316,68.44,1,16,115,0.0066,26,89,57,9.03,6.0,105,7,3,0,18,0.043,"{""S"": 22, ""IC"": 72, ""PVV"": 1, ""PYO"": 7, ""HSM"": 3, ""HDM"": 6, ""MV"": 4}","[5, 6, 7, 8, 9, 11, 14, 10, 24, 13]",0.0079
2018,9,14,5,258,18194,70.52,0,0,159,0.0087,48,111,55,9.06,7.0,144,9,6,0,18,0.0298,"{""IC"": 96, ""PVV"": 1, ""S"": 23, ""PYO"": 18, ""HSM"": 1, ""HDM"": 13, ""AE"": 3, ""MUS"": 1, ""MV"": 3}","[5, 7, 6, 8, 9, 11, 10, 17, 13, 12]",0.0079
2018,9,15,6,200,14562,72.81,0,0,110,0.0076,30,80,41,9.74,7.0,96,7,7,0,13,0.0569,"{""IC"": 60, ""PVV"": 1, ""S"": 7, ""PYO"": 25, ""HSM"": 3, ""HDM"": 4, ""MV"": 10}","[5, 6, 7, 9, 8, 11, 10, 13, 30, 33]",0.0075
2018,9,16,7,199,15030,75.53,0,0,134,0.0089,46,88,48,8.54,6.0,122,7,5,0,15,0.0443,"{""IC"": 93, ""PVV"": 1, ""S"": 21, ""PYO"": 8, ""HSM"": 1, ""HDM"": 3, ""AE"": 1, ""MUS"": 1, ""MV"": 5}","[6, 5, 7, 9, 8, 11, 13, 10, 16, 22]",0.0076
2018,9,17,1,254,17504,68.91,2,80,120,0.0069,27,93,67,9.28,6.0,106,12,0,2,14,0.0484,"{""S"": 18, ""IC"": 76, ""PVV"": 2, ""PYO"": 9, ""HSM"": 2, ""HDM"": 10, ""MV"": 3}","[5, 6, 8, 7, 9, 12, 11, 10, 13, 20]",0.0076
2018,9,18,2,253,17622,69.65,2,102,171,0.0097,50,121,62,11.18,7.0,134,27,9,1,30,0.0314,"{""IC"": 105, ""S"": 41, ""PVV"": 1, ""PYO"": 5, ""HSM"": 3, ""HDM"": 8, ""AE"": 5, ""MV"": 3}","[5, 6, 7, 10, 8, 9, 15, 12, 20, 11]",0.0079
2018,9,19,3,253,17564,69.42,1,60,200,0.0114,79,121,168,24.83,8.5,139,20,14,27,26,0.0181,"{""IC"": 118, ""PVV"": 3, ""S"": 35, ""PYO"": 7, ""HSM"": 2, ""HDM"": 23, ""AE"": 7, ""MV"": 5}","[5, 7, 6, 9, 10, 15, 8, 11, 18, 13]",0.0085
2018,9,20,4,259,17784,68.66,3,76,156,0.0088,36,120,57,10.02,7.0,135,15,6,0,23,0.0291,"{""IC"": 98, ""S"": 20, ""PVV"": 1, ""PYO"": 7, ""HSM"": 4, ""HDM"": 20, ""MV"": 6}","[5, 6, 8, 7, 10, 12, 11, 9, 13, 14]",0.0089
2018,9,21,5,260,18262,70.24,1,270,192,0.0105,47,145,76,10.34,7.0,161,25,4,2,37,0.0235,"{""S"": 35, ""IC"": 110, ""PVV"": 1, ""PYO"": 18, ""HSM"": 6, ""HDM"": 12, ""AE"": 1, ""MV"": 9}","[5, 6, 7, 11, 8, 9, 12, 10, 14, 18]",0.0091
2018,9,22,6,192,13878,72.28,1,18,114,0.0082,33,81,69,11.59,7.0,91,19,1,3,11,0.0363,"{""IC"": 55, ""PVV"": 1, ""S"": 11, ""PYO"": 32, ""HSM"": 1, ""HDM"": 6, ""MV"": 8}","[6, 5, 7, 9, 8, 13, 10, 12, 23, 14]",0.0092
2018,9,23,7,197,15008,76.18,1,44,103,0.0069,25,78,85,10.93,7.0,88,9,4,2,10,0.0458,"{""IC"": 64, ""S"": 19, ""PYO"": 5, ""HDM"": 3, ""AE"": 2, ""MV"": 10}","[5, 6, 7, 11, 9, 10, 8, 18, 17, 14]",0.0089
2018,9,24,1,256,17692,69.11,0,0,143,0.0081,42,101,38,8.3,7.0,131,11,1,0,24,0.0429,"{""S"": 20, ""IC"": 93, ""PVV"": 1, ""PYO"": 7, ""HSM"": 2, ""HDM"": 12, ""AE"": 2, ""MV"": 6}","[5, 7, 6, 8, 10, 9, 11, 12, 19, 14]",0.0091
2018,9,25,2,255,17644,69.19,4,110,153,0.0087,33,120,85,12.37,8.0,119,25,8,1,29,0.0461,"{""IC"": 99, ""PVV"": 1, ""S"": 25, ""PYO"": 6, ""HSM"": 4, ""HDM"": 5, ""MV"": 13}","[5, 7, 6, 8, 10, 12, 11, 9, 26, 21]",0.0089
2018,9,26,3,251,17492,69.69,4,80,132,0.0075,33,99,188,11.71,7.0,114,11,4,3,20,0.0217,"{""IC"": 89, ""S"": 20, ""PVV"": 1, ""PYO"": 10, ""HSM"": 2, ""HDM"": 8, ""MV"": 2}","[5, 6, 8, 7, 10, 14, 9, 11, 12, 18]",0.0084
2018,9,27,4,255,17742,69.58,4,146,127,0.0072,31,96,113,10.64,6.0,110,11,4,2,15,0.0401,"{""IC"": 72, ""S"": 22, ""PVV"": 1, ""PYO"": 9, ""HSM"": 2, ""HDM"": 10, ""AE"": 3, ""MV"": 8}","[5, 6, 7, 8, 11, 9, 14, 12, 10, 20]",0.0082
2018,9,28,5,263,17750,67.49,1,38,183,0.0103,56,127,50,9.75,7.0,156,20,7,0,34,0.0269,"{""IC"": 111, ""S"": 38, ""PVV"": 1, ""PYO"": 9, ""HSM"": 3, ""HDM"": 16, ""MUS"": 2, ""MV"": 3}","[5, 6, 7, 8, 10, 11, 12, 9, 16, 14]",0.0081
2018,9,29,6,192,13760,71.67,0,0,119,0.0086,32,87,54,9.08,7.0,106,9,4,0,9,0.042,"{""IC"": 65, ""S"": 18, ""PVV"": 1, ""PYO"": 17, ""HSM"": 3, ""HDM"": 4, ""AE"": 6, ""MV"": 5}","[5, 8, 6, 7, 9, 12, 17, 11, 13, 19]",0.0082
2018,9,30,7,204,14880,72.94,2,56,135,0.0091,30,105,85,9.13,7.0,123,9,2,1,17,0.0321,"{""IC"": 93, ""S"": 23, ""PYO"": 9, ""HSM"": 2, ""HDM"": 4, ""AE"": 1, ""MV"": 3}","[5, 6, 7, 9, 8, 10, 11, 12, 14, 19]",0.0085
2018,10,1,1,250,17572,70.29,3,108,126,0.0072,28,98,51,8.65,6.0,112,9,5,0,8,0.0406,"{""S"": 16, ""IC"": 92, ""PVV"": 3, ""PYO"": 11, ""HSM"": 2, ""HDM"": 2}","[5, 6, 7, 8, 9, 11, 18, 10, 40, 51]",0.0084
2018,10,2,2,250,17668,70.67,0,66,139,0.0079,31,108,55,8.45,6.0,127,9,3,0,14,0.0475,"{""IC"": 94, ""S"": 21, ""PVV"": 3, ""PYO"": 8, ""HSM"": 2, ""HDM"": 9, ""MV"": 2}","[5, 6, 7, 8, 10, 9, 13, 11, 12, 22]",0.0083
2018,10,3,3,250,17646,70.58,0,0,129,0.0073,29,100,65,9.19,7.0,114,13,1,1,20,0.0352,"{""IC"": 84, ""S"": 13, ""PVV"": 4, ""PYO"": 10, ""HSM"": 5, ""HDM"": 10, ""MV"": 3}","[5, 6, 7, 8, 9, 12, 10, 14, 15, 13]",0.0082
2018,10,4,4,254,17792,70.05,1,32,140,0.0079,35,105,102,10.86,7.0,120,11,7,2,18,0.033,"{""IC"": 95, ""PVV"": 1, ""S"": 19, ""PYO"": 4, ""HSM"": 3, ""HDM"": 7, ""AE"": 2, ""MV"": 9}","[5, 6, 7, 8, 9, 11, 10, 13, 25, 14]",0.0083
2018,10,5,5,258,18012,69.81,2,64,162,0.009,33,129,49,9.48,7.0,141,18,3,0,35,0.0253,"{""IC"": 95, ""S"": 27, ""PVV"": 1, ""PYO"": 8, ""HSM"": 4, ""HDM"": 18, ""AE"": 6, ""MV"": 2, ""V"": 1}","[5, 6, 7, 9, 8, 12, 10, 11, 13, 20]",0.0081
2018,10,6,6,205,13928,67.94,0,14,103,0.0074,29,74,61,10.42,7.0,88,9,5,1,10,0.0577,"{""S"": 11, ""IC"": 59, ""PVV"": 1, ""PYO"": 17, ""HDM"": 5, ""AE"": 1, ""MUS"": 3, ""MV"": 6}","[5, 6, 7, 12, 11, 9, 8, 16, 19, 10]",0.008
2018,10,7,7,206,15012,72.87,0,0,116,0.0077,25,91,38,8.59,6.0,105,8,3,0,13,0.0389,"{""IC"": 77, ""PVV"": 1, ""S"": 19, ""PYO"": 8, ""HDM"": 4, ""MV"": 7}","[5, 7, 6, 13, 11, 9, 8, 12, 10, 18]",0.0078
2018,10,8,1,253,17718,70.03,0,90,163,0.0092,51,112,114,11.77,8.0,142,13,3,5,27,0.026,"{""S"": 27, ""IC"": 102, ""PYO"": 7, ""HSM"": 5, ""HDM"": 13, ""AE"": 2, ""MV"": 4, ""V"": 3}","[5, 6, 9, 7, 8, 11, 10, 12, 13, 16]",0.0081
2018,10,9,2,256,18008,70.34,0,90,143,0.0079,35,108,91,10.08,7.0,124,12,6,1,15,0.0365,"{""IC"": 96, ""PVV"": 2, ""S"": 20, ""PYO"": 6, ""HSM"": 6, ""HDM"": 4, ""AE"": 3, ""MV"": 6}","[5, 6, 7, 8, 9, 10, 11, 12, 17, 30]",0.0081
2018,10,10,3,253,17778,70.27,0,42,161,0.0091,39,122,109,10.88,7.0,135,19,4,3,15,0.0401,"{""IC"": 100, ""S"": 24, ""PVV"": 1, ""PYO"": 10, ""HSM"": 4, ""HDM"": 10, ""AE"": 6, ""MV"": 6}","[5, 6, 8, 7, 11, 9, 12, 21, 14, 10]",0.0083
2018,10,11,4,258,17964,69.63,4,382,206,0.0115,53,153,301,15.42,8.0,153,37,7,9,40,0.0314,"{""IC"": 134, ""PVV"": 2, ""S"": 32, ""PYO"": 7, ""HSM"": 4, ""HDM"": 13, ""AE"": 2, ""IC2"": 1, ""MV"": 11}","[5, 6, 8, 7, 10, 9, 18, 20, 11, 13]",0.0088
2018,10,12,5,254,17872,70.36,0,8,119,0.0067,27,92,102,9.2,6.0,109,7,1,2,14,0.0301,"{""S"": 21, ""IC"": 76, ""PYO"": 8, ""HSM"": 1, ""HDM"": 12, ""AE"": 1}","[5, 6, 7, 9, 8, 13, 15, 10, 11, 22]",0.0085
2018,10,13,6,200,14298,71.49,1,44,106,0.0074,26,80,102,13.04,7.0,83,12,8,3,17,0.0302,"{""IC"": 51, ""S"": 21, ""PYO"": 12, ""HSM"": 2, ""HDM"": 7, ""MV"": 13}","[5, 6, 7, 8, 10, 9, 12, 15, 13, 27]",0.0085
2018,10,14,7,204,14926,73.17,2,106,134,0.009,35,99,82,10.12,6.5,116,12,4,2,19,0.0319,"{""IC"": 81, ""PVV"": 2, ""S"": 27, ""PYO"": 9, ""HSM"": 2, ""HDM"": 12, ""MV"": 1}","[5, 6, 7, 8, 12, 9, 13, 11, 10, 16]",0.0087
2018,10,15,1,252,17596,69.83,0,20,198,0.0113,80,118,186,11.85,7.0,169,21,4,4,25,0.0313,"{""IC"": 116, ""S"": 29, ""PVV"": 1, ""PYO"": 11, ""HSM"": 7, ""HDM"": 29, ""AE"": 1, ""MV"": 4}","[5, 6, 7, 9, 10, 8, 11, 12, 13, 14]",0.009
2018,10,16,2,257,18014,70.09,3,78,183,0.0102,55,128,72,9.89,7.0,156,22,4,1,19,0.0306,"{""IC"": 104, ""S"": 31, ""PVV"": 3, ""PYO"": 9, ""HSM"": 3, ""HDM"": 18, ""AE"": 1, ""MUS"": 4, ""MV"": 10}","[5, 6, 7, 8, 9, 10, 11, 12, 17, 14]",0.0093
2018,10,17,3,251,17664,70.37,1,38,170,0.0096,58,112,47,9.19,7.0,145,23,2,0,24,0.0337,"{""IC"": 105, ""S"": 32, ""PVV"": 1, ""PYO"": 9, ""HSM"": 2, ""HDM"": 13, ""AE"": 4, ""MV"": 4}","[5, 6, 7, 8, 10, 9, 15, 11, 13, 19]",0.0094
2018,10,18,4,254,17822,70.17,2,32,151,0.0085,43,108,56,9.64,7.0,133,11,7,0,20,0.0282,"{""S"": 27, ""IC"": 96, ""PYO"": 7, ""HSM"": 1, ""HDM"": 9, ""AE"": 5, ""MV"": 6}","[5, 6, 7, 8, 9, 10, 11, 14, 20, 18]",0.009
2018,10,19,5,255,17896,70.18,1,24,137,0.0077,44,93,62,9.12,7.0,127,4,5,1,14,0.0348,"{""S"": 25, ""IC"": 86, ""PVV"": 1, ""PYO"": 8, ""HDM"": 10, ""AE"": 7}","[5, 6, 7, 8, 11, 10, 9, 12, 19, 24]",0.0091
2018,10,20,6,196,13838,70.6,0,44,126,0.0091,34,92,135,11.99,7.0,107,12,3,4,18,0.024,"{""IC"": 70, ""S"": 18, ""PVV"": 1, ""PYO"": 9, ""HDM"": 11, ""AE"": 8, ""MV"": 9}","[5, 6, 8, 7, 13, 11, 10, 12, 14, 9]",0.0093
2018,10,21,7,205,14960,72.98,0,72,139,0.0093,48,91,146,10.94,7.0,118,15,4,2,19,0.0422,"{""S"": 20, ""IC"": 87, ""PVV"": 2, ""PYO"": 9, ""HSM"": 1, ""HDM"": 11, ""AE"": 5, ""MV"": 4}","[5, 6, 7, 8, 9, 13, 12, 15, 10, 11]",0.0094
2018,10,22,1,255,17754,69.62,5,116,155,0.0087,48,107,44,7.83,6.0,145,8,2,0,19,0.0356,"{""IC"": 103, ""S"": 22, ""PVV"": 1, ""PYO"": 7, ""HSM"": 2, ""HDM"": 12, ""AE"": 2, ""MV"": 6}","[5, 6, 7, 8, 9, 10, 15, 13, 12, 14]",0.009
2018,10,23,2,256,17884,69.86,15,324,155,0.0087,38,117,69,8.94,6.0,139,12,2,2,20,0.029,"{""IC"": 99, ""S"": 28, ""PVV"": 2, ""PYO"": 12, ""HSM"": 5, ""HDM"": 5, ""AE"": 3, ""MV"": 1}","[5, 6, 7, 10, 8, 9, 11, 13, 15, 18]",0.0088
2018,10,24,3,252,17708,70.27,14,204,148,0.0084,38,110,37,8.45,7.0,137,9,2,0,19,0.0396,"{""IC"": 96, ""S"": 24, ""PYO"": 9, ""HSM"": 6, ""HDM"": 6, ""AE"": 4, ""MV"": 3}","[5, 6, 9, 7, 8, 10, 11, 12, 14, 13]",0.0086
2018,10,25,4,257,17798,69.25,7,108,150,0.0084,38,112,48,8.95,6.0,135,11,4,0,16,0.0378,"{""S"": 25, ""IC"": 91, ""PVV"": 2, ""PYO"": 8, ""HSM"": 6, ""HDM"": 8, ""AE"": 3, ""MUS"": 1, ""MV"": 6}","[5, 6, 7, 8, 9, 11, 12, 10, 16, 29]",0.0086
2018,10,26,5,256,17900,69.92,0,4,159,0.0089,31,128,226,10.25,7.0,144,9,5,1,31,0.0341,"{""IC"": 96, ""S"": 32, ""PYO"": 5, ""HSM"": 2, ""HDM"": 21, ""AE"": 2, ""MV"": 1}","[5, 6, 7, 9, 8, 11, 10, 12, 16, 15]",0.0088
2018,10,27,6,201,14638,72.83,0,0,120,0.0082,41,79,115,15.29,7.0,94,9,8,9,9,0.0283,"{""IC"": 73, ""PVV"": 1, ""S"": 15, ""PYO"": 16, ""HSM"": 2, ""HDM"": 7, ""AE"": 1, ""MUS"": 1, ""MV"": 3, ""V"": 1}","[5, 6, 7, 8, 10, 9, 20, 11, 13, 14]",0.0087
2018,10,28,7,209,15104,72.27,1,46,110,0.0073,30,80,44,10.24,7.0,89,16,5,0,18,0.0309,"{""IC"": 67, ""S"": 16, ""PYO"": 7, ""HDM"": 8, ""AE"": 1, ""MV"": 11}","[5, 6, 7, 8, 11, 9, 10, 12, 16, 18]",0.0084
2018,10,29,1,256,17666,69.01,4,140,182,0.0103,55,127,92,12.32,8.0,144,27,7,4,36,0.021,"{""IC"": 123, ""S"": 31, ""PVV"": 2, ""HSM"": 7, ""HDM"": 7, ""AE"": 3, ""MV"": 9}","[5, 6, 8, 7, 9, 12, 14, 10, 11, 19]",0.0086
2018,10,30,2,262,17996,68.69,7,362,190,0.0106,59,131,77,9.55,7.0,166,17,6,1,37,0.0245,"{""S"": 23, ""IC"": 135, ""PVV"": 1, ""HSM"": 3, ""HDM"": 11, ""MV"": 17}","[5, 6, 7, 9, 10, 8, 11, 20, 12, 15]",0.0089
2018,10,31,3,259,17940,69.27,1,76,188,0.0105,51,137,156,12.41,8.0,152,26,5,5,39,0.0292,"{""IC"": 129, ""PVV"": 2, ""S"": 19, ""PYO"": 11, ""HSM"": 3, ""HDM"": 12, ""AE"": 2, ""MV"": 10}","[5, 7, 6, 8, 10, 9, 11, 17, 14, 15]",0.0092
2018,11,1,4,258,17906,69.4,2,32,169,0.0094,47,122,32,8.34,6.0,154,14,1,0,24,0.0304,"{""IC"": 109, ""PVV"": 2, ""S"": 22, ""PYO"": 11, ""HSM"": 2, ""HDM"": 11, ""AE"": 1, ""MV"": 11}","[5, 6, 8, 7, 10, 13, 9, 11, 12, 15]",0.0093
2018,11,2,5,257,17978,69.95,0,0,181,0.0101,50,131,44,9.04,7.0,162,14,5,0,35,0.0277,"{""S"": 29, ""IC"": 115, ""PVV"": 2, ""PYO"": 7, ""HSM"": 4, ""HDM"": 18, ""AE"": 2, ""MV"": 4}","[5, 6, 8, 7, 12, 10, 9, 11, 13, 18]",0.0095
2018,11,3,6,197,14394,73.07,0,0,111,0.0077,30,81,72,9.05,6.0,101,6,3,1,10,0.0373,"{""IC"": 73, ""PVV"": 2, ""S"": 11, ""PYO"": 16, ""HSM"": 2, ""HDM"": 5, ""MV"": 2}","[5, 6, 7, 8, 10, 12, 9, 11, 13, 23]",0.0094
2018,11,4,7,201,14570,72.49,0,0,151,0.0104,44,107,62,9.84,7.0,126,19,5,1,23,0.0359,"{""IC"": 101, ""S"": 24, ""PVV"": 1, ""PYO"": 8, ""HSM"": 3, ""HDM"": 6, ""AE"": 1, ""MV"": 7}","[5, 7, 6, 9, 8, 16, 10, 12, 25, 15]",0.0099
2018,11,5,1,257,17958,69.88,1,56,170,0.0095,51,119,57,8.28,6.0,156,12,2,0,28,0.0365,"{""IC"": 107, ""S"": 29, ""PVV"": 1, ""PYO"": 7, ""HSM"": 5, ""HDM"": 7, ""AE"": 1, ""MV"": 13}","[5, 6, 7, 8, 10, 13, 9, 14, 19, 15]",0.0097
2018,11,6,2,253,17768,70.23,0,0,188,0.0106,62,126,27,8.1,7.0,170,18,0,0,33,0.0362,"{""S"": 27, ""IC"": 125, ""PVV"": 2, ""PYO"": 10, ""HSM"": 5, ""HDM"": 12, ""AE"": 3, ""MV"": 4}","[5, 6, 7, 9, 8, 11, 10, 15, 16, 24]",0.0097
2018,11,7,3,253,17768,70.23,2,82,165,0.0093,50,115,65,8.16,6.0,152,11,1,1,30,0.0302,"{""IC"": 118, ""PVV"": 1, ""S"": 23, ""PYO"": 8, ""HSM"": 3, ""HDM"": 9, ""AE"": 1, ""MV"": 2}","[5, 6, 7, 8, 9, 10, 11, 12, 18, 13]",0.0096
2018,11,8,4,258,17920,69.46,7,232,180,0.01,66,114,22,7.67,6.0,167,13,0,0,23,0.0339,"{""S"": 31, ""IC"": 118, ""PVV"": 1, ""PYO"": 6, ""HSM"": 2, ""HDM"": 15, ""AE"": 2, ""MV"": 5}","[5, 6, 7, 8, 9, 10, 11, 14, 16, 13]",0.0097
2018,11,9,5,259,18050,69.69,2,82,164,0.0091,48,116,46,8.21,6.0,149,13,2,0,18,0.0341,"{""IC"": 105, ""PVV"": 2, ""S"": 34, ""PYO"": 10, ""HSM"": 1, ""HDM"": 8, ""AE"": 3, ""MV"": 1}","[5, 6, 8, 7, 9, 10, 11, 15, 12, 17]",0.0095
2018,11,10,6,197,11856,60.18,3,188,134,0.0113,38,96,68,11.29,7.0,106,19,8,1,20,0.0358,"{""IC"": 84, ""S"": 10, ""PVV"": 1, ""PYO"": 22, ""HSM"": 2, ""HDM"": 7, ""MV"": 8}","[5, 6, 7, 8, 10, 15, 13, 11, 12, 23]",0.01
2018,11,11,7,207,15052,72.71,0,0,146,0.0097,37,109,52,9.45,7.0,127,16,3,0,23,0.0322,"{""IC"": 96, ""S"": 26, ""PVV"": 1, ""PYO"": 7, ""HSM"": 2, ""HDM"": 9, ""AE"": 3, ""MV"": 2}","[5, 6, 7, 8, 11, 9, 10, 12, 22, 13]",0.0099
2018,11,12,1,261,18014,69.02,3,124,219,0.0122,80,139,50,9.94,7.0,184,26,9,0,42,0.0271,"{""IC"": 143, ""S"": 29, ""PVV"": 2, ""PYO"": 12, ""HSM"": 5, ""HDM"": 15, ""AE"": 3, ""MV"": 10}","[5, 6, 7, 8, 9, 10, 11, 15, 12, 20]",0.0103
2018,11,13,2,257,17952,69.85,4,176,231,0.0129,95,136,47,9.03,7.0,205,22,4,0,37,0.0241,"{""IC"": 145, ""S"": 40, ""PVV"": 1, ""PYO"": 14, ""HSM"": 8, ""HDM"": 14, ""AE"": 4, ""MV"": 5}","[5, 6, 7, 8, 11, 10, 9, 14, 12, 16]",0.0106
2018,11,14,3,254,17822,70.17,4,164,153,0.0086,61,92,41,8.29,6.0,140,9,4,0,18,0.0368,"{""IC"": 117, ""PVV"": 1, ""S"": 21, ""PYO"": 5, ""HSM"": 2, ""HDM"": 3, ""AE"": 1, ""MV"": 3}","[5, 6, 7, 8, 10, 9, 11, 12, 23, 15]",0.0105
2018,11,15,4,259,17972,69.39,6,196,158,0.0088,53,105,100,9.16,6.0,142,14,0,2,22,0.033,"{""IC"": 103, ""S"": 31, ""PVV"": 2, ""PYO"": 7, ""HSM"": 4, ""HDM"": 9, ""MV"": 2}","[5, 6, 8, 7, 9, 10, 13, 12, 22, 20]",0.0104
2018,11,16,5,262,18206,69.49,5,200,172,0.0094,52,120,45,8.93,6.0,149,20,3,0,22,0.0312,"{""IC"": 108, ""PVV"": 1, ""S"": 39, ""PYO"": 8, ""HDM"": 12, ""AE"": 3, ""MV"": 1}","[5, 6, 7, 9, 8, 10, 14, 21, 15, 22]",0.0104
2018,11,17,6,187,11532,61.67,2,82,147,0.0127,33,114,63,10.46,7.0,122,18,5,2,24,0.0455,"{""S"": 13, ""IC"": 93, ""PVV"": 1, ""PYO"": 21, ""HSM"": 2, ""HDM"": 16, ""MV"": 1}","[5, 6, 7, 8, 9, 10, 15, 11, 12, 17]",0.0106
2018,11,18,7,206,14954,72.59,0,0,194,0.013,57,137,89,10.21,7.0,167,19,7,1,29,0.0328,"{""IC"": 122, ""S"": 36, ""PYO"": 8, ""HSM"": 1, ""HDM"": 21, ""AE"": 1, ""MUS"": 3, ""MV"": 1, ""V"": 1}","[5, 6, 7, 8, 9, 10, 11, 14, 13, 12]",0.0111
2018,11,19,1,261,17704,67.83,4,110,160,0.009,55,105,38,9.09,7.0,140,17,3,0,18,0.0315,"{""IC"": 106, ""PVV"": 1, ""S"": 22, ""PYO"": 12, ""HDM"": 9, ""MV"": 10}","[5, 6, 7, 8, 9, 10, 12, 11, 14, 16]",0.0106
2018,11,20,2,255,17642,69.18,4,170,160,0.0091,52,108,57,8.69,7.0,144,14,2,0,26,0.0347,"{""IC"": 112, ""PVV"": 1, ""S"": 25, ""PYO"": 6, ""HSM"": 4, ""HDM"": 10, ""AE"": 1, ""MV"": 1}","[5, 6, 7, 10, 8, 12, 11, 9, 21, 14]",0.0101
2018,11,21,3,255,17688,69.36,4,164,168,0.0095,47,121,30,8.24,7.0,156,11,1,0,33,0.0301,"{""IC"": 110, ""PVV"": 1, ""S"": 23, ""PYO"": 9, ""HSM"": 6, ""HDM"": 13, ""AE"": 1, ""MV"": 5}","[5, 6, 7, 8, 9, 10, 11, 12, 13, 14]",0.0102
2018,11,22,4,260,18118,69.68,5,306,178,0.0098,54,124,115,10.24,7.0,164,7,4,3,27,0.0307,"{""S"": 29, ""IC"": 108, ""PYO"": 11, ""HSM"": 3, ""HDM"": 6, ""P"": 6, ""V"": 5, ""MV"": 10}","[5, 6, 8, 7, 9, 12, 11, 14, 13, 10]",0.0104
2018,11,23,5,265,18128,68.41,4,164,183,0.0101,62,121,71,9.1,6.0,163,14,3,3,30,0.0283,"{""S"": 38, ""IC"": 105, ""PVV"": 3, ""PYO"": 6, ""HSM"": 6, ""HDM"": 12, ""MUS"": 3, ""MV"": 5, ""V"": 5}","[5, 6, 7, 8, 9, 17, 12, 11, 10, 20]",0.0105
2018,11,24,6,198,11724,59.21,3,90,139,0.0119,48,91,78,10.87,7.0,117,13,8,1,25,0.0317,"{""S"": 16, ""IC"": 93, ""PVV"": 1, ""PYO"": 18, ""HSM"": 2, ""HDM"": 5, ""AE"": 2, ""MUS"": 1, ""MV"": 1}","[5, 6, 7, 9, 10, 12, 8, 11, 13, 14]",0.0103
2018,11,25,7,211,15180,71.94,0,0,169,0.0111,56,113,72,11.22,7.0,141,17,7,4,26,0.0207,"{""IC"": 105, ""PVV"": 1, ""S"": 28, ""PYO"": 8, ""HSM"": 1, ""HDM"": 12, ""AE"": 7, ""MUS"": 3, ""MV"": 1, ""V"": 3}","[5, 6, 7, 8, 9, 10, 11, 12, 13, 20]",0.0101
2018,11,26,1,259,17572,67.85,3,62,210,0.012,86,124,107,10.15,7.0,180,20,9,1,31,0.0224,"{""S"": 28, ""IC"": 138, ""PVV"": 1, ""PYO"": 9, ""HSM"": 7, ""HDM"": 14, ""MV"": 13}","[5, 6, 8, 7, 10, 9, 11, 13, 12, 16]",0.0105
2018,11,27,2,260,17840,68.62,1,114,208,0.0117,72,136,56,8.7,6.0,184,21,3,0,33,0.0305,"{""S"": 39, ""IC"": 120, ""PVV"": 1, ""PYO"": 11, ""HSM"": 7, ""HDM"": 15, ""AE"": 3, ""MV"": 12}","[5, 6, 7, 10, 8, 9, 11, 16, 13, 14]",0.0109
2018,11,28,3,253,17550,69.37,3,132,205,0.0117,86,119,77,9.59,7.0,180,20,3,2,40,0.0281,"{""IC"": 132, ""S"": 30, ""PVV"": 1, ""PYO"": 8, ""HSM"": 10, ""HDM"": 17, ""AE"": 2, ""MV"": 5}","[5, 6, 8, 7, 9, 11, 10, 17, 13, 15]",0.0112
2018,11,29,4,259,17966,69.37,6,206,204,0.0114,58,146,49,9.22,7.0,178,22,4,0,28,0.0276,"{""IC"": 130, ""S"": 31, ""PVV"": 3, ""PYO"": 8, ""HSM"": 2, ""HDM"": 14, ""AE"": 1, ""MV"": 15}","[5, 6, 8, 7, 12, 10, 9, 11, 14, 16]",0.0114
2018,11,30,5,260,17932,68.97,1,48,207,0.0115,67,140,53,8.91,6.0,182,21,4,0,37,0.0287,"{""IC"": 135, ""S"": 35, ""PVV"": 1, ""PYO"": 8, ""HSM"": 4, ""HDM"": 16, ""AE"": 1, ""MUS"": 1, ""MV"": 6}","[5, 6, 7, 10, 8, 9, 12, 15, 17, 14]",0.0116
2018,12,1,6,180,11350,63.06,3,158,131,0.0115,35,96,43,10.0,7.0,113,12,6,0,15,0.0416,"{""IC"": 92, ""PVV"": 1, ""S"": 11, ""PYO"": 15, ""HDM"": 1, ""MV"": 11}","[6, 5, 7, 9, 10, 14, 8, 12, 15, 11]",0.0116
2018,12,2,7,208,15144,72.81,1,120,183,0.0121,54,129,56,8.95,7.0,165,13,5,0,21,0.0287,"{""IC"": 122, ""PVV"": 1, ""S"": 26, ""PYO"": 10, ""HSM"": 2, ""HDM"": 10, ""AE"": 3, ""V"": 6, ""MV"": 3}","[5, 6, 7, 8, 9, 12, 10, 13, 11, 15]",0.0117
2018,12,3,1,256,17660,68.98,0,0,220,0.0125,64,156,68,9.82,7.0,185,27,7,1,39,0.0259,"{""IC"": 151, ""S"": 33, ""PVV"": 3, ""PYO"": 12, ""HSM"": 3, ""HDM"": 12, ""AE"": 2, ""MV"": 4}","[5, 6, 7, 8, 9, 10, 12, 14, 22, 17]",0.0118
2018,12,4,2,258,17888,69.33,3,370,205,0.0115,72,133,111,11.13,7.0,174,18,10,3,43,0.022,"{""IC"": 141, ""S"": 26, ""PVV"": 3, ""PYO"": 7, ""HSM"": 8, ""HDM"": 9, ""AE"": 3, ""MV"": 8}","[5, 6, 7, 8, 9, 11, 12, 10, 14, 15]",0.0117
2018,12,5,3,252,17712,70.29,5,336,191,0.0108,54,137,92,9.42,7.0,169,17,4,1,25,0.0244,"{""IC"": 130, ""PVV"": 1, ""S"": 30, ""PYO"": 9, ""HSM"": 1, ""HDM"": 14, ""AE"": 3, ""MV"": 3}","[5, 6, 7, 8, 10, 9, 14, 11, 13, 22]",0.0116
2018,12,6,4,223,16438,73.71,1,34,137,0.0083,39,98,46,9.14,7.0,122,11,4,0,15,0.0321,"{""IC"": 88, ""PVV"": 1, ""S"": 20, ""PYO"": 7, ""HDM"": 10, ""MV"": 11}","[5, 6, 7, 8, 9, 10, 11, 12, 14, 16]",0.0112
2018,12,7,5,256,18090,70.66,1,66,183,0.0101,44,139,43,8.61,7.0,164,17,2,0,33,0.0281,"{""IC"": 121, ""PVV"": 1, ""S"": 37, ""PYO"": 8, ""HSM"": 5, ""HDM"": 8, ""AE"": 2, ""MV"": 1}","[5, 6, 7, 8, 9, 14, 12, 10, 15, 11]",0.011
2018,12,8,6,171,11186,65.42,0,10,107,0.0096,29,78,63,11.14,7.0,84,19,3,1,14,0.0233,"{""IC"": 62, ""PVV"": 1, ""S"": 11, ""PYO"": 21, ""HSM"": 3, ""HDM"": 4, ""AE"": 1, ""MV"": 4}","[5, 6, 7, 9, 8, 11, 12, 13, 22, 10]",0.0107
2018,12,9,7,192,14948,77.85,0,4,148,0.0099,31,117,158,13.2,7.0,119,16,9,4,24,0.0188,"{""IC"": 101, ""PVV"": 1, ""S"": 27, ""PYO"": 5, ""HSM"": 2, ""HDM"": 9, ""MV"": 3}","[5, 6, 7, 10, 8, 11, 12, 16, 9, 19]",0.0104
2018,12,10,1,257,18300,71.21,1,58,160,0.0087,52,108,49,9.34,7.0,141,14,5,0,32,0.0257,"{""IC"": 112, ""PVV"": 1, ""S"": 20, ""PYO"": 8, ""HSM"": 4, ""HDM"": 15}","[5, 6, 10, 7, 8, 9, 12, 11, 16, 13]",0.0098
2018,12,11,2,255,18274,71.66,0,8,148,0.0081,39,109,43,8.78,7.0,136,10,2,0,22,0.028,"{""S"": 26, ""IC"": 100, ""PYO"": 12, ""HSM"": 1, ""HDM"": 8, ""AE"": 1}","[5, 7, 6, 8, 10, 9, 12, 13, 14, 16]",0.0094
2018,12,12,3,258,18454,71.53,7,144,166,0.009,45,121,115,10.02,7.0,145,16,3,2,30,0.0262,"{""IC"": 109, ""S"": 21, ""PYO"": 10, ""HDM"": 15, ""MV"": 11}","[5, 6, 8, 9, 7, 12, 10, 11, 15, 17]",0.0091
2018,12,13,4,260,18364,70.63,3,62,148,0.0081,40,108,63,9.51,7.0,131,13,3,1,22,0.0274,"{""IC"": 99, ""PVV"": 1, ""S"": 24, ""PYO"": 8, ""HSM"": 2, ""HDM"": 11, ""AE"": 1, ""MV"": 2}","[5, 6, 8, 7, 9, 10, 13, 11, 14, 12]",0.0091
2018,12,14,5,264,18592,70.42,0,16,124,0.0067,23,101,91,9.99,6.0,106,12,5,1,13,0.0333,"{""S"": 16, ""IC"": 82, ""PVV"": 2, ""PYO"": 5, ""HSM"": 4, ""HDM"": 7, ""MV"": 7, ""V"": 1}","[5, 6, 7, 8, 10, 9, 13, 17, 14, 30]",0.0086
2018,12,15,6,203,15010,73.94,0,28,107,0.0071,11,96,57,10.31,7.0,87,16,4,0,12,0.0454,"{""IC"": 63, ""PVV"": 1, ""S"": 13, ""PYO"": 17, ""HSM"": 3, ""HDM"": 5, ""AE"": 3, ""MV"": 2}","[5, 7, 6, 9, 8, 10, 15, 11, 32, 14]",0.0082
2018,12,16,7,209,15178,72.62,2,144,108,0.0071,25,83,120,11.66,7.0,85,16,6,1,20,0.0248,"{""IC"": 75, ""S"": 13, ""PYO"": 6, ""HDM"": 5, ""AE"": 1, ""MV"": 8}","[5, 6, 9, 7, 8, 10, 18, 15, 19, 26]",0.0078
2018,12,17,1,257,18306,71.23,1,128,200,0.0109,50,150,219,13.71,7.0,158,31,5,6,39,0.0232,"{""S"": 32, ""IC"": 141, ""PVV"": 1, ""PYO"": 8, ""HSM"": 4, ""HDM"": 11, ""AE"": 1, ""MV"": 2}","[5, 6, 7, 8, 9, 11, 22, 10, 14, 12]",0.0081
2018,12,18,2,261,18784,71.97,3,196,180,0.0096,49,131,145,10.99,7.0,145,29,5,1,29,0.0295,"{""S"": 22, ""IC"": 121, ""PVV"": 1, ""PYO"": 17, ""HSM"": 2, ""HDM"": 8, ""AE"": 1, ""MV"": 8}","[5, 7, 6, 9, 11, 8, 13, 15, 12, 10]",0.0084
2018,12,19,3,261,19106,73.2,0,0,196,0.0103,47,149,43,9.66,7.0,165,25,6,0,43,0.0229,"{""IC"": 107, ""S"": 25, ""PYO"": 31, ""HSM"": 10, ""HDM"": 16, ""AE"": 2, ""MV"": 5}","[5, 6, 8, 7, 10, 11, 9, 12, 15, 19]",0.0085
2018,12,20,4,266,19360,72.78,3,136,180,0.0093,35,145,55,10.47,7.0,151,21,8,0,30,0.0318,"{""IC"": 100, ""S"": 22, ""PVV"": 1, ""PYO"": 34, ""HSM"": 4, ""HDM"": 12, ""AE"": 1, ""MV"": 6}","[5, 6, 8, 7, 9, 11, 15, 14, 10, 13]",0.0087
2018,12,21,5,264,19228,72.83,0,0,191,0.0099,42,149,76,9.5,7.0,164,22,4,1,39,0.0258,"{""S"": 20, ""IC"": 113, ""PVV"": 2, ""PYO"": 36, ""HSM"": 8, ""HDM"": 10, ""MV"": 2}","[5, 6, 7, 9, 8, 10, 11, 17, 15, 12]",0.0092
2018,12,22,6,207,15746,76.07,1,122,165,0.0105,29,136,102,13.14,8.0,124,24,15,2,39,0.023,"{""S"": 20, ""IC"": 79, ""PVV"": 1, ""PYO"": 38, ""HSM"": 4, ""HDM"": 17, ""AE"": 1, ""MV"": 5}","[5, 6, 7, 8, 11, 9, 10, 17, 14, 30]",0.0097
2018,12,23,7,210,16478,78.47,0,0,186,0.0113,50,136,91,12.31,8.0,140,36,7,3,33,0.0175,"{""IC"": 116, ""S"": 22, ""PVV"": 1, ""PYO"": 26, ""HSM"": 2, ""HDM"": 10, ""AE"": 3, ""MV"": 6}","[5, 6, 7, 9, 8, 13, 10, 18, 17, 11]",0.0103
2018,12,24,1,123,8430,68.54,0,0,62,0.0074,21,41,46,9.73,7.0,53,8,1,0,16,0.0212,"{""IC"": 41, ""PVV"": 2, ""S"": 10, ""HDM"": 4, ""AE"": 1, ""MV"": 4}","[5, 6, 7, 8, 10, 9, 27, 13, 11, 20]",0.0098
2018,12,25,2,135,10556,78.19,0,0,85,0.0081,23,62,72,12.6,8.0,66,11,7,1,13,0.0191,"{""IC"": 48, ""S"": 13, ""PVV"": 1, ""PYO"": 17, ""HDM"": 4, ""MV"": 2}","[5, 9, 7, 6, 8, 15, 10, 34, 22, 26]",0.0095
2018,12,26,3,218,16486,75.62,7,148,198,0.012,49,149,202,13.11,8.0,160,23,10,5,44,0.0201,"{""IC"": 109, ""PVV"": 1, ""S"": 31, ""PYO"": 36, ""HDM"": 7, ""AE"": 4, ""MUS"": 2, ""MV"": 8}","[5, 6, 8, 7, 9, 10, 11, 16, 12, 14]",0.0098
2018,12,27,4,272,19158,70.43,13,592,175,0.0091,38,137,99,12.18,7.0,142,20,7,6,38,0.0208,"{""IC"": 96, ""S"": 22, ""PYO"": 13, ""HSM"": 3, ""HDM"": 13, ""AE"": 4, ""MUS"": 2, ""MV"": 22}","[6, 5, 8, 7, 9, 10, 12, 16, 11, 14]",0.0098
2018,12,28,5,280,19620,70.07,0,0,163,0.0083,51,112,92,11.86,7.0,133,16,11,3,32,0.0333,"{""IC"": 79, ""S"": 16, ""PYO"": 30, ""HSM"": 5, ""HDM"": 9, ""PVV"": 3, ""AE"": 2, ""MUS"": 7, ""MV"": 9, ""V"": 3}","[5, 6, 7, 8, 12, 14, 9, 16, 18, 10]",0.0095
2018,12,29,6,217,15998,73.72,0,0,165,0.0103,28,137,117,12.17,8.0,129,25,10,1,30,0.0282,"{""IC"": 82, ""PVV"": 5, ""S"": 13, ""PYO"": 39, ""HSM"": 3, ""HDM"": 11, ""AE"": 1, ""MUS"": 5, ""V"": 3, ""MV"": 3}","[6, 5, 7, 8, 11, 9, 16, 18, 10, 13]",0.0095
2018,12,30,7,218,16476,75.58,3,116,150,0.0091,40,110,105,10.67,7.0,127,16,6,1,26,0.0239,"{""IC"": 71, ""S"": 21, ""PVV"": 4, ""PYO"": 30, ""HSM"": 2, ""HDM"": 8, ""AE"": 4, ""MUS"": 7, ""MV"": 1, ""V"": 2}","[5, 6, 7, 8, 9, 10, 12, 22, 16, 11]",0.0092
2018,12,31,1,247,17338,70.19,0,0,126,0.0073,29,97,107,9.84,7.0,109,14,2,1,17,0.0332,"{""IC"": 80, ""PVV"": 1, ""S"": 17, ""HSM"": 2, ""HDM"": 9, ""AE"": 1, ""MV"": 16}","[5, 7, 6, 8, 9, 10, 12, 11, 15, 19]",0.0092
2019,1,1,2,223,16992,76.2,4,206,223,0.0131,69,154,120,13.63,8.0,165,41,12,5,27,0.0187,"{""IC"": 97, ""S"": 32, ""PYO"": 64, ""HSM"": 1, ""HDM"": 12, ""PVV"": 2, ""AE"": 6, ""MV"": 9}","[5, 6, 7, 8, 9, 10, 11, 16, 13, 17]",0.0099
2019,1,2,3,267,19358,72.5,7,310,551,0.0285,229,322,193,16.91,10.0,363,112,57,19,116,0.0143,"{""IC"": 323, ""S"": 107, ""PVV"": 14, ""PYO"": 31, ""HSM"": 20, ""HDM"": 37, ""AE"": 7, ""MV"": 12}","[5, 6, 7, 9, 8, 11, 12, 10, 13, 14]",0.0122
2019,1,3,4,268,19548,72.94,4,60,305,0.0156,85,220,58,10.62,8.0,252,39,14,0,78,0.0168,"{""IC"": 167, ""S"": 38, ""PVV"": 6, ""PYO"": 37, ""HSM"": 8, ""HDM"": 31, ""AE"": 2, ""MV"": 16}","[5, 6, 7, 8, 9, 10, 14, 15, 11, 12]",0.0132
2019,1,4,5,266,19350,72.74,0,4,193,0.01,51,142,61,10.11,7.0,160,26,6,1,35,0.0211,"{""IC"": 110, ""S"": 22, ""PYO"": 31, ""HSM"": 4, ""HDM"": 15, ""PVV"": 1, ""AE"": 7, ""MV"": 3}","[5, 6, 8, 7, 9, 11, 14, 10, 12, 18]",0.0134
2019,1,5,6,209,15916,76.15,2,84,173,0.0109,37,136,105,12.54,7.0,143,16,9,5,22,0.0207,"{""S"": 30, ""IC"": 93, ""PYO"": 34, ""HSM"": 2, ""HDM"": 10, ""PVV"": 1, ""MV"": 3}","[5, 6, 8, 7, 12, 9, 10, 14, 11, 15]",0.0135
2019,1,6,7,207,15410,74.44,0,8,113,0.0073,34,79,40,9.76,7.0,96,13,4,0,19,0.0295,"{""IC"": 73, ""S"": 10, ""PYO"": 6, ""HSM"": 2, ""HDM"": 12, ""PVV"": 3, ""AE"": 1, ""MV"": 6}","[5, 6, 7, 8, 10, 9, 11, 26, 13, 19]",0.0132
2019,1,7,1,263,18472,70.24,6,142,146,0.0079,36,110,36,9.17,7.0,128,14,4,0,26,0.0294,"{""IC"": 83, ""S"": 17, ""PVV"": 4, ""PYO"": 7, ""HSM"": 9, ""HDM"": 18, ""AE"": 1, ""MV"": 7}","[5, 6, 8, 7, 9, 10, 12, 13, 11, 22]",0.0133
2019,1,8,2,258,18390,71.28,2,216,146,0.0079,38,108,119,10.38,6.0,130,9,3,4,25,0.0248,"{""IC"": 95, ""S"": 24, ""PYO"": 9, ""HSM"": 3, ""HDM"": 13, ""AE"": 1, ""MV"": 1}","[5, 6, 8, 7, 9, 12, 10, 13, 11, 16]",0.0126
2019,1,9,3,258,18478,71.62,0,0,199,0.0108,67,132,76,9.95,7.0,165,30,3,1,48,0.021,"{""IC"": 135, ""S"": 24, ""PYO"": 9, ""HSM"": 12, ""HDM"": 12, ""MV"": 7}","[5, 6, 7, 8, 10, 9, 11, 13, 12, 18]",0.0101
2019,1,10,4,259,18334,70.79,1,28,171,0.0093,60,111,311,12.45,7.0,150,13,5,3,30,0.0271,"{""IC"": 131, ""S"": 19, ""PVV"": 1, ""PYO"": 7, ""HSM"": 1, ""HDM"": 9, ""AE"": 1, ""MV"": 2}","[5, 6, 7, 8, 9, 10, 13, 14, 11, 12]",0.0092
2019,1,11,5,263,18500,70.34,2,222,142,0.0077,36,106,82,11.2,6.5,114,19,7,2,23,0.0232,"{""IC"": 100, ""PVV"": 1, ""S"": 12, ""PYO"": 10, ""HSM"": 4, ""HDM"": 11, ""AE"": 1, ""MV"": 3}","[5, 6, 7, 8, 13, 9, 10, 11, 15, 18]",0.0088
2019,1,12,6,200,15056,75.28,4,266,98,0.0065,19,79,57,12.51,7.0,74,15,9,0,15,0.0269,"{""IC"": 59, ""S"": 15, ""PVV"": 1, ""PYO"": 11, ""HSM"": 2, ""HDM"": 8, ""AE"": 2}","[5, 6, 7, 9, 8, 10, 13, 22, 15, 14]",0.0082
2019,1,13,7,205,15204,74.17,0,0,102,0.0067,22,80,56,9.67,7.0,91,5,6,0,16,0.0257,"{""IC"": 65, ""PVV"": 1, ""S"": 14, ""PYO"": 8, ""HDM"": 10, ""AE"": 3, ""MV"": 1}","[5, 7, 6, 8, 9, 10, 11, 12, 14, 13]",0.0081
2019,1,14,1,259,18482,71.36,0,0,152,0.0082,43,109,64,8.72,6.0,137,12,2,1,32,0.02,"{""IC"": 97, ""S"": 29, ""PVV"": 2, ""PYO"": 10, ""HSM"": 2, ""HDM"": 6, ""AE"": 3, ""MV"": 3}","[5, 6, 8, 7, 9, 10, 11, 14, 19, 13]",0.0082
2019,1,15,2,258,18468,71.58,0,2,185,0.01,52,133,163,9.55,7.0,164,17,3,1,39,0.0217,"{""IC"": 125, ""S"": 29, ""PVV"": 1, ""PYO"": 8, ""HSM"": 2, ""HDM"": 14, ""AE"": 2, ""MV"": 4}","[5, 6, 7, 9, 8, 11, 12, 10, 17, 13]",0.0085
2019,1,16,3,260,18596,71.52,6,108,191,0.0103,56,135,89,11.04,7.0,156,25,9,1,33,0.0229,"{""IC"": 127, ""S"": 25, ""PYO"": 7, ""HSM"": 2, ""HDM"": 16, ""AE"": 5, ""MV"": 9}","[5, 6, 7, 8, 10, 11, 9, 13, 15, 17]",0.0084
2019,1,17,4,263,18508,70.37,13,284,216,0.0117,67,149,43,10.74,7.0,173,32,11,0,52,0.0181,"{""IC"": 130, ""S"": 35, ""PVV"": 2, ""PYO"": 6, ""HSM"": 14, ""HDM"": 16, ""AE"": 6, ""MV"": 7}","[5, 6, 7, 13, 8, 9, 11, 15, 12, 21]",0.0087
2019,1,18,5,264,18750,71.02,15,402,256,0.0137,88,168,140,14.48,8.0,185,48,15,8,69,0.014,"{""S"": 34, ""IC"": 162, ""PVV"": 2, ""PYO"": 9, ""HSM"": 18, ""HDM"": 21, ""AE"": 5, ""MV"": 5}","[5, 6, 7, 8, 9, 11, 10, 14, 12, 15]",0.0096
2019,1,19,6,203,15262,75.18,12,222,147,0.0096,29,118,189,13.53,8.0,113,21,11,2,30,0.021,"{""IC"": 95, ""S"": 18, ""PYO"": 15, ""HSM"": 4, ""HDM"": 7, ""AE"": 1, ""MV"": 7}","[5, 6, 7, 10, 9, 8, 11, 13, 12, 19]",0.01
2019,1,20,7,206,15292,74.23,13,360,174,0.0114,44,130,101,13.94,8.0,133,24,10,7,41,0.0153,"{""IC"": 109, ""S"": 31, ""PYO"": 5, ""HSM"": 5, ""HDM"": 13, ""AE"": 10, ""MV"": 1}","[5, 6, 7, 8, 9, 10, 11, 15, 12, 13]",0.0107
2019,1,21,1,261,18360,70.34,1,46,350,0.0191,127,223,62,11.78,8.0,270,60,18,2,91,0.0159,"{""IC"": 215, ""S"": 58, ""PVV"": 3, ""PYO"": 7, ""HSM"": 22, ""HDM"": 31, ""AE"": 6, ""V"": 3, ""MV"": 5}","[5, 6, 8, 9, 7, 10, 11, 12, 15, 14]",0.0123
2019,1,22,2,263,18792,71.45,9,678,285,0.0152,89,196,77,12.87,9.0,215,49,18,3,89,0.0162,"{""IC"": 170, ""S"": 47, ""PVV"": 2, ""PYO"": 13, ""HSM"": 15, ""HDM"": 19, ""AE"": 11, ""MV"": 8}","[5, 6, 7, 10, 8, 11, 9, 12, 13, 17]",0.013
2019,1,23,3,270,19080,70.67,6,204,265,0.0139,98,167,143,12.35,8.0,212,37,13,3,55,0.0167,"{""IC"": 162, ""S"": 37, ""PVV"": 3, ""PYO"": 16, ""HSM"": 1, ""HDM"": 20, ""AE"": 5, ""MV"": 21}","[5, 7, 6, 8, 9, 11, 14, 12, 16, 13]",0.0135
2019,1,24,4,264,18840,71.36,4,138,295,0.0157,83,212,107,12.51,8.0,225,47,20,3,85,0.0162,"{""S"": 52, ""IC"": 165, ""PVV"": 2, ""PYO"": 18, ""HSM"": 9, ""HDM"": 31, ""AE"": 11, ""MV"": 7}","[5, 6, 7, 8, 11, 12, 9, 10, 13, 14]",0.0141
2019,1,25,5,267,18914,70.84,3,72,256,0.0135,62,194,148,12.48,8.0,199,44,9,4,78,0.0159,"{""IC"": 146, ""S"": 47, ""PVV"": 2, ""PYO"": 17, ""HSM"": 8, ""HDM"": 24, ""AE"": 6, ""MV"": 6}","[5, 6, 7, 8, 9, 12, 10, 14, 11, 18]",0.0141
2019,1,26,6,210,15230,72.52,3,42,196,0.0129,60,136,54,11.91,8.0,145,39,12,0,41,0.0182,"{""IC"": 117, ""S"": 25, ""PVV"": 1, ""PYO"": 13, ""HSM"": 7, ""HDM"": 13, ""AE"": 7, ""MUS"": 5, ""MV"": 8}","[5, 6, 7, 10, 9, 11, 8, 15, 13, 19]",0.0145
2019,1,27,7,212,15730,74.2,1,32,298,0.0189,102,196,102,12.11,8.0,226,49,21,2,78,0.0156,"{""IC"": 177, ""S"": 58, ""PVV"": 1, ""PYO"": 16, ""HSM"": 11, ""HDM"": 21, ""AE"": 4, ""MV"": 10}","[5, 6, 7, 9, 8, 10, 14, 15, 13, 16]",0.0156
2019,1,28,1,269,19196,71.36,6,660,355,0.0185,140,215,110,15.57,9.0,244,62,38,11,89,0.0167,"{""IC"": 209, ""PVV"": 6, ""S"": 60, ""PYO"": 14, ""HSM"": 15, ""HDM"": 20, ""AE"": 15, ""MV"": 16}","[5, 6, 7, 8, 9, 10, 11, 13, 12, 23]",0.0155
2019,1,29,2,259,18578,71.73,3,74,303,0.0163,98,205,120,11.79,8.0,242,43,15,3,78,0.0151,"{""IC"": 199, ""PVV"": 1, ""S"": 36, ""PYO"": 20, ""HSM"": 17, ""HDM"": 18, ""AE"": 9, ""MV"": 3}","[5, 7, 6, 8, 9, 11, 12, 10, 13, 14]",0.0157
2019,1,30,3,265,19002,71.71,2,154,328,0.0173,96,232,104,12.0,8.0,256,56,12,4,100,0.0171,"{""IC"": 191, ""S"": 57, ""PYO"": 11, ""HSM"": 12, ""HDM"": 27, ""AE"": 11, ""MV"": 19}","[5, 7, 6, 9, 8, 10, 11, 12, 18, 15]",0.0162
2019,1,31,4,263,18778,71.4,2,76,207,0.011,59,148,68,10.83,7.0,163,36,7,1,54,0.0173,"{""S"": 25, ""IC"": 134, ""PVV"": 1, ""PYO"": 14, ""HSM"": 5, ""HDM"": 14, ""AE"": 5, ""MV"": 9}","[5, 6, 7, 8, 10, 11, 12, 16, 9, 18]",0.0155
2019,2,1,5,263,18808,71.51,2,46,248,0.0132,83,165,175,16.39,8.0,178,37,19,14,63,0.016,"{""IC"": 159, ""S"": 41, ""PVV"": 2, ""PYO"": 13, ""HSM"": 12, ""HDM"": 17, ""AE"": 4}","[5, 6, 7, 9, 13, 8, 11, 15, 10, 16]",0.0154
2019,2,2,6,209,15252,72.98,1,186,169,0.0111,41,128,101,12.0,8.0,131,29,7,2,50,0.0176,"{""S"": 26, ""IC"": 94, ""PVV"": 1, ""PYO"": 16, ""HSM"": 3, ""HDM"": 15, ""AE"": 4, ""MV"": 10}","[5, 7, 6, 9, 8, 10, 13, 12, 20, 16]",0.0152
2019,2,3,7,212,15674,73.93,9,328,346,0.0221,120,226,339,21.3,9.0,230,65,26,25,83,0.0134,"{""IC"": 214, ""S"": 62, ""PVV"": 2, ""PYO"": 15, ""HSM"": 6, ""HDM"": 20, ""AE"": 16, ""MV"": 11}","[5, 6, 7, 8, 9, 10, 12, 14, 15, 18]",0.0156
2019,2,4,1,274,19592,71.5,11,886,299,0.0153,74,225,136,14.07,8.0,218,51,25,5,100,0.0152,"{""IC"": 182, ""S"": 43, ""PYO"": 16, ""HSM"": 8, ""HDM"": 24, ""AE"": 2, ""MV"": 24}","[5, 6, 7, 8, 9, 10, 13, 15, 11, 12]",0.0152
2019,2,5,2,268,19120,71.34,18,1532,242,0.0127,74,168,68,11.74,7.0,179,49,12,2,57,0.0163,"{""IC"": 135, ""S"": 34, ""PVV"": 1, ""PYO"": 25, ""HSM"": 13, ""HDM"": 18, ""AE"": 2, ""MV"": 14}","[5, 6, 7, 8, 15, 19, 14, 11, 17, 13]",0.0147
2019,2,6,3,261,18996,72.78,28,1534,335,0.0176,106,229,117,12.82,8.0,253,54,23,5,83,0.0165,"{""IC"": 211, ""S"": 49, ""PVV"": 3, ""PYO"": 16, ""HSM"": 11, ""HDM"": 29, ""AE"": 5, ""MV"": 11}","[5, 6, 7, 8, 9, 10, 11, 12, 13, 15]",0.0147
2019,2,7,4,268,19050,71.08,20,688,352,0.0185,120,232,109,14.63,9.0,250,68,25,9,84,0.0153,"{""IC"": 194, ""S"": 48, ""PVV"": 2, ""PYO"": 21, ""HSM"": 10, ""HDM"": 31, ""AE"": 14, ""MV"": 32}","[5, 6, 7, 8, 10, 12, 9, 11, 13, 19]",0.0158
2019,2,8,5,267,19340,72.43,9,340,254,0.0131,66,188,61,11.39,8.0,193,50,10,1,71,0.0183,"{""IC"": 144, ""S"": 41, ""PVV"": 1, ""PYO"": 31, ""HSM"": 3, ""HDM"": 23, ""AE"": 4, ""MV"": 7}","[5, 6, 7, 8, 9, 11, 12, 13, 10, 15]",0.0158
2019,2,9,6,212,15958,75.27,6,326,186,0.0117,56,130,126,11.55,7.0,154,23,5,4,25,0.0181,"{""IC"": 97, ""S"": 23, ""PVV"": 1, ""PYO"": 41, ""HSM"": 3, ""HDM"": 7, ""AE"": 4, ""MV"": 10}","[6, 5, 7, 8, 9, 10, 12, 14, 11, 15]",0.0159
2019,2,10,7,213,15706,73.74,6,194,155,0.0099,35,120,59,10.32,7.0,121,30,4,0,38,0.0226,"{""IC"": 96, ""S"": 21, ""PYO"": 14, ""HSM"": 3, ""HDM"": 12, ""MV"": 9}","[5, 6, 7, 8, 9, 15, 10, 21, 17, 18]",0.0141
2019,2,11,1,261,18660,71.49,3,150,158,0.0085,32,126,59,9.04,6.0,141,13,4,0,23,0.0258,"{""S"": 24, ""IC"": 97, ""PVV"": 3, ""PYO"": 18, ""HSM"": 4, ""HDM"": 10, ""MV"": 2}","[5, 6, 7, 8, 9, 11, 12, 17, 13, 14]",0.0131
2019,2,12,2,265,18942,71.48,8,250,178,0.0094,43,135,106,12.44,7.0,141,24,10,3,35,0.0255,"{""S"": 24, ""IC"": 96, ""PVV"": 2, ""PYO"": 17, ""HSM"": 3, ""HDM"": 10, ""AE"": 8, ""MV"": 18}","[5, 6, 7, 11, 9, 15, 10, 13, 12, 14]",0.0127
2019,2,13,3,265,18856,71.15,3,158,231,0.0123,64,167,193,15.19,8.0,171,38,14,8,57,0.0206,"{""IC"": 123, ""S"": 35, ""PVV"": 2, ""PYO"": 17, ""HSM"": 10, ""HDM"": 18, ""AE"": 13, ""MV"": 13}","[5, 6, 8, 7, 11, 12, 9, 10, 13, 16]",0.0119
2019,2,14,4,265,18896,71.31,4,262,205,0.0108,51,154,162,11.59,7.0,163,33,6,3,45,0.0201,"{""IC"": 122, ""S"": 32, ""PVV"": 3, ""PYO"": 17, ""HSM"": 3, ""HDM"": 14, ""AE"": 4, ""MV"": 10}","[5, 7, 6, 8, 9, 10, 15, 17, 14, 29]",0.0108
2019,2,15,5,269,19294,71.72,0,14,211,0.0109,60,151,107,10.8,7.0,178,23,6,4,41,0.0239,"{""IC"": 122, ""S"": 30, ""PVV"": 2, ""PYO"": 30, ""HSM"": 4, ""HDM"": 11, ""AE"": 6, ""MV"": 6}","[5, 6, 7, 9, 8, 12, 10, 15, 13, 17]",0.0105
2019,2,16,6,215,16348,76.04,0,140,180,0.011,45,135,96,14.12,9.0,125,40,11,4,33,0.0241,"{""IC"": 91, ""PVV"": 1, ""S"": 17, ""PYO"": 35, ""HSM"": 3, ""HDM"": 9, ""AE"": 2, ""MUS"": 3, ""MV"": 19}","[5, 6, 8, 7, 10, 9, 12, 17, 13, 14]",0.0104
2019,2,17,7,215,15778,73.39,11,198,145,0.0092,42,103,92,10.67,7.0,121,17,5,2,19,0.0298,"{""IC"": 78, ""PVV"": 1, ""S"": 18, ""PYO"": 22, ""HSM"": 2, ""HDM"": 9, ""AE"": 3, ""MUS"": 4, ""MV"": 8}","[5, 7, 6, 8, 9, 17, 12, 11, 15, 10]",0.0103
2019,2,18,1,266,18760,70.53,3,212,187,0.01,48,139,124,11.94,8.0,156,21,6,4,36,0.0258,"{""IC"": 111, ""S"": 20, ""PVV"": 2, ""PYO"": 18, ""HSM"": 4, ""HDM"": 17, ""AE"": 4, ""MV"": 11}","[5, 6, 8, 7, 9, 10, 12, 11, 13, 15]",0.0105
2019,2,19,2,257,18570,72.26,0,52,182,0.0098,52,130,139,11.79,7.0,149,25,6,2,40,0.0259,"{""IC"": 114, ""S"": 25, ""PYO"": 14, ""HSM"": 6, ""HDM"": 18, ""AE"": 4, ""MV"": 1}","[5, 6, 7, 9, 8, 13, 11, 14, 12, 10]",0.0106
2019,2,20,3,260,18762,72.16,2,218,159,0.0085,34,125,104,10.32,7.0,129,27,2,1,35,0.026,"{""IC"": 100, ""S"": 16, ""PVV"": 2, ""PYO"": 16, ""HSM"": 6, ""HDM"": 15, ""AE"": 2, ""MV"": 2}","[5, 6, 7, 8, 10, 9, 12, 15, 18, 16]",0.01
2019,2,21,4,263,18720,71.18,1,16,188,0.01,55,133,67,11.2,7.0,146,35,3,4,39,0.0252,"{""IC"": 124, ""S"": 23, ""PYO"": 14, ""HSM"": 2, ""HDM"": 12, ""AE"": 4, ""MV"": 9}","[5, 6, 7, 8, 15, 9, 11, 12, 16, 19]",0.0099
2019,2,22,5,272,19468,71.57,2,158,271,0.0139,71,200,141,12.34,8.0,211,42,14,4,69,0.0148,"{""IC"": 162, ""PVV"": 2, ""S"": 49, ""PYO"": 23, ""HSM"": 7, ""HDM"": 19, ""AE"": 3, ""MV"": 6}","[5, 6, 7, 9, 10, 11, 8, 12, 14, 19]",0.0103
2019,2,23,6,204,15638,76.66,1,60,127,0.0081,21,106,70,11.94,8.0,98,21,6,2,24,0.0281,"{""IC"": 62, ""PVV"": 3, ""S"": 10, ""PYO"": 31, ""HSM"": 1, ""HDM"": 7, ""AE"": 10, ""MV"": 3}","[5, 6, 8, 7, 9, 11, 10, 19, 12, 16]",0.0099
2019,2,24,7,205,15572,75.96,0,158,148,0.0095,35,113,91,12.03,7.0,128,9,6,5,24,0.0244,"{""IC"": 103, ""PVV"": 1, ""S"": 21, ""PYO"": 15, ""HDM"": 7, ""AE"": 1}","[5, 6, 7, 8, 9, 10, 11, 12, 14, 20]",0.01
2019,2,25,1,271,18998,70.1,6,170,157,0.0083,31,126,51,9.65,7.0,134,20,3,0,23,0.0434,"{""IC"": 88, ""PVV"": 2, ""S"": 22, ""PYO"": 15, ""HSM"": 2, ""HDM"": 7, ""AE"": 6, ""MV"": 15}","[5, 7, 6, 8, 9, 13, 10, 12, 22, 20]",0.0097
2019,2,26,2,261,18714,71.7,1,44,135,0.0072,35,100,84,11.37,7.0,112,15,7,1,17,0.0292,"{""IC"": 81, ""S"": 18, ""PVV"": 1, ""PYO"": 14, ""HSM"": 2, ""HDM"": 7, ""AE"": 6, ""MV"": 6}","[5, 6, 7, 8, 9, 10, 12, 11, 14, 15]",0.0094
2019,2,27,3,256,18508,72.3,0,50,132,0.0071,35,97,80,9.05,7.0,121,6,4,1,17,0.0473,"{""IC"": 91, ""PVV"": 3, ""S"": 13, ""PYO"": 14, ""HSM"": 2, ""HDM"": 9}","[5, 6, 8, 7, 9, 11, 12, 10, 19, 13]",0.0092
2019,2,28,4,264,18802,71.22,4,118,170,0.009,51,119,191,13.14,7.0,136,22,7,5,28,0.0246,"{""IC"": 99, ""PVV"": 2, ""S"": 17, ""PYO"": 16, ""HSM"": 3, ""HDM"": 9, ""AE"": 5, ""MV"": 19}","[5, 6, 7, 8, 9, 20, 11, 12, 10, 13]",0.009
2019,3,1,5,267,19320,72.36,1,32,185,0.0096,55,130,103,10.43,6.0,161,17,4,3,30,0.0234,"{""IC"": 104, ""PVV"": 3, ""S"": 24, ""PYO"": 28, ""HSM"": 4, ""HDM"": 17, ""AE"": 2, ""MV"": 3}","[5, 6, 7, 8, 10, 13, 11, 29, 23, 9]",0.0084
2019,3,2,6,206,15668,76.06,1,32,153,0.0098,50,103,49,10.7,8.0,127,19,7,0,27,0.0256,"{""IC"": 77, ""S"": 20, ""PYO"": 36, ""HSM"": 2, ""HDM"": 13, ""AE"": 2, ""MV"": 3}","[5, 6, 7, 8, 9, 10, 11, 13, 12, 14]",0.0086
2019,3,3,7,207,15508,74.92,0,0,146,0.0094,34,112,55,10.34,7.0,120,19,7,0,31,0.0262,"{""IC"": 85, ""S"": 15, ""PVV"": 1, ""PYO"": 19, ""HSM"": 1, ""HDM"": 12, ""AE"": 1, ""MV"": 12}","[6, 5, 7, 8, 11, 10, 13, 9, 17, 19]",0.0086
2019,3,4,1,265,18638,70.33,4,150,166,0.0089,46,120,54,8.83,7.0,150,13,3,0,23,0.0296,"{""S"": 23, ""IC"": 103, ""PVV"": 1, ""PYO"": 19, ""HSM"": 2, ""HDM"": 9, ""AE"": 2, ""MV"": 7}","[5, 6, 7, 8, 12, 10, 13, 9, 15, 11]",0.0087
2019,3,5,2,261,18592,71.23,3,62,178,0.0096,55,123,96,11.35,8.0,145,23,7,3,33,0.0227,"{""IC"": 110, ""S"": 26, ""PVV"": 1, ""PYO"": 16, ""HSM"": 2, ""HDM"": 14, ""AE"": 3, ""MUS"": 2, ""MV"": 4}","[5, 6, 8, 7, 9, 10, 11, 13, 14, 12]",0.0091
2019,3,6,3,258,18592,72.06,2,28,155,0.0083,37,118,53,9.76,7.0,134,17,4,0,37,0.0255,"{""IC"": 102, ""S"": 18, ""PYO"": 14, ""HSM"": 4, ""HDM"": 11, ""AE"": 1, ""MV"": 5}","[5, 7, 6, 8, 12, 9, 10, 11, 14, 18]",0.0092
2019,3,7,4,263,18662,70.96,4,126,161,0.0086,36,125,125,11.39,8.0,131,23,5,2,30,0.0198,"{""IC"": 86, ""PVV"": 2, ""S"": 26, ""PYO"": 19, ""HSM"": 4, ""HDM"": 9, ""AE"": 9, ""MV"": 6}","[5, 6, 7, 9, 8, 10, 12, 11, 13, 15]",0.0092
2019,3,8,5,269,19250,71.56,0,0,183,0.0095,33,150,118,10.41,7.0,155,21,5,2,43,0.0213,"{""S"": 23, ""IC"": 110, ""PYO"": 28, ""HSM"": 1, ""HDM"": 13, ""AE"": 2, ""MV"": 6}","[5, 6, 7, 8, 13, 9, 10, 11, 15, 12]",0.0092
2019,3,9,6,206,15784,76.62,1,248,162,0.0103,41,121,76,10.79,8.0,136,19,5,2,26,0.0182,"{""IC"": 92, ""S"": 18, ""PYO"": 35, ""HSM"": 1, ""HDM"": 7, ""AE"": 2, ""MV"": 7}","[5, 6, 8, 7, 11, 10, 9, 12, 14, 13]",0.0092
2019,3,10,7,206,15472,75.11,0,0,127,0.0082,31,96,100,12.32,7.0,106,13,5,3,21,0.0272,"{""IC"": 80, ""PVV"": 3, ""S"": 14, ""PYO"": 15, ""HSM"": 1, ""HDM"": 7, ""AE"": 2, ""MV"": 5}","[5, 7, 6, 9, 8, 10, 12, 11, 13, 14]",0.0091
2019,3,11,1,264,18794,71.19,1,20,152,0.0081,31,121,54,10.76,8.0,124,23,5,0,31,0.021,"{""S"": 15, ""IC"": 84, ""PVV"": 2, ""PYO"": 19, ""HSM"": 3, ""HDM"": 15, ""AE"": 1, ""MV"": 13}","[5, 8, 6, 7, 9, 10, 11, 23, 12, 14]",0.0089
2019,3,12,2,267,19136,71.67,1,330,163,0.0085,49,114,143,12.22,7.0,137,16,6,4,29,0.0266,"{""S"": 35, ""IC"": 79, ""PYO"": 15, ""HSM"": 3, ""HDM"": 13, ""AE"": 3, ""MV"": 15}","[5, 6, 7, 8, 9, 12, 10, 13, 11, 22]",0.0088
2019,3,13,3,261,18688,71.6,2,56,153,0.0082,36,117,99,12.29,7.0,121,22,5,5,33,0.0239,"{""IC"": 88, ""S"": 26, ""PVV"": 3, ""PYO"": 12, ""HSM"": 3, ""HDM"": 11, ""AE"": 2, ""MV"": 8}","[5, 6, 7, 8, 12, 9, 10, 13, 15, 11]",0.0088
2019,3,14,4,263,18892,71.83,10,248,188,0.01,41,147,103,11.81,8.0,158,17,9,4,39,0.0223,"{""IC"": 122, ""S"": 28, ""PVV"": 2, ""PYO"": 14, ""HSM"": 3, ""HDM"": 11, ""AE"": 3, ""MV"": 5}","[5, 6, 8, 7, 9, 10, 12, 13, 11, 14]",0.009
2019,3,15,5,272,19524,71.78,1,80,158,0.0081,37,121,104,10.92,7.0,137,13,6,2,27,0.0316,"{""S"": 20, ""IC"": 92, ""PVV"": 2, ""PYO"": 23, ""HSM"": 2, ""HDM"": 9, ""AE"": 3, ""MV"": 7}","[5, 6, 7, 9, 12, 11, 10, 14, 8, 15]",0.0088
2019,3,16,6,205,15606,76.13,1,20,124,0.0079,28,96,105,10.96,7.0,101,16,6,1,16,0.0403,"{""IC"": 64, ""PVV"": 1, ""S"": 13, ""PYO"": 39, ""HSM"": 1, ""HDM"": 3, ""AE"": 1, ""MV"": 2}","[6, 5, 7, 8, 11, 10, 9, 16, 15, 17]",0.0084
2019,3,17,7,205,15408,75.16,1,20,119,0.0077,36,83,37,9.23,7.0,103,15,1,0,17,0.0233,"{""IC"": 76, ""PVV"": 1, ""S"": 15, ""PYO"": 13, ""HSM"": 1, ""HDM"": 9, ""AE"": 4}","[5, 6, 7, 8, 9, 13, 10, 11, 21, 18]",0.0084
2019,3,18,1,262,18708,71.4,0,52,161,0.0086,49,112,135,10.6,8.0,136,21,3,1,23,0.0324,"{""IC"": 102, ""S"": 15, ""PVV"": 1, ""PYO"": 15, ""HSM"": 4, ""HDM"": 12, ""AE"": 3, ""MV"": 9}","[5, 7, 6, 8, 9, 11, 10, 12, 13, 22]",0.0084
2019,3,19,2,259,18654,72.02,2,56,157,0.0084,52,105,48,9.78,7.0,135,16,6,0,27,0.0331,"{""IC"": 106, ""PVV"": 1, ""S"": 20, ""PYO"": 15, ""HSM"": 2, ""HDM"": 10, ""AE"": 3}","[5, 6, 7, 9, 8, 10, 13, 20, 16, 14]",0.0084
2019,3,20,3,263,18736,71.24,2,36,181,0.0097,56,125,40,9.65,8.0,159,18,4,0,33,0.0264,"{""IC"": 116, ""PVV"": 2, ""S"": 20, ""PYO"": 20, ""HSM"": 3, ""HDM"": 13, ""AE"": 1, ""MV"": 6}","[5, 6, 7, 8, 9, 11, 10, 12, 13, 14]",0.0086
2019,3,21,4,269,18934,70.39,7,240,183,0.0097,45,138,87,13.75,8.0,138,25,15,5,34,0.0214,"{""IC"": 119, ""S"": 27, ""PVV"": 1, ""PYO"": 11, ""HSM"": 1, ""HDM"": 15, ""MV"": 9}","[6, 5, 8, 7, 11, 12, 13, 24, 10, 15]",0.0086
2019,3,22,5,271,19510,71.99,2,60,173,0.0089,58,115,58,8.75,7.0,158,12,3,0,23,0.0349,"{""IC"": 104, ""S"": 25, ""PYO"": 27, ""HSM"": 2, ""HDM"": 7, ""MV"": 8}","[5, 6, 7, 8, 9, 10, 11, 12, 14, 15]",0.0087
2019,3,23,6,207,15636,75.54,1,148,125,0.008,27,98,46,10.57,8.0,99,21,5,0,14,0.0516,"{""IC"": 66, ""PVV"": 1, ""S"": 9, ""PYO"": 38, ""HDM"": 7, ""MV"": 4}","[5, 6, 8, 9, 7, 10, 17, 12, 11, 16]",0.0087
2019,3,24,7,208,15462,74.34,2,28,146,0.0094,28,118,58,10.54,7.0,124,15,7,0,29,0.0269,"{""IC"": 88, ""S"": 26, ""PYO"": 15, ""HSM"": 2, ""HDM"": 11, ""AE"": 2, ""MV"": 2}","[5, 6, 7, 8, 9, 10, 11, 13, 12, 17]",0.009
2019,3,25,1,263,18778,71.4,0,0,138,0.0073,40,98,63,9.88,6.0,118,13,4,3,19,0.0383,"{""IC"": 77, ""PVV"": 2, ""S"": 20, ""PYO"": 16, ""HSM"": 5, ""HDM"": 13, ""AE"": 1, ""MV"": 4}","[5, 6, 8, 7, 9, 16, 12, 11, 14, 20]",0.0088
2019,3,26,2,258,18686,72.43,0,0,153,0.0082,37,116,88,10.76,7.0,128,15,9,1,23,0.0239,"{""IC"": 99, ""PVV"": 1, ""S"": 25, ""PYO"": 17, ""HSM"": 4, ""HDM"": 6, ""MV"": 1}","[5, 6, 7, 9, 8, 10, 11, 13, 12, 16]",0.0087
2019,3,27,3,262,18740,71.53,5,240,129,0.0069,28,101,85,10.04,6.0,109,16,3,1,14,0.042,"{""IC"": 84, ""PVV"": 2, ""S"": 13, ""PYO"": 15, ""HSM"": 1, ""HDM"": 6, ""AE"": 3, ""MV"": 5}","[5, 6, 7, 8, 9, 19, 12, 13, 28, 10]",0.0083
2019,3,28,4,260,18656,71.75,2,32,160,0.0086,36,124,72,11.11,7.0,133,17,8,2,25,0.0266,"{""IC"": 102, ""S"": 22, ""PVV"": 2, ""PYO"": 13, ""HSM"": 4, ""HDM"": 10, ""AE"": 3, ""MV"": 4}","[5, 6, 7, 8, 9, 12, 10, 11, 13, 15]",0.0082
2019,3,29,5,267,19260,72.13,6,178,212,0.011,64,148,76,9.83,7.0,181,26,4,1,29,0.0301,"{""IC"": 129, ""S"": 25, ""PVV"": 1, ""PYO"": 35, ""HSM"": 4, ""HDM"": 18}","[5, 6, 7, 8, 10, 11, 12, 9, 13, 21]",0.0085
2019,3,30,6,202,15558,77.02,1,20,146,0.0094,38,108,49,11.35,8.0,118,19,9,0,19,0.0275,"{""IC"": 83, ""S"": 17, ""PVV"": 1, ""PYO"": 35, ""HSM"": 1, ""HDM"": 7, ""AE"": 2}","[5, 6, 9, 7, 8, 10, 13, 12, 11, 15]",0.0087
2019,3,31,7,206,15482,75.16,0,48,142,0.0092,41,101,145,12.54,8.0,116,20,3,3,21,0.0291,"{""IC"": 92, ""S"": 23, ""PYO"": 17, ""HSM"": 1, ""HDM"": 6, ""AE"": 1, ""MV"": 2}","[5, 6, 8, 7, 9, 12, 10, 11, 14, 20]",0.0087
2019,4,1,1,270,18954,70.2,4,258,194,0.0102,49,145,63,11.21,7.0,159,25,8,2,35,0.0308,"{""IC"": 116, ""PVV"": 2, ""S"": 32, ""PYO"": 15, ""HSM"": 6, ""HDM"": 12, ""AE"": 2, ""MV"": 9}","[5, 6, 7, 9, 10, 11, 8, 14, 13, 12]",0.0091
2019,4,2,2,264,18786,71.16,2,4,117,0.0062,31,86,50,9.88,7.0,99,13,5,0,17,0.0367,"{""IC"": 80, ""PVV"": 1, ""S"": 10, ""PYO"": 14, ""HSM"": 3, ""HDM"": 5, ""AE"": 2, ""MV"": 2}","[5, 6, 8, 7, 9, 12, 20, 10, 13, 16]",0.0088
2019,4,3,3,260,18828,72.42,0,0,153,0.0081,35,118,70,10.33,7.0,129,17,6,1,20,0.0393,"{""IC"": 98, ""S"": 21, ""PYO"": 13, ""HSM"": 2, ""HDM"": 13, ""AE"": 2, ""MV"": 4}","[5, 7, 6, 8, 9, 11, 12, 14, 18, 10]",0.009
2019,4,4,4,265,18894,71.3,0,0,140,0.0074,19,121,108,10.97,7.0,118,12,9,1,25,0.0365,"{""S"": 21, ""IC"": 74, ""PYO"": 20, ""HSM"": 6, ""HDM"": 6, ""MV"": 13}","[5, 6, 7, 11, 8, 9, 10, 15, 16, 13]",0.0088
2019,4,5,5,270,19426,71.95,0,0,149,0.0077,30,119,54,8.86,7.0,133,14,2,0,34,0.037,"{""IC"": 84, ""S"": 21, ""PYO"": 26, ""HSM"": 4, ""HDM"": 8, ""MV"": 6}","[5, 6, 7, 9, 8, 14, 13, 11, 10, 23]",0.0083
2019,4,6,6,204,15618,76.56,0,14,139,0.0089,28,111,61,10.5,7.0,116,16,6,1,18,0.0426,"{""S"": 14, ""IC"": 71, ""PYO"": 40, ""HSM"": 3, ""HDM"": 8, ""AE"": 1, ""MV"": 2}","[5, 6, 7, 8, 9, 12, 11, 13, 10, 14]",0.0082
2019,4,7,7,208,15390,73.99,0,0,113,0.0073,25,88,75,11.73,7.0,90,14,8,1,14,0.0288,"{""IC"": 74, ""PVV"": 1, ""S"": 17, ""PYO"": 11, ""HDM"": 5, ""AE"": 1, ""MV"": 4}","[5, 6, 7, 8, 9, 10, 11, 15, 14, 19]",0.008
2019,4,8,1,266,18910,71.09,1,138,153,0.0081,33,120,93,12.45,7.0,122,20,7,4,24,0.0319,"{""IC"": 89, ""S"": 22, ""PVV"": 1, ""PYO"": 13, ""HSM"": 7, ""HDM"": 7, ""AE"": 1, ""MV"": 13}","[5, 6, 7, 8, 9, 13, 10, 11, 17, 14]",0.0077
2019,4,9,2,264,19108,72.38,1,178,153,0.008,41,112,65,11.39,7.0,122,18,12,1,24,0.0241,"{""IC"": 90, ""PVV"": 3, ""S"": 23, ""PYO"": 15, ""HSM"": 5, ""HDM"": 9, ""MV"": 8}","[5, 6, 7, 8, 9, 10, 12, 14, 11, 16]",0.0079
2019,4,10,3,272,19332,71.07,14,466,183,0.0095,49,134,67,9.86,7.0,159,17,6,1,23,0.0347,"{""IC"": 114, ""S"": 23, ""PVV"": 1, ""PYO"": 15, ""HSM"": 5, ""HDM"": 6, ""AE"": 2, ""MV"": 17}","[5, 8, 6, 7, 9, 10, 11, 20, 15, 13]",0.0081
2019,4,11,4,264,18864,71.45,3,76,206,0.0109,47,159,104,10.79,7.0,173,21,10,2,33,0.0255,"{""S"": 32, ""IC"": 134, ""PVV"": 1, ""PYO"": 19, ""HSM"": 5, ""HDM"": 12, ""MV"": 3}","[5, 6, 7, 9, 10, 11, 8, 19, 14, 17]",0.0086
2019,4,12,5,272,19504,71.71,3,100,194,0.0099,53,141,125,11.89,7.0,157,24,10,3,33,0.0266,"{""IC"": 111, ""S"": 20, ""PYO"": 37, ""HSM"": 2, ""HDM"": 12, ""AE"": 1, ""MV"": 5, ""V"": 6}","[5, 6, 7, 10, 8, 9, 13, 11, 22, 15]",0.0089
2019,4,13,6,209,15646,74.86,0,2,140,0.0089,26,114,61,11.13,8.0,118,15,6,1,19,0.039,"{""IC"": 74, ""S"": 19, ""PYO"": 37, ""HSM"": 2, ""HDM"": 5, ""AE"": 1, ""MV"": 2}","[5, 6, 9, 7, 8, 10, 11, 14, 13, 12]",0.0089
2019,4,14,7,211,15556,73.73,2,164,139,0.0089,32,107,119,13.55,7.0,106,20,10,3,18,0.0268,"{""IC"": 94, ""PVV"": 2, ""S"": 11, ""PYO"": 13, ""HSM"": 1, ""HDM"": 4, ""AE"": 2, ""MV"": 12}","[5, 6, 7, 9, 10, 13, 8, 20, 16, 14]",0.0092
2019,4,15,1,262,18812,71.8,0,0,146,0.0078,26,120,35,8.54,7.0,132,12,2,0,24,0.0405,"{""IC"": 99, ""S"": 22, ""PVV"": 1, ""PYO"": 14, ""HSM"": 4, ""HDM"": 2, ""AE"": 1, ""MV"": 3}","[5, 7, 8, 6, 10, 9, 12, 13, 11, 14]",0.0091
2019,4,16,2,260,18788,72.26,0,0,132,0.007,25,107,32,8.53,7.0,115,14,3,0,14,0.0546,"{""IC"": 88, ""PVV"": 1, ""S"": 15, ""PYO"": 16, ""HSM"": 1, ""HDM"": 9, ""MV"": 2}","[5, 6, 7, 8, 9, 11, 10, 19, 17, 15]",0.009
2019,4,17,3,269,19618,72.93,4,208,193,0.0098,49,144,68,9.61,7.0,170,16,5,2,32,0.0315,"{""IC"": 119, ""PVV"": 2, ""S"": 26, ""PYO"": 23, ""HSM"": 4, ""HDM"": 14, ""MV"": 5}","[5, 6, 7, 8, 9, 11, 10, 13, 12, 15]",0.009
2019,4,18,4,274,19840,72.41,0,0,169,0.0085,33,136,58,9.91,7.0,141,21,7,0,23,0.0486,"{""IC"": 77, ""PVV"": 1, ""S"": 21, ""PYO"": 38, ""HSM"": 5, ""HDM"": 9, ""AE"": 1, ""MUS"": 5, ""MV"": 12}","[5, 6, 7, 8, 9, 12, 10, 11, 18, 15]",0.0087
2019,4,19,5,230,17140,74.52,0,0,117,0.0068,17,100,69,8.96,6.0,103,11,2,1,13,0.0479,"{""IC"": 58, ""PVV"": 1, ""S"": 14, ""PYO"": 27, ""HSM"": 1, ""HDM"": 10, ""AE"": 2, ""MUS"": 2, ""MV"": 1, ""V"": 1}","[5, 6, 7, 9, 8, 11, 15, 13, 12, 10]",0.0082
2019,4,20,6,222,15716,70.79,0,0,157,0.01,38,119,61,10.2,7.0,130,21,5,1,15,0.0509,"{""IC"": 75, ""PVV"": 1, ""S"": 20, ""PYO"": 38, ""HSM"": 2, ""HDM"": 9, ""AE"": 3, ""MUS"": 6, ""MV"": 3}","[5, 6, 7, 9, 8, 11, 10, 23, 25, 12]",0.0084
2019,4,21,7,180,13248,73.6,1,14,132,0.01,30,102,137,11.82,8.0,109,17,3,3,22,0.0211,"{""IC"": 72, ""S"": 14, ""PYO"": 32, ""HSM"": 1, ""HDM"": 5, ""AE"": 3, ""MUS"": 3, ""V"": 2}","[5, 6, 8, 7, 9, 10, 13, 18, 15, 27]",0.0086
2019,4,22,1,211,16464,78.03,1,14,159,0.0097,25,134,52,10.52,7.0,126,24,9,0,28,0.03,"{""IC"": 89, ""S"": 20, ""PVV"": 2, ""PYO"": 36, ""HSM"": 3, ""HDM"": 7, ""MV"": 2}","[6, 5, 7, 8, 10, 9, 12, 15, 18, 13]",0.0088
2019,4,23,2,263,18608,70.75,0,4,164,0.0088,46,118,61,9.41,7.0,139,22,2,1,25,0.0356,"{""IC"": 111, ""S"": 21, ""PVV"": 3, ""PYO"": 5, ""HSM"": 2, ""HDM"": 15, ""AE"": 2, ""MV"": 5}","[5, 6, 8, 7, 9, 10, 15, 13, 12, 14]",0.0091
2019,4,24,3,259,18552,71.63,1,20,147,0.0079,39,108,55,9.32,7.0,124,21,2,0,20,0.044,"{""IC"": 94, ""S"": 24, ""PVV"": 3, ""PYO"": 5, ""HSM"": 3, ""HDM"": 17, ""MV"": 1}","[5, 6, 7, 8, 9, 15, 10, 12, 11, 14]",0.0088
2019,4,25,4,267,18698,70.03,4,60,140,0.0075,33,107,62,8.72,6.0,125,12,2,1,14,0.0507,"{""IC"": 90, ""PVV"": 1, ""S"": 20, ""PYO"": 8, ""HSM"": 1, ""HDM"": 7, ""AE"": 3, ""MV"": 10}","[5, 6, 7, 9, 8, 11, 12, 10, 14, 17]",0.0087
2019,4,26,5,264,18842,71.37,0,0,143,0.0076,36,107,44,9.22,7.0,121,20,2,0,13,0.0505,"{""S"": 22, ""IC"": 83, ""PVV"": 3, ""PYO"": 16, ""HSM"": 4, ""HDM"": 9, ""AE"": 3, ""MV"": 3}","[5, 6, 7, 9, 8, 11, 12, 10, 18, 16]",0.0088
2019,4,27,6,206,15580,75.63,3,158,138,0.0089,36,102,68,10.1,7.0,117,15,5,1,8,0.047,"{""IC"": 82, ""S"": 13, ""PVV"": 2, ""PYO"": 28, ""HSM"": 1, ""HDM"": 8, ""AE"": 2, ""MV"": 2}","[6, 5, 7, 8, 9, 10, 11, 18, 13, 17]",0.0086
2019,4,28,7,205,15252,74.4,0,0,161,0.0106,37,124,117,9.51,7.0,149,7,4,1,29,0.0222,"{""IC"": 112, ""PVV"": 2, ""S"": 27, ""PYO"": 6, ""HDM"": 7, ""AE"": 6, ""MV"": 1}","[5, 6, 7, 8, 10, 9, 12, 14, 11, 13]",0.0087
2019,4,29,1,262,18342,70.01,2,64,154,0.0084,43,111,42,9.78,7.0,126,23,5,0,21,0.0431,"{""IC"": 98, ""S"": 25, ""HSM"": 4, ""HDM"": 15, ""AE"": 3, ""MV"": 9}","[5, 6, 7, 8, 9, 12, 16, 15, 13, 22]",0.0085
2019,4,30,2,267,18810,70.45,0,0,146,0.0078,38,108,35,8.68,6.0,128,16,2,0,18,0.0446,"{""IC"": 89, ""PVV"": 4, ""S"": 15, ""PYO"": 8, ""HSM"": 4, ""HDM"": 7, ""AE"": 1, ""MUS"": 1, ""MV"": 15, ""V"": 2}","[5, 6, 7, 8, 10, 13, 9, 12, 19, 11]",0.0084
2019,5,1,3,231,17550,75.97,15,366,149,0.0085,40,109,165,12.56,7.0,127,12,5,5,17,0.0383,"{""IC"": 92, ""S"": 24, ""PYO"": 8, ""HSM"": 2, ""HDM"": 8, ""AE"": 2, ""MV"": 13}","[6, 5, 7, 8, 9, 10, 11, 19, 13, 22]",0.0085
2019,5,2,4,258,18314,70.98,3,54,130,0.0071,31,99,52,8.3,7.0,118,10,2,0,15,0.0447,"{""IC"": 79, ""S"": 28, ""PVV"": 3, ""HSM"": 5, ""HDM"": 12, ""AE"": 2, ""MV"": 1}","[5, 6, 7, 8, 9, 10, 15, 11, 12, 16]",0.0084
2019,5,3,5,267,18818,70.48,2,152,151,0.008,42,109,65,10.13,8.0,129,18,3,1,18,0.0321,"{""IC"": 100, ""PVV"": 2, ""S"": 22, ""PYO"": 7, ""HSM"": 1, ""HDM"": 8, ""AE"": 2, ""MV"": 9}","[5, 6, 7, 9, 8, 10, 11, 14, 12, 13]",0.0085
2019,5,4,6,205,15098,73.65,0,0,127,0.0084,38,89,180,11.72,7.0,107,14,3,3,12,0.0271,"{""IC"": 90, ""S"": 13, ""PVV"": 1, ""PYO"": 8, ""HSM"": 1, ""HDM"": 6, ""AE"": 2, ""MUS"": 1, ""MV"": 5}","[5, 6, 7, 9, 8, 10, 13, 11, 14, 17]",0.0084
2019,5,5,7,202,14940,73.96,0,0,139,0.0093,44,95,62,9.4,6.0,123,10,4,2,17,0.0256,"{""IC"": 98, ""PVV"": 2, ""S"": 19, ""HDM"": 8, ""AE"": 12}","[5, 6, 8, 7, 10, 9, 11, 12, 13, 15]",0.0082
2019,5,6,1,265,18510,69.85,3,96,124,0.0067,34,90,32,8.57,6.0,109,13,2,0,9,0.0478,"{""S"": 18, ""IC"": 83, ""PVV"": 2, ""HSM"": 3, ""HDM"": 2, ""MV"": 16}","[5, 6, 7, 8, 9, 15, 10, 11, 12, 13]",0.008
2019,5,7,2,266,18594,69.9,0,0,125,0.0067,34,91,99,10.02,6.0,109,12,1,3,12,0.04,"{""IC"": 85, ""S"": 17, ""HSM"": 6, ""HDM"": 6, ""AE"": 2, ""MUS"": 1, ""MV"": 8}","[5, 6, 7, 9, 8, 11, 15, 10, 19, 20]",0.0078
2019,5,8,3,259,18496,71.41,2,4,121,0.0065,40,81,43,8.3,6.0,114,4,3,0,14,0.0446,"{""IC"": 83, ""PVV"": 2, ""S"": 16, ""PYO"": 8, ""HSM"": 2, ""HDM"": 9, ""AE"": 1}","[5, 6, 7, 8, 10, 9, 11, 14, 12, 13]",0.0075
2019,5,9,4,264,18604,70.47,3,78,169,0.0091,47,122,121,10.29,7.0,143,20,4,2,28,0.0312,"{""IC"": 107, ""S"": 30, ""PVV"": 1, ""PYO"": 7, ""HSM"": 6, ""HDM"": 14, ""AE"": 1, ""MUS"": 1, ""MV"": 2}","[5, 6, 7, 9, 10, 8, 11, 17, 18, 15]",0.0078
2019,5,10,5,265,18736,70.7,0,0,149,0.008,37,112,75,10.07,7.0,128,12,8,1,24,0.0285,"{""IC"": 97, ""PVV"": 3, ""S"": 24, ""PYO"": 6, ""HSM"": 4, ""HDM"": 9, ""AE"": 2, ""MV"": 4}","[5, 6, 7, 8, 9, 10, 11, 14, 13, 17]",0.0078
2019,5,11,6,203,15090,74.33,0,18,107,0.0071,30,77,70,9.48,6.0,93,10,3,1,7,0.0524,"{""IC"": 78, ""PVV"": 2, ""S"": 10, ""PYO"": 4, ""HSM"": 1, ""HDM"": 9, ""AE"": 1, ""MV"": 2}","[5, 7, 6, 8, 10, 12, 11, 9, 14, 29]",0.0076
2019,5,12,7,205,14998,73.16,0,32,121,0.0081,20,101,89,10.0,6.0,103,13,4,1,14,0.0364,"{""IC"": 89, ""S"": 21, ""HSM"": 1, ""HDM"": 7, ""MV"": 3}","[5, 6, 7, 8, 11, 9, 15, 13, 10, 23]",0.0075
2019,5,13,1,261,18328,70.22,2,56,150,0.0082,50,100,46,10.03,7.0,123,24,3,0,21,0.0389,"{""IC"": 113, ""S"": 20, ""HSM"": 2, ""HDM"": 13, ""MV"": 2}","[5, 6, 7, 8, 9, 10, 15, 12, 13, 11]",0.0077
2019,5,14,2,258,18332,71.05,0,8,104,0.0057,22,82,151,9.06,6.0,95,6,2,1,8,0.047,"{""IC"": 69, ""S"": 20, ""HSM"": 2, ""HDM"": 8, ""AE"": 1, ""MV"": 4}","[5, 6, 7, 8, 15, 11, 9, 10, 14, 19]",0.0075
2019,5,15,3,259,18608,71.85,1,28,139,0.0075,39,100,112,9.55,7.0,117,20,1,1,21,0.0386,"{""IC"": 97, ""S"": 20, ""PVV"": 1, ""PYO"": 8, ""HSM"": 2, ""HDM"": 6, ""AE"": 2, ""MV"": 3}","[5, 7, 6, 8, 9, 17, 15, 11, 14, 12]",0.0077
2019,5,16,4,261,18606,71.29,2,32,155,0.0083,40,115,60,10.01,7.0,130,20,4,1,21,0.0357,"{""IC"": 100, ""PVV"": 1, ""S"": 22, ""PYO"": 9, ""HSM"": 4, ""HDM"": 9, ""AE"": 2, ""MV"": 8}","[5, 6, 7, 8, 9, 11, 10, 13, 12, 20]",0.0076
2019,5,17,5,271,19024,70.2,0,40,173,0.0091,40,133,64,9.32,7.0,152,17,2,2,33,0.026,"{""IC"": 115, ""S"": 25, ""PVV"": 2, ""PYO"": 10, ""HSM"": 4, ""HDM"": 9, ""AE"": 1, ""MUS"": 2, ""MV"": 5}","[5, 6, 8, 7, 9, 10, 11, 12, 24, 25]",0.0077
2019,5,18,6,211,15294,72.48,0,0,133,0.0087,39,94,73,9.44,7.0,117,12,3,1,11,0.0379,"{""S"": 18, ""IC"": 92, ""PYO"": 7, ""HSM"": 2, ""HDM"": 4, ""P"": 1, ""AE"": 3, ""MUS"": 5, ""MV"": 1}","[5, 6, 7, 8, 10, 11, 9, 13, 18, 23]",0.0079
2019,5,19,7,212,15260,71.98,0,0,153,0.01,49,104,45,9.69,7.0,134,12,7,0,31,0.0262,"{""IC"": 98, ""S"": 22, ""HSM"": 4, ""HDM"": 16, ""AE"": 2, ""MUS"": 4, ""MV"": 3, ""V"": 4}","[5, 6, 7, 8, 9, 12, 11, 10, 14, 17]",0.0082
2019,5,20,1,263,18416,70.02,0,0,156,0.0085,35,121,40,8.92,7.0,140,12,4,0,36,0.0271,"{""IC"": 106, ""PVV"": 2, ""S"": 20, ""HSM"": 5, ""HDM"": 12, ""AE"": 3, ""MV"": 7, ""V"": 1}","[5, 6, 7, 8, 10, 11, 9, 14, 24, 18]",0.0083
2019,5,21,2,260,18346,70.56,0,102,131,0.0071,34,97,83,11.27,7.0,108,15,5,3,23,0.0303,"{""IC"": 95, ""S"": 16, ""PVV"": 1, ""HSM"": 5, ""HDM"": 8, ""MV"": 6}","[5, 6, 7, 8, 9, 11, 13, 15, 10, 27]",0.0085
2019,5,22,3,259,18572,71.71,1,142,165,0.0089,60,105,54,9.19,7.0,139,24,2,0,30,0.0251,"{""IC"": 112, ""S"": 21, ""PYO"": 7, ""HSM"": 4, ""HDM"": 15, ""AE"": 4, ""V"": 2}","[5, 6, 7, 8, 9, 10, 11, 12, 15, 16]",0.0087
2019,5,23,4,262,18646,71.17,2,40,118,0.0063,22,96,101,8.47,6.0,112,3,2,1,20,0.0338,"{""IC"": 82, ""S"": 15, ""PYO"": 6, ""HSM"": 1, ""HDM"": 8, ""AE"": 1, ""MV"": 5}","[5, 6, 7, 8, 10, 14, 9, 11, 13, 12]",0.0084
2019,5,24,5,264,18666,70.7,3,74,125,0.0067,34,91,48,8.78,6.0,110,11,4,0,20,0.0373,"{""IC"": 89, ""S"": 12, ""PYO"": 10, ""HSM"": 3, ""HDM"": 7, ""AE"": 1, ""MV"": 2, ""V"": 1}","[5, 6, 7, 8, 10, 9, 11, 15, 17, 21]",0.008
2019,5,25,6,216,15242,70.56,0,124,112,0.0073,28,84,46,9.58,7.0,97,13,2,0,18,0.0377,"{""S"": 13, ""IC"": 69, ""PYO"": 7, ""HSM"": 3, ""HDM"": 8, ""AE"": 1, ""MUS"": 7, ""MV"": 4}","[5, 6, 7, 10, 8, 9, 11, 12, 18, 28]",0.0078
2019,5,26,7,210,15144,72.11,2,164,141,0.0093,33,108,54,10.59,8.0,117,18,6,0,34,0.0223,"{""IC"": 104, ""S"": 18, ""PVV"": 1, ""HSM"": 2, ""HDM"": 10, ""AE"": 3, ""MV"": 3}","[5, 6, 7, 9, 10, 11, 8, 13, 21, 15]",0.0077
2019,5,27,1,262,18520,70.69,2,270,126,0.0068,28,98,42,9.61,7.0,110,12,4,0,15,0.0406,"{""S"": 16, ""IC"": 91, ""HSM"": 3, ""HDM"": 10, ""MV"": 6}","[5, 6, 7, 9, 8, 11, 10, 12, 14, 42]",0.0075
2019,5,28,2,262,18480,70.53,0,0,126,0.0068,44,82,28,7.74,6.5,119,7,0,0,11,0.0421,"{""S"": 18, ""IC"": 83, ""PVV"": 2, ""HSM"": 2, ""HDM"": 4, ""AE"": 3, ""MUS"": 2, ""MV"": 12}","[5, 6, 7, 9, 8, 11, 10, 13, 15, 12]",0.0074
2019,5,29,3,262,18622,71.08,1,66,152,0.0082,37,115,95,10.62,7.0,125,20,5,2,20,0.034,"{""IC"": 93, ""PVV"": 3, ""S"": 16, ""PYO"": 11, ""HSM"": 4, ""HDM"": 11, ""AE"": 3, ""MV"": 11}","[5, 6, 7, 11, 8, 10, 9, 15, 12, 17]",0.0073
2019,5,30,4,228,17170,75.31,2,32,127,0.0074,33,94,83,9.84,6.0,110,12,2,3,17,0.0374,"{""IC"": 86, ""PVV"": 1, ""S"": 16, ""PYO"": 7, ""HSM"": 2, ""HDM"": 4, ""MV"": 11}","[5, 6, 7, 8, 9, 10, 15, 11, 24, 30]",0.0075
2019,5,31,5,261,18578,71.18,0,24,158,0.0085,57,101,168,12.91,7.0,126,23,5,4,21,0.0299,"{""S"": 18, ""IC"": 118, ""PVV"": 1, ""PYO"": 9, ""HSM"": 1, ""HDM"": 10, ""AE"": 1}","[5, 6, 7, 13, 10, 8, 16, 14, 11, 12]",0.0078
2019,6,1,6,206,15272,74.14,1,198,121,0.0079,26,95,39,8.07,6.0,110,9,2,0,12,0.0502,"{""IC"": 82, ""S"": 18, ""PVV"": 1, ""PYO"": 7, ""HSM"": 1, ""HDM"": 8, ""AE"": 2, ""MV"": 2}","[5, 6, 7, 9, 8, 14, 12, 10, 15, 18]",0.0078
2019,6,2,7,208,15348,73.79,0,102,147,0.0096,39,108,108,11.37,7.0,124,18,1,4,26,0.0248,"{""IC"": 105, ""S"": 29, ""PVV"": 2, ""HDM"": 9, ""AE"": 1, ""MV"": 1}","[5, 6, 7, 8, 10, 15, 12, 13, 9, 16]",0.0079
2019,6,3,1,259,18338,70.8,2,80,154,0.0084,45,109,69,9.74,7.0,137,12,4,1,21,0.031,"{""IC"": 112, ""PVV"": 1, ""S"": 19, ""HSM"": 3, ""HDM"": 7, ""AE"": 6, ""MV"": 6}","[5, 6, 7, 10, 9, 13, 8, 14, 11, 22]",0.0081
2019,6,4,2,253,18190,71.9,0,2,171,0.0094,49,122,39,8.3,6.0,153,17,1,0,23,0.0433,"{""IC"": 117, ""PVV"": 1, ""S"": 26, ""HSM"": 3, ""HDM"": 21, ""AE"": 1, ""MV"": 2}","[5, 6, 7, 8, 9, 11, 10, 12, 13, 18]",0.0085
2019,6,5,3,256,18472,72.16,0,0,143,0.0077,37,106,46,9.33,7.0,121,18,4,0,21,0.0342,"{""IC"": 98, ""PVV"": 1, ""S"": 18, ""PYO"": 9, ""HSM"": 3, ""HDM"": 11, ""AE"": 3}","[5, 6, 7, 8, 9, 13, 15, 10, 12, 20]",0.0084
2019,6,6,4,268,18958,70.74,6,174,230,0.0121,90,140,119,11.28,7.0,188,30,10,2,41,0.0245,"{""IC"": 147, ""S"": 32, ""PVV"": 4, ""PYO"": 14, ""HSM"": 3, ""HDM"": 20, ""AE"": 1, ""MUS"": 2, ""MV"": 7}","[5, 6, 7, 9, 8, 10, 11, 12, 13, 15]",0.0091
2019,6,7,5,275,18796,68.35,2,36,184,0.0098,59,125,114,10.83,7.0,149,24,10,1,31,0.0302,"{""IC"": 111, ""S"": 23, ""PVV"": 2, ""PYO"": 11, ""HSM"": 6, ""HDM"": 11, ""AE"": 2, ""MUS"": 11, ""MV"": 2, ""V"": 5}","[5, 6, 7, 8, 9, 11, 12, 16, 10, 14]",0.0093
2019,6,8,6,220,15244,69.29,0,0,210,0.0138,68,142,115,14.05,8.0,160,30,12,8,40,0.023,"{""IC"": 124, ""S"": 27, ""PVV"": 2, ""PYO"": 7, ""HSM"": 2, ""HDM"": 21, ""AE"": 5, ""MUS"": 14, ""MV"": 8}","[5, 6, 7, 9, 8, 12, 10, 18, 13, 15]",0.0101
2019,6,9,7,215,15320,71.26,0,0,142,0.0093,35,107,80,9.96,7.0,120,19,1,2,30,0.0313,"{""IC"": 98, ""S"": 19, ""HDM"": 12, ""AE"": 2, ""MUS"": 7, ""MV"": 2, ""V"": 2}","[5, 6, 7, 8, 9, 12, 14, 17, 11, 16]",0.0101
2019,6,10,1,255,18400,72.16,0,0,168,0.0091,41,127,68,9.76,7.0,143,21,3,1,28,0.0313,"{""IC"": 118, ""S"": 26, ""PVV"": 1, ""PYO"": 10, ""HSM"": 3, ""HDM"": 9, ""AE"": 1}","[5, 6, 8, 7, 9, 12, 15, 10, 13, 27]",0.0102
2019,6,11,2,257,18708,72.79,2,206,202,0.0108,51,151,70,10.59,8.0,166,26,9,1,41,0.0201,"{""IC"": 141, ""S"": 30, ""PVV"": 2, ""PYO"": 9, ""HSM"": 2, ""HDM"": 8, ""AE"": 1, ""MV"": 9}","[5, 6, 7, 8, 9, 12, 10, 11, 17, 14]",0.0104
2019,6,12,3,264,18754,71.04,2,40,186,0.0099,52,134,56,9.56,7.0,155,23,8,0,43,0.025,"{""S"": 31, ""IC"": 126, ""PVV"": 1, ""PYO"": 10, ""HSM"": 2, ""HDM"": 7, ""MUS"": 4, ""MV"": 5}","[5, 7, 6, 8, 9, 10, 15, 14, 18, 11]",0.0107
2019,6,13,4,269,18884,70.2,1,16,194,0.0103,53,141,76,11.58,8.0,157,25,10,2,52,0.0243,"{""IC"": 111, ""S"": 27, ""PVV"": 2, ""PYO"": 8, ""HSM"": 3, ""HDM"": 13, ""AE"": 2, ""MUS"": 4, ""MV"": 24}","[5, 6, 7, 8, 11, 10, 9, 12, 13, 14]",0.0104
2019,6,14,5,263,18642,70.88,0,0,174,0.0093,37,137,83,10.43,7.0,149,16,7,2,29,0.0239,"{""IC"": 127, ""S"": 21, ""PVV"": 1, ""PYO"": 8, ""HSM"": 3, ""HDM"": 8, ""AE"": 1, ""MUS"": 5}","[5, 6, 7, 8, 9, 10, 11, 12, 13, 16]",0.0104
2019,6,15,6,209,15350,73.44,0,28,133,0.0087,37,96,56,9.45,6.0,113,16,4,0,5,0.0458,"{""IC"": 90, ""PVV"": 2, ""S"": 16, ""PYO"": 19, ""HDM"": 1, ""AE"": 1, ""MV"": 4}","[5, 6, 8, 7, 11, 9, 17, 14, 13, 20]",0.0096
2019,6,16,7,220,15502,70.46,2,116,155,0.01,35,120,84,11.46,7.0,123,25,4,3,31,0.0336,"{""IC"": 104, ""PVV"": 1, ""S"": 21, ""PYO"": 7, ""HSM"": 4, ""HDM"": 9, ""AE"": 2, ""MUS"": 2, ""MV"": 5}","[5, 6, 8, 7, 9, 10, 15, 12, 18, 13]",0.0097
2019,6,17,1,258,18450,71.51,6,76,167,0.0091,42,125,161,12.17,7.0,142,18,2,5,26,0.0297,"{""S"": 24, ""IC"": 110, ""PVV"": 1, ""PYO"": 10, ""HSM"": 4, ""HDM"": 15, ""AE"": 1, ""MV"": 2}","[5, 6, 7, 9, 8, 14, 11, 12, 10, 13]",0.0097
2019,6,18,2,261,18642,71.43,1,76,149,0.008,41,108,68,9.42,7.0,130,14,4,1,20,0.0426,"{""IC"": 91, ""S"": 24, ""PVV"": 3, ""PYO"": 10, ""HSM"": 2, ""HDM"": 5, ""AE"": 1, ""MV"": 8, ""V"": 5}","[5, 6, 7, 8, 9, 11, 10, 12, 17, 14]",0.0093
2019,6,19,3,259,18518,71.5,2,32,145,0.0078,29,116,34,8.14,7.0,135,9,1,0,16,0.0396,"{""IC"": 99, ""PVV"": 3, ""S"": 18, ""PYO"": 8, ""HDM"": 12, ""AE"": 1, ""MV"": 4}","[5, 6, 7, 8, 9, 10, 13, 12, 14, 21]",0.009
2019,6,20,4,264,18894,71.57,0,138,188,0.01,47,141,166,12.74,7.0,157,17,7,7,29,0.0222,"{""IC"": 129, ""S"": 22, ""PVV"": 1, ""PYO"": 14, ""HSM"": 2, ""HDM"": 13, ""AE"": 2, ""MV"": 5}","[5, 6, 7, 9, 8, 10, 14, 11, 15, 13]",0.009
2019,6,21,5,186,10450,56.18,0,114,94,0.009,44,50,121,17.19,8.0,64,15,8,7,18,0.0259,"{""IC"": 46, ""PVV"": 2, ""S"": 20, ""HSM"": 2, ""HDM"": 18, ""AE"": 2, ""MV"": 4}","[5, 6, 8, 10, 7, 22, 9, 15, 16, 37]",0.0089
2019,6,22,6,165,9712,58.86,0,0,114,0.0117,36,78,108,11.52,7.0,95,13,4,2,19,0.0357,"{""IC"": 77, ""S"": 4, ""PYO"": 13, ""HDM"": 12, ""MV"": 8}","[5, 6, 7, 12, 11, 8, 10, 9, 16, 21]",0.0094
2019,6,23,7,215,15882,73.87,0,0,163,0.0103,53,110,64,10.5,7.0,139,17,5,2,25,0.0306,"{""IC"": 94, ""S"": 20, ""PYO"": 8, ""HSM"": 1, ""HDM"": 20, ""AE"": 2, ""MV"": 18}","[5, 6, 7, 10, 12, 8, 9, 11, 13, 16]",0.0094
2019,6,24,1,259,17964,69.36,1,48,133,0.0074,27,106,103,9.89,6.0,114,14,4,1,17,0.0322,"{""S"": 20, ""IC"": 86, ""PVV"": 1, ""PYO"": 8, ""HSM"": 2, ""HDM"": 9, ""AE"": 2, ""MV"": 5}","[5, 6, 7, 12, 19, 14, 8, 13, 10, 21]",0.0092
2019,6,25,2,259,18112,69.93,1,40,131,0.0072,43,88,69,9.16,6.0,114,14,2,1,20,0.0283,"{""IC"": 87, ""S"": 17, ""PYO"": 10, ""HDM"": 9, ""AE"": 1, ""MV"": 7}","[5, 6, 7, 10, 8, 9, 12, 13, 15, 17]",0.0091
2019,6,26,3,256,17956,70.14,0,0,114,0.0063,37,77,44,8.07,6.0,103,9,2,0,14,0.0359,"{""IC"": 73, ""PVV"": 2, ""S"": 11, ""PYO"": 6, ""HSM"": 2, ""HDM"": 11, ""AE"": 3, ""MV"": 6}","[5, 6, 7, 8, 15, 10, 9, 12, 11, 17]",0.0088
2019,6,27,4,259,18094,69.86,4,36,123,0.0068,33,90,38,8.29,7.0,111,11,1,0,20,0.0404,"{""IC"": 82, ""S"": 15, ""PYO"": 10, ""HSM"": 1, ""HDM"": 10, ""MV"": 5}","[5, 6, 7, 8, 9, 10, 11, 17, 12, 15]",0.0084
2019,6,28,5,264,18470,69.96,4,8,115,0.0062,27,88,91,8.63,6.0,103,10,1,1,8,0.0521,"{""IC"": 81, ""S"": 12, ""PVV"": 1, ""PYO"": 7, ""HSM"": 1, ""HDM"": 10, ""MV"": 3}","[5, 6, 7, 8, 13, 12, 17, 16, 10, 9]",0.008
2019,6,29,6,226,15422,68.24,8,16,124,0.008,26,98,54,9.39,6.0,110,8,6,0,13,0.0529,"{""IC"": 74, ""PVV"": 2, ""S"": 11, ""PYO"": 18, ""HSM"": 2, ""HDM"": 9, ""AE"": 1, ""MUS"": 2, ""MV"": 5}","[5, 6, 7, 10, 8, 9, 14, 15, 13, 29]",0.0075
2019,6,30,7,200,14948,74.74,7,14,121,0.0081,32,89,62,8.88,6.0,110,6,3,2,8,0.0489,"{""IC"": 81, ""S"": 17, ""PYO"": 10, ""HDM"": 7, ""AE"": 1, ""MUS"": 4, ""MV"": 1}","[5, 6, 7, 8, 10, 11, 13, 9, 17, 16]",0.0071
2019,7,1,1,258,17624,68.31,1,14,188,0.0107,68,120,67,11.13,7.0,155,20,11,2,35,0.0268,"{""IC"": 138, ""S"": 26, ""HSM"": 2, ""HDM"": 14, ""AE"": 3, ""MV"": 5}","[5, 6, 7, 8, 9, 11, 12, 10, 20, 14]",0.0076
2019,7,2,2,253,17464,69.03,0,152,165,0.0094,58,107,75,12.04,8.0,134,17,11,3,34,0.025,"{""IC"": 103, ""S"": 28, ""PVV"": 2, ""HSM"": 3, ""HDM"": 19, ""AE"": 5, ""MUS"": 2, ""MV"": 3}","[5, 6, 7, 8, 12, 10, 9, 14, 19, 16]",0.0079
2019,7,3,3,257,17924,69.74,3,56,172,0.0096,54,118,151,10.95,7.0,141,27,3,1,26,0.0275,"{""IC"": 87, ""S"": 25, ""PVV"": 3, ""PYO"": 13, ""HSM"": 4, ""HDM"": 19, ""AE"": 4, ""MUS"": 5, ""MV"": 12}","[5, 6, 7, 8, 10, 9, 11, 21, 14, 15]",0.0084
2019,7,4,4,259,18138,70.03,1,16,144,0.0079,47,97,55,9.97,7.0,125,11,8,0,29,0.037,"{""IC"": 87, ""S"": 24, ""PVV"": 2, ""PYO"": 7, ""HSM"": 2, ""HDM"": 10, ""AE"": 1, ""MV"": 11}","[5, 6, 7, 8, 9, 10, 11, 12, 14, 16]",0.0086
2019,7,5,5,264,18604,70.47,3,88,164,0.0088,54,110,70,10.05,7.0,142,15,5,2,27,0.0311,"{""IC"": 116, ""S"": 16, ""PVV"": 1, ""PYO"": 9, ""HSM"": 2, ""HDM"": 11, ""AE"": 3, ""MV"": 6}","[5, 6, 7, 8, 10, 11, 14, 9, 12, 18]",0.0089
2019,7,6,6,217,15694,72.32,0,112,117,0.0075,29,88,55,9.62,6.0,99,13,5,0,19,0.0462,"{""IC"": 72, ""S"": 15, ""PYO"": 12, ""HSM"": 2, ""HDM"": 4, ""AE"": 1, ""MUS"": 7, ""MV"": 4}","[5, 6, 8, 11, 9, 7, 10, 16, 12, 18]",0.0089
2019,7,7,7,217,15582,71.81,0,102,163,0.0105,39,124,49,9.21,7.0,144,15,4,0,27,0.0354,"{""IC"": 90, ""S"": 23, ""PVV"": 3, ""PYO"": 9, ""HDM"": 29, ""MUS"": 4, ""MV"": 2, ""V"": 3}","[5, 6, 7, 9, 8, 11, 12, 10, 23, 16]",0.0092
2019,7,8,1,266,18696,70.29,0,2,166,0.0089,40,126,60,9.83,7.0,140,19,6,1,31,0.0448,"{""IC"": 112, ""S"": 16, ""PYO"": 8, ""HSM"": 2, ""HDM"": 7, ""AE"": 2, ""MUS"": 7, ""MV"": 9, ""V"": 3}","[5, 6, 7, 12, 8, 9, 10, 15, 13, 11]",0.0089
2019,7,9,2,255,18420,72.24,8,156,175,0.0095,57,118,45,8.18,6.0,159,15,1,0,13,0.0505,"{""IC"": 121, ""S"": 24, ""PVV"": 1, ""PYO"": 9, ""HSM"": 2, ""HDM"": 11, ""AE"": 2, ""MUS"": 5}","[5, 6, 8, 7, 12, 10, 9, 11, 17, 16]",0.009
2019,7,10,3,261,18574,71.16,1,64,139,0.0075,34,105,126,9.86,6.0,125,9,4,1,26,0.0416,"{""IC"": 89, ""S"": 18, ""PVV"": 1, ""PYO"": 6, ""HSM"": 2, ""HDM"": 12, ""MUS"": 4, ""V"": 7}","[5, 6, 7, 9, 8, 12, 13, 10, 16, 14]",0.0087
2019,7,11,4,264,18566,70.33,0,0,130,0.007,30,100,207,11.39,6.0,115,7,5,3,16,0.0533,"{""IC"": 81, ""S"": 17, ""PVV"": 1, ""PYO"": 8, ""HSM"": 2, ""HDM"": 7, ""MUS"": 5, ""MV"": 9}","[5, 6, 7, 8, 11, 9, 13, 10, 26, 31]",0.0085
2019,7,12,5,263,18682,71.03,0,0,171,0.0092,59,112,125,12.47,7.0,142,17,7,5,21,0.0215,"{""IC"": 119, ""PVV"": 5, ""S"": 20, ""PYO"": 6, ""HSM"": 2, ""HDM"": 14, ""MUS"": 5}","[5, 7, 6, 10, 8, 9, 13, 14, 11, 15]",0.0086
2019,7,13,6,207,15408,74.43,0,0,112,0.0073,25,87,39,9.47,7.0,96,14,2,0,7,0.0487,"{""IC"": 70, ""S"": 11, ""PVV"": 2, ""PYO"": 13, ""HSM"": 2, ""HDM"": 6, ""AE"": 3, ""MUS"": 4, ""MV"": 1}","[5, 6, 7, 8, 9, 14, 12, 13, 18, 17]",0.0086
2019,7,14,7,198,15254,77.04,0,0,109,0.0071,29,80,92,11.05,6.0,91,11,4,3,9,0.0405,"{""IC"": 79, ""PVV"": 3, ""S"": 15, ""PYO"": 3, ""HSM"": 1, ""HDM"": 6, ""MUS"": 1, ""MV"": 1}","[5, 6, 8, 7, 9, 16, 10, 17, 11, 12]",0.0081
2019,7,15,1,268,19160,71.49,7,194,186,0.0097,60,126,116,10.8,7.0,157,19,8,2,23,0.0232,"{""IC"": 129, ""S"": 20, ""PYO"": 9, ""HSM"": 1, ""HDM"": 10, ""AE"": 1, ""MV"": 16}","[5, 6, 8, 7, 9, 13, 11, 15, 14, 12]",0.0082
2019,7,16,2,260,18576,71.45,2,80,149,0.008,46,103,105,10.26,7.0,129,12,7,1,20,0.0276,"{""IC"": 92, ""S"": 30, ""PVV"": 1, ""PYO"": 5, ""HSM"": 3, ""HDM"": 10, ""AE"": 4, ""MV"": 4}","[5, 6, 8, 7, 9, 10, 13, 12, 11, 15]",0.008
2019,7,17,3,270,19018,70.44,3,160,149,0.0078,44,105,37,9.64,6.0,124,17,8,0,26,0.045,"{""IC"": 96, ""PVV"": 2, ""S"": 18, ""PYO"": 8, ""HSM"": 1, ""HDM"": 10, ""AE"": 1, ""MV"": 13}","[5, 6, 8, 7, 9, 12, 11, 21, 32, 28]",0.008
2019,7,18,4,260,18612,71.58,2,108,133,0.0071,43,90,99,11.35,7.0,110,15,6,2,13,0.0362,"{""IC"": 93, ""PVV"": 2, ""S"": 13, ""PYO"": 6, ""HSM"": 2, ""HDM"": 5, ""AE"": 1, ""MV"": 11}","[5, 6, 7, 9, 8, 11, 10, 13, 17, 18]",0.008
2019,7,19,5,262,18658,71.21,2,36,135,0.0072,33,102,61,10.3,7.0,115,12,7,1,15,0.036,"{""IC"": 95, ""S"": 15, ""PYO"": 6, ""HDM"": 10, ""MV"": 9}","[5, 6, 8, 7, 9, 12, 26, 15, 10, 33]",0.0077
2019,7,20,6,220,15926,72.39,2,64,132,0.0083,40,92,59,8.71,6.0,119,7,6,0,13,0.0513,"{""IC"": 93, ""PVV"": 1, ""S"": 11, ""PYO"": 13, ""HSM"": 2, ""HDM"": 5, ""AE"": 1, ""MUS"": 3, ""MV"": 2, ""V"": 1}","[5, 6, 7, 8, 9, 10, 16, 14, 36, 12]",0.0079
2019,7,21,7,203,15366,75.69,0,0,124,0.0081,32,92,43,8.25,6.0,114,7,3,0,16,0.0574,"{""IC"": 71, ""S"": 22, ""PVV"": 1, ""PYO"": 8, ""HDM"": 7, ""AE"": 3, ""MUS"": 2, ""MV"": 8, ""V"": 2}","[5, 6, 7, 8, 12, 10, 9, 17, 11, 13]",0.008
2019,7,22,1,258,18414,71.37,5,120,156,0.0085,32,124,54,10.62,7.0,129,19,8,0,17,0.0362,"{""IC"": 103, ""S"": 15, ""PYO"": 12, ""HSM"": 2, ""HDM"": 19, ""AE"": 3, ""MV"": 2}","[5, 6, 7, 8, 9, 10, 11, 12, 16, 13]",0.0079
2019,7,23,2,260,18598,71.53,2,202,164,0.0088,46,118,111,11.38,7.0,138,16,7,3,21,0.0324,"{""S"": 21, ""IC"": 108, ""PVV"": 1, ""PYO"": 7, ""HSM"": 4, ""HDM"": 14, ""AE"": 1, ""MV"": 8}","[5, 6, 7, 8, 9, 13, 10, 11, 14, 15]",0.008
2019,7,24,3,261,18550,71.07,3,124,154,0.0083,50,104,71,10.02,6.0,130,20,3,1,17,0.0384,"{""IC"": 95, ""S"": 24, ""PYO"": 8, ""HSM"": 2, ""HDM"": 13, ""AE"": 5, ""MV"": 7}","[5, 6, 8, 7, 9, 14, 10, 23, 29, 12]",0.008
2019,7,25,4,266,18676,70.21,7,114,167,0.0089,64,103,256,14.5,8.0,128,25,9,5,15,0.0322,"{""IC"": 109, ""PVV"": 1, ""S"": 19, ""PYO"": 8, ""HSM"": 1, ""HDM"": 24, ""MV"": 5}","[5, 6, 8, 7, 10, 9, 12, 15, 14, 16]",0.0083
2019,7,26,5,272,18722,68.83,2,24,191,0.0102,45,146,173,14.58,7.0,154,22,5,10,30,0.02,"{""IC"": 125, ""S"": 22, ""PYO"": 9, ""HSM"": 1, ""HDM"": 22, ""AE"": 3, ""MUS"": 2, ""MV"": 6, ""V"": 1}","[5, 6, 7, 8, 9, 12, 10, 11, 15, 16]",0.0087
2019,7,27,6,214,15524,72.54,0,10,172,0.0111,58,114,261,13.01,8.0,136,25,8,3,32,0.0254,"{""IC"": 87, ""S"": 33, ""PVV"": 2, ""PYO"": 16, ""HSM"": 5, ""HDM"": 16, ""AE"": 3, ""MUS"": 4, ""MV"": 6}","[5, 6, 8, 7, 9, 13, 16, 11, 10, 12]",0.0091
2019,7,28,7,198,15112,76.32,0,0,163,0.0108,36,127,74,9.21,7.0,145,16,1,1,28,0.0284,"{""IC"": 114, ""S"": 25, ""PYO"": 7, ""HDM"": 13, ""HSM"": 2, ""AE"": 1, ""MV"": 1}","[5, 7, 6, 8, 9, 11, 10, 26, 23, 13]",0.0095
2019,7,29,1,247,18228,73.8,0,0,144,0.0079,34,110,48,8.28,6.0,132,10,2,0,18,0.0568,"{""IC"": 92, ""PVV"": 1, ""S"": 21, ""PYO"": 9, ""HSM"": 3, ""HDM"": 15, ""MV"": 3}","[5, 6, 8, 7, 10, 9, 11, 17, 12, 16]",0.0094
2019,7,30,2,246,18522,75.29,1,112,146,0.0079,31,115,38,8.57,6.0,132,12,2,0,22,0.0445,"{""IC"": 84, ""PVV"": 1, ""S"": 19, ""PYO"": 10, ""HSM"": 2, ""HDM"": 21, ""AE"": 4, ""MV"": 5}","[5, 6, 7, 8, 11, 9, 12, 10, 14, 22]",0.0093
2019,7,31,3,244,18154,74.4,1,32,164,0.009,61,103,126,9.05,6.0,148,13,2,1,25,0.041,"{""IC"": 111, ""S"": 23, ""PVV"": 2, ""PYO"": 6, ""HSM"": 2, ""HDM"": 16, ""AE"": 2, ""MV"": 1, ""V"": 1}","[5, 6, 7, 8, 9, 14, 12, 10, 11, 22]",0.0094
2019,8,1,4,249,18480,74.22,3,50,147,0.008,34,113,30,8.29,6.0,132,14,1,0,19,0.0568,"{""IC"": 100, ""S"": 19, ""PVV"": 2, ""PYO"": 8, ""HSM"": 1, ""HDM"": 16, ""AE"": 1}","[5, 6, 8, 7, 9, 11, 14, 10, 28, 17]",0.0093
2019,8,2,5,249,18552,74.51,1,20,127,0.0068,24,103,107,10.09,6.0,112,9,4,2,8,0.0742,"{""IC"": 83, ""PVV"": 2, ""S"": 19, ""PYO"": 13, ""HDM"": 5, ""AE"": 1, ""V"": 4}","[5, 6, 7, 8, 9, 10, 13, 12, 16, 11]",0.0088
2019,8,3,6,184,14186,77.1,4,90,127,0.009,28,99,40,10.14,7.0,106,15,6,0,16,0.0468,"{""IC"": 88, ""S"": 13, ""PYO"": 18, ""HDM"": 4, ""MV"": 4}","[5, 6, 7, 8, 11, 10, 14, 9, 29, 21]",0.0085
2019,8,4,7,187,14958,79.99,0,10,102,0.0068,18,84,109,10.59,7.0,89,9,2,2,10,0.0414,"{""IC"": 66, ""PVV"": 2, ""S"": 19, ""PYO"": 9, ""HDM"": 3, ""MUS"": 1, ""V"": 2}","[5, 7, 6, 9, 8, 10, 12, 11, 20, 22]",0.0079
2019,8,5,1,242,18084,74.73,0,0,113,0.0062,26,87,46,8.31,6.0,102,10,1,0,14,0.05,"{""IC"": 79, ""S"": 13, ""PYO"": 10, ""HSM"": 2, ""HDM"": 6, ""AE"": 3}","[5, 6, 7, 8, 9, 12, 20, 14, 10, 11]",0.0077
2019,8,6,2,243,18176,74.8,0,0,142,0.0078,40,102,29,8.69,6.5,123,19,0,0,22,0.0427,"{""IC"": 107, ""PVV"": 2, ""S"": 13, ""PYO"": 6, ""HSM"": 1, ""HDM"": 9, ""AE"": 2, ""MV"": 2}","[5, 6, 7, 10, 8, 9, 12, 16, 18, 11]",0.0077
2019,8,7,3,248,18330,73.91,0,28,157,0.0086,41,116,61,9.17,7.0,142,11,3,1,20,0.0479,"{""IC"": 105, ""S"": 24, ""PVV"": 1, ""PYO"": 10, ""HSM"": 1, ""HDM"": 10, ""AE"": 1, ""MUS"": 1, ""MV"": 4}","[5, 6, 7, 8, 9, 10, 14, 12, 11, 13]",0.0076
2019,8,8,4,245,18230,74.41,3,66,131,0.0072,37,94,105,9.0,7.0,121,7,2,1,10,0.0299,"{""IC"": 90, ""S"": 13, ""PVV"": 2, ""PYO"": 10, ""HSM"": 3, ""HDM"": 8, ""AE"": 1, ""MV"": 4}","[5, 6, 7, 9, 8, 11, 10, 13, 14, 15]",0.0075
2019,8,9,5,248,18404,74.21,3,54,152,0.0083,34,118,50,8.69,6.0,136,12,4,0,19,0.0482,"{""IC"": 112, ""PVV"": 3, ""S"": 16, ""PYO"": 9, ""HSM"": 1, ""HDM"": 8, ""AE"": 1, ""MV"": 2}","[5, 6, 7, 8, 10, 9, 20, 12, 13, 11]",0.0077
2019,8,10,6,199,15324,77.01,0,0,132,0.0086,29,103,48,9.48,6.0,111,17,4,0,14,0.0483,"{""IC"": 78, ""PVV"": 3, ""S"": 12, ""PYO"": 15, ""HSM"": 3, ""HDM"": 10, ""AE"": 2, ""MV"": 7, ""V"": 2}","[5, 6, 7, 8, 13, 9, 14, 16, 18, 10]",0.0076
2019,8,11,7,217,15652,72.13,0,110,194,0.0124,55,139,125,10.56,7.0,164,24,4,2,33,0.0239,"{""IC"": 126, ""S"": 26, ""PVV"": 2, ""PYO"": 9, ""HDM"": 12, ""AE"": 3, ""MUS"": 1, ""MV"": 15}","[5, 6, 7, 9, 11, 10, 8, 14, 12, 18]",0.0084
2019,8,12,1,263,18616,70.78,1,24,143,0.0077,37,106,46,8.27,6.0,131,11,1,0,18,0.0545,"{""IC"": 81, ""PVV"": 2, ""S"": 21, ""PYO"": 10, ""HSM"": 2, ""HDM"": 16, ""AE"": 5, ""MUS"": 1, ""V"": 5}","[5, 6, 7, 8, 11, 10, 9, 13, 19, 16]",0.0087
2019,8,13,2,264,18628,70.56,0,28,186,0.01,57,129,107,12.08,7.0,153,22,5,6,20,0.0406,"{""S"": 30, ""IC"": 113, ""PYO"": 10, ""HSM"": 2, ""HDM"": 11, ""AE"": 5, ""MUS"": 7, ""MV"": 8}","[5, 6, 7, 8, 10, 9, 13, 11, 14, 16]",0.009
2019,8,14,3,263,18632,70.84,2,38,112,0.006,24,88,74,8.6,6.0,98,13,0,1,7,0.061,"{""IC"": 68, ""S"": 11, ""PYO"": 10, ""HSM"": 3, ""HDM"": 12, ""AE"": 3, ""MV"": 1, ""V"": 4}","[5, 6, 7, 8, 10, 13, 19, 12, 17, 22]",0.0086
2019,8,15,4,259,18538,71.58,0,8,142,0.0077,29,113,35,8.58,7.0,130,10,2,0,16,0.0544,"{""IC"": 94, ""S"": 20, ""PVV"": 1, ""PYO"": 8, ""HSM"": 2, ""HDM"": 17}","[5, 7, 6, 8, 10, 12, 9, 13, 11, 14]",0.0087
2019,8,16,5,270,18818,69.7,1,114,159,0.0084,31,128,59,10.32,7.0,133,20,6,0,24,0.0364,"{""IC"": 104, ""PVV"": 2, ""S"": 20, ""PYO"": 7, ""HDM"": 17, ""MUS"": 3, ""MV"": 1, ""V"": 5}","[5, 6, 7, 8, 10, 9, 13, 12, 18, 11]",0.0087
2019,8,17,6,209,15506,74.19,0,0,106,0.0068,23,83,34,8.63,7.0,94,10,2,0,14,0.0574,"{""S"": 11, ""IC"": 69, ""PVV"": 1, ""PYO"": 12, ""HSM"": 2, ""HDM"": 6, ""AE"": 1, ""MUS"": 3, ""MV"": 1}","[5, 6, 7, 8, 14, 10, 15, 11, 12, 9]",0.0084
2019,8,18,7,206,15374,74.63,0,28,98,0.0064,16,82,45,9.64,6.0,85,6,7,0,7,0.0424,"{""IC"": 74, ""S"": 13, ""PYO"": 6, ""HDM"": 3, ""AE"": 2}","[5, 6, 7, 8, 9, 14, 12, 31, 11, 36]",0.0076
2019,8,19,1,258,18008,69.8,0,0,109,0.0061,28,81,42,7.86,6.0,102,6,1,0,16,0.055,"{""IC"": 66, ""S"": 20, ""PYO"": 7, ""HSM"": 2, ""HDM"": 9, ""AE"": 3, ""MV"": 1, ""V"": 1}","[5, 6, 7, 8, 10, 9, 11, 26, 25, 22]",0.0073
2019,8,20,2,264,18380,69.62,3,116,135,0.0073,38,97,163,9.94,6.0,122,9,2,2,16,0.0309,"{""IC"": 85, ""S"": 15, ""PVV"": 1, ""PYO"": 10, ""HSM"": 7, ""HDM"": 5, ""AE"": 3, ""MV"": 9}","[5, 6, 9, 8, 7, 10, 13, 11, 15, 12]",0.007
2019,8,21,3,262,18114,69.14,3,82,128,0.0071,38,90,86,9.02,7.0,115,10,2,1,15,0.0515,"{""IC"": 85, ""PVV"": 2, ""S"": 14, ""PYO"": 7, ""HSM"": 8, ""HDM"": 5, ""MUS"": 1, ""MV"": 5, ""V"": 1}","[5, 6, 7, 8, 10, 9, 14, 15, 11, 12]",0.0071
2019,8,22,4,262,18338,69.99,0,0,126,0.0069,27,99,69,10.13,7.0,110,10,5,1,21,0.0332,"{""IC"": 75, ""S"": 20, ""PVV"": 1, ""PYO"": 15, ""HSM"": 2, ""HDM"": 6, ""MUS"": 1, ""MV"": 5, ""V"": 1}","[5, 6, 7, 8, 9, 13, 10, 14, 12, 20]",0.007
2019,8,23,5,272,19100,70.22,4,176,230,0.012,63,167,48,11.18,8.0,180,40,10,0,48,0.0262,"{""S"": 31, ""IC"": 156, ""PYO"": 13, ""HSM"": 3, ""HDM"": 11, ""AE"": 8, ""MV"": 8}","[5, 7, 6, 9, 8, 11, 12, 10, 20, 18]",0.0075
2019,8,24,6,210,15450,73.57,2,92,118,0.0076,26,92,33,8.47,6.0,103,14,1,0,12,0.0596,"{""S"": 11, ""IC"": 73, ""PVV"": 2, ""PYO"": 15, ""HSM"": 1, ""HDM"": 4, ""MUS"": 10, ""MV"": 2}","[5, 6, 7, 8, 9, 12, 15, 17, 19, 14]",0.0076
2019,8,25,7,211,15296,72.49,0,0,133,0.0087,32,101,62,9.05,7.0,117,12,3,1,19,0.0291,"{""IC"": 88, ""S"": 20, ""PVV"": 2, ""PYO"": 8, ""HDM"": 6, ""AE"": 5, ""MUS"": 4}","[5, 6, 8, 7, 9, 10, 16, 11, 13, 14]",0.008
2019,8,26,1,257,17988,69.99,0,0,122,0.0068,30,92,33,7.61,6.0,114,7,1,0,17,0.048,"{""IC"": 81, ""S"": 13, ""PVV"": 1, ""PYO"": 7, ""HSM"": 4, ""HDM"": 11, ""AE"": 4, ""MV"": 1}","[5, 6, 8, 7, 10, 9, 13, 15, 16, 24]",0.0081
2019,8,27,2,253,17976,71.05,0,12,130,0.0072,32,98,47,8.64,6.0,117,9,4,0,20,0.0435,"{""IC"": 79, ""PVV"": 1, ""S"": 26, ""PYO"": 10, ""HSM"": 3, ""HDM"": 8, ""AE"": 1, ""MV"": 2}","[5, 6, 8, 7, 11, 9, 10, 13, 24, 14]",0.008
2019,8,28,3,260,18088,69.57,1,16,92,0.0051,18,74,31,8.86,7.0,78,12,2,0,12,0.0467,"{""IC"": 62, ""PVV"": 1, ""S"": 12, ""PYO"": 9, ""HSM"": 1, ""HDM"": 2, ""AE"": 1, ""MV"": 4}","[5, 6, 8, 7, 9, 15, 20, 10, 16, 22]",0.0078
2019,8,29,4,261,18294,70.09,3,12,100,0.0055,29,71,47,9.15,6.0,86,10,4,0,9,0.0485,"{""S"": 12, ""IC"": 61, ""PYO"": 15, ""HSM"": 4, ""HDM"": 5, ""AE"": 2, ""MUS"": 1}","[5, 6, 7, 9, 8, 12, 10, 20, 16, 11]",0.0076
2019,8,30,5,268,18934,70.65,0,4,155,0.0082,30,125,114,10.93,7.0,128,21,4,2,26,0.0362,"{""IC"": 98, ""S"": 20, ""PYO"": 15, ""HSM"": 3, ""HDM"": 7, ""AE"": 2, ""MV"": 7, ""V"": 3}","[5, 6, 7, 11, 9, 10, 12, 8, 13, 16]",0.007
2019,8,31,6,207,15444,74.61,0,0,123,0.008,29,94,80,11.69,7.0,98,15,9,1,11,0.0448,"{""IC"": 76, ""S"": 13, ""PYO"": 20, ""HSM"": 1, ""HDM"": 4, ""AE"": 2, ""MUS"": 2, ""MV"": 5}","[5, 6, 7, 8, 9, 11, 10, 12, 19, 24]",0.0071
2019,9,1,7,207,15446,74.62,0,0,104,0.0067,30,74,109,12.38,7.0,84,9,9,2,15,0.0277,"{""IC"": 57, ""S"": 12, ""PVV"": 2, ""PYO"": 9, ""HSM"": 1, ""HDM"": 5, ""AE"": 7, ""MUS"": 2, ""MV"": 9}","[5, 6, 7, 8, 9, 11, 10, 13, 15, 35]",0.0068
2019,9,2,1,258,18460,71.55,0,0,109,0.0059,30,79,42,8.33,6.0,96,11,2,0,10,0.05,"{""IC"": 76, ""S"": 17, ""PYO"": 9, ""HSM"": 1, ""HDM"": 5, ""AE"": 1}","[5, 7, 6, 8, 12, 9, 18, 16, 11, 17]",0.0067
2019,9,3,2,257,18492,71.95,0,0,121,0.0065,29,92,65,9.83,7.0,106,8,6,1,14,0.0388,"{""IC"": 81, ""S"": 17, ""PYO"": 8, ""HSM"": 3, ""HDM"": 12}","[5, 6, 8, 9, 7, 13, 14, 11, 20, 10]",0.0066
2019,9,4,3,262,18664,71.24,3,142,114,0.0061,36,78,160,9.4,6.0,103,8,2,1,11,0.0481,"{""IC"": 78, ""PVV"": 1, ""S"": 11, ""PYO"": 10, ""HDM"": 9, ""AE"": 3, ""MV"": 2}","[5, 6, 8, 7, 11, 9, 10, 18, 12, 43]",0.0067
2019,9,5,4,272,19432,71.44,6,156,156,0.008,42,114,62,11.15,7.0,123,26,5,2,24,0.0354,"{""IC"": 91, ""S"": 17, ""PVV"": 2, ""PYO"": 13, ""HSM"": 2, ""HDM"": 12, ""AE"": 2, ""MV"": 17}","[5, 6, 7, 10, 9, 16, 8, 14, 15, 13]",0.0071
2019,9,6,5,266,19036,71.56,1,14,154,0.0081,45,109,61,9.03,7.0,137,14,2,1,13,0.0366,"{""IC"": 114, ""S"": 13, ""PYO"": 17, ""HSM"": 2, ""HDM"": 5, ""MV"": 1, ""V"": 2}","[5, 6, 7, 8, 9, 10, 14, 11, 19, 12]",0.007
2019,9,7,6,208,15376,73.92,0,4,120,0.0078,28,92,72,9.49,7.0,106,10,3,1,15,0.0374,"{""IC"": 82, ""S"": 12, ""PYO"": 15, ""HSM"": 1, ""HDM"": 5, ""AE"": 1, ""MV"": 4}","[5, 6, 7, 11, 8, 10, 9, 25, 14, 13]",0.007
2019,9,8,7,211,15386,72.92,0,0,105,0.0068,19,86,41,7.84,6.0,97,6,2,0,12,0.0614,"{""IC"": 66, ""S"": 19, ""PVV"": 1, ""PYO"": 8, ""HSM"": 1, ""HDM"": 2, ""AE"": 1, ""MV"": 5, ""V"": 2}","[5, 7, 6, 8, 9, 13, 11, 28, 10, 14]",0.007
2019,9,9,1,261,18662,71.5,1,18,124,0.0066,32,92,95,8.88,6.0,113,9,1,1,22,0.0476,"{""IC"": 81, ""S"": 17, ""PYO"": 5, ""HSM"": 4, ""HDM"": 15, ""AE"": 2}","[5, 6, 7, 10, 9, 8, 18, 14, 16, 12]",0.0071
2019,9,10,2,257,18492,71.95,5,64,151,0.0082,51,100,64,10.11,7.0,124,23,3,1,20,0.0339,"{""IC"": 108, ""S"": 25, ""PYO"": 4, ""HSM"": 2, ""HDM"": 11, ""AE"": 1}","[5, 6, 7, 9, 11, 8, 16, 13, 10, 12]",0.0074
2019,9,11,3,267,18826,70.51,1,44,138,0.0073,40,98,46,8.23,6.0,128,7,3,0,14,0.0487,"{""IC"": 87, ""S"": 23, ""PYO"": 4, ""HSM"": 4, ""HDM"": 10, ""AE"": 3, ""MV"": 7}","[5, 6, 7, 8, 10, 9, 13, 11, 28, 15]",0.0075
2019,9,12,4,258,18754,72.69,0,0,166,0.0089,61,105,31,7.93,6.0,153,12,1,0,23,0.0403,"{""S"": 30, ""IC"": 106, ""PYO"": 13, ""HSM"": 1, ""HDM"": 15, ""AE"": 1}","[5, 6, 7, 8, 9, 11, 13, 10, 12, 24]",0.0077
2019,9,13,5,265,18870,71.21,3,50,155,0.0082,47,108,103,8.92,6.0,141,12,1,1,18,0.0496,"{""IC"": 95, ""PVV"": 2, ""S"": 19, ""PYO"": 14, ""HSM"": 3, ""HDM"": 14, ""AE"": 3, ""MUS"": 5}","[5, 6, 7, 8, 11, 10, 12, 18, 14, 9]",0.0077
2019,9,14,6,207,14840,71.69,0,0,108,0.0073,23,85,78,10.36,7.0,92,12,3,1,7,0.0615,"{""IC"": 74, ""S"": 11, ""PYO"": 12, ""HDM"": 5, ""AE"": 1, ""MUS"": 4, ""MV"": 1}","[5, 7, 8, 6, 9, 14, 11, 15, 10, 20]",0.0076
2019,9,15,7,211,14892,70.58,0,0,93,0.0062,20,73,42,8.67,6.0,84,8,1,0,21,0.0342,"{""IC"": 57, ""S"": 13, ""PYO"": 7, ""HDM"": 8, ""AE"": 4, ""MUS"": 2, ""MV"": 2}","[6, 5, 8, 12, 7, 11, 10, 9, 16, 25]",0.0075
2019,9,16,1,258,17662,68.46,4,160,120,0.0068,42,78,67,9.29,6.0,107,8,4,1,14,0.0423,"{""IC"": 67, ""S"": 26, ""PVV"": 2, ""HSM"": 6, ""HDM"": 4, ""AE"": 5, ""MV"": 10}","[5, 6, 7, 9, 10, 8, 13, 14, 23, 11]",0.0076
2019,9,17,2,252,17448,69.24,0,26,120,0.0069,47,73,55,8.0,6.0,113,6,1,0,12,0.0318,"{""IC"": 80, ""S"": 19, ""PVV"": 1, ""HSM"": 3, ""HDM"": 8, ""AE"": 6, ""MV"": 3}","[5, 6, 7, 8, 10, 9, 12, 13, 16, 23]",0.0074
2019,9,18,3,264,18186,68.89,4,80,172,0.0095,69,103,46,9.49,6.0,151,12,9,0,24,0.0299,"{""IC"": 100, ""S"": 32, ""PVV"": 1, ""PYO"": 9, ""HSM"": 1, ""HDM"": 3, ""AE"": 4, ""MV"": 22}","[5, 6, 8, 7, 10, 9, 14, 11, 12, 15]",0.0077
2019,9,19,4,260,18562,71.39,0,0,129,0.0069,29,100,27,8.33,6.0,116,13,0,0,13,0.0563,"{""IC"": 84, ""S"": 12, ""PVV"": 1, ""PYO"": 15, ""HSM"": 2, ""HDM"": 13, ""MV"": 2}","[5, 6, 8, 7, 10, 12, 20, 11, 9, 14]",0.0074
2019,9,20,5,267,18940,70.94,2,64,151,0.008,47,104,173,10.9,6.0,135,7,6,3,17,0.0464,"{""IC"": 103, ""PVV"": 2, ""S"": 16, ""PYO"": 12, ""HSM"": 4, ""HDM"": 7, ""AE"": 1, ""MV"": 6}","[5, 7, 6, 8, 9, 10, 12, 16, 11, 13]",0.0074
2019,9,21,6,205,15358,74.92,0,0,121,0.0079,32,89,47,9.12,6.0,103,14,4,0,11,0.0413,"{""IC"": 79, ""S"": 12, ""PVV"": 1, ""PYO"": 17, ""HSM"": 1, ""HDM"": 2, ""AE"": 3, ""MV"": 6}","[5, 6, 7, 9, 8, 10, 15, 12, 16, 20]",0.0075
2019,9,22,7,202,14956,74.04,0,0,120,0.008,26,94,66,10.7,7.0,102,12,5,1,17,0.0267,"{""IC"": 79, ""PVV"": 3, ""S"": 16, ""PYO"": 9, ""HDM"": 8, ""AE"": 5}","[5, 6, 7, 9, 8, 13, 10, 11, 14, 12]",0.0077
2019,9,23,1,263,18556,70.56,2,258,167,0.009,45,122,111,10.84,7.0,144,14,6,3,24,0.0283,"{""IC"": 124, ""S"": 21, ""PYO"": 10, ""HSM"": 4, ""HDM"": 8}","[5, 6, 8, 7, 9, 10, 11, 12, 13, 25]",0.008
2019,9,24,2,261,18640,71.42,0,204,164,0.0088,48,116,80,11.4,7.0,131,22,9,2,28,0.0294,"{""IC"": 114, ""S"": 20, ""PVV"": 1, ""PYO"": 10, ""HSM"": 3, ""HDM"": 8, ""AE"": 2, ""MV"": 6}","[5, 6, 7, 8, 10, 9, 18, 13, 19, 15]",0.0083
2019,9,25,3,262,18634,71.12,3,112,141,0.0076,49,92,80,9.55,6.0,124,11,4,2,13,0.0318,"{""IC"": 94, ""S"": 26, ""PVV"": 2, ""PYO"": 9, ""HSM"": 2, ""HDM"": 3, ""AE"": 1, ""MV"": 4}","[5, 6, 7, 8, 9, 10, 11, 17, 13, 12]",0.008
2019,9,26,4,261,18898,72.41,2,58,142,0.0075,41,101,36,8.32,6.0,130,8,4,0,12,0.0622,"{""IC"": 92, ""PVV"": 1, ""S"": 22, ""PYO"": 20, ""HSM"": 1, ""HDM"": 5, ""MV"": 1}","[5, 6, 7, 8, 9, 13, 10, 14, 16, 11]",0.0081
2019,9,27,5,273,19166,70.21,1,126,184,0.0096,57,127,145,14.16,7.5,134,35,10,5,37,0.0229,"{""IC"": 117, ""S"": 33, ""PYO"": 12, ""HSM"": 4, ""HDM"": 9, ""AE"": 2, ""MUS"": 2, ""MV"": 5}","[6, 5, 7, 8, 9, 10, 12, 17, 13, 16]",0.0083
2019,9,28,6,215,15276,71.05,0,14,120,0.0079,29,91,67,10.54,7.0,102,10,7,1,17,0.0531,"{""IC"": 82, ""S"": 10, ""PVV"": 1, ""PYO"": 13, ""HDM"": 4, ""MUS"": 4, ""MV"": 6}","[5, 6, 7, 8, 10, 9, 23, 15, 11, 17]",0.0083
2019,9,29,7,212,15286,72.1,0,0,114,0.0075,32,82,42,9.56,7.0,101,9,4,0,18,0.041,"{""S"": 15, ""IC"": 75, ""PYO"": 5, ""HSM"": 2, ""HDM"": 5, ""AE"": 2, ""MUS"": 5, ""MV"": 5}","[5, 6, 9, 7, 10, 8, 12, 14, 18, 13]",0.0083
2019,9,30,1,262,18580,70.92,3,112,150,0.0081,46,104,97,10.82,7.0,129,15,3,3,23,0.027,"{""IC"": 106, ""S"": 18, ""PVV"": 1, ""PYO"": 7, ""HSM"": 3, ""HDM"": 10, ""MV"": 5}","[5, 6, 7, 8, 12, 15, 10, 11, 9, 14]",0.0081
2019,10,1,2,259,18630,71.93,0,0,162,0.0087,39,123,85,11.53,7.0,130,22,7,3,26,0.0318,"{""IC"": 112, ""PVV"": 2, ""S"": 18, ""PYO"": 10, ""HSM"": 4, ""HDM"": 8, ""AE"": 2, ""MV"": 6}","[5, 6, 7, 9, 11, 15, 12, 8, 16, 14]",0.0081
2019,10,2,3,264,18604,70.47,3,64,175,0.0094,58,117,165,12.62,7.0,139,26,6,4,26,0.0223,"{""IC"": 110, ""S"": 32, ""PYO"": 11, ""HSM"": 2, ""HDM"": 13, ""AE"": 1, ""MUS"": 2, ""MV"": 4}","[6, 5, 7, 9, 8, 10, 12, 13, 11, 24]",0.0084
2019,10,3,4,262,18904,72.15,1,36,203,0.0107,64,139,148,9.94,6.0,175,23,2,3,36,0.0283,"{""IC"": 119, ""PVV"": 1, ""S"": 37, ""PYO"": 8, ""HSM"": 3, ""HDM"": 17, ""AE"": 1, ""MV"": 17}","[5, 6, 7, 10, 9, 8, 11, 15, 16, 13]",0.0088
2019,10,4,5,263,18650,70.91,1,36,157,0.0084,39,118,61,9.08,6.0,136,15,5,1,27,0.0264,"{""IC"": 108, ""PVV"": 1, ""S"": 26, ""PYO"": 11, ""HSM"": 1, ""HDM"": 8, ""AE"": 2}","[5, 6, 7, 8, 9, 15, 11, 18, 13, 10]",0.0087
2019,10,5,6,215,15168,70.55,4,22,128,0.0084,44,84,86,10.57,7.0,107,16,4,1,15,0.0426,"{""S"": 16, ""IC"": 75, ""PVV"": 1, ""PYO"": 16, ""HSM"": 1, ""HDM"": 8, ""AE"": 1, ""MUS"": 7, ""MV"": 3}","[5, 7, 6, 10, 9, 8, 14, 12, 18, 15]",0.0087
2019,10,6,7,214,15154,70.81,4,62,150,0.0099,39,111,123,12.03,7.0,122,16,10,2,24,0.0247,"{""IC"": 106, ""S"": 20, ""PYO"": 5, ""HDM"": 7, ""AE"": 1, ""MV"": 6, ""V"": 5}","[5, 6, 7, 8, 9, 10, 13, 15, 11, 16]",0.0091
2019,10,7,1,266,18738,70.44,2,86,144,0.0077,51,93,73,10.01,7.0,122,17,4,1,15,0.035,"{""IC"": 102, ""S"": 12, ""PYO"": 10, ""HSM"": 3, ""HDM"": 10, ""MUS"": 1, ""MV"": 3, ""V"": 3}","[5, 6, 7, 8, 9, 11, 13, 10, 12, 16]",0.009
2019,10,8,2,262,18646,71.17,1,50,147,0.0079,37,110,52,8.97,7.0,130,13,4,0,17,0.0468,"{""IC"": 105, ""S"": 16, ""PYO"": 7, ""HSM"": 3, ""HDM"": 12, ""AE"": 2, ""MV"": 2}","[5, 6, 7, 8, 10, 9, 11, 15, 12, 18]",0.0089
2019,10,9,3,263,18728,71.21,9,158,133,0.0071,37,96,101,9.76,6.0,118,10,3,2,10,0.0358,"{""IC"": 90, ""S"": 18, ""PYO"": 12, ""HSM"": 2, ""HDM"": 6, ""MV"": 3, ""V"": 2}","[5, 6, 7, 9, 8, 12, 10, 11, 13, 15]",0.0086
2019,10,10,4,259,18662,72.05,0,0,146,0.0078,41,105,91,9.31,7.0,132,8,5,1,15,0.0421,"{""IC"": 101, ""S"": 22, ""PYO"": 5, ""HSM"": 2, ""HDM"": 5, ""AE"": 1, ""MV"": 10}","[5, 6, 7, 8, 10, 9, 11, 13, 14, 15]",0.0082
2019,10,11,5,266,18760,70.53,0,146,152,0.0081,38,114,51,10.05,7.0,128,18,6,0,30,0.0281,"{""IC"": 100, ""S"": 22, ""PVV"": 1, ""PYO"": 7, ""HSM"": 2, ""HDM"": 12, ""AE"": 2, ""MV"": 6}","[5, 6, 8, 7, 9, 13, 12, 11, 16, 10]",0.0081
2019,10,12,6,203,15126,74.51,1,24,122,0.0081,35,87,47,9.35,7.0,107,11,4,0,14,0.0316,"{""IC"": 89, ""PVV"": 1, ""S"": 11, ""PYO"": 15, ""HSM"": 1, ""HDM"": 4, ""MUS"": 1}","[5, 6, 7, 8, 9, 12, 14, 15, 11, 10]",0.0081
2019,10,13,7,205,15232,74.3,0,0,127,0.0083,39,88,46,9.43,7.0,109,14,4,0,18,0.0322,"{""IC"": 83, ""S"": 18, ""PYO"": 7, ""HDM"": 13, ""MV"": 6}","[5, 6, 7, 8, 9, 10, 13, 12, 16, 11]",0.0079
2019,10,14,1,263,18568,70.6,0,0,160,0.0086,41,119,73,9.61,7.0,142,12,3,3,20,0.032,"{""IC"": 111, ""PVV"": 1, ""S"": 18, ""PYO"": 7, ""HSM"": 1, ""HDM"": 8, ""AE"": 5, ""MV"": 9}","[6, 5, 7, 8, 9, 10, 11, 12, 15, 17]",0.008
2019,10,15,2,261,18726,71.75,0,66,146,0.0078,37,109,52,9.32,7.0,130,10,6,0,16,0.043,"{""IC"": 106, ""S"": 18, ""PYO"": 6, ""HSM"": 2, ""HDM"": 7, ""MV"": 7}","[5, 8, 7, 6, 9, 10, 12, 15, 16, 14]",0.008
2019,10,16,3,262,18614,71.05,3,52,183,0.0098,59,124,42,9.68,7.0,151,28,4,0,35,0.0243,"{""IC"": 129, ""S"": 26, ""PVV"": 2, ""PYO"": 8, ""HSM"": 2, ""HDM"": 13, ""AE"": 1, ""MV"": 2}","[5, 6, 8, 7, 9, 10, 15, 11, 17, 12]",0.0084
2019,10,17,4,269,19208,71.41,1,154,183,0.0095,43,140,77,10.8,7.0,147,29,5,2,39,0.0251,"{""S"": 27, ""IC"": 114, ""PVV"": 2, ""PYO"": 11, ""HDM"": 9, ""MV"": 16, ""V"": 4}","[5, 6, 7, 8, 10, 9, 14, 13, 15, 18]",0.0086
2019,10,18,5,265,18698,70.56,2,28,178,0.0095,67,111,75,12.2,7.0,148,16,7,7,25,0.0234,"{""IC"": 111, ""S"": 38, ""PVV"": 1, ""PYO"": 8, ""HSM"": 1, ""HDM"": 9, ""AE"": 9, ""MV"": 1}","[5, 6, 7, 11, 9, 10, 8, 13, 62, 22]",0.0088
2019,10,19,6,204,15210,74.56,0,0,131,0.0086,48,83,39,10.17,7.0,107,20,4,0,15,0.0268,"{""IC"": 91, ""PVV"": 1, ""S"": 17, ""PYO"": 12, ""HSM"": 1, ""HDM"": 6, ""MUS"": 1, ""MV"": 2}","[5, 6, 7, 9, 8, 10, 14, 15, 16, 13]",0.0089
2019,10,20,7,202,15084,74.67,0,0,128,0.0085,32,96,128,11.7,7.0,104,15,7,2,19,0.0262,"{""IC"": 84, ""PVV"": 1, ""S"": 25, ""PYO"": 9, ""HSM"": 2, ""HDM"": 6, ""AE"": 1}","[5, 6, 7, 8, 9, 13, 15, 14, 10, 22]",0.0089
2019,10,21,1,261,18620,71.34,1,36,129,0.0069,39,90,108,9.75,6.0,114,13,0,2,18,0.0392,"{""IC"": 90, ""S"": 15, ""PVV"": 2, ""PYO"": 13, ""HSM"": 3, ""HDM"": 4, ""MV"": 2}","[5, 6, 7, 11, 8, 9, 14, 18, 13, 17]",0.0087
2019,10,22,2,266,18824,70.77,2,274,126,0.0067,36,90,712,34.29,7.5,91,14,4,17,19,0.014,"{""IC"": 85, ""PVV"": 1, ""S"": 18, ""PYO"": 9, ""HDM"": 6, ""AE"": 3, ""MV"": 4}","[5, 6, 7, 9, 8, 11, 22, 13, 10, 12]",0.0085
2019,10,23,3,266,18888,71.01,6,240,183,0.0097,56,127,130,12.92,8.0,140,29,11,3,28,0.0203,"{""IC"": 118, ""S"": 33, ""PYO"": 12, ""HSM"": 2, ""HDM"": 13, ""MV"": 5}","[5, 6, 7, 10, 8, 9, 13, 11, 12, 16]",0.0085
2019,10,24,4,260,18726,72.02,6,132,162,0.0087,44,118,374,13.06,7.0,134,21,4,3,27,0.0322,"{""IC"": 108, ""S"": 17, ""PVV"": 1, ""PYO"": 8, ""HSM"": 12, ""HDM"": 8, ""AE"": 2, ""MV"": 6}","[5, 6, 7, 8, 9, 11, 10, 16, 12, 14]",0.0084
2019,10,25,5,261,18578,71.18,4,80,182,0.0098,62,120,140,9.54,7.0,164,16,0,2,38,0.0219,"{""IC"": 125, ""S"": 27, ""PYO"": 10, ""HSM"": 5, ""HDM"": 13, ""AE"": 2}","[5, 6, 7, 9, 8, 11, 10, 16, 14, 12]",0.0084
2019,10,26,6,207,15196,73.41,1,20,121,0.008,28,93,133,16.15,7.0,102,5,4,10,16,0.0258,"{""IC"": 78, ""S"": 9, ""PYO"": 21, ""HSM"": 1, ""HDM"": 9, ""AE"": 2, ""MV"": 1}","[5, 6, 7, 8, 9, 10, 11, 12, 13, 59]",0.0083
2019,10,27,7,207,15170,73.29,0,40,133,0.0088,33,100,58,12.07,8.0,102,21,10,0,26,0.0261,"{""IC"": 95, ""PVV"": 3, ""S"": 13, ""PYO"": 7, ""HSM"": 1, ""HDM"": 10, ""AE"": 4}","[5, 7, 6, 8, 10, 9, 11, 24, 20, 13]",0.0084
2019,10,28,1,263,18564,70.59,1,90,123,0.0066,22,101,45,8.93,6.0,106,13,4,0,21,0.0371,"{""IC"": 86, ""S"": 13, ""PVV"": 1, ""PYO"": 10, ""HDM"": 8, ""AE"": 2, ""MV"": 3}","[5, 6, 8, 7, 9, 10, 11, 16, 15, 17]",0.0083
2019,10,29,2,274,18722,68.33,1,168,189,0.0101,46,143,240,17.6,7.0,147,20,9,13,45,0.0281,"{""IC"": 110, ""S"": 21, ""PVV"": 3, ""PYO"": 8, ""HSM"": 2, ""HDM"": 13, ""AE"": 22, ""MV"": 9, ""V"": 1}","[5, 6, 7, 9, 8, 12, 16, 13, 10, 11]",0.0088
2019,10,30,3,266,18592,69.89,4,144,148,0.008,45,103,138,11.23,6.0,127,13,4,4,22,0.031,"{""S"": 22, ""IC"": 88, ""PVV"": 2, ""PYO"": 12, ""HSM"": 2, ""HDM"": 8, ""AE"": 6, ""MV"": 8}","[5, 6, 7, 8, 9, 11, 10, 18, 20, 14]",0.0086
2019,10,31,4,267,18816,70.47,0,0,109,0.0058,29,80,160,10.52,6.0,96,8,4,1,15,0.0381,"{""IC"": 70, ""S"": 16, ""PVV"": 1, ""PYO"": 9, ""HSM"": 2, ""HDM"": 2, ""AE"": 1, ""MV"": 8}","[5, 6, 7, 8, 9, 11, 10, 12, 27, 17]",0.0082
2019,11,1,5,262,18614,71.05,0,0,99,0.0053,26,73,25,8.15,7.0,91,8,0,0,16,0.0334,"{""IC"": 74, ""PVV"": 2, ""S"": 7, ""PYO"": 8, ""HSM"": 2, ""HDM"": 4, ""AE"": 1, ""MV"": 1}","[5, 6, 7, 8, 10, 13, 9, 11, 19, 12]",0.0075
2019,11,2,6,202,15122,74.86,0,0,117,0.0077,26,91,57,11.14,6.0,96,12,9,0,17,0.0272,"{""IC"": 83, ""PVV"": 1, ""S"": 11, ""PYO"": 13, ""HSM"": 1, ""HDM"": 3, ""AE"": 3, ""MV"": 2}","[5, 6, 8, 7, 9, 10, 11, 16, 12, 41]",0.0075
2019,11,3,7,206,15056,73.09,0,0,99,0.0066,31,68,44,8.38,6.0,89,8,2,0,13,0.0308,"{""IC"": 63, ""S"": 19, ""PYO"": 10, ""HSM"": 1, ""HDM"": 3, ""AE"": 3}","[5, 7, 6, 12, 8, 11, 10, 22, 18, 16]",0.0072
2019,11,4,1,265,18566,70.06,2,54,124,0.0067,33,91,64,10.32,6.0,103,14,6,1,16,0.027,"{""IC"": 85, ""PVV"": 3, ""S"": 14, ""PYO"": 7, ""HSM"": 1, ""HDM"": 7, ""AE"": 1, ""MV"": 6}","[5, 6, 7, 8, 14, 10, 9, 18, 12, 11]",0.0072
2019,11,5,2,261,18494,70.86,0,0,124,0.0067,38,86,46,9.99,7.0,101,17,6,0,15,0.0332,"{""IC"": 91, ""PVV"": 4, ""S"": 14, ""PYO"": 5, ""HDM"": 5, ""AE"": 3, ""MV"": 2}","[5, 6, 8, 7, 9, 10, 13, 19, 21, 18]",0.0067
2019,11,6,3,266,18654,70.13,5,222,119,0.0064,31,88,108,10.4,7.0,105,9,3,2,17,0.0316,"{""IC"": 81, ""S"": 15, ""PYO"": 9, ""HSM"": 2, ""HDM"": 6, ""AE"": 1, ""MV"": 5}","[5, 6, 8, 9, 10, 7, 14, 11, 12, 22]",0.0065
2019,11,7,4,274,18992,69.31,2,70,116,0.0061,25,91,62,10.53,7.0,100,10,5,1,21,0.0281,"{""IC"": 76, ""PVV"": 1, ""S"": 12, ""PYO"": 8, ""HSM"": 2, ""HDM"": 4, ""AE"": 1, ""MV"": 12}","[6, 5, 7, 10, 9, 8, 11, 12, 13, 23]",0.0065
2019,11,8,5,265,18706,70.59,0,0,139,0.0074,34,105,72,8.94,6.0,124,11,3,1,23,0.0272,"{""IC"": 99, ""S"": 20, ""PVV"": 1, ""PYO"": 7, ""HSM"": 1, ""HDM"": 6, ""MV"": 5}","[5, 6, 9, 11, 8, 7, 10, 22, 18, 13]",0.0068
2019,11,9,6,202,15098,74.74,0,0,107,0.0071,26,81,47,9.24,7.0,93,11,3,0,17,0.0389,"{""S"": 22, ""IC"": 60, ""PVV"": 1, ""PYO"": 15, ""HSM"": 1, ""HDM"": 6, ""V"": 2}","[5, 6, 7, 8, 10, 12, 9, 11, 14, 15]",0.0067
2019,11,10,7,202,15084,74.67,0,0,124,0.0082,29,95,61,9.64,6.0,107,11,5,1,24,0.0267,"{""IC"": 90, ""S"": 17, ""PYO"": 7, ""HDM"": 8, ""AE"": 2}","[5, 6, 7, 9, 8, 10, 11, 17, 15, 14]",0.0069
2019,11,11,1,258,18376,71.22,1,62,139,0.0076,33,106,116,10.73,7.0,118,13,6,2,28,0.029,"{""IC"": 96, ""PVV"": 2, ""S"": 23, ""PYO"": 8, ""HDM"": 9, ""AE"": 1}","[5, 6, 7, 8, 10, 11, 9, 12, 17, 14]",0.0071
2019,11,12,2,258,18444,71.49,0,0,107,0.0058,32,75,51,8.02,6.0,97,9,1,0,11,0.0391,"{""IC"": 73, ""PVV"": 2, ""S"": 21, ""PYO"": 5, ""HSM"": 1, ""HDM"": 2, ""AE"": 2, ""MV"": 1}","[5, 6, 7, 8, 9, 19, 13, 18, 24, 11]",0.0069
2019,11,13,3,266,18692,70.27,6,120,144,0.0077,39,105,50,10.02,7.0,123,14,7,0,20,0.0326,"{""IC"": 101, ""PVV"": 3, ""S"": 20, ""PYO"": 5, ""HSM"": 1, ""HDM"": 6, ""AE"": 2, ""MV"": 6}","[5, 6, 7, 8, 11, 10, 9, 12, 13, 24]",0.0071
2019,11,14,4,272,19114,70.27,0,0,176,0.0092,52,124,116,10.77,7.0,152,13,9,2,29,0.0289,"{""S"": 22, ""IC"": 104, ""PVV"": 2, ""PYO"": 10, ""HDM"": 11, ""MV"": 27}","[5, 6, 7, 9, 8, 10, 11, 14, 13, 38]",0.0076
2019,11,15,5,266,18498,69.54,1,68,141,0.0076,42,99,80,11.22,7.0,120,13,4,4,23,0.0308,"{""S"": 23, ""IC"": 98, ""PVV"": 2, ""HSM"": 1, ""HDM"": 8, ""AE"": 1, ""MV"": 8}","[5, 6, 7, 8, 9, 13, 11, 12, 10, 14]",0.0076
2019,11,16,6,198,13356,67.45,2,60,62,0.0046,19,43,62,11.23,7.0,49,8,4,1,13,0.0349,"{""IC"": 32, ""PVV"": 2, ""S"": 14, ""HSM"": 1, ""HDM"": 6, ""MV"": 6, ""V"": 1}","[5, 6, 7, 9, 10, 11, 14, 15, 32, 8]",0.0072
2019,11,17,7,197,13584,68.95,1,20,73,0.0054,27,46,48,10.64,6.0,61,7,5,0,13,0.0225,"{""IC"": 52, ""S"": 17, ""HDM"": 3, ""MV"": 1}","[5, 6, 9, 7, 8, 14, 11, 23, 22, 48]",0.0068
2019,11,18,1,264,18610,70.49,0,0,156,0.0084,45,111,60,9.08,6.0,139,10,5,2,20,0.0349,"{""IC"": 105, ""S"": 21, ""PVV"": 2, ""PYO"": 9, ""HDM"": 9, ""AE"": 3, ""MV"": 7}","[5, 6, 8, 7, 9, 13, 11, 60, 12, 14]",0.007
2019,11,19,2,261,18476,70.79,0,20,139,0.0075,32,107,121,11.14,7.0,115,16,7,1,16,0.0345,"{""IC"": 99, ""S"": 17, ""PVV"": 1, ""PYO"": 11, ""HSM"": 3, ""HDM"": 4, ""AE"": 2, ""MV"": 2}","[5, 6, 7, 8, 11, 13, 9, 31, 10, 14]",0.0072
2019,11,20,3,263,18540,70.49,6,90,115,0.0062,27,88,46,10.22,7.0,92,18,5,0,10,0.0515,"{""S"": 16, ""IC"": 73, ""PVV"": 1, ""PYO"": 8, ""HSM"": 2, ""HDM"": 14, ""MV"": 1}","[5, 7, 6, 8, 15, 12, 10, 16, 13, 29]",0.007
2019,11,21,4,264,18742,70.99,8,284,147,0.0078,33,114,72,9.45,7.0,126,17,3,1,19,0.0378,"{""IC"": 108, ""PVV"": 3, ""S"": 15, ""PYO"": 10, ""HSM"": 2, ""HDM"": 5, ""MV"": 4}","[5, 6, 7, 8, 10, 9, 12, 11, 17, 13]",0.0068
2019,11,22,5,268,18996,70.88,5,162,124,0.0065,24,100,41,10.14,7.0,103,17,4,0,19,0.0332,"{""S"": 19, ""IC"": 84, ""PVV"": 2, ""PYO"": 7, ""HDM"": 9, ""MV"": 3}","[5, 6, 7, 9, 8, 14, 10, 12, 17, 23]",0.0066
2019,11,23,6,214,15526,72.55,1,72,117,0.0075,27,90,66,10.43,7.0,97,14,5,1,10,0.0495,"{""S"": 12, ""IC"": 72, ""PVV"": 1, ""PYO"": 16, ""HDM"": 6, ""AE"": 1, ""MUS"": 3, ""MV"": 5, ""V"": 1}","[5, 6, 8, 7, 11, 9, 10, 13, 22, 18]",0.007
2019,11,24,7,214,15634,73.06,2,132,151,0.0097,34,117,211,19.23,8.0,106,22,13,10,32,0.0147,"{""IC"": 102, ""PVV"": 1, ""S"": 25, ""PYO"": 11, ""HDM"": 5, ""MUS"": 3, ""MV"": 4}","[5, 7, 6, 9, 11, 8, 10, 15, 13, 12]",0.0077
2019,11,25,1,266,18610,69.96,5,186,122,0.0066,27,95,63,9.16,6.0,107,11,3,1,15,0.05,"{""IC"": 87, ""S"": 13, ""PYO"": 10, ""HDM"": 6, ""MV"": 6}","[5, 6, 7, 8, 9, 10, 11, 13, 19, 14]",0.0074
2019,11,26,2,263,18640,70.87,1,14,111,0.006,19,92,44,9.4,7.0,98,10,3,0,15,0.0368,"{""IC"": 78, ""S"": 12, ""PVV"": 1, ""PYO"": 10, ""HSM"": 1, ""HDM"": 5, ""AE"": 1, ""MV"": 3}","[5, 6, 7, 8, 9, 10, 12, 13, 14, 15]",0.0072
2019,11,27,3,263,18610,70.76,2,40,133,0.0071,34,99,87,9.44,6.0,116,13,3,1,14,0.0361,"{""IC"": 96, ""S"": 18, ""PVV"": 1, ""PYO"": 8, ""HSM"": 1, ""HDM"": 4, ""AE"": 1, ""MV"": 4}","[5, 6, 7, 8, 9, 10, 11, 13, 15, 14]",0.0073
2019,11,28,4,265,18754,70.77,3,116,146,0.0078,48,98,70,9.1,7.0,131,11,3,1,26,0.0326,"{""S"": 20, ""IC"": 91, ""PVV"": 4, ""PYO"": 9, ""HSM"": 6, ""HDM"": 9, ""AE"": 3, ""MV"": 4}","[5, 7, 6, 8, 9, 10, 16, 14, 12, 11]",0.0073
2019,11,29,5,267,18714,70.09,1,36,159,0.0085,40,119,46,10.22,7.0,135,19,5,0,24,0.03,"{""IC"": 107, ""S"": 18, ""PVV"": 3, ""PYO"": 12, ""HSM"": 2, ""HDM"": 8, ""AE"": 1, ""MUS"": 5, ""MV"": 2, ""V"": 1}","[5, 6, 7, 9, 12, 8, 10, 14, 11, 17]",0.0076
2019,11,30,6,204,15238,74.7,3,256,152,0.01,31,121,229,15.8,8.0,111,23,11,7,36,0.0183,"{""IC"": 99, ""S"": 21, ""PVV"": 2, ""PYO"": 15, ""HSM"": 2, ""HDM"": 4, ""AE"": 5, ""MV"": 3, ""V"": 1}","[5, 6, 7, 10, 9, 8, 13, 12, 11, 15]",0.008
2019,12,1,7,204,15144,74.24,0,0,118,0.0078,30,88,32,8.15,6.0,108,8,2,0,17,0.0288,"{""IC"": 85, ""S"": 17, ""PYO"": 5, ""HDM"": 7, ""AE"": 1, ""MV"": 3}","[5, 6, 7, 9, 8, 11, 10, 17, 22, 12]",0.0077
2019,12,2,1,263,18490,70.3,3,172,252,0.0136,86,166,139,16.1,8.0,191,25,24,12,38,0.0157,"{""S"": 55, ""IC"": 160, ""PVV"": 3, ""PYO"": 8, ""HSM"": 7, ""HDM"": 9, ""AE"": 8, ""MV"": 2}","[5, 6, 8, 7, 10, 9, 12, 14, 16, 13]",0.0087
2019,12,3,2,267,18674,69.94,4,92,144,0.0077,45,99,57,9.94,7.0,120,20,4,0,22,0.0297,"{""IC"": 98, ""S"": 17, ""PVV"": 2, ""PYO"": 11, ""HSM"": 4, ""HDM"": 5, ""AE"": 4, ""MV"": 3}","[5, 7, 6, 8, 9, 12, 21, 15, 11, 10]",0.0089
2019,12,4,3,265,18594,70.17,1,16,134,0.0072,37,97,41,9.0,6.5,117,15,2,0,28,0.036,"{""IC"": 88, ""S"": 15, ""PYO"": 7, ""HSM"": 5, ""HDM"": 11, ""AE"": 3, ""MUS"": 1, ""MV"": 4}","[5, 6, 8, 7, 9, 10, 21, 13, 14, 11]",0.0089
2019,12,5,4,264,18622,70.54,0,0,140,0.0075,33,107,58,8.66,6.0,127,10,3,0,20,0.0356,"{""IC"": 97, ""S"": 20, ""PVV"": 1, ""PYO"": 9, ""HSM"": 5, ""HDM"": 7, ""AE"": 1}","[5, 6, 7, 8, 12, 11, 10, 9, 14, 20]",0.0089
2019,12,6,5,218,16436,75.39,0,0,111,0.0068,34,77,98,10.4,7.0,96,10,4,1,13,0.0399,"{""IC"": 74, ""S"": 9, ""PVV"": 3, ""PYO"": 10, ""HDM"": 5, ""AE"": 4, ""MV"": 3, ""V"": 3}","[5, 6, 7, 8, 10, 9, 13, 16, 11, 44]",0.0087
2019,12,7,6,204,15174,74.38,0,0,93,0.0061,22,71,140,10.9,6.0,81,8,2,2,5,0.0386,"{""IC"": 70, ""PVV"": 1, ""S"": 5, ""PYO"": 12, ""HDM"": 5}","[5, 6, 8, 7, 9, 10, 11, 14, 19, 12]",0.0081
2019,12,8,7,208,15158,72.88,1,20,106,0.007,24,82,153,11.55,7.0,90,10,5,1,12,0.0259,"{""IC"": 78, ""S"": 10, ""PYO"": 7, ""HSM"": 1, ""HDM"": 6, ""MUS"": 1, ""MV"": 2, ""V"": 1}","[5, 6, 7, 10, 12, 8, 9, 13, 11, 19]",0.008
2019,12,9,1,261,18420,70.57,2,44,115,0.0062,28,87,85,9.88,7.0,98,14,2,1,14,0.0416,"{""S"": 14, ""IC"": 80, ""PVV"": 2, ""PYO"": 12, ""HDM"": 6, ""AE"": 1}","[5, 6, 7, 8, 9, 10, 11, 12, 15, 21]",0.0069
2019,12,10,2,260,18484,71.09,0,0,106,0.0057,27,79,132,9.44,7.0,94,11,0,1,14,0.0362,"{""S"": 15, ""IC"": 74, ""PVV"": 2, ""PYO"": 3, ""HSM"": 3, ""HDM"": 6, ""AE"": 1, ""MV"": 2}","[5, 6, 7, 8, 11, 10, 9, 15, 16, 13]",0.0066
2019,12,11,3,265,18690,70.53,1,16,150,0.008,32,118,44,10.38,8.0,124,20,6,0,26,0.0368,"{""IC"": 101, ""S"": 22, ""PYO"": 8, ""HDM"": 10, ""MV"": 9}","[5, 6, 7, 8, 9, 11, 10, 12, 13, 23]",0.0068
2019,12,12,4,263,18528,70.45,0,38,119,0.0064,35,84,54,10.33,7.0,97,18,4,0,18,0.042,"{""IC"": 80, ""S"": 15, ""PVV"": 1, ""PYO"": 4, ""HSM"": 2, ""HDM"": 11, ""AE"": 2, ""MV"": 4}","[5, 6, 7, 8, 9, 13, 11, 14, 16, 18]",0.0066
2019,12,13,5,263,18624,70.81,0,20,130,0.007,20,110,58,9.95,6.5,107,17,6,0,20,0.0371,"{""S"": 14, ""IC"": 96, ""PVV"": 2, ""PYO"": 6, ""HDM"": 11, ""MV"": 1}","[5, 6, 7, 8, 9, 11, 10, 16, 19, 20]",0.0066
2019,12,14,6,214,15508,72.47,0,0,115,0.0074,20,95,44,9.81,7.0,99,10,6,0,13,0.0541,"{""IC"": 65, ""PVV"": 1, ""S"": 8, ""PYO"": 19, ""HDM"": 5, ""MV"": 17}","[5, 6, 7, 8, 9, 13, 10, 12, 14, 16]",0.0068
2019,12,15,7,221,16206,73.33,2,228,163,0.0101,55,108,123,12.16,7.0,128,25,7,3,22,0.0248,"{""IC"": 115, ""S"": 20, ""PYO"": 9, ""HSM"": 3, ""HDM"": 6, ""AE"": 1, ""MV"": 9}","[5, 7, 6, 8, 13, 10, 9, 11, 12, 20]",0.0073
2019,12,16,1,270,19956,73.91,3,452,165,0.0083,31,134,105,12.07,7.0,138,12,12,3,23,0.0355,"{""IC"": 109, ""S"": 27, ""PVV"": 4, ""PYO"": 8, ""HSM"": 3, ""HDM"": 4, ""AE"": 2, ""MV"": 8}","[5, 6, 7, 8, 9, 10, 11, 12, 13, 14]",0.0076
2019,12,17,2,259,19852,76.65,0,40,176,0.0089,41,135,76,9.57,7.0,150,21,4,1,21,0.0363,"{""IC"": 113, ""S"": 28, ""PVV"": 1, ""PYO"": 13, ""HSM"": 3, ""HDM"": 13, ""AE"": 3, ""MV"": 2}","[5, 6, 7, 8, 9, 11, 15, 13, 12, 10]",0.008
2019,12,18,3,266,20524,77.16,4,216,230,0.0112,61,169,218,17.25,7.5,169,33,14,14,36,0.0241,"{""IC"": 132, ""S"": 29, ""PVV"": 2, ""PYO"": 30, ""HSM"": 2, ""HDM"": 28, ""AE"": 2, ""MV"": 5}","[5, 6, 7, 8, 10, 9, 13, 14, 17, 11]",0.0085
2019,12,19,4,275,20752,75.46,24,1432,331,0.016,99,232,191,18.72,9.0,233,38,39,21,60,0.0189,"{""IC"": 200, ""S"": 55, ""PVV"": 3, ""PYO"": 39, ""HSM"": 1, ""HDM"": 21, ""AE"": 1, ""MV"": 11}","[5, 6, 7, 8, 9, 10, 11, 12, 14, 16]",0.0098
2019,12,20,5,274,20774,75.82,1,86,208,0.01,40,168,179,12.95,7.0,173,21,7,7,37,0.0306,"{""IC"": 116, ""PVV"": 1, ""S"": 28, ""PYO"": 38, ""HSM"": 1, ""HDM"": 14, ""AE"": 2, ""MV"": 8}","[5, 6, 7, 8, 10, 11, 9, 14, 13, 12]",0.0103
2019,12,21,6,222,17356,78.18,2,100,151,0.0087,22,129,106,12.28,7.0,121,18,8,4,23,0.0302,"{""IC"": 76, ""S"": 22, ""PVV"": 1, ""PYO"": 40, ""HSM"": 2, ""HDM"": 7, ""AE"": 1, ""MV"": 2}","[5, 6, 7, 8, 9, 11, 13, 10, 12, 15]",0.0105
2019,12,22,7,219,17218,78.62,0,0,158,0.0092,30,128,180,13.64,8.0,123,22,8,5,22,0.0369,"{""IC"": 88, ""S"": 22, ""PYO"": 31, ""HSM"": 1, ""HDM"": 13, ""AE"": 2, ""MV"": 1}","[5, 6, 7, 8, 11, 9, 10, 16, 14, 15]",0.0103
2019,12,23,1,266,20102,75.57,0,0,136,0.0068,19,117,180,12.24,7.0,111,20,3,2,19,0.05,"{""S"": 19, ""IC"": 85, ""PVV"": 2, ""PYO"": 17, ""HSM"": 1, ""HDM"": 12}","[5, 6, 7, 9, 8, 13, 10, 11, 22, 12]",0.0101
2019,12,24,2,119,8780,73.78,0,2,46,0.0052,8,38,42,10.28,7.0,37,7,2,0,10,0.0296,"{""IC"": 30, ""PVV"": 1, ""S"": 7, ""HSM"": 1, ""HDM"": 3, ""AE"": 1, ""MV"": 3}","[6, 5, 7, 8, 9, 18, 10, 19, 42, 15]",0.0096
2019,12,25,3,159,12086,76.01,2,62,97,0.008,15,82,44,9.84,7.0,81,14,2,0,11,0.0538,"{""IC"": 58, ""S"": 10, ""PVV"": 4, ""PYO"": 15, ""HDM"": 7, ""MV"": 3}","[5, 6, 7, 9, 8, 10, 14, 18, 13, 12]",0.0091
2019,12,26,4,227,17170,75.64,2,78,186,0.0108,51,135,129,11.1,7.0,157,21,5,3,16,0.0498,"{""IC"": 106, ""S"": 20, ""PVV"": 2, ""PYO"": 33, ""HDM"": 15, ""AE"": 2, ""MUS"": 1, ""MV"": 7}","[5, 6, 7, 8, 11, 9, 12, 18, 10, 14]",0.0084
2019,12,27,5,279,20888,74.87,0,0,202,0.0097,51,151,101,12.45,7.0,170,19,6,7,38,0.0221,"{""IC"": 111, ""S"": 30, ""PVV"": 1, ""PYO"": 30, ""HSM"": 2, ""HDM"": 19, ""AE"": 2, ""MUS"": 5, ""MV"": 2}","[5, 6, 7, 8, 9, 11, 14, 12, 10, 13]",0.0083
2019,12,28,6,224,16818,75.08,1,128,137,0.0081,27,110,181,13.06,7.0,120,7,6,4,17,0.0256,"{""IC"": 79, ""S"": 18, ""PVV"": 6, ""PYO"": 16, ""HSM"": 1, ""HDM"": 8, ""AE"": 2, ""MUS"": 6, ""MV"": 1}","[5, 6, 7, 8, 9, 10, 13, 11, 12, 181]",0.0083
2019,12,29,7,223,17034,76.39,0,0,168,0.0099,28,140,182,11.39,7.0,142,16,7,3,33,0.0365,"{""IC"": 95, ""S"": 24, ""PYO"": 34, ""HSM"": 2, ""HDM"": 5, ""AE"": 1, ""MUS"": 6, ""MV"": 1}","[5, 6, 7, 8, 10, 9, 12, 13, 19, 15]",0.0084
2019,12,30,1,270,20866,77.28,2,284,168,0.0081,33,135,179,11.01,6.0,147,15,4,2,22,0.0424,"{""S"": 26, ""IC"": 100, ""PVV"": 1, ""PYO"": 26, ""HSM"": 3, ""HDM"": 7, ""AE"": 1, ""MV"": 4}","[5, 6, 7, 11, 8, 10, 9, 12, 14, 13]",0.0085
2019,12,31,2,258,19456,75.41,1,8,115,0.0059,17,98,129,12.12,7.0,93,15,4,3,17,0.0597,"{""IC"": 89, ""PVV"": 1, ""S"": 7, ""HSM"": 1, ""HDM"": 6, ""AE"": 1, ""MV"": 10}","[6, 5, 7, 8, 9, 10, 17, 18, 11, 20]",0.0086
2020,1,1,3,235,18702,79.58,1,16,133,0.0071,22,111,182,12.64,7.0,109,18,4,2,16,0.0621,"{""IC"": 69, ""PVV"": 3, ""S"": 12, ""PYO"": 28, ""HDM"": 6, ""AE"": 2, ""MV"": 13}","[5, 6, 7, 8, 10, 11, 9, 13, 16, 17]",0.0085
2020,1,2,4,266,20124,75.65,2,32,137,0.0068,28,109,180,10.74,7.0,123,11,1,2,14,0.0618,"{""IC"": 93, ""PVV"": 6, ""S"": 10, ""PYO"": 14, ""HSM"": 2, ""HDM"": 7, ""AE"": 3, ""MV"": 2}","[5, 6, 7, 8, 10, 12, 9, 11, 16, 13]",0.0079
2020,1,3,5,270,20786,76.99,0,0,165,0.0079,28,137,180,9.52,7.0,151,12,0,2,19,0.0584,"{""IC"": 99, ""PVV"": 3, ""S"": 18, ""PYO"": 31, ""HDM"": 12, ""AE"": 2}","[5, 6, 7, 9, 8, 10, 12, 16, 14, 15]",0.0077
2020,1,4,6,219,17230,78.68,0,0,151,0.0088,31,120,181,12.19,7.0,123,20,6,2,19,0.0737,"{""IC"": 77, ""PVV"": 5, ""S"": 17, ""PYO"": 38, ""HSM"": 4, ""HDM"": 5, ""AE"": 1, ""MV"": 4}","[5, 6, 7, 9, 10, 8, 15, 11, 13, 19]",0.0078
2020,1,5,7,188,14606,77.69,0,48,147,0.0101,25,122,159,16.07,7.0,113,18,9,7,19,0.0415,"{""IC"": 80, ""S"": 19, ""PVV"": 3, ""PYO"": 23, ""HSM"": 2, ""HDM"": 13, ""AE"": 2, ""MV"": 5}","[5, 6, 7, 8, 10, 11, 9, 18, 14, 13]",0.0078
2020,1,6,1,220,16980,77.18,1,24,156,0.0092,34,122,180,11.3,7.0,132,17,5,2,14,0.0423,"{""IC"": 83, ""PVV"": 1, ""S"": 16, ""PYO"": 30, ""HSM"": 2, ""HDM"": 9, ""AE"": 7, ""MV"": 8}","[5, 6, 7, 8, 9, 10, 11, 12, 14, 16]",0.008
2020,1,7,2,265,20110,75.89,1,102,150,0.0075,34,116,181,11.69,6.0,123,20,4,3,19,0.0368,"{""IC"": 94, ""PVV"": 2, ""S"": 23, ""PYO"": 13, ""HSM"": 3, ""HDM"": 11, ""AE"": 1, ""MV"": 3}","[5, 6, 7, 8, 10, 9, 12, 11, 22, 17]",0.0082
2020,1,8,3,264,20072,76.03,1,16,119,0.0059,28,91,181,10.7,6.0,107,9,1,2,10,0.0572,"{""S"": 20, ""IC"": 69, ""PYO"": 17, ""HSM"": 2, ""HDM"": 5, ""AE"": 4, ""MV"": 2}","[5, 6, 7, 8, 11, 9, 10, 15, 13, 23]",0.008
2020,1,9,4,263,19992,76.02,2,28,131,0.0066,35,96,181,11.93,7.0,107,20,2,2,18,0.0465,"{""IC"": 76, ""S"": 22, ""PVV"": 5, ""PYO"": 12, ""HDM"": 8, ""AE"": 4, ""MV"": 4}","[5, 6, 7, 9, 8, 10, 11, 16, 15, 14]",0.008
2020,1,10,5,270,20164,74.68,2,36,140,0.0069,32,108,181,11.28,7.0,124,12,2,2,15,0.0447,"{""IC"": 78, ""S"": 39, ""PYO"": 13, ""HDM"": 6, ""AE"": 1, ""MV"": 3}","[5, 6, 7, 8, 9, 10, 12, 13, 11, 14]",0.0079
2020,1,11,6,218,16604,76.17,0,0,100,0.006,18,82,181,12.83,6.0,86,9,2,3,8,0.0712,"{""S"": 17, ""IC"": 62, ""PYO"": 13, ""HDM"": 4, ""MV"": 4}","[5, 6, 7, 9, 8, 13, 10, 11, 18, 16]",0.0075
2020,1,12,7,219,16164,73.81,1,2,123,0.0076,22,101,180,11.39,7.0,107,11,3,2,15,0.0623,"{""IC"": 74, ""S"": 9, ""PVV"": 1, ""PYO"": 18, ""HSM"": 2, ""HDM"": 13, ""AE"": 1, ""MV"": 5}","[5, 6, 7, 9, 8, 10, 12, 11, 15, 14]",0.0071
2020,1,13,1,264,20072,76.03,2,124,138,0.0069,31,107,76,8.99,7.0,123,13,0,2,13,0.0548,"{""IC"": 96, ""PVV"": 2, ""S"": 18, ""PYO"": 10, ""HDM"": 7, ""AE"": 2, ""MV"": 3}","[5, 6, 7, 8, 9, 10, 17, 14, 16, 12]",0.0068
2020,1,14,2,261,19960,76.48,1,36,128,0.0064,35,93,182,11.22,7.0,108,14,4,2,6,0.0427,"{""IC"": 80, ""PVV"": 3, ""S"": 21, ""PYO"": 15, ""HSM"": 1, ""HDM"": 3, ""AE"": 3, ""MV"": 2}","[5, 6, 8, 7, 10, 9, 12, 15, 11, 14]",0.0066
2020,1,15,3,262,19936,76.09,2,32,124,0.0062,35,89,182,10.27,6.0,109,10,4,1,3,0.0603,"{""S"": 21, ""IC"": 78, ""PVV"": 1, ""PYO"": 13, ""HSM"": 2, ""HDM"": 3, ""AE"": 2, ""MV"": 4}","[5, 6, 7, 8, 9, 10, 13, 15, 14, 20]",0.0067
2020,1,16,4,259,19884,76.77,0,22,130,0.0065,27,103,180,14.84,7.0,100,17,9,4,8,0.0385,"{""IC"": 86, ""PVV"": 3, ""S"": 13, ""PYO"": 15, ""HSM"": 2, ""HDM"": 6, ""AE"": 3, ""MV"": 2}","[5, 6, 7, 8, 9, 10, 12, 17, 21, 22]",0.0066
2020,1,17,5,264,20094,76.11,0,10,121,0.006,26,95,180,10.41,6.0,112,7,0,2,7,0.0638,"{""IC"": 80, ""S"": 16, ""PVV"": 1, ""PYO"": 15, ""HSM"": 2, ""HDM"": 7}","[5, 6, 7, 8, 11, 13, 10, 12, 15, 9]",0.0065
2020,1,18,6,220,16562,75.28,3,68,106,0.0064,11,95,180,11.86,6.0,94,7,3,2,8,0.0694,"{""IC"": 59, ""S"": 21, ""PVV"": 1, ""PYO"": 16, ""HDM"": 5, ""AE"": 1, ""MV"": 3}","[5, 6, 7, 11, 12, 8, 9, 27, 19, 10]",0.0066
2020,1,19,7,218,16142,74.05,1,8,114,0.0071,13,101,41,9.63,6.0,95,15,4,0,13,0.0476,"{""IC"": 72, ""S"": 13, ""PYO"": 19, ""HDM"": 3, ""AE"": 3, ""MV"": 4}","[5, 6, 8, 7, 10, 11, 12, 18, 15, 19]",0.0065
2020,1,20,1,266,19948,74.99,0,0,138,0.0069,29,109,180,11.83,6.0,112,18,5,3,9,0.0589,"{""S"": 16, ""IC"": 91, ""PVV"": 1, ""PYO"": 16, ""HSM"": 1, ""HDM"": 7, ""AE"": 3, ""MV"": 3}","[5, 6, 7, 8, 15, 9, 11, 19, 16, 18]",0.0065
2020,1,21,2,262,19980,76.26,0,0,134,0.0067,25,109,180,11.05,7.0,122,9,1,2,9,0.0678,"{""IC"": 84, ""S"": 18, ""PYO"": 16, ""HDM"": 10, ""AE"": 1, ""MV"": 5}","[5, 6, 7, 10, 8, 9, 11, 13, 12, 15]",0.0065
2020,1,22,3,264,20084,76.08,1,72,117,0.0058,22,95,35,8.74,7.0,104,12,1,0,9,0.0561,"{""IC"": 68, ""S"": 20, ""PVV"": 1, ""PYO"": 14, ""HSM"": 5, ""HDM"": 5, ""MV"": 4}","[6, 5, 7, 10, 8, 11, 9, 20, 13, 25]",0.0065
2020,1,23,4,261,20000,76.63,1,40,129,0.0065,19,110,181,11.66,7.0,113,11,3,2,11,0.0614,"{""S"": 15, ""IC"": 83, ""PYO"": 13, ""HSM"": 1, ""HDM"": 11, ""AE"": 1, ""MV"": 5}","[5, 6, 7, 9, 8, 10, 14, 11, 12, 13]",0.0065
2020,1,24,5,264,20094,76.11,2,54,157,0.0078,50,107,181,12.07,7.0,127,24,4,2,22,0.0331,"{""IC"": 97, ""S"": 32, ""PVV"": 2, ""PYO"": 12, ""HSM"": 1, ""HDM"": 12, ""AE"": 1}","[5, 6, 7, 8, 13, 10, 11, 12, 15, 16]",0.0067
2020,1,25,6,215,16592,77.17,0,4,137,0.0083,27,110,180,13.16,7.0,112,15,6,4,12,0.045,"{""IC"": 80, ""S"": 27, ""PVV"": 1, ""PYO"": 13, ""HDM"": 8, ""MV"": 1, ""V"": 7}","[5, 6, 7, 8, 10, 12, 15, 13, 11, 22]",0.007
2020,1,26,7,211,15992,75.79,2,88,104,0.0065,24,80,180,12.63,6.0,90,7,3,4,5,0.0599,"{""IC"": 71, ""PVV"": 1, ""S"": 12, ""PYO"": 14, ""HDM"": 5, ""AE"": 1}","[5, 6, 7, 9, 15, 11, 14, 12, 10, 8]",0.0069
2020,1,27,1,262,19900,75.95,2,44,115,0.0058,23,92,180,12.15,6.0,94,14,5,2,13,0.0322,"{""IC"": 79, ""PVV"": 1, ""S"": 15, ""PYO"": 12, ""HSM"": 1, ""HDM"": 7}","[5, 6, 7, 11, 9, 10, 14, 17, 16, 36]",0.0068
2020,1,28,2,263,20002,76.05,0,12,153,0.0076,43,110,200,12.64,7.0,124,19,6,4,19,0.0327,"{""IC"": 92, ""PVV"": 1, ""S"": 23, ""PYO"": 14, ""HSM"": 6, ""HDM"": 6, ""AE"": 1, ""MV"": 10}","[5, 6, 7, 8, 10, 11, 12, 23, 18, 17]",0.0069
2020,1,29,3,268,20398,76.11,2,104,141,0.0069,28,113,94,10.14,7.0,121,16,2,2,19,0.0381,"{""IC"": 90, ""PVV"": 3, ""S"": 18, ""PYO"": 18, ""HDM"": 3, ""AE"": 1, ""MV"": 8}","[5, 6, 7, 8, 10, 9, 13, 12, 15, 11]",0.0071
2020,1,30,4,260,19914,76.59,1,64,153,0.0077,37,116,47,9.55,7.0,134,14,5,0,24,0.0286,"{""IC"": 90, ""PVV"": 1, ""S"": 26, ""PYO"": 18, ""HSM"": 2, ""HDM"": 9, ""AE"": 4, ""MV"": 3}","[5, 7, 8, 6, 9, 12, 10, 11, 13, 14]",0.0072
2020,1,31,5,269,20250,75.28,2,40,154,0.0076,27,127,81,10.15,7.0,133,15,5,1,28,0.0292,"{""IC"": 89, ""S"": 24, ""PVV"": 1, ""PYO"": 16, ""HSM"": 3, ""HDM"": 12, ""AE"": 1, ""MV"": 8}","[5, 6, 7, 11, 13, 9, 8, 10, 12, 14]",0.0072
2020,2,1,6,213,16426,77.12,0,26,98,0.006,19,79,101,10.46,7.0,86,9,1,2,14,0.036,"{""IC"": 65, ""S"": 14, ""PYO"": 14, ""HDM"": 2, ""AE"": 1, ""MV"": 2}","[5, 7, 6, 9, 8, 11, 10, 23, 24, 13]",0.0069
2020,2,2,7,211,15992,75.79,0,0,111,0.0069,21,90,38,9.38,7.0,96,11,4,0,12,0.0464,"{""IC"": 72, ""S"": 17, ""PYO"": 18, ""HDM"": 2, ""AE"": 2}","[5, 7, 6, 8, 9, 10, 12, 11, 15, 14]",0.0069
2020,2,3,1,262,19928,76.06,2,50,144,0.0072,25,119,78,9.5,7.0,126,14,3,1,11,0.0414,"{""IC"": 95, ""PVV"": 3, ""S"": 21, ""PYO"": 15, ""HDM"": 5, ""AE"": 1, ""MV"": 4}","[5, 6, 7, 8, 10, 11, 9, 12, 13, 20]",0.0071
2020,2,4,2,260,19914,76.59,0,0,109,0.0055,19,90,39,8.75,7.0,96,12,1,0,7,0.0534,"{""S"": 14, ""IC"": 72, ""PVV"": 1, ""PYO"": 14, ""HSM"": 1, ""HDM"": 5, ""AE"": 2}","[5, 6, 7, 8, 10, 9, 12, 11, 20, 13]",0.0068
2020,2,5,3,265,20098,75.84,1,16,167,0.0083,53,114,180,11.52,7.0,139,20,5,3,30,0.0314,"{""IC"": 109, ""S"": 24, ""PYO"": 18, ""HDM"": 11, ""AE"": 1, ""MV"": 4}","[5, 6, 7, 9, 8, 12, 11, 10, 18, 15]",0.007
2020,2,6,4,262,19976,76.24,0,112,139,0.007,32,107,55,9.1,6.0,119,18,2,0,22,0.0364,"{""IC"": 84, ""PVV"": 2, ""S"": 22, ""PYO"": 18, ""HSM"": 1, ""HDM"": 7, ""AE"": 1, ""MV"": 4}","[5, 6, 7, 11, 10, 19, 9, 8, 14, 12]",0.0069
2020,2,7,5,275,20940,76.15,2,74,162,0.0077,31,131,71,11.29,7.0,134,19,7,2,25,0.0319,"{""IC"": 93, ""PVV"": 2, ""S"": 19, ""PYO"": 26, ""HSM"": 1, ""HDM"": 7, ""AE"": 1, ""MV"": 10, ""V"": 3}","[5, 6, 7, 8, 9, 10, 18, 14, 21, 12]",0.0069
2020,2,8,6,217,17006,78.37,1,62,139,0.0082,23,116,57,10.48,7.0,114,19,6,0,16,0.0459,"{""IC"": 74, ""S"": 16, ""PVV"": 1, ""PYO"": 37, ""HSM"": 2, ""HDM"": 5, ""MV"": 4}","[5, 6, 7, 8, 10, 12, 16, 25, 14, 9]",0.0073
2020,2,9,7,215,16210,75.4,0,0,103,0.0064,23,80,106,13.1,7.0,88,6,4,5,4,0.0397,"{""IC"": 64, ""PVV"": 2, ""S"": 14, ""PYO"": 15, ""HSM"": 1, ""HDM"": 3, ""MV"": 1, ""V"": 3}","[5, 6, 7, 9, 10, 11, 8, 54, 13, 101]",0.0072
2020,2,10,1,269,20072,74.62,1,632,149,0.0074,26,123,84,11.09,8.0,121,22,5,1,22,0.0398,"{""IC"": 93, ""S"": 19, ""PVV"": 1, ""PYO"": 19, ""HSM"": 1, ""HDM"": 11, ""AE"": 2, ""MV"": 3}","[5, 6, 8, 7, 10, 12, 11, 13, 9, 20]",0.0072
2020,2,11,2,266,20042,75.35,0,22,123,0.0061,25,98,98,9.2,6.0,110,10,2,1,9,0.0591,"{""S"": 20, ""IC"": 77, ""PVV"": 2, ""PYO"": 17, ""HSM"": 1, ""HDM"": 2, ""MV"": 4}","[5, 6, 7, 9, 8, 11, 13, 14, 12, 18]",0.0073
2020,2,12,3,264,20090,76.1,4,76,118,0.0059,20,98,36,8.36,6.0,107,9,2,0,16,0.054,"{""IC"": 76, ""S"": 21, ""PYO"": 15, ""HDM"": 5, ""MV"": 1}","[5, 6, 8, 7, 11, 9, 10, 24, 12, 19]",0.007
2020,2,13,4,260,19916,76.6,0,0,134,0.0067,25,109,128,10.34,7.0,115,14,4,1,9,0.0356,"{""IC"": 92, ""PVV"": 3, ""S"": 19, ""PYO"": 15, ""HDM"": 3, ""AE"": 1, ""MV"": 1}","[5, 6, 7, 8, 9, 11, 10, 15, 12, 14]",0.0069
2020,2,14,5,267,20598,77.15,0,0,138,0.0067,30,108,60,9.46,7.0,116,20,1,1,16,0.0573,"{""IC"": 75, ""PVV"": 1, ""S"": 18, ""PYO"": 23, ""HSM"": 7, ""HDM"": 9, ""AE"": 1, ""MV"": 4}","[5, 6, 7, 8, 11, 10, 9, 16, 19, 28]",0.0068
2020,2,15,6,214,16864,78.8,0,0,107,0.0063,17,90,50,10.22,7.0,89,14,4,0,3,0.0644,"{""IC"": 59, ""S"": 12, ""PVV"": 1, ""PYO"": 33, ""HDM"": 2}","[5, 6, 7, 9, 10, 11, 12, 8, 19, 17]",0.0065
2020,2,16,7,215,16024,74.53,0,46,123,0.0077,28,95,127,12.67,7.0,99,18,3,3,13,0.0355,"{""IC"": 71, ""S"": 19, ""PYO"": 14, ""HSM"": 6, ""HDM"": 9, ""AE"": 4}","[5, 6, 7, 11, 8, 9, 21, 10, 16, 12]",0.0067
2020,2,17,1,266,19880,74.74,1,52,151,0.0076,36,115,32,8.14,6.0,137,13,1,0,17,0.0519,"{""IC"": 89, ""S"": 23, ""PVV"": 1, ""PYO"": 13, ""HSM"": 9, ""HDM"": 10, ""AE"": 2, ""MV"": 4}","[6, 5, 7, 8, 9, 10, 11, 12, 16, 15]",0.0067
2020,2,18,2,270,19918,73.77,5,10,124,0.0062,32,92,31,7.92,7.0,117,6,1,0,10,0.0619,"{""IC"": 75, ""S"": 18, ""PVV"": 1, ""PYO"": 14, ""HSM"": 6, ""HDM"": 2, ""AE"": 3, ""MV"": 5}","[5, 6, 7, 8, 9, 11, 10, 12, 28, 14]",0.0067
2020,2,19,3,275,20270,73.71,8,184,151,0.0074,38,113,100,10.37,7.0,132,13,3,3,17,0.0331,"{""IC"": 90, ""PVV"": 3, ""S"": 22, ""PYO"": 14, ""HSM"": 5, ""HDM"": 7, ""MV"": 10}","[5, 7, 6, 8, 9, 12, 10, 14, 13, 11]",0.0069
2020,2,20,4,260,20002,76.93,1,114,136,0.0068,20,116,152,10.65,7.0,116,14,5,1,12,0.036,"{""S"": 17, ""IC"": 88, ""PVV"": 1, ""PYO"": 15, ""HDM"": 7, ""AE"": 1, ""MV"": 7}","[5, 6, 7, 9, 8, 10, 11, 13, 12, 14]",0.007
2020,2,21,5,267,20606,77.18,2,30,139,0.0067,26,113,35,8.94,7.0,122,15,2,0,16,0.0579,"{""IC"": 71, ""S"": 26, ""PYO"": 29, ""HSM"": 1, ""HDM"": 10, ""AE"": 1, ""MV"": 1}","[5, 6, 7, 9, 8, 10, 11, 12, 14, 15]",0.007
2020,2,22,6,217,16998,78.33,0,0,154,0.0091,21,133,111,10.0,7.0,133,16,4,1,20,0.0296,"{""IC"": 87, ""S"": 26, ""PVV"": 1, ""PYO"": 30, ""HSM"": 1, ""HDM"": 5, ""AE"": 1, ""MV"": 3}","[5, 6, 8, 7, 10, 9, 11, 13, 17, 14]",0.0074
2020,2,23,7,213,16020,75.21,2,28,96,0.006,17,79,171,10.61,7.0,83,11,1,1,10,0.0836,"{""IC"": 64, ""S"": 11, ""PYO"": 17, ""HDM"": 2, ""AE"": 2}","[5, 7, 6, 9, 11, 8, 10, 18, 13, 17]",0.0071
2020,2,24,1,263,20040,76.2,1,48,122,0.0061,30,92,71,9.3,7.0,107,13,1,1,14,0.0379,"{""IC"": 74, ""S"": 16, ""PYO"": 16, ""HDM"": 11, ""AE"": 1, ""MV"": 4}","[5, 6, 8, 7, 15, 10, 11, 13, 14, 9]",0.0069
2020,2,25,2,264,19992,75.73,6,166,131,0.0066,39,92,124,10.15,7.0,111,17,2,1,15,0.0449,"{""IC"": 79, ""S"": 26, ""PYO"": 14, ""HDM"": 5, ""AE"": 1, ""MV"": 6}","[5, 7, 6, 8, 10, 9, 11, 16, 18, 19]",0.007
2020,2,26,3,266,20254,76.14,2,144,162,0.008,27,135,92,10.95,8.0,138,18,4,2,32,0.0236,"{""IC"": 101, ""PVV"": 1, ""S"": 21, ""PYO"": 14, ""HSM"": 2, ""HDM"": 12, ""MV"": 11}","[5, 6, 9, 8, 10, 11, 12, 7, 20, 19]",0.007
2020,2,27,4,262,19932,76.08,3,48,176,0.0088,28,148,77,9.74,7.0,152,18,5,1,29,0.0389,"{""S"": 28, ""IC"": 118, ""PYO"": 12, ""HSM"": 2, ""HDM"": 10, ""AE"": 3, ""MV"": 3}","[5, 6, 7, 8, 10, 11, 12, 9, 15, 14]",0.0073
2020,2,28,5,271,20644,76.18,7,264,182,0.0088,41,141,136,12.92,7.0,149,19,8,6,28,0.0266,"{""IC"": 109, ""PVV"": 1, ""S"": 24, ""PYO"": 32, ""HSM"": 1, ""HDM"": 8, ""AE"": 3, ""MV"": 4}","[5, 6, 8, 7, 10, 11, 12, 15, 9, 14]",0.0076
2020,2,29,6,216,16956,78.5,7,166,159,0.0094,32,127,300,13.82,7.0,122,26,8,3,19,0.0401,"{""IC"": 87, ""S"": 23, ""PVV"": 1, ""PYO"": 38, ""HSM"": 1, ""HDM"": 8, ""AE"": 1}","[5, 6, 7, 8, 9, 10, 16, 11, 12, 22]",0.0077
2020,3,1,7,212,16006,75.5,5,142,137,0.0086,27,110,90,10.37,7.0,116,16,4,1,19,0.0239,"{""S"": 21, ""IC"": 87, ""PVV"": 1, ""PYO"": 17, ""HSM"": 1, ""HDM"": 8, ""AE"": 1, ""MV"": 1}","[6, 5, 7, 8, 9, 10, 11, 13, 25, 21]",0.008
2020,3,2,1,261,19928,76.35,13,328,134,0.0067,27,107,48,9.21,7.0,115,18,1,0,17,0.0358,"{""IC"": 82, ""S"": 24, ""PYO"": 17, ""HSM"": 3, ""HDM"": 8}","[5, 6, 7, 8, 9, 11, 18, 10, 12, 14]",0.0081
2020,3,3,2,266,20146,75.74,10,218,141,0.007,26,115,147,10.42,6.0,121,14,5,1,17,0.026,"{""IC"": 88, ""S"": 15, ""PVV"": 2, ""PYO"": 16, ""HSM"": 1, ""HDM"": 6, ""AE"": 7, ""MV"": 6}","[5, 6, 7, 9, 11, 8, 15, 14, 10, 13]",0.0082
2020,3,4,3,264,19998,75.75,5,132,134,0.0067,28,106,118,10.2,7.0,118,11,3,2,18,0.0263,"{""IC"": 89, ""PVV"": 2, ""S"": 19, ""PYO"": 13, ""HDM"": 8, ""AE"": 1, ""MV"": 2}","[5, 6, 7, 8, 14, 9, 10, 12, 16, 18]",0.008
2020,3,5,4,263,20000,76.05,0,0,179,0.0089,50,129,56,9.94,7.0,154,20,5,0,27,0.0259,"{""IC"": 107, ""S"": 33, ""PVV"": 4, ""PYO"": 13, ""HSM"": 1, ""HDM"": 9, ""AE"": 6, ""MV"": 6}","[5, 6, 8, 7, 9, 10, 14, 11, 12, 13]",0.008
2020,3,6,5,272,20772,76.37,3,190,157,0.0076,34,123,45,9.15,7.0,138,16,3,0,21,0.0385,"{""IC"": 90, ""S"": 20, ""PYO"": 28, ""HSM"": 1, ""HDM"": 7, ""AE"": 1, ""MV"": 10}","[5, 6, 7, 11, 9, 10, 12, 8, 15, 14]",0.0078
2020,3,7,6,218,17072,78.31,4,142,145,0.0085,31,114,147,14.49,8.0,108,24,8,5,26,0.019,"{""IC"": 85, ""PVV"": 1, ""S"": 18, ""PYO"": 28, ""HSM"": 1, ""HDM"": 11, ""MV"": 1}","[5, 6, 7, 10, 8, 12, 11, 9, 17, 16]",0.0077
2020,3,8,7,212,16024,75.58,0,40,99,0.0062,20,79,37,9.45,7.0,85,12,2,0,9,0.0435,"{""IC"": 73, ""S"": 11, ""PYO"": 12, ""HSM"": 1, ""HDM"": 1, ""MV"": 1}","[5, 6, 7, 8, 9, 10, 11, 13, 29, 12]",0.0074
2020,3,9,1,259,19764,76.31,0,0,107,0.0054,21,86,62,8.73,6.0,96,8,2,1,5,0.079,"{""IC"": 71, ""S"": 16, ""PYO"": 17, ""HDM"": 3}","[5, 6, 8, 7, 11, 9, 10, 18, 14, 22]",0.0072
2020,3,10,2,267,20146,75.45,0,0,127,0.0063,32,95,45,9.34,7.0,109,14,4,0,17,0.0424,"{""IC"": 84, ""S"": 12, ""PYO"": 13, ""HSM"": 1, ""HDM"": 5, ""AE"": 3, ""MV"": 9}","[5, 6, 7, 8, 9, 11, 16, 12, 10, 22]",0.0071
2020,3,11,3,266,20156,75.77,2,170,105,0.0052,22,83,68,9.59,6.0,91,10,3,1,8,0.049,"{""IC"": 64, ""S"": 21, ""PYO"": 9, ""HSM"": 1, ""HDM"": 4, ""AE"": 1, ""MV"": 5}","[5, 6, 7, 8, 9, 11, 16, 13, 14, 25]",0.0069
2020,3,12,4,262,19976,76.24,1,68,111,0.0056,25,86,36,8.77,7.0,97,13,1,0,4,0.0655,"{""IC"": 75, ""PVV"": 2, ""S"": 8, ""PYO"": 13, ""HDM"": 8, ""AE"": 1, ""MV"": 4}","[5, 6, 8, 7, 9, 13, 11, 10, 17, 24]",0.0064
2020,3,13,5,270,20704,76.68,2,156,148,0.0071,21,127,67,9.39,7.0,132,12,3,1,18,0.0393,"{""IC"": 80, ""PVV"": 2, ""S"": 21, ""PYO"": 30, ""HSM"": 2, ""HDM"": 7, ""AE"": 5, ""MV"": 1}","[5, 6, 7, 8, 9, 11, 12, 13, 14, 10]",0.0063
2020,3,14,6,221,17332,78.43,1,196,144,0.0083,31,113,110,12.25,7.0,118,15,9,2,16,0.0355,"{""S"": 19, ""IC"": 70, ""PVV"": 1, ""PYO"": 28, ""HSM"": 1, ""HDM"": 7, ""AE"": 3, ""MV"": 15}","[5, 6, 7, 9, 8, 11, 10, 13, 14, 12]",0.0063
2020,3,15,7,215,16188,75.29,7,216,93,0.0057,18,75,29,8.61,6.0,85,8,0,0,9,0.053,"{""IC"": 61, ""PVV"": 1, ""S"": 17, ""PYO"": 11, ""HDM"": 3}","[5, 6, 7, 11, 10, 12, 13, 8, 17, 27]",0.0062
2020,3,16,1,262,19898,75.95,10,596,122,0.0061,26,96,92,10.2,7.0,104,16,0,2,12,0.0462,"{""IC"": 82, ""S"": 15, ""PYO"": 12, ""HDM"": 6, ""AE"": 2, ""MV"": 5}","[6, 5, 7, 8, 9, 13, 12, 21, 10, 11]",0.0063
2020,3,17,2,258,19848,76.93,60,3190,128,0.0064,24,104,131,14.76,8.0,99,16,8,5,15,0.0232,"{""S"": 23, ""IC"": 77, ""PVV"": 2, ""PYO"": 16, ""HDM"": 3, ""AE"": 7}","[5, 6, 7, 8, 11, 10, 12, 9, 23, 13]",0.0063
2020,3,18,3,260,19880,76.46,70,3268,130,0.0065,22,108,166,10.25,7.0,113,13,3,1,9,0.0562,"{""IC"": 80, ""S"": 21, ""PVV"": 2, ""PYO"": 17, ""HDM"": 3, ""AE"": 7}","[6, 5, 7, 8, 10, 9, 12, 15, 16, 11]",0.0065
2020,3,19,4,258,19848,76.93,77,4164,112,0.0056,16,96,32,8.17,6.0,104,6,2,0,5,0.0748,"{""IC"": 82, ""S"": 11, ""PYO"": 13, ""HDM"": 6}","[5, 6, 7, 9, 8, 11, 12, 22, 10, 14]",0.0065
2020,3,20,5,266,20558,77.29,76,4628,135,0.0066,24,111,36,8.12,6.0,123,11,1,0,7,0.0811,"{""IC"": 80, ""S"": 19, ""PYO"": 30, ""HSM"": 3, ""HDM"": 3}","[5, 6, 7, 8, 10, 9, 12, 11, 14, 15]",0.0065
2020,3,21,6,221,17156,77.63,61,3696,135,0.0079,24,111,62,11.36,7.0,106,20,8,1,12,0.0487,"{""IC"": 63, ""S"": 18, ""PYO"": 38, ""HSM"": 3, ""HDM"": 4, ""MV"": 9}","[5, 6, 7, 9, 8, 10, 11, 13, 15, 16]",0.0064
2020,3,22,7,218,16330,74.91,60,3994,111,0.0068,19,92,46,10.77,7.0,89,16,6,0,9,0.0504,"{""IC"": 75, ""S"": 13, ""PYO"": 15, ""HDM"": 2, ""MV"": 6}","[5, 6, 7, 8, 10, 12, 11, 18, 9, 17]",0.0066
2020,3,23,1,260,19774,76.05,36,2304,115,0.0058,17,98,82,10.81,6.0,101,7,4,3,8,0.0376,"{""IC"": 78, ""S"": 14, ""PYO"": 15, ""HSM"": 4, ""HDM"": 4}","[5, 6, 7, 13, 9, 10, 8, 14, 15, 12]",0.0065
2020,3,24,2,262,19958,76.18,33,1980,136,0.0068,28,108,96,11.2,7.0,119,8,7,2,12,0.0405,"{""IC"": 87, ""S"": 19, ""PYO"": 18, ""HSM"": 2, ""HDM"": 3, ""MV"": 7}","[5, 6, 7, 8, 12, 11, 10, 9, 13, 25]",0.0066
2020,3,25,3,264,19872,75.27,27,1770,116,0.0058,21,95,180,12.12,7.0,102,8,4,2,10,0.0575,"{""S"": 13, ""IC"": 75, ""PYO"": 16, ""HSM"": 2, ""HDM"": 5, ""MV"": 5}","[5, 6, 8, 7, 10, 9, 11, 12, 19, 13]",0.0065
2020,3,26,4,261,19846,76.04,31,1868,140,0.0071,32,108,61,10.82,7.0,113,18,8,1,23,0.032,"{""IC"": 92, ""S"": 21, ""PYO"": 16, ""HSM"": 2, ""HDM"": 6, ""MV"": 3}","[5, 6, 7, 8, 10, 12, 20, 11, 13, 9]",0.0067
2020,3,27,5,270,20532,76.04,32,1822,112,0.0055,22,90,56,8.06,6.0,104,7,1,0,5,0.0858,"{""IC"": 63, ""S"": 18, ""PYO"": 29, ""HSM"": 1, ""HDM"": 1}","[5, 6, 7, 8, 9, 10, 11, 12, 13, 17]",0.0065
2020,3,28,6,206,16076,78.04,13,514,119,0.0074,14,105,102,10.61,7.0,102,12,3,2,4,0.041,"{""IC"": 68, ""S"": 17, ""PYO"": 32, ""HSM"": 1, ""MV"": 1}","[5, 6, 7, 9, 8, 10, 20, 13, 12, 11]",0.0065
2020,3,29,7,203,15188,74.82,10,706,98,0.0065,15,83,180,11.56,7.0,82,10,5,1,12,0.0637,"{""IC"": 72, ""S"": 14, ""PYO"": 8, ""HDM"": 3, ""MV"": 1}","[5, 6, 7, 10, 8, 12, 16, 13, 14, 24]",0.0064
2020,3,30,1,252,18962,75.25,3,504,104,0.0055,23,81,75,8.62,7.0,96,7,0,1,9,0.0543,"{""S"": 24, ""IC"": 77, ""HSM"": 1, ""MV"": 2}","[5, 6, 8, 7, 12, 11, 9, 10, 13, 14]",0.0064
2020,3,31,2,254,19176,75.5,23,1018,108,0.0056,33,75,55,10.75,7.0,89,13,6,0,7,0.0356,"{""IC"": 80, ""S"": 12, ""HSM"": 1, ""HDM"": 6, ""MV"": 9}","[5, 6, 7, 8, 12, 11, 13, 9, 47, 20]",0.0062
2020,4,1,3,256,19052,74.42,24,850,115,0.006,26,89,36,9.69,7.0,96,14,5,0,10,0.0719,"{""IC"": 78, ""S"": 24, ""HSM"": 1, ""HDM"": 4, ""MV"": 8}","[5, 6, 7, 8, 11, 10, 9, 17, 12, 15]",0.0062
2020,4,2,4,250,18934,75.74,7,542,116,0.0061,34,82,84,9.51,6.0,106,4,5,1,6,0.0654,"{""IC"": 88, ""S"": 22, ""HSM"": 3, ""HDM"": 1, ""MV"": 2}","[5, 6, 7, 8, 9, 11, 12, 10, 13, 14]",0.0061
2020,4,3,5,259,19676,75.97,3,710,85,0.0043,12,73,38,7.99,6.0,78,6,1,0,6,0.0844,"{""S"": 11, ""IC"": 57, ""PYO"": 7, ""HSM"": 2, ""HDM"": 5, ""MV"": 3}","[5, 6, 7, 8, 10, 13, 14, 16, 11, 12]",0.0059
2020,4,4,6,205,15350,74.88,0,2,105,0.0068,12,93,51,9.14,6.0,94,8,3,0,5,0.0858,"{""S"": 16, ""IC"": 69, ""PYO"": 8, ""HSM"": 1, ""HDM"": 3, ""MV"": 8}","[5, 6, 7, 8, 9, 12, 10, 13, 14, 29]",0.0058
2020,4,5,7,202,14720,72.87,2,36,101,0.0069,13,88,66,9.56,6.0,89,7,3,2,5,0.0616,"{""S"": 15, ""IC"": 82, ""HSM"": 1, ""HDM"": 1, ""MV"": 2}","[5, 6, 7, 8, 10, 11, 12, 20, 13, 41]",0.0059
2020,4,6,1,258,18704,72.5,8,1180,94,0.005,21,73,180,13.47,7.0,76,15,1,2,12,0.0786,"{""IC"": 56, ""S"": 15, ""HSM"": 3, ""HDM"": 8, ""MV"": 11, ""V"": 1}","[5, 6, 7, 8, 9, 25, 16, 13, 10, 14]",0.0058
2020,4,7,2,251,18608,74.14,8,1232,88,0.0047,21,67,86,12.01,7.0,71,11,3,3,12,0.0302,"{""S"": 17, ""IC"": 63, ""HSM"": 2, ""HDM"": 3, ""MV"": 3}","[5, 6, 7, 8, 11, 20, 17, 19, 9, 13]",0.0057
2020,4,8,3,258,18922,73.34,11,1402,112,0.0059,25,87,63,10.29,7.0,91,16,4,1,21,0.0299,"{""IC"": 73, ""S"": 18, ""HSM"": 2, ""HDM"": 9, ""MV"": 10}","[7, 5, 6, 8, 15, 14, 16, 18, 50, 11]",0.0057
2020,4,9,4,255,19004,74.53,7,1242,108,0.0057,15,93,131,11.99,6.0,89,12,3,4,12,0.0352,"{""S"": 27, ""IC"": 67, ""HSM"": 4, ""HDM"": 8, ""MV"": 2}","[6, 5, 7, 10, 17, 8, 12, 9, 32, 74]",0.0056
2020,4,10,5,219,16866,77.01,7,1226,90,0.0053,15,75,40,8.31,6.0,83,4,3,0,12,0.0773,"{""S"": 20, ""IC"": 54, ""HDM"": 7, ""MV"": 9}","[5, 6, 7, 8, 12, 14, 10, 9, 11, 24]",0.0058
2020,4,11,6,202,15314,75.81,7,1226,69,0.0045,11,58,24,6.87,6.0,66,3,0,0,0,0.149,"{""IC"": 48, ""S"": 16, ""HSM"": 2, ""HDM"": 2, ""MV"": 1}","[5, 6, 8, 7, 9, 11, 24, 13, 17, 15]",0.0054
2020,4,12,7,171,12682,74.16,7,1228,74,0.0058,23,51,33,7.97,6.0,68,5,1,0,4,0.0754,"{""IC"": 54, ""S"": 10, ""HSM"": 2, ""HDM"": 5, ""MV"": 3}","[5, 6, 8, 7, 10, 9, 14, 19, 17, 13]",0.0053
2020,4,13,1,193,14858,76.98,8,1288,72,0.0048,10,62,40,8.99,6.0,64,6,2,0,11,0.0511,"{""IC"": 58, ""S"": 9, ""HSM"": 2, ""HDM"": 2, ""MV"": 1}","[5, 6, 7, 8, 13, 12, 9, 10, 15, 40]",0.0052
2020,4,14,2,199,15846,79.63,7,1088,79,0.005,14,65,60,8.01,6.0,74,4,0,1,10,0.0556,"{""IC"": 58, ""S"": 8, ""HSM"": 2, ""HDM"": 7, ""MV"": 4}","[5, 6, 7, 9, 8, 11, 10, 12, 23, 25]",0.0053
2020,4,15,3,198,15678,79.18,13,1098,59,0.0038,9,50,56,7.88,6.0,56,2,1,0,4,0.1015,"{""IC"": 47, ""S"": 4, ""HSM"": 2, ""HDM"": 4, ""MV"": 2}","[5, 6, 7, 8, 9, 11, 15, 13, 10, 14]",0.005
2020,4,16,4,192,15516,80.81,7,1018,83,0.0053,14,69,36,9.06,6.0,72,8,3,0,9,0.0693,"{""IC"": 61, ""S"": 13, ""HSM"": 1, ""HDM"": 8}","[6, 5, 7, 8, 22, 15, 14, 35, 11, 10]",0.0049
2020,4,17,5,195,14996,76.9,3,62,69,0.0046,7,62,27,7.19,6.0,66,3,0,0,4,0.107,"{""IC"": 48, ""S"": 16, ""HSM"": 1, ""HDM"": 1, ""MV"": 3}","[5, 6, 8, 7, 11, 9, 13, 12, 15, 10]",0.0048
2020,4,18,6,164,12718,77.55,1,22,59,0.0046,5,54,71,8.27,6.0,55,3,0,1,4,0.0379,"{""IC"": 42, ""S"": 11, ""HSM"": 1, ""HDM"": 5}","[5, 6, 7, 8, 10, 14, 9, 15, 17, 71]",0.0048
2020,4,19,7,163,12216,74.94,0,8,68,0.0056,14,54,49,10.15,6.0,58,8,2,0,8,0.0434,"{""IC"": 53, ""S"": 10, ""HSM"": 1, ""HDM"": 2, ""MV"": 2}","[5, 6, 7, 9, 14, 13, 11, 27, 49, 22]",0.0048
2020,4,20,1,190,14482,76.22,0,14,76,0.0052,16,60,96,8.87,6.0,70,5,0,1,5,0.0526,"{""IC"": 64, ""S"": 10, ""HSM"": 1, ""HDM"": 1}","[6, 5, 7, 9, 11, 8, 10, 13, 17, 18]",0.0049
2020,4,21,2,188,14474,76.99,0,22,84,0.0058,15,69,29,6.92,6.0,83,1,0,0,2,0.0886,"{""IC"": 62, ""S"": 14, ""HSM"": 3, ""HDM"": 5}","[5, 6, 7, 8, 10, 9, 13, 14, 11, 12]",0.005
2020,4,22,3,198,14812,74.81,2,46,107,0.0072,26,81,98,9.5,7.0,94,9,3,1,10,0.0603,"{""IC"": 64, ""S"": 12, ""HSM"": 11, ""HDM"": 4, ""MV"": 16}","[5, 6, 7, 8, 9, 14, 10, 18, 16, 17]",0.0055
2020,4,23,4,193,14696,76.15,3,178,85,0.0058,16,69,36,8.92,6.0,73,9,3,0,11,0.0571,"{""IC"": 59, ""S"": 14, ""HSM"": 1, ""HDM"": 5, ""MV"": 6}","[5, 6, 7, 8, 10, 9, 16, 18, 13, 36]",0.0055
2020,4,24,5,195,14932,76.57,0,14,83,0.0056,10,73,34,7.65,6.0,77,5,1,0,5,0.0898,"{""IC"": 54, ""S"": 18, ""HSM"": 3, ""HDM"": 5, ""MV"": 3}","[5, 6, 7, 8, 9, 16, 10, 12, 11, 13]",0.0057
2020,4,25,6,169,13004,76.95,3,272,77,0.0059,13,64,46,9.16,6.0,70,3,4,0,11,0.0645,"{""IC"": 39, ""S"": 19, ""HDM"": 12, ""MV"": 7}","[5, 6, 7, 9, 8, 10, 12, 14, 46, 36]",0.0059
2020,4,26,7,164,12266,74.79,0,12,73,0.006,13,60,116,9.82,6.0,64,6,2,1,2,0.0867,"{""IC"": 58, ""S"": 11, ""HSM"": 1, ""HDM"": 1, ""MV"": 2}","[5, 6, 7, 8, 9, 15, 13, 14, 27, 18]",0.0059
2020,4,27,1,192,14758,76.86,2,292,65,0.0044,13,52,21,6.94,6.0,62,3,0,0,3,0.1003,"{""IC"": 49, ""S"": 11, ""HSM"": 2, ""HDM"": 1, ""MV"": 2}","[6, 5, 7, 8, 10, 12, 21, 15, 19]",0.0058
2020,4,28,2,189,14514,76.79,0,38,58,0.004,11,47,94,9.72,6.0,53,2,2,1,1,0.0946,"{""IC"": 46, ""S"": 6, ""HDM"": 4, ""MV"": 2}","[5, 6, 7, 8, 9, 94, 12, 14, 15, 10]",0.0056
2020,4,29,3,192,14544,75.75,4,82,76,0.0052,20,56,21,7.04,6.0,74,2,0,0,7,0.0769,"{""IC"": 55, ""S"": 15, ""HSM"": 3, ""HDM"": 1, ""MV"": 2}","[5, 6, 7, 8, 9, 10, 14, 20, 12, 13]",0.0053
2020,4,30,4,192,14650,76.3,2,42,78,0.0053,11,67,124,8.92,6.0,74,3,0,1,6,0.088,"{""IC"": 60, ""S"": 10, ""HSM"": 2, ""HDM"": 6}","[5, 6, 7, 8, 10, 13, 12, 14, 9, 11]",0.0052
2020,5,1,5,181,14222,78.57,2,618,111,0.0078,28,83,192,21.34,7.0,82,12,8,9,13,0.0202,"{""IC"": 79, ""S"": 13, ""HDM"": 3, ""MV"": 16}","[6, 5, 7, 8, 11, 9, 13, 12, 17, 81]",0.0055
2020,5,2,6,166,13004,78.34,0,54,75,0.0058,17,58,114,12.55,6.0,61,8,4,2,10,0.0391,"{""S"": 17, ""IC"": 48, ""HSM"": 1, ""HDM"": 2, ""MV"": 7}","[5, 6, 8, 7, 9, 10, 24, 12, 44, 21]",0.0055
2020,5,3,7,166,12878,77.58,1,342,126,0.0098,59,67,178,12.49,7.0,106,10,7,3,8,0.0208,"{""IC"": 99, ""S"": 13, ""HDM"": 2, ""MV"": 12}","[5, 6, 8, 10, 7, 15, 9, 40, 21, 14]",0.006
2020,5,4,1,151,11406,75.54,1,162,83,0.0073,14,69,80,9.95,7.0,72,8,2,1,2,0.1315,"{""IC"": 64, ""S"": 7, ""HDM"": 5, ""MV"": 7}","[5, 6, 7, 8, 10, 12, 9, 13, 11, 15]",0.0065
2020,5,5,2,150,11078,73.85,1,324,65,0.0059,7,58,80,10.37,7.0,54,9,1,1,2,0.085,"{""IC"": 54, ""S"": 5, ""HSM"": 1, ""HDM"": 2, ""MV"": 3}","[5, 6, 7, 8, 9, 10, 16, 13, 14, 12]",0.0067
2020,5,6,3,147,11078,75.36,2,250,95,0.0086,21,74,81,12.12,8.0,74,16,3,2,12,0.0488,"{""IC"": 78, ""S"": 11, ""HSM"": 3, ""HDM"": 2, ""MV"": 1}","[5, 6, 7, 8, 14, 12, 11, 16, 9, 20]",0.0072
2020,5,7,4,144,10968,76.17,12,678,81,0.0074,24,57,124,13.53,8.0,61,15,3,2,12,0.0438,"{""IC"": 65, ""S"": 10, ""HSM"": 1, ""HDM"": 4, ""MV"": 1}","[5, 7, 6, 9, 14, 25, 8, 15, 10, 21]",0.0075
2020,5,8,5,147,11390,77.48,8,502,71,0.0062,7,64,80,12.46,9.0,56,11,3,1,10,0.0794,"{""IC"": 55, ""S"": 6, ""HSM"": 1, ""HDM"": 4, ""MV"": 5}","[5, 6, 7, 9, 8, 13, 11, 10, 16, 12]",0.0073
2020,5,9,6,131,9340,71.3,0,258,60,0.0064,9,51,121,11.22,7.0,52,5,2,1,4,0.118,"{""IC"": 49, ""S"": 8, ""HSM"": 1, ""HDM"": 2}","[5, 6, 7, 9, 12, 8, 10, 16, 13, 14]",0.0074
2020,5,10,7,115,9138,79.46,0,152,56,0.0061,9,47,126,11.0,6.0,48,6,1,1,3,0.0736,"{""IC"": 47, ""S"": 9}","[5, 6, 7, 11, 9, 10, 14, 31, 17, 12]",0.0068
2020,5,11,1,145,10980,75.72,2,294,65,0.0059,10,55,90,12.17,8.0,53,9,1,2,3,0.065,"{""IC"": 53, ""S"": 8, ""HSM"": 2, ""MV"": 2}","[5, 6, 9, 7, 8, 11, 13, 16, 12, 10]",0.0066
2020,5,12,2,143,10942,76.52,0,218,71,0.0065,9,62,105,11.35,8.0,59,11,0,1,5,0.0574,"{""IC"": 62, ""S"": 5, ""HSM"": 1, ""HDM"": 3}","[5, 6, 8, 7, 17, 13, 14, 11, 9, 12]",0.0067
2020,5,13,3,145,10974,75.68,2,250,92,0.0084,24,68,79,11.28,8.0,78,8,5,1,8,0.0446,"{""IC"": 80, ""S"": 4, ""HSM"": 2, ""HDM"": 6}","[5, 6, 10, 12, 13, 7, 8, 11, 9, 15]",0.0067
2020,5,14,4,153,11902,77.79,10,1198,75,0.0063,11,64,75,12.4,8.0,59,10,4,2,4,0.0673,"{""IC"": 63, ""S"": 7, ""HDM"": 5}","[5, 6, 10, 8, 7, 9, 17, 11, 12, 13]",0.0065
2020,5,15,5,155,12118,78.18,11,1220,89,0.0073,10,79,60,10.85,8.0,74,12,2,1,12,0.0588,"{""IC"": 65, ""S"": 7, ""HSM"": 4, ""HDM"": 6, ""MV"": 7}","[5, 7, 6, 9, 12, 8, 14, 10, 20, 11]",0.0067
2020,5,16,6,123,9706,78.91,10,1054,77,0.0079,22,55,100,11.31,7.0,63,10,3,1,2,0.0678,"{""S"": 10, ""IC"": 56, ""HSM"": 3, ""HDM"": 2, ""MV"": 2, ""V"": 4}","[5, 7, 6, 8, 14, 11, 10, 16, 17, 21]",0.0069
2020,5,17,7,121,9458,78.17,9,1020,70,0.0074,17,53,127,11.64,7.0,56,12,1,1,7,0.0623,"{""IC"": 53, ""S"": 6, ""HSM"": 3, ""HDM"": 2, ""MV"": 6}","[5, 6, 7, 9, 8, 11, 13, 14, 10, 17]",0.0071
2020,5,18,1,155,12012,77.5,10,1178,79,0.0066,11,68,57,9.29,7.0,68,10,1,0,6,0.0966,"{""IC"": 65, ""S"": 9, ""HSM"": 1, ""HDM"": 3, ""MV"": 1}","[5, 7, 6, 8, 12, 11, 14, 15, 18, 17]",0.0072
2020,5,19,2,151,11946,79.11,10,1178,66,0.0055,10,56,79,10.41,7.0,54,11,0,1,3,0.1092,"{""IC"": 56, ""S"": 5, ""HSM"": 1, ""HDM"": 4}","[6, 5, 7, 11, 12, 17, 10, 9, 8, 15]",0.0071
2020,5,20,3,146,11228,76.9,1,234,68,0.0061,4,64,80,10.84,8.5,58,8,1,1,5,0.09,"{""IC"": 59, ""S"": 4, ""HDM"": 2, ""MV"": 3}","[5, 6, 7, 11, 10, 9, 16, 8, 14, 13]",0.0067
2020,5,21,4,130,10572,81.32,1,276,70,0.0066,10,60,79,12.29,9.0,54,13,2,1,2,0.1171,"{""IC"": 61, ""S"": 3, ""HSM"": 3, ""HDM"": 3}","[6, 5, 7, 13, 12, 10, 16, 8, 9, 22]",0.0068
2020,5,22,5,145,11180,77.1,0,218,91,0.0081,21,70,41,9.91,8.0,79,9,3,0,2,0.0644,"{""IC"": 81, ""S"": 2, ""HSM"": 2, ""HDM"": 6}","[5, 6, 7, 8, 9, 13, 11, 10, 22, 17]",0.0069
2020,5,23,6,132,9362,70.92,2,408,62,0.0066,11,51,117,11.0,7.0,53,7,1,1,6,0.1016,"{""IC"": 40, ""S"": 13, ""HSM"": 3, ""HDM"": 2, ""MV"": 2, ""V"": 2}","[5, 6, 7, 8, 11, 9, 14, 15, 20, 13]",0.0067
2020,5,24,7,114,9142,80.19,0,264,63,0.0069,13,50,112,13.08,7.0,50,9,1,3,3,0.0864,"{""IC"": 52, ""S"": 8, ""HSM"": 1, ""HDM"": 1, ""MV"": 1}","[5, 7, 8, 6, 10, 18, 9, 17, 99, 21]",0.0066
2020,5,25,1,152,11930,78.49,10,1164,83,0.007,10,73,80,10.51,7.0,71,9,2,1,2,0.065,"{""IC"": 75, ""S"": 7, ""HDM"": 1}","[6, 5, 8, 7, 9, 13, 19, 16, 14, 10]",0.0067
2020,5,26,2,153,11950,78.1,11,1190,87,0.0073,13,74,79,10.98,7.0,73,10,3,1,7,0.0903,"{""IC"": 69, ""S"": 8, ""HSM"": 5, ""HDM"": 3, ""MV"": 2}","[5, 7, 6, 11, 8, 9, 10, 17, 14, 12]",0.0069
2020,5,27,3,153,11954,78.13,12,1186,83,0.0069,16,67,79,11.48,8.0,67,13,2,1,6,0.0754,"{""IC"": 63, ""S"": 7, ""HSM"": 3, ""HDM"": 10}","[5, 7, 8, 6, 12, 10, 9, 11, 18, 17]",0.0071
2020,5,28,4,155,12014,77.51,10,1154,79,0.0066,21,58,79,10.82,7.0,65,11,2,1,3,0.0743,"{""IC"": 60, ""S"": 5, ""HSM"": 1, ""HDM"": 4, ""MV"": 9}","[5, 6, 11, 7, 8, 10, 14, 19, 20, 9]",0.0071
2020,5,29,5,141,10978,77.86,0,214,84,0.0077,17,67,140,13.23,7.0,67,12,2,3,6,0.037,"{""IC"": 72, ""S"": 5, ""HSM"": 2, ""HDM"": 3, ""MV"": 2}","[5, 6, 7, 9, 13, 10, 12, 20, 11, 8]",0.007
2020,5,30,6,118,9484,80.37,0,294,64,0.0067,7,57,115,10.94,7.0,53,10,0,1,3,0.1004,"{""IC"": 45, ""S"": 10, ""HSM"": 2, ""HDM"": 2, ""MV"": 3, ""V"": 2}","[5, 7, 6, 17, 8, 11, 9, 10, 12, 14]",0.007
2020,5,31,7,119,9402,79.01,2,366,75,0.008,12,63,121,11.92,7.0,58,14,2,1,4,0.0995,"{""IC"": 53, ""S"": 10, ""HSM"": 1, ""HDM"": 1, ""MV"": 6, ""V"": 4}","[5, 7, 6, 8, 19, 9, 18, 10, 17, 27]",0.0072
2020,6,1,1,168,12452,74.12,13,1104,93,0.0075,21,72,87,12.18,8.0,72,17,2,2,13,0.062,"{""IC"": 64, ""S"": 10, ""HSM"": 1, ""MV"": 18}","[5, 6, 7, 14, 11, 8, 9, 15, 10, 16]",0.0072
2020,6,2,2,153,11878,77.63,13,1068,103,0.0087,32,71,74,10.52,9.0,90,12,0,1,15,0.0446,"{""IC"": 79, ""S"": 11, ""HSM"": 1, ""HDM"": 8, ""MV"": 4}","[6, 5, 10, 7, 8, 13, 9, 14, 12, 11]",0.0074
2020,6,3,3,159,11834,74.43,15,1122,84,0.0071,20,64,74,10.96,8.0,69,12,2,1,11,0.0519,"{""IC"": 67, ""S"": 7, ""HSM"": 1, ""HDM"": 4, ""MUS"": 1, ""MV"": 4}","[5, 6, 8, 9, 10, 11, 14, 15, 16, 7]",0.0075
2020,6,4,4,155,12036,77.65,11,1228,83,0.0069,13,70,79,10.16,7.0,71,10,1,1,7,0.0583,"{""IC"": 67, ""S"": 12, ""HDM"": 2, ""MV"": 2}","[5, 6, 7, 9, 12, 8, 10, 13, 14, 21]",0.0075
2020,6,5,5,144,11154,77.46,2,210,77,0.0069,18,59,79,10.55,7.0,67,7,2,1,6,0.0444,"{""IC"": 65, ""S"": 6, ""HSM"": 2, ""HDM"": 2, ""MV"": 2}","[5, 6, 7, 8, 10, 14, 9, 12, 15, 16]",0.0074
2020,6,6,6,130,9378,72.14,1,706,77,0.0082,17,60,117,14.68,7.0,63,5,5,4,4,0.0334,"{""IC"": 55, ""S"": 18, ""HSM"": 1, ""HDM"": 2, ""MV"": 1}","[5, 6, 7, 8, 9, 14, 12, 13, 10, 15]",0.0076
2020,6,7,7,120,9242,77.02,0,118,64,0.0069,10,54,26,8.95,7.0,54,10,0,0,7,0.0591,"{""IC"": 50, ""S"": 7, ""HDM"": 4, ""MV"": 3}","[6, 7, 5, 13, 15, 10, 16, 14, 8, 9]",0.0075
2020,6,8,1,146,11162,76.45,1,220,98,0.0088,22,76,131,16.06,7.0,81,8,2,7,10,0.0541,"{""IC"": 79, ""S"": 6, ""HSM"": 6, ""HDM"": 2, ""MV"": 5}","[5, 6, 7, 8, 13, 15, 9, 11, 110, 12]",0.0076
2020,6,9,2,141,10962,77.74,1,218,93,0.0085,16,77,41,9.99,7.0,78,12,3,0,7,0.0607,"{""IC"": 71, ""S"": 9, ""HSM"": 11, ""HDM"": 2}","[6, 5, 7, 9, 11, 8, 12, 16, 15, 10]",0.0076
2020,6,10,3,145,11086,76.46,1,270,92,0.0083,25,67,60,12.39,9.0,70,15,6,1,8,0.054,"{""IC"": 68, ""S"": 7, ""HSM"": 9, ""HDM"": 4, ""MV"": 4}","[5, 6, 9, 13, 7, 10, 11, 8, 23, 16]",0.0078
2020,6,11,4,146,11034,75.58,2,306,107,0.0097,32,75,72,12.3,8.0,84,16,5,2,13,0.0372,"{""IC"": 74, ""S"": 10, ""HSM"": 13, ""HDM"": 3, ""MV"": 7}","[5, 6, 7, 8, 10, 11, 13, 12, 15, 14]",0.0082
2020,6,12,5,140,11018,78.7,1,240,85,0.0077,13,72,28,9.46,8.0,72,13,0,0,9,0.0623,"{""IC"": 68, ""S"": 9, ""HSM"": 3, ""HDM"": 5}","[5, 8, 6, 7, 9, 10, 15, 12, 13, 22]",0.0083
2020,6,13,6,118,9342,79.17,0,144,88,0.0094,17,71,115,12.01,7.0,76,8,1,3,6,0.0393,"{""IC"": 69, ""S"": 13, ""HDM"": 3, ""MV"": 3}","[5, 7, 6, 8, 12, 10, 13, 14, 20, 9]",0.0085
2020,6,14,7,124,9652,77.84,1,216,92,0.0095,19,73,88,13.0,7.0,70,13,7,2,15,0.0186,"{""IC"": 67, ""S"": 11, ""HSM"": 1, ""HDM"": 6, ""MV"": 7}","[5, 6, 7, 10, 8, 9, 14, 15, 24, 13]",0.0088
2020,6,15,1,222,15870,71.49,10,972,175,0.011,34,141,234,14.25,7.0,136,25,8,6,30,0.0446,"{""IC"": 118, ""S"": 27, ""HSM"": 2, ""HDM"": 15, ""MV"": 13}","[5, 6, 7, 8, 11, 13, 15, 9, 10, 12]",0.0092
2020,6,16,2,220,16042,72.92,10,972,181,0.0113,37,144,65,9.81,8.0,155,21,4,1,19,0.0474,"{""IC"": 123, ""S"": 24, ""PYO"": 13, ""HSM"": 10, ""HDM"": 6, ""MV"": 5}","[5, 6, 7, 8, 9, 13, 12, 10, 11, 16]",0.0096
2020,6,17,3,223,16314,73.16,12,1064,182,0.0112,55,127,120,10.2,7.5,159,21,0,2,32,0.028,"{""IC"": 120, ""S"": 23, ""PYO"": 9, ""HSM"": 7, ""HDM"": 12, ""MV"": 11}","[5, 6, 7, 8, 11, 10, 9, 12, 13, 16]",0.01
2020,6,18,4,231,16520,71.52,13,1104,201,0.0122,49,152,81,11.27,8.0,157,36,6,2,45,0.0311,"{""IC"": 131, ""S"": 23, ""PYO"": 10, ""HSM"": 2, ""HDM"": 21, ""MV"": 11, ""V"": 3}","[5, 6, 7, 8, 9, 11, 10, 15, 12, 13]",0.0103
2020,6,19,5,195,13338,68.4,3,224,148,0.0111,32,116,57,10.71,9.0,120,24,4,0,28,0.0423,"{""IC"": 92, ""S"": 25, ""HSM"": 4, ""HDM"": 18, ""MV"": 9}","[5, 6, 7, 9, 11, 12, 8, 10, 15, 13]",0.0108
2020,6,20,6,152,9148,60.18,0,0,79,0.0086,11,68,127,14.39,7.0,63,10,1,5,7,0.1029,"{""IC"": 62, ""S"": 9, ""HSM"": 6, ""HDM"": 2}","[5, 6, 8, 7, 9, 17, 10, 11, 13, 15]",0.0107
2020,6,21,7,182,12700,69.78,2,232,161,0.0127,37,124,160,12.56,8.0,132,19,7,3,18,0.0282,"{""IC"": 114, ""S"": 19, ""PYO"": 7, ""HSM"": 2, ""HDM"": 11, ""MV"": 8}","[5, 6, 8, 7, 9, 11, 12, 15, 10, 14]",0.0112
2020,6,22,1,223,15818,70.93,10,972,179,0.0113,47,132,68,9.95,8.0,160,14,4,1,18,0.0551,"{""IC"": 121, ""S"": 31, ""HSM"": 2, ""HDM"": 10, ""MV"": 15}","[5, 6, 7, 11, 9, 10, 8, 12, 14, 15]",0.0112
2020,6,23,2,211,15062,71.38,2,190,156,0.0104,38,118,37,9.75,8.0,133,19,4,0,21,0.049,"{""IC"": 115, ""S"": 23, ""HSM"": 1, ""HDM"": 11, ""MV"": 6}","[6, 5, 8, 10, 7, 11, 9, 12, 15, 13]",0.0111
2020,6,24,3,212,15112,71.28,2,256,161,0.0107,23,138,128,11.13,8.0,127,29,4,1,25,0.0333,"{""IC"": 115, ""S"": 26, ""HSM"": 2, ""HDM"": 10, ""MV"": 8}","[5, 6, 7, 8, 10, 11, 9, 12, 14, 15]",0.011
2020,6,25,4,212,15242,71.9,0,284,249,0.0163,98,151,144,11.89,8.0,205,29,13,2,30,0.0334,"{""IC"": 168, ""S"": 27, ""HSM"": 2, ""HDM"": 15, ""MV"": 37}","[5, 6, 7, 8, 11, 9, 10, 13, 14, 12]",0.0116
2020,6,26,5,215,15784,73.41,5,248,197,0.0125,45,152,136,13.37,8.0,154,28,11,4,32,0.0249,"{""IC"": 135, ""S"": 22, ""PYO"": 9, ""HSM"": 7, ""HDM"": 13, ""MV"": 11}","[6, 5, 7, 8, 11, 10, 12, 13, 17, 9]",0.0118
2020,6,27,6,181,13744,75.93,4,156,151,0.011,32,119,45,9.89,7.0,126,21,4,0,15,0.0418,"{""IC"": 100, ""S"": 29, ""PYO"": 6, ""HSM"": 1, ""HDM"": 9, ""MV"": 6}","[5, 6, 7, 9, 8, 11, 10, 14, 16, 15]",0.0121
2020,6,28,7,180,12784,71.02,0,6,128,0.01,21,107,56,10.26,8.0,111,14,3,0,17,0.0536,"{""IC"": 84, ""S"": 23, ""HSM"": 5, ""HDM"": 7, ""V"": 9}","[5, 6, 7, 8, 9, 13, 12, 14, 11, 16]",0.0117
2020,6,29,1,209,14774,70.69,6,140,149,0.0101,32,117,81,9.32,7.0,130,17,1,1,22,0.0522,"{""IC"": 105, ""S"": 30, ""HSM"": 4, ""HDM"": 9, ""MV"": 1}","[5, 6, 7, 10, 8, 11, 13, 14, 17, 15]",0.0116
2020,6,30,2,210,15034,71.59,2,154,141,0.0094,32,109,31,9.24,7.0,122,18,1,0,17,0.0515,"{""IC"": 96, ""S"": 20, ""HSM"": 9, ""HDM"": 9, ""MV"": 7}","[5, 6, 7, 9, 10, 8, 13, 12, 14, 20]",0.0114
2020,7,1,3,219,15220,69.5,14,594,180,0.0118,53,127,177,17.18,10.5,120,32,21,7,23,0.0248,"{""IC"": 109, ""S"": 26, ""HSM"": 4, ""HDM"": 24, ""MV"": 17}","[5, 6, 11, 7, 9, 8, 14, 13, 18, 10]",0.0116
2020,7,2,4,211,15036,71.26,22,502,154,0.0102,31,123,150,12.25,8.0,124,21,7,2,19,0.032,"{""IC"": 107, ""S"": 29, ""HSM"": 5, ""HDM"": 6, ""MV"": 7}","[5, 6, 11, 9, 7, 8, 13, 10, 14, 12]",0.0107
2020,7,3,5,214,15410,72.01,15,282,162,0.0105,23,139,59,10.19,8.0,139,19,4,0,18,0.0471,"{""IC"": 118, ""S"": 18, ""PYO"": 10, ""HDM"": 13, ""MV"": 3}","[6, 5, 7, 9, 8, 10, 12, 11, 14, 16]",0.0104
2020,7,4,6,193,13400,69.43,14,256,106,0.0079,12,94,43,10.2,7.0,85,17,4,0,10,0.0594,"{""IC"": 70, ""S"": 21, ""PYO"": 7, ""HDM"": 4, ""MUS"": 2, ""MV"": 2}","[6, 5, 7, 8, 9, 13, 15, 16, 10, 19]",0.01
2020,7,5,7,190,12972,68.27,6,106,110,0.0085,10,100,45,10.83,8.0,91,13,6,0,14,0.049,"{""IC"": 79, ""S"": 19, ""HDM"": 4, ""MUS"": 6, ""MV"": 2}","[5, 6, 7, 8, 13, 9, 10, 11, 12, 16]",0.0098
2020,7,6,1,209,14836,70.99,2,148,127,0.0086,26,101,100,10.83,8.0,107,17,2,1,13,0.0492,"{""IC"": 96, ""S"": 14, ""HSM"": 3, ""HDM"": 12, ""MV"": 2}","[5, 6, 8, 7, 9, 13, 11, 12, 10, 18]",0.0096
2020,7,7,2,206,14746,71.58,1,40,114,0.0077,14,100,38,9.25,7.0,101,12,1,0,10,0.0611,"{""IC"": 93, ""S"": 14, ""HSM"": 1, ""HDM"": 6}","[5, 6, 7, 12, 11, 8, 14, 13, 15, 9]",0.0093
2020,7,8,3,213,15220,71.46,10,212,159,0.0104,33,126,51,10.09,8.0,135,20,4,0,18,0.04,"{""IC"": 112, ""S"": 19, ""PYO"": 9, ""HSM"": 1, ""HDM"": 12, ""MV"": 6}","[5, 6, 7, 13, 10, 8, 9, 12, 15, 14]",0.0091
2020,7,9,4,215,15306,71.19,1,38,151,0.0099,21,130,59,11.0,8.0,116,30,5,0,15,0.0529,"{""IC"": 108, ""S"": 13, ""PYO"": 8, ""HSM"": 5, ""HDM"": 8, ""MV"": 9}","[5, 6, 7, 8, 10, 9, 14, 16, 12, 17]",0.0091
2020,7,10,5,209,15392,73.65,5,190,131,0.0085,17,114,42,10.26,8.0,104,24,3,0,10,0.0723,"{""IC"": 91, ""S"": 19, ""PYO"": 7, ""HSM"": 3, ""HDM"": 11}","[5, 6, 7, 8, 9, 15, 12, 10, 13, 16]",0.0088
2020,7,11,6,172,13378,77.78,2,288,119,0.0089,18,101,88,10.09,7.0,99,18,1,1,6,0.0639,"{""IC"": 81, ""S"": 19, ""PYO"": 11, ""HSM"": 3, ""HDM"": 2, ""MUS"": 1, ""MV"": 2}","[5, 6, 7, 8, 10, 13, 15, 11, 9, 12]",0.0089
2020,7,12,7,182,12668,69.6,2,34,119,0.0094,26,93,35,10.24,8.0,92,24,3,0,8,0.0662,"{""IC"": 78, ""S"": 17, ""HSM"": 3, ""HDM"": 3, ""MV"": 18}","[6, 5, 7, 8, 11, 10, 15, 17, 12, 16]",0.0091
2020,7,13,1,211,14842,70.34,2,58,131,0.0088,14,117,54,9.56,7.0,115,13,3,0,17,0.0424,"{""IC"": 102, ""S"": 17, ""HSM"": 1, ""HDM"": 10, ""MV"": 1}","[6, 5, 7, 9, 11, 13, 8, 12, 15, 10]",0.0091
2020,7,14,2,207,14830,71.64,0,52,128,0.0086,18,110,92,11.26,8.0,104,20,2,2,12,0.0611,"{""IC"": 98, ""S"": 16, ""HSM"": 3, ""HDM"": 8, ""MV"": 3}","[5, 7, 6, 9, 8, 10, 13, 16, 15, 11]",0.0092
2020,7,15,3,210,15106,71.93,4,96,148,0.0098,32,116,75,11.18,8.0,114,30,3,1,18,0.0611,"{""IC"": 103, ""S"": 22, ""PYO"": 8, ""HSM"": 1, ""HDM"": 12, ""MV"": 2}","[7, 5, 6, 8, 9, 10, 15, 17, 12, 13]",0.0091
2020,7,16,4,208,15066,72.43,0,0,134,0.0089,25,109,36,10.34,8.0,106,26,2,0,13,0.064,"{""IC"": 102, ""S"": 16, ""PYO"": 7, ""HSM"": 1, ""HDM"": 7, ""MV"": 1}","[5, 6, 7, 8, 10, 14, 11, 16, 13, 9]",0.009
2020,7,17,5,213,15412,72.36,0,0,140,0.0091,19,121,40,9.55,7.0,117,21,2,0,6,0.0753,"{""IC"": 100, ""S"": 13, ""PYO"": 7, ""HSM"": 3, ""HDM"": 9, ""V"": 8}","[5, 6, 8, 7, 10, 12, 13, 15, 9, 17]",0.0091
2020,7,18,6,189,13390,70.85,0,0,117,0.0087,14,103,96,10.49,7.0,98,15,3,1,14,0.069,"{""IC"": 75, ""S"": 20, ""PYO"": 5, ""HSM"": 6, ""HDM"": 4, ""MV"": 7}","[5, 7, 6, 9, 8, 10, 12, 14, 15, 20]",0.009
2020,7,19,7,176,12338,70.1,2,160,99,0.008,14,85,183,11.78,8.0,78,18,2,1,6,0.1005,"{""IC"": 76, ""S"": 10, ""HSM"": 1, ""HDM"": 11, ""MV"": 1}","[5, 7, 8, 6, 9, 17, 10, 11, 16, 15]",0.0088
2020,7,20,1,218,15456,70.9,13,1190,126,0.0082,20,106,115,10.87,8.0,104,19,2,1,15,0.057,"{""IC"": 91, ""S"": 11, ""HSM"": 5, ""HDM"": 11, ""MV"": 8}","[5, 8, 7, 6, 13, 11, 12, 14, 16, 9]",0.0088
2020,7,21,2,212,15394,72.61,12,1184,131,0.0085,28,103,49,9.68,8.0,116,12,3,0,9,0.0712,"{""IC"": 96, ""S"": 15, ""HSM"": 4, ""HDM"": 5, ""MV"": 11}","[6, 5, 8, 7, 12, 14, 11, 9, 10, 13]",0.0087
2020,7,22,3,212,15648,73.81,12,1168,124,0.0079,18,106,121,11.49,8.0,99,22,1,2,8,0.0616,"{""IC"": 92, ""S"": 13, ""PYO"": 9, ""HDM"": 8, ""MV"": 2}","[5, 6, 7, 8, 9, 12, 18, 15, 10, 20]",0.0085
2020,7,23,4,211,15516,73.54,14,1194,98,0.0063,7,91,121,11.88,8.0,84,10,2,2,4,0.0896,"{""IC"": 72, ""S"": 12, ""PYO"": 7, ""HSM"": 1, ""HDM"": 5, ""MV"": 1}","[6, 5, 10, 8, 7, 11, 14, 12, 13, 19]",0.0081
2020,7,24,5,201,15136,75.3,3,258,142,0.0094,15,127,122,13.15,9.0,113,22,3,4,17,0.0515,"{""IC"": 92, ""S"": 25, ""PYO"": 8, ""HSM"": 3, ""HDM"": 9, ""MV"": 5}","[5, 6, 9, 7, 10, 8, 11, 16, 12, 14]",0.0081
2020,7,25,6,178,13298,74.71,2,140,109,0.0082,13,96,24,9.49,7.0,87,22,0,0,7,0.0795,"{""IC"": 80, ""S"": 16, ""PYO"": 7, ""HSM"": 4, ""HDM"": 2}","[6, 5, 7, 8, 9, 14, 16, 17, 18, 13]",0.0081
2020,7,26,7,186,12748,68.54,2,172,132,0.0104,18,114,73,15.66,9.0,90,22,18,2,20,0.0353,"{""IC"": 102, ""S"": 20, ""HDM"": 6, ""MV"": 4}","[5, 6, 10, 8, 7, 9, 12, 15, 17, 14]",0.0084
2020,7,27,1,213,15132,71.04,2,236,175,0.0116,22,153,102,11.35,8.0,140,28,4,3,40,0.0384,"{""IC"": 118, ""S"": 28, ""HSM"": 7, ""HDM"": 17, ""MV"": 5}","[5, 7, 9, 8, 6, 10, 15, 12, 16, 11]",0.0089
2020,7,28,2,211,14998,71.08,3,212,138,0.0092,21,117,29,9.22,8.0,119,19,0,0,15,0.0572,"{""IC"": 103, ""S"": 21, ""HSM"": 3, ""HDM"": 10, ""MV"": 1}","[5, 6, 8, 7, 9, 13, 14, 10, 15, 12]",0.009
2020,7,29,3,212,15254,71.95,6,320,140,0.0092,21,119,54,9.94,8.0,119,17,4,0,20,0.0518,"{""IC"": 100, ""S"": 16, ""PYO"": 9, ""HSM"": 2, ""HDM"": 13}","[5, 6, 7, 8, 9, 10, 11, 16, 12, 14]",0.0092
2020,7,30,4,215,15428,71.76,3,338,172,0.0111,42,130,56,9.53,7.0,151,16,5,0,20,0.0529,"{""IC"": 108, ""S"": 22, ""PYO"": 10, ""HSM"": 13, ""HDM"": 14, ""MV"": 5}","[6, 5, 8, 9, 7, 10, 13, 11, 16, 15]",0.0099
2020,7,31,5,211,15328,72.64,2,80,171,0.0112,33,138,56,11.31,8.0,135,27,9,0,17,0.039,"{""IC"": 131, ""S"": 16, ""PYO"": 7, ""HSM"": 7, ""HDM"": 10}","[5, 6, 7, 8, 9, 12, 11, 10, 13, 19]",0.0101
2020,8,1,6,197,14010,71.12,8,768,114,0.0081,17,97,22,9.49,8.0,95,19,0,0,18,0.0498,"{""IC"": 78, ""S"": 21, ""PYO"": 6, ""HSM"": 4, ""HDM"": 4, ""MV"": 1}","[5, 8, 6, 7, 13, 9, 14, 10, 15, 17]",0.0101
2020,8,2,7,191,13510,70.73,10,882,130,0.0096,25,105,183,13.17,8.0,103,20,4,3,22,0.0243,"{""IC"": 101, ""S"": 18, ""HDM"": 9, ""MV"": 2}","[6, 8, 5, 7, 11, 10, 12, 17, 15, 9]",0.01
2020,8,3,1,221,15832,71.64,10,1036,153,0.0097,22,131,67,9.88,8.0,132,20,0,1,18,0.0501,"{""IC"": 110, ""S"": 24, ""HSM"": 1, ""HDM"": 13, ""MV"": 5}","[6, 7, 5, 8, 9, 12, 11, 13, 10, 14]",0.0097
2020,8,4,2,222,15836,71.33,16,1170,119,0.0075,19,100,234,11.08,7.0,105,12,1,1,8,0.0776,"{""IC"": 90, ""S"": 18, ""HSM"": 4, ""HDM"": 6, ""MV"": 1}","[5, 6, 8, 7, 10, 11, 9, 13, 12, 14]",0.0095
2020,8,5,3,220,16088,73.13,15,1192,140,0.0087,25,115,251,12.0,7.0,113,22,3,2,16,0.0403,"{""IC"": 99, ""S"": 21, ""PYO"": 7, ""HSM"": 3, ""HDM"": 8, ""MV"": 2}","[5, 6, 7, 8, 9, 15, 12, 13, 10, 16]",0.0094
2020,8,6,4,225,16258,72.26,13,1102,143,0.0088,26,117,96,11.07,7.0,121,15,5,2,14,0.0483,"{""IC"": 104, ""S"": 16, ""PYO"": 7, ""HSM"": 2, ""HDM"": 6, ""MUS"": 2, ""MV"": 6}","[5, 6, 7, 8, 13, 11, 9, 10, 16, 19]",0.0091
2020,8,7,5,213,15730,73.85,2,158,182,0.0116,26,156,225,12.04,8.0,145,32,3,2,23,0.0578,"{""IC"": 125, ""S"": 32, ""PYO"": 7, ""HSM"": 1, ""HDM"": 11, ""MUS"": 3, ""MV"": 3}","[6, 5, 8, 7, 9, 12, 15, 10, 11, 16]",0.0091
2020,8,8,6,188,13962,74.27,3,48,143,0.0102,31,112,71,10.31,8.0,115,26,0,2,9,0.0693,"{""IC"": 96, ""S"": 20, ""PYO"": 6, ""HSM"": 2, ""HDM"": 10, ""MUS"": 8, ""MV"": 1}","[5, 6, 7, 10, 8, 14, 9, 16, 15, 12]",0.0094
2020,8,9,7,184,12948,70.37,2,122,135,0.0104,26,109,67,9.73,8.0,121,11,2,1,15,0.0516,"{""IC"": 101, ""S"": 12, ""HSM"": 3, ""HDM"": 15, ""MV"": 4}","[6, 5, 7, 8, 9, 10, 12, 11, 14, 18]",0.0096
2020,8,10,1,238,16956,71.24,15,1134,174,0.0103,53,121,98,10.76,8.0,153,16,0,5,22,0.0327,"{""IC"": 137, ""S"": 25, ""HSM"": 2, ""HDM"": 10}","[5, 8, 6, 7, 9, 12, 11, 16, 14, 10]",0.0096
2020,8,11,2,235,16866,71.77,13,1038,167,0.0099,48,119,52,9.67,8.0,144,22,1,0,18,0.0489,"{""IC"": 120, ""S"": 34, ""HSM"": 2, ""HDM"": 8, ""MV"": 3}","[5, 8, 7, 6, 9, 12, 13, 10, 11, 24]",0.01
2020,8,12,3,240,17226,71.78,20,1238,190,0.011,64,126,32,8.25,7.0,173,16,1,0,16,0.0446,"{""IC"": 140, ""S"": 28, ""PYO"": 8, ""HSM"": 2, ""HDM"": 9, ""MV"": 3}","[5, 6, 7, 8, 9, 10, 12, 15, 14, 11]",0.0103
2020,8,13,4,234,17138,73.24,12,1084,171,0.01,59,112,40,8.92,8.0,156,14,1,0,18,0.0478,"{""IC"": 113, ""S"": 31, ""PYO"": 9, ""HSM"": 3, ""HDM"": 12, ""MV"": 3}","[5, 7, 8, 6, 10, 12, 9, 13, 11, 15]",0.0105
2020,8,14,5,238,17284,72.62,2,124,162,0.0094,42,120,24,9.04,8.0,144,18,0,0,22,0.051,"{""S"": 31, ""IC"": 104, ""PYO"": 9, ""HSM"": 4, ""HDM"": 10, ""MV"": 4}","[7, 8, 5, 6, 10, 11, 12, 15, 9, 13]",0.0102
2020,8,15,6,208,13992,67.27,5,228,129,0.0092,38,91,48,10.67,8.0,103,21,5,0,15,0.0577,"{""IC"": 78, ""S"": 31, ""PYO"": 6, ""HSM"": 1, ""HDM"": 5, ""MUS"": 5, ""MV"": 3}","[5, 7, 6, 8, 10, 11, 13, 21, 12, 16]",0.01
2020,8,16,7,189,13306,70.4,6,364,132,0.0099,31,101,58,10.33,7.0,110,17,5,0,18,0.0336,"{""IC"": 100, ""S"": 21, ""HSM"": 2, ""HDM"": 6, ""MV"": 3}","[5, 6, 7, 8, 9, 10, 11, 15, 12, 17]",0.01
2020,8,17,1,234,16746,71.56,14,1144,142,0.0085,32,110,56,9.47,7.0,123,17,2,0,8,0.0624,"{""IC"": 111, ""S"": 23, ""HSM"": 2, ""HDM"": 5, ""MV"": 1}","[6, 5, 7, 8, 10, 9, 12, 16, 15, 11]",0.0097
2020,8,18,2,236,16924,71.71,15,1250,166,0.0098,51,115,155,10.21,8.0,144,19,2,1,8,0.0582,"{""IC"": 121, ""S"": 26, ""HSM"": 5, ""HDM"": 11, ""MV"": 3}","[6, 8, 5, 7, 9, 10, 12, 11, 17, 20]",0.0097
2020,8,19,3,244,17072,69.97,20,1262,175,0.0103,68,107,116,9.23,7.0,165,7,0,3,17,0.0591,"{""IC"": 117, ""S"": 29, ""PYO"": 10, ""HSM"": 1, ""HDM"": 9, ""MV"": 9}","[5, 7, 8, 6, 9, 10, 12, 13, 14, 16]",0.0096
2020,8,20,4,236,16796,71.17,13,1134,159,0.0095,47,112,72,9.42,7.0,145,10,2,2,23,0.0438,"{""IC"": 112, ""S"": 27, ""PYO"": 6, ""HSM"": 4, ""HDM"": 7, ""MV"": 3}","[5, 7, 6, 8, 9, 13, 12, 11, 10, 16]",0.0095
2020,8,21,5,237,17366,73.27,4,156,160,0.0092,44,116,80,9.21,7.0,146,12,1,1,11,0.0414,"{""IC"": 116, ""S"": 26, ""PYO"": 5, ""HSM"": 2, ""HDM"": 9, ""MV"": 2}","[5, 6, 7, 9, 10, 8, 11, 14, 13, 12]",0.0095
2020,8,22,6,194,14190,73.14,2,56,132,0.0093,31,101,49,9.39,7.0,114,15,3,0,7,0.0606,"{""S"": 21, ""IC"": 96, ""PYO"": 7, ""HSM"": 1, ""HDM"": 2, ""MUS"": 1, ""MV"": 3, ""V"": 1}","[5, 6, 7, 8, 9, 13, 10, 16, 15, 14]",0.0095
2020,8,23,7,185,13080,70.7,0,2,122,0.0093,26,96,83,9.44,7.0,107,13,1,1,8,0.0756,"{""IC"": 98, ""S"": 19, ""HSM"": 2, ""HDM"": 2, ""V"": 1}","[5, 6, 7, 8, 10, 11, 13, 18, 12, 14]",0.0094
2020,8,24,1,236,16824,71.29,13,1126,152,0.009,46,106,33,8.56,7.0,137,13,2,0,10,0.068,"{""S"": 22, ""IC"": 111, ""HSM"": 12, ""HDM"": 4, ""MV"": 3}","[5, 6, 7, 8, 9, 12, 11, 15, 10, 14]",0.0095
2020,8,25,2,233,16970,72.83,12,1084,156,0.0092,48,108,140,10.15,7.0,140,11,3,2,13,0.0522,"{""S"": 25, ""IC"": 116, ""HSM"": 6, ""HDM"": 6, ""MV"": 3}","[6, 5, 7, 8, 9, 12, 11, 13, 10, 15]",0.0094
2020,8,26,3,236,16896,71.59,13,1100,134,0.0079,37,97,59,8.46,6.0,123,9,2,0,9,0.0651,"{""S"": 22, ""IC"": 93, ""PYO"": 8, ""HSM"": 4, ""HDM"": 3, ""MV"": 4}","[5, 6, 7, 8, 12, 9, 10, 11, 17, 13]",0.0091
2020,8,27,4,235,16904,71.93,13,1118,131,0.0077,41,90,37,9.17,7.0,116,13,2,0,9,0.055,"{""IC"": 93, ""S"": 24, ""PYO"": 4, ""HSM"": 4, ""HDM"": 3, ""MV"": 3}","[6, 5, 7, 8, 11, 13, 12, 14, 9, 15]",0.0088
2020,8,28,5,240,17308,72.12,3,148,163,0.0094,48,115,117,9.88,7.0,143,17,1,2,19,0.0426,"{""IC"": 115, ""S"": 24, ""PYO"": 8, ""HSM"": 4, ""HDM"": 8, ""MV"": 4}","[5, 6, 7, 9, 8, 14, 11, 15, 12, 13]",0.0088
2020,8,29,6,201,13810,68.71,0,0,131,0.0095,32,99,28,8.86,7.0,114,17,0,0,9,0.0762,"{""S"": 30, ""IC"": 79, ""PYO"": 7, ""HDM"": 2, ""MUS"": 8, ""MV"": 5}","[6, 5, 7, 8, 13, 10, 9, 12, 14, 20]",0.0089
2020,8,30,7,189,13420,71.01,0,0,117,0.0087,30,87,40,8.85,7.0,103,12,2,0,7,0.0799,"{""IC"": 89, ""S"": 14, ""HDM"": 5, ""MUS"": 4, ""MV"": 1, ""V"": 4}","[6, 5, 7, 9, 8, 11, 12, 16, 15, 18]",0.0088
2020,8,31,1,233,16754,71.91,10,976,169,0.0101,43,126,67,10.07,7.0,145,18,5,1,21,0.0517,"{""IC"": 128, ""S"": 29, ""HSM"": 4, ""HDM"": 6, ""MV"": 2}","[5, 6, 7, 8, 13, 12, 9, 10, 15, 20]",0.0089
2020,9,1,2,230,16722,72.7,10,960,141,0.0084,46,95,32,7.81,6.0,129,11,1,0,8,0.0774,"{""S"": 25, ""IC"": 110, ""HSM"": 1, ""HDM"": 3, ""MV"": 2}","[6, 5, 7, 8, 15, 12, 13, 10, 11, 9]",0.0088
2020,9,2,3,233,16990,72.92,15,1044,181,0.0107,75,106,32,8.48,7.0,164,15,2,0,10,0.0501,"{""IC"": 138, ""S"": 24, ""PYO"": 6, ""HSM"": 4, ""HDM"": 9}","[5, 6, 7, 8, 9, 11, 10, 12, 14, 22]",0.0092
2020,9,3,4,232,16982,73.2,10,996,151,0.0089,46,105,50,10.1,7.0,126,18,7,0,12,0.0539,"{""IC"": 108, ""S"": 22, ""PYO"": 7, ""HSM"": 5, ""HDM"": 6, ""MV"": 3}","[5, 6, 7, 8, 11, 9, 14, 10, 13, 15]",0.0094
2020,9,4,5,238,17280,72.61,1,46,142,0.0082,45,97,42,9.27,7.0,121,17,4,0,12,0.0706,"{""IC"": 101, ""S"": 24, ""HSM"": 1, ""HDM"": 8, ""MV"": 7, ""V"": 1}","[5, 6, 7, 8, 9, 13, 12, 16, 15, 10]",0.0092
2020,9,5,6,192,13094,68.2,0,0,103,0.0079,31,72,152,12.56,7.0,81,18,2,2,7,0.0759,"{""S"": 19, ""IC"": 67, ""HSM"": 2, ""HDM"": 2, ""MUS"": 4, ""MV"": 4, ""V"": 5}","[5, 6, 7, 12, 11, 10, 15, 13, 16, 21]",0.009
2020,9,6,7,185,12276,66.36,2,64,96,0.0078,27,69,60,8.49,7.0,89,6,0,1,7,0.0921,"{""IC"": 74, ""S"": 12, ""HSM"": 2, ""HDM"": 2, ""MV"": 6}","[5, 6, 7, 8, 9, 11, 12, 14, 10, 17]",0.0089
2020,9,7,1,241,16732,69.43,10,960,117,0.007,39,78,27,8.66,7.0,101,16,0,0,6,0.0947,"{""IC"": 82, ""S"": 16, ""HSM"": 3, ""HDM"": 4, ""MV"": 12}","[5, 6, 7, 8, 9, 10, 16, 13, 14, 12]",0.0084
2020,9,8,2,240,16766,69.86,13,1028,146,0.0087,59,87,45,9.36,7.0,127,17,2,0,11,0.0614,"{""IC"": 101, ""S"": 24, ""HSM"": 5, ""HDM"": 6, ""MUS"": 1, ""MV"": 9}","[5, 6, 7, 8, 9, 12, 11, 10, 14, 18]",0.0085
2020,9,9,3,234,16766,71.65,12,992,132,0.0079,46,86,57,8.17,7.0,122,9,1,0,8,0.0607,"{""IC"": 91, ""S"": 22, ""PYO"": 6, ""HSM"": 4, ""HDM"": 6, ""MV"": 3}","[5, 7, 6, 8, 10, 9, 12, 11, 14, 15]",0.0081
2020,9,10,4,237,16820,70.97,12,1054,146,0.0087,45,101,94,10.79,7.0,124,15,5,2,11,0.0621,"{""S"": 23, ""IC"": 100, ""PYO"": 3, ""HSM"": 6, ""HDM"": 4, ""MV"": 10}","[5, 6, 7, 8, 10, 11, 13, 12, 9, 14]",0.008
2020,9,11,5,236,17210,72.92,10,314,138,0.008,32,106,23,8.32,6.5,123,15,0,0,8,0.0935,"{""IC"": 96, ""S"": 21, ""PYO"": 11, ""HSM"": 1, ""HDM"": 5, ""V"": 4}","[5, 6, 10, 7, 8, 9, 11, 15, 13, 20]",0.008
2020,9,12,6,206,14314,69.49,0,0,128,0.0089,38,90,64,9.56,6.0,110,15,2,1,4,0.0931,"{""IC"": 72, ""S"": 24, ""PYO"": 15, ""HSM"": 1, ""HDM"": 2, ""MV"": 3, ""V"": 11}","[5, 6, 7, 9, 14, 8, 11, 12, 18, 10]",0.0081
2020,9,13,7,186,13422,72.16,0,0,115,0.0086,23,92,44,8.84,7.0,104,8,3,0,9,0.0875,"{""IC"": 88, ""S"": 11, ""PYO"": 6, ""HSM"": 3, ""HDM"": 5, ""MUS"": 1, ""V"": 1}","[5, 6, 7, 10, 9, 8, 14, 11, 18, 13]",0.0083
2020,9,14,1,241,16732,69.43,14,1368,105,0.0063,25,80,67,11.06,7.0,89,11,4,1,14,0.044,"{""IC"": 78, ""S"": 19, ""HDM"": 3, ""MV"": 5}","[5, 6, 7, 11, 8, 14, 9, 10, 25, 26]",0.0082
2020,9,15,2,233,16684,71.61,10,960,116,0.007,36,80,45,8.44,6.0,102,12,2,0,7,0.089,"{""IC"": 88, ""S"": 18, ""HSM"": 2, ""HDM"": 4, ""MV"": 4}","[5, 7, 6, 8, 9, 11, 15, 12, 17, 21]",0.0079
2020,9,16,3,236,16854,71.42,11,976,111,0.0066,24,87,21,8.19,6.0,101,10,0,0,3,0.0719,"{""IC"": 77, ""S"": 17, ""PYO"": 7, ""HSM"": 1, ""HDM"": 5, ""V"": 4}","[5, 6, 7, 8, 12, 10, 9, 13, 17, 16]",0.0077
2020,9,17,4,236,17110,72.5,25,1406,233,0.0136,112,121,260,25.82,9.0,164,24,21,24,27,0.0183,"{""IC"": 159, ""S"": 38, ""PYO"": 12, ""HSM"": 7, ""HDM"": 15, ""MV"": 2}","[5, 6, 7, 8, 10, 9, 11, 13, 12, 35]",0.0084
2020,9,18,5,241,17648,73.23,4,134,171,0.0097,28,143,40,9.88,8.0,144,24,3,0,16,0.0557,"{""IC"": 117, ""S"": 27, ""PYO"": 13, ""HDM"": 8, ""MUS"": 2, ""MV"": 2, ""V"": 2}","[5, 6, 7, 12, 8, 9, 13, 10, 11, 15]",0.0087
2020,9,19,6,192,14380,74.9,0,0,103,0.0072,14,89,112,10.98,7.0,83,17,2,1,7,0.0996,"{""S"": 19, ""IC"": 65, ""PYO"": 13, ""HSM"": 1, ""HDM"": 2, ""MUS"": 1, ""MV"": 2}","[5, 6, 7, 12, 10, 9, 14, 17, 18, 13]",0.0084
2020,9,20,7,194,13570,69.95,4,44,122,0.009,23,99,174,12.67,7.0,103,14,1,4,14,0.0649,"{""IC"": 79, ""S"": 13, ""PYO"": 9, ""HSM"": 2, ""HDM"": 4, ""MUS"": 11, ""MV"": 1, ""V"": 3}","[5, 6, 8, 7, 11, 14, 10, 12, 19, 13]",0.0085
2020,9,21,1,233,16826,72.21,10,1050,136,0.0081,33,103,40,9.64,7.0,116,16,4,0,10,0.062,"{""IC"": 95, ""S"": 16, ""HSM"": 15, ""HDM"": 8, ""MV"": 1, ""V"": 1}","[5, 6, 11, 7, 10, 14, 8, 15, 12, 9]",0.0087
2020,9,22,2,231,16758,72.55,10,960,94,0.0056,16,78,232,11.8,7.0,81,11,0,2,8,0.0414,"{""IC"": 77, ""S"": 9, ""HSM"": 2, ""HDM"": 4, ""MV"": 2}","[5, 7, 6, 11, 8, 9, 15, 12, 14, 10]",0.0085
2020,9,23,3,233,16990,72.92,16,1072,138,0.0081,24,114,37,8.78,7.0,126,11,1,0,13,0.0618,"{""IC"": 101, ""S"": 17, ""PYO"": 10, ""HSM"": 3, ""HDM"": 7}","[5, 6, 7, 8, 9, 10, 11, 12, 13, 14]",0.0088
2020,9,24,4,230,16922,73.57,11,980,108,0.0064,17,91,80,9.67,7.0,93,14,0,1,11,0.0475,"{""IC"": 72, ""S"": 18, ""PYO"": 8, ""HSM"": 4, ""HDM"": 6}","[5, 6, 8, 7, 11, 9, 10, 18, 12, 13]",0.0077
2020,9,25,5,237,17140,72.32,1,36,127,0.0074,36,91,20,7.86,6.0,118,9,0,0,7,0.0572,"{""IC"": 87, ""S"": 18, ""PYO"": 9, ""HSM"": 3, ""HDM"": 9, ""MV"": 1}","[5, 6, 8, 7, 13, 9, 10, 11, 14, 12]",0.0074
2020,9,26,6,199,13552,68.1,0,0,100,0.0074,25,75,32,9.39,7.0,82,16,2,0,9,0.0721,"{""IC"": 60, ""S"": 26, ""PYO"": 8, ""HSM"": 3, ""HDM"": 1, ""MUS"": 1, ""V"": 1}","[5, 6, 7, 8, 9, 16, 14, 15, 12, 21]",0.0074
2020,9,27,7,184,13172,71.59,0,52,102,0.0077,23,79,67,9.55,7.0,88,12,1,1,7,0.0717,"{""S"": 15, ""IC"": 78, ""HSM"": 2, ""HDM"": 5, ""MV"": 2}","[5, 6, 7, 13, 15, 9, 10, 12, 8, 11]",0.0072
2020,9,28,1,227,15818,69.68,1,62,156,0.0099,32,124,76,12.01,8.0,128,18,8,2,38,0.0227,"{""IC"": 123, ""S"": 17, ""HSM"": 2, ""HDM"": 10, ""MV"": 4}","[5, 6, 11, 7, 9, 8, 10, 14, 13, 26]",0.0075
2020,9,29,2,224,16002,71.44,2,64,114,0.0071,17,97,85,9.41,6.5,103,8,1,2,11,0.0634,"{""IC"": 83, ""S"": 18, ""HSM"": 1, ""HDM"": 9, ""MV"": 3}","[5, 6, 7, 8, 14, 9, 12, 13, 15, 10]",0.0077
2020,9,30,3,224,16062,71.71,2,32,123,0.0077,23,100,61,11.06,8.0,101,18,3,1,13,0.0516,"{""IC"": 84, ""S"": 14, ""PYO"": 9, ""HSM"": 2, ""HDM"": 9, ""MV"": 5}","[5, 6, 7, 9, 11, 10, 8, 15, 14, 13]",0.0077
2020,10,1,4,223,16058,72.01,5,140,112,0.007,22,90,27,8.74,7.0,99,13,0,0,12,0.0673,"{""IC"": 80, ""S"": 14, ""PYO"": 9, ""HSM"": 2, ""HDM"": 5, ""MV"": 2}","[5, 6, 7, 14, 8, 9, 10, 12, 13, 11]",0.0077
2020,10,2,5,235,17360,73.87,0,0,136,0.0078,22,114,32,8.88,7.0,124,11,1,0,13,0.0358,"{""S"": 22, ""IC"": 91, ""PYO"": 7, ""HSM"": 3, ""HDM"": 6, ""MUS"": 1, ""MV"": 6}","[5, 6, 7, 8, 9, 10, 12, 13, 14, 11]",0.0078
2020,10,3,6,188,14158,75.31,0,4,101,0.0071,15,86,43,9.37,7.0,89,10,2,0,7,0.0989,"{""S"": 16, ""IC"": 71, ""PYO"": 6, ""HSM"": 2, ""HDM"": 2, ""MV"": 4}","[5, 6, 11, 7, 8, 13, 10, 14, 21, 12]",0.0078
2020,10,4,7,185,13336,72.09,2,108,100,0.0075,28,72,84,11.78,9.0,87,6,6,1,8,0.0392,"{""IC"": 76, ""S"": 13, ""HSM"": 1, ""HDM"": 7, ""MV"": 3}","[5, 6, 9, 10, 8, 7, 12, 11, 14, 13]",0.0077
2020,10,5,1,222,15750,70.95,2,56,94,0.006,12,82,46,9.16,7.0,82,11,1,0,10,0.0588,"{""S"": 12, ""IC"": 72, ""HSM"": 2, ""HDM"": 6, ""MV"": 2}","[5, 6, 7, 8, 11, 15, 9, 10, 13, 14]",0.0072
2020,10,6,2,223,15822,70.95,3,70,144,0.0091,31,113,83,12.08,8.0,113,24,3,4,16,0.0374,"{""S"": 29, ""IC"": 98, ""HSM"": 6, ""HDM"": 6, ""MV"": 5}","[5, 8, 6, 7, 9, 12, 16, 11, 10, 17]",0.0075
2020,10,7,3,224,16022,71.53,2,88,132,0.0082,37,95,27,9.28,8.0,112,20,0,0,8,0.0566,"{""IC"": 96, ""S"": 15, ""PYO"": 7, ""HSM"": 4, ""HDM"": 8, ""MV"": 2}","[5, 6, 9, 8, 7, 15, 10, 14, 11, 12]",0.0075
2020,10,8,4,220,15962,72.55,0,0,117,0.0073,24,93,55,10.16,8.0,98,16,3,0,19,0.0448,"{""IC"": 81, ""S"": 19, ""PYO"": 6, ""HSM"": 5, ""HDM"": 6}","[6, 5, 7, 8, 11, 9, 10, 14, 13, 18]",0.0076
2020,10,9,5,233,17000,72.96,1,44,105,0.0062,23,82,69,9.9,8.0,95,7,2,1,5,0.0608,"{""IC"": 72, ""S"": 17, ""PYO"": 11, ""HSM"": 2, ""HDM"": 3}","[5, 6, 13, 7, 9, 8, 11, 10, 14, 15]",0.0073
2020,10,10,6,199,13936,70.03,2,48,107,0.0077,19,88,49,9.5,7.0,92,13,2,0,8,0.0702,"{""IC"": 62, ""S"": 13, ""PYO"": 15, ""HSM"": 1, ""HDM"": 12, ""MV"": 4}","[5, 6, 9, 7, 8, 11, 13, 15, 16, 14]",0.0074
2020,10,11,7,185,13542,73.2,0,16,118,0.0087,19,99,126,9.72,7.0,108,8,1,1,5,0.0609,"{""S"": 15, ""IC"": 89, ""PYO"": 7, ""HDM"": 3, ""MV"": 2, ""V"": 2}","[5, 6, 7, 10, 8, 12, 9, 13, 14, 11]",0.0076
2020,10,12,1,227,16032,70.63,1,24,118,0.0074,19,99,83,11.15,7.0,102,8,5,3,13,0.0417,"{""IC"": 89, ""S"": 16, ""HSM"": 2, ""HDM"": 6, ""MV"": 5}","[5, 6, 7, 8, 13, 9, 11, 10, 15, 20]",0.0078
2020,10,13,2,221,15822,71.59,2,32,106,0.0067,22,84,26,8.08,7.0,97,9,0,0,3,0.0741,"{""S"": 15, ""IC"": 82, ""HSM"": 1, ""HDM"": 6, ""MV"": 2}","[5, 6, 7, 8, 9, 10, 11, 12, 13, 19]",0.0075
2020,10,14,3,228,16230,71.18,6,116,135,0.0083,26,109,55,10.36,7.0,113,17,5,0,10,0.0428,"{""IC"": 95, ""S"": 19, ""PYO"": 7, ""HSM"": 3, ""HDM"": 8, ""MV"": 3}","[5, 6, 7, 11, 10, 9, 8, 13, 17, 12]",0.0075
2020,10,15,4,226,16408,72.6,6,144,124,0.0076,24,100,65,10.35,7.0,102,19,2,1,8,0.0579,"{""S"": 13, ""IC"": 85, ""PYO"": 9, ""HSM"": 2, ""HDM"": 5, ""MV"": 10}","[5, 7, 6, 8, 9, 12, 13, 17, 14, 18]",0.0075
2020,10,16,5,233,17436,74.83,0,0,160,0.0092,43,117,109,11.12,8.0,130,23,5,2,13,0.0401,"{""IC"": 109, ""S"": 32, ""PYO"": 9, ""HSM"": 2, ""HDM"": 8}","[5, 6, 8, 7, 10, 15, 9, 12, 13, 11]",0.0079
2020,10,17,6,193,14424,74.74,1,30,105,0.0073,18,87,94,11.15,8.0,83,19,2,1,5,0.059,"{""S"": 18, ""IC"": 64, ""PYO"": 14, ""HSM"": 3, ""HDM"": 1, ""P"": 2, ""V"": 3}","[5, 6, 8, 10, 7, 12, 13, 15, 11, 16]",0.0079
2020,10,18,7,190,13450,70.79,9,464,101,0.0075,14,87,31,8.61,7.0,90,9,2,0,12,0.0427,"{""IC"": 72, ""S"": 14, ""PYO"": 5, ""HSM"": 3, ""HDM"": 4, ""MV"": 3}","[5, 7, 6, 8, 13, 10, 14, 16, 17, 11]",0.0077
2020,10,19,1,225,15812,70.28,3,86,109,0.0069,28,81,27,8.6,7.0,98,11,0,0,12,0.047,"{""IC"": 82, ""S"": 19, ""HSM"": 3, ""HDM"": 4, ""MV"": 1}","[5, 6, 7, 8, 9, 11, 10, 18, 13, 16]",0.0076
2020,10,20,2,223,15974,71.63,2,60,124,0.0078,36,88,114,12.06,9.0,103,13,7,1,9,0.0537,"{""IC"": 86, ""S"": 20, ""HSM"": 3, ""HDM"": 8, ""MV"": 7}","[5, 6, 9, 8, 10, 7, 13, 11, 12, 16]",0.0078
2020,10,21,3,227,16250,71.59,5,158,118,0.0073,27,91,78,9.37,7.0,107,8,2,1,10,0.0575,"{""IC"": 83, ""S"": 11, ""PYO"": 8, ""HSM"": 6, ""HDM"": 4, ""MV"": 6}","[5, 6, 7, 8, 10, 9, 14, 12, 13, 26]",0.0077
2020,10,22,4,224,16126,71.99,4,100,118,0.0073,25,93,47,10.03,7.0,97,18,3,0,9,0.058,"{""S"": 14, ""IC"": 83, ""PYO"": 5, ""HSM"": 5, ""HDM"": 5, ""MV"": 6}","[5, 6, 7, 11, 10, 8, 9, 18, 12, 14]",0.0076
2020,10,23,5,242,17372,71.79,5,170,137,0.0079,29,108,41,9.45,7.0,113,22,2,0,13,0.0558,"{""S"": 24, ""IC"": 89, ""PYO"": 11, ""HSM"": 1, ""HDM"": 7, ""MV"": 5}","[5, 6, 7, 8, 9, 12, 13, 18, 16, 10]",0.0074
2020,10,24,6,197,13568,68.87,2,48,94,0.0069,18,76,72,13.15,7.5,73,14,3,4,7,0.044,"{""IC"": 62, ""S"": 17, ""PYO"": 8, ""HSM"": 3, ""HDM"": 4}","[5, 6, 7, 9, 13, 15, 8, 14, 16, 12]",0.0074
2020,10,25,7,185,13110,70.86,0,0,87,0.0066,15,72,75,10.39,7.0,72,11,3,1,6,0.0595,"{""IC"": 67, ""S"": 10, ""HSM"": 1, ""HDM"": 5, ""MV"": 4}","[5, 6, 7, 8, 10, 12, 15, 19, 9, 11]",0.0072
2020,10,26,1,224,15800,70.54,0,0,99,0.0063,15,84,31,8.48,7.0,93,5,1,0,10,0.0637,"{""IC"": 80, ""S"": 13, ""HSM"": 2, ""HDM"": 3, ""MV"": 1}","[5, 6, 7, 8, 13, 9, 11, 10, 15, 14]",0.0072
2020,10,27,2,222,15800,71.17,0,0,120,0.0076,20,100,60,9.62,7.0,106,11,2,1,14,0.0692,"{""S"": 18, ""IC"": 91, ""HSM"": 2, ""HDM"": 6, ""MV"": 3}","[5, 6, 7, 8, 10, 13, 9, 11, 14, 15]",0.0071
2020,10,28,3,223,16050,71.97,1,98,118,0.0074,22,96,63,8.58,7.0,111,5,0,2,13,0.069,"{""IC"": 80, ""S"": 14, ""PYO"": 11, ""HDM"": 9, ""MV"": 4}","[5, 7, 6, 8, 9, 10, 13, 11, 16, 12]",0.0071
2020,10,29,4,222,15974,71.95,0,0,112,0.007,25,87,125,9.21,6.0,101,9,1,1,4,0.0658,"{""IC"": 84, ""S"": 13, ""PYO"": 9, ""HSM"": 2, ""HDM"": 4}","[5, 6, 7, 9, 13, 10, 8, 12, 16, 15]",0.0071
2020,10,30,5,233,17246,74.02,0,26,140,0.0081,25,115,59,9.75,7.0,121,14,5,0,15,0.0523,"{""IC"": 89, ""S"": 24, ""PYO"": 9, ""HSM"": 5, ""HDM"": 6, ""MV"": 7}","[5, 6, 7, 10, 8, 11, 9, 15, 12, 21]",0.0071
2020,10,31,6,188,14210,75.59,0,0,103,0.0072,13,90,56,9.31,7.0,93,8,2,0,6,0.0649,"{""S"": 18, ""IC"": 67, ""PYO"": 8, ""HSM"": 1, ""HDM"": 4, ""MV"": 5}","[5, 6, 7, 8, 12, 9, 11, 13, 10, 14]",0.0072
2020,11,1,7,182,13102,71.99,0,0,90,0.0069,15,75,66,8.44,6.0,83,6,0,1,4,0.0798,"{""IC"": 70, ""S"": 16, ""HSM"": 2, ""HDM"": 2}","[5, 6, 9, 7, 8, 10, 11, 13, 27, 18]",0.0072
2020,11,2,1,228,15852,69.53,0,212,131,0.0083,27,104,201,13.69,7.0,105,16,7,3,19,0.025,"{""IC"": 90, ""S"": 18, ""HSM"": 11, ""HDM"": 6, ""MV"": 6}","[5, 6, 7, 8, 9, 10, 13, 20, 18, 11]",0.0075
2020,11,3,2,223,15814,70.91,0,26,89,0.0056,16,73,66,9.06,7.0,82,4,2,1,8,0.0804,"{""S"": 15, ""IC"": 65, ""HSM"": 3, ""HDM"": 3, ""MV"": 3}","[5, 6, 7, 8, 11, 9, 10, 12, 14, 30]",0.0072
2020,11,4,3,224,16010,71.47,1,16,116,0.0072,24,92,23,8.77,7.0,100,16,0,0,10,0.0818,"{""IC"": 72, ""S"": 20, ""PYO"": 9, ""HSM"": 3, ""HDM"": 10, ""MV"": 2}","[5, 6, 8, 7, 11, 12, 15, 10, 9, 16]",0.0072
2020,11,5,4,222,16070,72.39,0,0,88,0.0055,10,78,62,9.25,7.0,78,8,1,1,4,0.1102,"{""IC"": 62, ""S"": 10, ""PYO"": 8, ""HSM"": 1, ""HDM"": 3, ""MV"": 4}","[5, 6, 8, 7, 9, 13, 10, 12, 11, 14]",0.007
2020,11,6,5,238,17160,72.1,0,0,130,0.0076,16,114,125,10.65,7.0,109,16,3,2,10,0.0398,"{""IC"": 91, ""S"": 19, ""PYO"": 10, ""HSM"": 1, ""HDM"": 8, ""MV"": 1}","[5, 6, 7, 8, 10, 12, 11, 13, 9, 16]",0.0069
2020,11,7,6,200,13784,68.92,0,0,96,0.007,11,85,81,9.86,7.0,87,7,1,1,8,0.0719,"{""S"": 21, ""IC"": 59, ""PYO"": 12, ""HSM"": 1, ""MV"": 3}","[5, 7, 6, 13, 10, 9, 8, 12, 11, 14]",0.0069
2020,11,8,7,182,13138,72.19,0,2,83,0.0063,15,68,36,9.42,7.0,68,14,1,0,8,0.0636,"{""IC"": 66, ""S"": 9, ""HSM"": 2, ""HDM"": 4, ""MV"": 2}","[5, 6, 7, 11, 19, 10, 15, 9, 8, 14]",0.0068
2020,11,9,1,226,15982,70.72,1,32,104,0.0065,24,80,38,8.2,7.0,98,4,2,0,4,0.0858,"{""IC"": 82, ""S"": 13, ""HDM"": 3, ""MV"": 6}","[5, 6, 7, 9, 10, 8, 11, 12, 13, 14]",0.0065
2020,11,10,2,222,15880,71.53,3,74,95,0.006,15,80,97,9.25,6.0,85,8,1,1,8,0.0568,"{""IC"": 69, ""S"": 13, ""HSM"": 2, ""HDM"": 8, ""MV"": 3}","[5, 6, 7, 10, 9, 8, 17, 12, 14, 19]",0.0066
2020,11,11,3,223,16040,71.93,2,32,103,0.0064,16,87,45,8.35,6.0,92,10,1,0,5,0.0719,"{""S"": 14, ""IC"": 74, ""PYO"": 10, ""HSM"": 3, ""HDM"": 2}","[5, 6, 7, 8, 9, 10, 15, 18, 13, 11]",0.0065
2020,11,12,4,222,16032,72.22,0,26,116,0.0072,25,91,28,8.14,6.5,105,11,0,0,14,0.0824,"{""IC"": 92, ""S"": 7, ""PYO"": 6, ""HSM"": 2, ""HDM"": 7, ""MV"": 2}","[5, 6, 7, 9, 10, 8, 11, 17, 16, 23]",0.0067
2020,11,13,5,235,17368,73.91,10,180,106,0.0061,13,93,36,8.74,7.0,96,8,2,0,6,0.0928,"{""S"": 22, ""IC"": 69, ""PYO"": 7, ""HSM"": 2, ""HDM"": 3, ""MV"": 3}","[5, 6, 8, 11, 7, 9, 10, 13, 12, 15]",0.0065
2020,11,14,6,184,13972,75.93,0,0,93,0.0067,6,87,25,8.43,6.0,81,12,0,0,4,0.1243,"{""IC"": 67, ""S"": 17, ""PYO"": 5, ""HDM"": 2, ""MV"": 2}","[5, 6, 7, 8, 12, 9, 13, 15, 16, 18]",0.0065
2020,11,15,7,161,12088,75.08,4,198,99,0.0082,15,84,61,9.76,7.0,90,6,2,1,3,0.0693,"{""IC"": 74, ""S"": 15, ""HSM"": 1, ""HDM"": 7, ""MV"": 2}","[5, 6, 10, 7, 8, 9, 11, 12, 14, 13]",0.0067
2020,11,16,1,224,15772,70.41,0,38,119,0.0075,19,100,70,10.28,7.0,106,7,5,1,11,0.0644,"{""IC"": 86, ""S"": 19, ""HSM"": 1, ""HDM"": 8, ""MV"": 5}","[5, 6, 7, 8, 9, 12, 10, 13, 11, 14]",0.0069
2020,11,17,2,221,15766,71.34,0,16,128,0.0081,22,106,55,10.92,8.0,102,23,3,0,16,0.0479,"{""IC"": 93, ""S"": 17, ""HSM"": 10, ""HDM"": 3, ""MV"": 5}","[5, 6, 7, 8, 10, 9, 12, 14, 18, 15]",0.0072
2020,11,18,3,225,16050,71.33,16,232,114,0.0071,22,92,46,8.33,6.0,104,8,2,0,4,0.0674,"{""IC"": 85, ""S"": 13, ""PYO"": 10, ""HSM"": 3, ""HDM"": 3}","[5, 6, 7, 8, 9, 12, 10, 15, 14, 11]",0.0073
2020,11,19,4,224,16026,71.54,6,478,134,0.0084,25,109,279,18.38,9.0,98,16,13,7,14,0.0383,"{""IC"": 95, ""S"": 19, ""PYO"": 4, ""HDM"": 13, ""MV"": 3}","[5, 6, 7, 8, 9, 14, 12, 10, 11, 20]",0.0074
2020,11,20,5,237,17178,72.48,6,272,140,0.0081,30,110,45,9.08,7.0,125,12,3,0,18,0.0415,"{""S"": 24, ""IC"": 94, ""PYO"": 8, ""HSM"": 1, ""HDM"": 8, ""MV"": 5}","[5, 6, 7, 8, 9, 12, 10, 11, 15, 14]",0.0077
2020,11,21,6,195,13770,70.62,0,0,103,0.0075,18,85,27,8.86,7.0,93,10,0,0,11,0.0693,"{""IC"": 67, ""S"": 15, ""PYO"": 8, ""HSM"": 5, ""HDM"": 5, ""MUS"": 3}","[5, 7, 6, 8, 10, 11, 14, 9, 12, 19]",0.0078
2020,11,22,7,184,13274,72.14,2,54,91,0.0069,14,77,30,8.89,7.0,75,15,1,0,11,0.0944,"{""S"": 13, ""IC"": 68, ""HSM"": 3, ""HDM"": 4, ""MV"": 3}","[5, 6, 7, 15, 8, 12, 11, 13, 19, 16]",0.0077
2020,11,23,1,223,15842,71.04,0,0,113,0.0071,21,92,70,9.55,7.0,97,13,2,1,6,0.0601,"{""IC"": 87, ""S"": 11, ""HSM"": 4, ""HDM"": 4, ""MV"": 7}","[5, 6, 10, 7, 8, 9, 16, 11, 14, 17]",0.0076
2020,11,24,2,219,15726,71.81,1,30,110,0.007,27,83,59,10.71,8.0,94,10,6,0,11,0.0493,"{""S"": 15, ""IC"": 81, ""HSM"": 7, ""HDM"": 7}","[5, 6, 7, 9, 8, 10, 12, 11, 14, 16]",0.0074
2020,11,25,3,226,16150,71.46,4,96,116,0.0072,23,93,35,8.87,7.0,104,11,1,0,10,0.0792,"{""IC"": 85, ""S"": 11, ""PYO"": 11, ""HSM"": 2, ""HDM"": 5, ""MV"": 2}","[6, 5, 8, 7, 10, 11, 12, 9, 15, 13]",0.0075
2020,11,26,4,225,16084,71.48,3,86,114,0.0071,12,102,125,10.75,7.0,92,18,3,1,7,0.0632,"{""S"": 10, ""IC"": 86, ""PYO"": 7, ""HSM"": 2, ""HDM"": 6, ""MV"": 3}","[5, 6, 7, 8, 9, 11, 13, 15, 10, 16]",0.0073
2020,11,27,5,239,17306,72.41,1,44,153,0.0088,33,120,70,10.76,7.0,122,24,5,2,18,0.0494,"{""IC"": 97, ""S"": 27, ""PYO"": 9, ""HSM"": 8, ""HDM"": 7, ""MUS"": 1, ""MV"": 3, ""V"": 1}","[5, 6, 11, 8, 7, 9, 12, 10, 15, 17]",0.0074
2020,11,28,6,191,14298,74.86,1,186,119,0.0083,18,101,92,10.81,8.0,99,18,0,2,8,0.0619,"{""IC"": 77, ""S"": 20, ""PYO"": 9, ""HSM"": 1, ""HDM"": 4, ""MV"": 8}","[5, 9, 6, 8, 14, 7, 17, 11, 15, 12]",0.0075
2020,11,29,7,182,13114,72.05,0,0,108,0.0082,17,91,99,12.25,7.0,83,17,6,2,6,0.0477,"{""IC"": 86, ""S"": 17, ""HSM"": 1, ""HDM"": 2, ""MV"": 2}","[5, 6, 7, 8, 13, 9, 16, 14, 10, 15]",0.0077
2020,11,30,1,225,15884,70.6,1,86,121,0.0076,17,104,86,10.11,7.0,106,11,2,2,9,0.0893,"{""IC"": 90, ""S"": 14, ""HSM"": 3, ""HDM"": 10, ""MV"": 4}","[5, 6, 7, 8, 13, 14, 10, 15, 12, 18]",0.0077
2020,12,1,2,222,15774,71.05,5,106,106,0.0067,12,94,157,10.78,7.0,90,14,0,2,8,0.0952,"{""IC"": 80, ""S"": 17, ""HSM"": 1, ""HDM"": 7, ""MV"": 1}","[5, 6, 7, 10, 11, 9, 14, 12, 8, 18]",0.0077
2020,12,2,3,223,16020,71.84,3,76,124,0.0077,28,96,28,9.85,9.0,105,19,0,0,9,0.0687,"{""S"": 16, ""IC"": 91, ""PYO"": 10, ""HSM"": 1, ""HDM"": 6}","[5, 6, 11, 7, 10, 9, 12, 8, 14, 15]",0.0078
2020,12,3,4,224,16234,72.47,1,122,120,0.0074,25,95,83,10.62,7.0,94,22,3,1,6,0.0605,"{""IC"": 93, ""S"": 15, ""PYO"": 4, ""HSM"": 1, ""HDM"": 4, ""MV"": 3}","[5, 6, 7, 8, 9, 16, 13, 15, 11, 14]",0.0078
2020,12,4,5,238,17324,72.79,1,28,139,0.008,35,104,61,10.63,7.0,115,17,6,1,15,0.0512,"{""IC"": 93, ""S"": 25, ""PYO"": 9, ""HDM"": 7, ""MV"": 4, ""V"": 1}","[5, 6, 7, 8, 9, 10, 11, 16, 13, 17]",0.0077
2020,12,5,6,204,13756,67.43,0,0,101,0.0073,21,80,51,9.81,7.0,83,14,4,0,5,0.0821,"{""S"": 20, ""IC"": 73, ""PYO"": 2, ""HDM"": 2, ""MV"": 1, ""V"": 3}","[5, 6, 7, 8, 9, 15, 10, 11, 12, 31]",0.0076
2020,12,6,7,188,13514,71.88,0,0,93,0.0069,9,84,40,10.51,8.0,72,18,3,0,10,0.1234,"{""IC"": 75, ""S"": 13, ""HDM"": 1, ""MV"": 4}","[5, 6, 10, 7, 12, 15, 8, 9, 16, 19]",0.0074
2020,12,7,1,223,16302,73.1,0,0,128,0.0079,22,106,117,11.38,7.0,107,16,2,3,6,0.0486,"{""IC"": 95, ""S"": 23, ""HSM"": 2, ""HDM"": 5, ""MV"": 3}","[5, 6, 7, 12, 10, 8, 13, 11, 9, 17]",0.0074
2020,12,8,2,220,16242,73.83,1,26,121,0.0074,27,94,33,8.36,7.0,111,8,2,0,9,0.0865,"{""S"": 32, ""IC"": 81, ""HDM"": 8}","[5, 6, 7, 8, 9, 10, 12, 11, 15, 14]",0.0075
2020,12,9,3,224,16700,74.55,9,290,119,0.0071,19,100,80,10.08,8.0,105,11,2,1,8,0.071,"{""IC"": 80, ""S"": 18, ""PYO"": 9, ""HSM"": 8, ""HDM"": 3, ""MV"": 1}","[5, 7, 6, 8, 13, 12, 10, 14, 11, 15]",0.0074
2020,12,10,4,224,16690,74.51,0,6,126,0.0075,23,103,42,10.4,8.0,100,22,4,0,12,0.1019,"{""IC"": 83, ""S"": 23, ""PYO"": 4, ""HSM"": 2, ""HDM"": 6, ""MV"": 8}","[5, 6, 7, 9, 8, 10, 12, 13, 15, 11]",0.0074
2020,12,11,5,235,17296,73.6,2,24,133,0.0077,29,104,65,9.45,7.0,118,13,1,1,7,0.0862,"{""IC"": 86, ""S"": 25, ""PYO"": 8, ""HSM"": 3, ""HDM"": 8, ""MV"": 3}","[5, 6, 7, 8, 10, 11, 13, 9, 17, 12]",0.0074
2020,12,12,6,186,14368,77.25,0,0,102,0.0071,17,85,27,9.46,8.0,83,19,0,0,1,0.1115,"{""IC"": 74, ""S"": 19, ""PYO"": 5, ""HDM"": 2, ""MV"": 2}","[5, 6, 8, 7, 11, 9, 17, 13, 16, 12]",0.0074
2020,12,13,7,186,14056,75.57,0,0,105,0.0075,14,91,46,9.38,6.0,88,12,5,0,2,0.076,"{""IC"": 78, ""S"": 15, ""PYO"": 7, ""HSM"": 2, ""MV"": 3}","[5, 6, 7, 8, 9, 15, 10, 11, 12, 18]",0.0075
2020,12,14,1,229,17212,75.16,5,210,147,0.0085,26,121,105,9.69,7.0,123,21,2,1,10,0.0637,"{""IC"": 93, ""S"": 19, ""PYO"": 17, ""HSM"": 1, ""HDM"": 6, ""MV"": 11}","[5, 6, 7, 9, 8, 17, 13, 10, 14, 15]",0.0075
2020,12,15,2,228,17178,75.34,7,172,149,0.0087,31,118,30,8.71,7.0,132,16,1,0,14,0.0669,"{""IC"": 97, ""S"": 22, ""PYO"": 13, ""HSM"": 1, ""HDM"": 11, ""MV"": 5}","[6, 5, 7, 8, 9, 10, 12, 15, 11, 14]",0.0077
2020,12,16,3,227,17300,76.21,3,54,151,0.0087,26,125,40,8.97,6.0,131,17,3,0,10,0.0837,"{""IC"": 97, ""S"": 17, ""PYO"": 27, ""HSM"": 2, ""HDM"": 5, ""MV"": 3}","[5, 6, 7, 9, 8, 13, 15, 17, 12, 11]",0.008
2020,12,17,4,224,17560,78.39,4,200,157,0.0089,32,125,95,10.36,7.0,135,14,6,2,10,0.0589,"{""IC"": 101, ""S"": 16, ""PYO"": 28, ""HSM"": 2, ""HDM"": 6, ""MV"": 4}","[5, 6, 7, 8, 12, 10, 9, 11, 13, 17]",0.0082
2020,12,18,5,238,18404,77.33,1,28,165,0.009,29,136,45,10.21,7.0,135,24,6,0,14,0.0485,"{""IC"": 100, ""S"": 16, ""PYO"": 33, ""HSM"": 2, ""HDM"": 8, ""MV"": 6}","[5, 6, 7, 9, 8, 10, 12, 13, 15, 21]",0.0083
2020,12,19,6,192,15178,79.05,2,30,136,0.009,11,125,40,9.79,7.0,113,19,4,0,7,0.1247,"{""IC"": 93, ""S"": 13, ""PYO"": 25, ""HSM"": 1, ""HDM"": 3, ""MV"": 1}","[5, 6, 7, 8, 9, 10, 16, 12, 14, 13]",0.0086
2020,12,20,7,190,14818,77.99,2,176,139,0.0094,21,118,55,9.96,7.0,117,18,4,0,10,0.0879,"{""IC"": 85, ""S"": 17, ""PYO"": 29, ""HSM"": 3, ""HDM"": 3, ""MV"": 2}","[5, 6, 7, 10, 8, 9, 11, 15, 13, 26]",0.0089
2020,12,21,1,224,17458,77.94,1,30,142,0.0081,17,125,57,9.73,7.0,125,11,6,0,6,0.0894,"{""IC"": 93, ""S"": 14, ""PYO"": 25, ""HSM"": 2, ""HDM"": 5, ""MV"": 3}","[5, 6, 7, 9, 8, 11, 13, 10, 12, 18]",0.0088
2020,12,22,2,225,17612,78.28,4,158,156,0.0089,21,135,61,9.37,7.0,136,15,4,1,12,0.0852,"{""IC"": 99, ""S"": 19, ""PYO"": 31, ""HSM"": 2, ""HDM"": 3, ""MV"": 2}","[5, 6, 7, 8, 9, 10, 11, 13, 12, 14]",0.0089
2020,12,23,3,233,18070,77.55,1,20,132,0.0073,19,113,39,8.63,7.0,119,10,3,0,6,0.1088,"{""IC"": 84, ""S"": 15, ""PYO"": 27, ""HSM"": 2, ""HDM"": 4}","[5, 6, 7, 8, 9, 10, 12, 11, 22, 19]",0.0087
2020,12,24,4,99,7158,72.3,1,36,41,0.0057,3,38,22,9.0,7.0,37,4,0,0,5,0.0979,"{""IC"": 28, ""S"": 10, ""HDM"": 3}","[7, 6, 5, 8, 10, 13, 11, 15, 21, 12]",0.0082
2020,12,25,5,145,11808,81.43,1,90,113,0.0096,19,94,47,10.23,8.0,92,18,3,0,6,0.12,"{""IC"": 66, ""S"": 9, ""PYO"": 31, ""MV"": 7}","[5, 6, 8, 9, 7, 10, 11, 13, 18, 15]",0.0083
2020,12,26,6,172,13766,80.03,6,380,120,0.0087,17,103,123,11.03,8.0,100,16,3,1,6,0.0598,"{""IC"": 72, ""S"": 14, ""PYO"": 26, ""HDM"": 1, ""MV"": 7}","[5, 6, 7, 8, 11, 12, 9, 15, 10, 14]",0.0082
2020,12,27,7,188,14778,78.61,1,20,127,0.0086,22,105,100,10.39,7.0,105,17,4,1,6,0.0597,"{""IC"": 72, ""S"": 13, ""PYO"": 34, ""HSM"": 1, ""HDM"": 3, ""MV"": 4}","[5, 6, 7, 8, 9, 10, 19, 11, 12, 18]",0.0081
2020,12,28,1,229,17584,76.79,4,68,155,0.0088,21,134,47,9.59,7.0,130,21,4,0,6,0.077,"{""S"": 15, ""IC"": 104, ""PYO"": 28, ""HSM"": 1, ""HDM"": 2, ""MV"": 5}","[5, 6, 7, 8, 10, 9, 11, 19, 13, 12]",0.0082
2020,12,29,2,226,17750,78.54,3,198,145,0.0082,24,121,103,9.74,6.0,130,11,1,3,6,0.0736,"{""IC"": 99, ""S"": 13, ""PYO"": 30, ""HSM"": 1, ""HDM"": 1, ""MV"": 1}","[5, 6, 7, 9, 12, 11, 8, 13, 10, 19]",0.0081
2020,12,30,3,228,17654,77.43,4,244,148,0.0084,23,125,59,9.19,7.0,129,16,3,0,10,0.0784,"{""IC"": 91, ""S"": 18, ""PYO"": 32, ""HSM"": 1, ""HDM"": 6}","[5, 6, 8, 7, 9, 14, 12, 18, 21, 13]",0.0083
2020,12,31,4,222,16910,76.17,1,48,137,0.0081,19,118,43,9.27,7.0,119,15,3,0,7,0.0624,"{""S"": 16, ""IC"": 99, ""PYO"": 13, ""HSM"": 1, ""HDM"": 5, ""MV"": 3}","[6, 5, 7, 9, 11, 10, 12, 8, 13, 24]",0.0086
2021,1,1,5,203,16364,80.61,0,0,120,0.0073,21,99,28,8.95,7.0,105,15,0,0,10,0.0754,"{""IC"": 74, ""S"": 12, ""PYO"": 24, ""HSM"": 2, ""HDM"": 3, ""MV"": 5}","[5, 6, 8, 9, 11, 7, 13, 12, 19, 14]",0.0083
2021,1,2,6,192,15254,79.45,1,86,138,0.009,16,122,67,9.91,7.5,121,14,2,1,6,0.0673,"{""S"": 13, ""IC"": 84, ""PYO"": 35, ""HSM"": 3, ""MV"": 3}","[5, 6, 9, 7, 11, 10, 8, 12, 14, 17]",0.0083
2021,1,3,7,185,14536,78.57,0,0,126,0.0087,20,106,74,10.63,7.0,109,10,6,1,7,0.0371,"{""IC"": 75, ""S"": 15, ""PYO"": 34, ""HSM"": 1, ""HDM"": 1}","[5, 6, 8, 9, 7, 10, 11, 13, 49, 12]",0.0084
2021,1,4,1,228,17748,77.84,1,252,196,0.011,46,150,86,11.76,8.0,158,25,10,3,28,0.0256,"{""IC"": 113, ""S"": 29, ""PYO"": 36, ""HSM"": 1, ""HDM"": 10, ""MV"": 7}","[5, 6, 9, 7, 8, 10, 20, 15, 11, 13]",0.0087
2021,1,5,2,226,17708,78.35,0,48,157,0.0089,22,135,40,9.32,7.0,134,19,4,0,12,0.072,"{""IC"": 90, ""S"": 23, ""PYO"": 36, ""HSM"": 1, ""HDM"": 5, ""MV"": 2}","[5, 7, 6, 10, 8, 9, 16, 11, 12, 20]",0.0088
2021,1,6,3,196,16124,82.27,2,84,123,0.0076,23,100,113,12.28,7.0,100,14,6,3,11,0.0223,"{""IC"": 81, ""S"": 13, ""PYO"": 17, ""HDM"": 7, ""MV"": 5}","[5, 6, 7, 9, 8, 10, 14, 18, 12, 16]",0.0087
2021,1,7,4,223,16992,76.2,0,0,105,0.0062,17,88,77,10.23,7.0,90,10,4,1,8,0.051,"{""IC"": 77, ""S"": 13, ""PYO"": 9, ""HDM"": 5, ""MV"": 1}","[5, 6, 7, 8, 9, 12, 10, 13, 11, 14]",0.0084
2021,1,8,5,234,17832,76.21,0,0,126,0.0071,21,105,42,8.9,7.0,113,11,2,0,8,0.0907,"{""IC"": 80, ""S"": 14, ""PYO"": 16, ""HSM"": 2, ""HDM"": 10, ""MV"": 4}","[5, 7, 6, 8, 9, 10, 11, 12, 15, 14]",0.0084
2021,1,9,6,191,14658,76.74,3,56,128,0.0087,20,108,52,10.55,8.0,100,25,3,0,10,0.0567,"{""IC"": 88, ""S"": 14, ""PYO"": 12, ""HSM"": 2, ""HDM"": 9, ""MV"": 3}","[5, 6, 7, 15, 9, 11, 8, 10, 13, 12]",0.0083
2021,1,10,7,186,14260,76.67,0,16,107,0.0075,18,89,27,9.01,7.0,93,14,0,0,10,0.0545,"{""IC"": 70, ""S"": 16, ""PYO"": 8, ""HSM"": 1, ""HDM"": 9, ""MV"": 3}","[5, 6, 7, 11, 9, 8, 12, 19, 10, 14]",0.0081
2021,1,11,1,205,15286,74.57,3,466,141,0.0092,24,117,112,11.24,7.0,120,13,5,3,12,0.028,"{""IC"": 81, ""S"": 23, ""PYO"": 17, ""HSM"": 4, ""HDM"": 9, ""MV"": 3, ""V"": 4}","[5, 6, 7, 8, 9, 11, 10, 12, 14, 13]",0.0079
2021,1,12,2,201,14446,71.87,3,322,205,0.0142,60,145,206,14.61,8.0,153,36,7,9,47,0.0224,"{""IC"": 123, ""S"": 25, ""PYO"": 17, ""HSM"": 15, ""HDM"": 7, ""MV"": 18}","[5, 6, 7, 8, 9, 10, 11, 16, 19, 13]",0.0086
2021,1,13,3,204,14482,70.99,7,360,193,0.0133,37,156,124,13.73,8.0,145,31,12,5,45,0.0247,"{""IC"": 112, ""S"": 23, ""PYO"": 15, ""HSM"": 12, ""HDM"": 15, ""MV"": 16}","[5, 6, 7, 8, 10, 9, 12, 13, 14, 11]",0.0095
2021,1,14,4,199,14484,72.78,11,496,226,0.0156,62,164,117,14.94,9.0,163,42,11,10,43,0.0205,"{""IC"": 130, ""S"": 43, ""PYO"": 16, ""HSM"": 13, ""HDM"": 15, ""MV"": 9}","[5, 6, 7, 9, 8, 10, 11, 15, 14, 12]",0.0108
2021,1,15,5,235,17348,73.82,37,1232,314,0.0181,100,214,169,13.56,8.0,240,52,14,8,68,0.0152,"{""IC"": 199, ""S"": 54, ""PYO"": 15, ""HSM"": 5, ""HDM"": 21, ""MV"": 20}","[5, 6, 7, 8, 11, 9, 12, 15, 10, 13]",0.0124
2021,1,16,6,176,13984,79.45,16,490,111,0.0079,23,88,166,14.67,8.0,83,17,8,3,19,0.0158,"{""IC"": 64, ""S"": 19, ""PYO"": 12, ""HSM"": 7, ""HDM"": 5, ""MV"": 4}","[5, 6, 7, 8, 9, 10, 11, 12, 15, 13]",0.0123
2021,1,17,7,185,13914,75.21,17,452,120,0.0086,25,95,75,12.1,9.0,90,23,5,2,16,0.0278,"{""IC"": 77, ""S"": 12, ""PYO"": 11, ""HSM"": 4, ""HDM"": 3, ""MV"": 13}","[5, 6, 7, 8, 10, 12, 9, 15, 18, 11]",0.0124
2021,1,18,1,214,15694,73.34,27,1794,136,0.0087,22,114,37,9.4,6.0,115,18,3,0,18,0.0337,"{""IC"": 88, ""S"": 23, ""PYO"": 17, ""HSM"": 3, ""HDM"": 5}","[5, 6, 7, 8, 13, 10, 14, 12, 11, 15]",0.0123
2021,1,19,2,203,14218,70.04,17,618,119,0.0084,28,91,69,10.25,7.0,101,14,3,1,15,0.0553,"{""IC"": 71, ""S"": 15, ""PYO"": 18, ""HSM"": 3, ""HDM"": 6, ""MV"": 6}","[5, 6, 7, 10, 9, 8, 15, 13, 11, 21]",0.0115
2021,1,20,3,202,14052,69.56,9,300,142,0.0101,32,110,38,9.28,7.0,121,18,3,0,11,0.044,"{""IC"": 90, ""S"": 20, ""PYO"": 17, ""HSM"": 4, ""HDM"": 4, ""MV"": 7}","[5, 6, 7, 8, 11, 9, 14, 20, 13, 15]",0.0111
2021,1,21,4,199,14080,70.75,0,118,156,0.0111,36,120,83,11.92,8.0,123,21,10,2,15,0.0343,"{""IC"": 91, ""S"": 24, ""PYO"": 14, ""HSM"": 3, ""HDM"": 13, ""V"": 11}","[5, 6, 8, 7, 10, 11, 9, 15, 12, 13]",0.0104
2021,1,22,5,228,16762,73.52,0,38,172,0.0103,44,128,71,11.9,8.0,135,24,12,1,23,0.0244,"{""IC"": 116, ""S"": 24, ""PYO"": 15, ""HSM"": 6, ""HDM"": 9, ""MV"": 1, ""V"": 1}","[5, 6, 7, 8, 10, 11, 9, 14, 13, 12]",0.0093
2021,1,23,6,183,14090,76.99,0,16,130,0.0092,27,103,37,10.05,7.5,107,19,4,0,15,0.0464,"{""IC"": 84, ""S"": 20, ""PYO"": 14, ""HSM"": 5, ""HDM"": 2, ""MUS"": 2, ""MV"": 3}","[5, 6, 10, 8, 7, 9, 13, 11, 18, 16]",0.0095
2021,1,24,7,181,13532,74.76,0,16,131,0.0097,45,86,38,8.85,7.0,114,15,2,0,10,0.0324,"{""IC"": 98, ""S"": 10, ""PYO"": 13, ""HSM"": 1, ""HDM"": 3, ""MV"": 6}","[5, 6, 7, 8, 9, 10, 11, 13, 15, 12]",0.0096
2021,1,25,1,218,16020,73.49,27,1914,133,0.0083,29,104,123,9.47,6.0,121,9,1,2,7,0.0618,"{""IC"": 83, ""S"": 20, ""PYO"": 18, ""HSM"": 4, ""HDM"": 2, ""MV"": 6}","[5, 6, 8, 7, 9, 11, 10, 12, 16, 13]",0.0096
2021,1,26,2,199,13892,69.81,13,352,155,0.0112,24,131,128,11.81,8.0,131,15,7,2,28,0.0302,"{""IC"": 93, ""S"": 30, ""PYO"": 16, ""HSM"": 4, ""HDM"": 3, ""MV"": 9}","[5, 6, 7, 8, 12, 11, 10, 9, 13, 14]",0.01
2021,1,27,3,202,13960,69.11,5,272,128,0.0092,36,92,311,13.89,7.0,95,23,9,1,16,0.0436,"{""IC"": 80, ""S"": 12, ""PYO"": 17, ""HSM"": 2, ""HDM"": 10, ""MV"": 7}","[5, 6, 7, 8, 9, 17, 11, 18, 16, 12]",0.0099
2021,1,28,4,200,14166,70.83,1,322,146,0.0103,41,105,363,14.77,7.0,113,22,7,4,17,0.0294,"{""IC"": 87, ""S"": 21, ""PYO"": 20, ""HSM"": 9, ""HDM"": 6, ""MV"": 3}","[5, 6, 7, 8, 9, 10, 16, 15, 11, 32]",0.0097
2021,1,29,5,234,16886,72.16,18,1444,302,0.0179,97,205,297,19.47,10.0,192,54,40,16,59,0.0164,"{""IC"": 210, ""S"": 46, ""PYO"": 15, ""HSM"": 8, ""HDM"": 16, ""MV"": 7}","[5, 6, 7, 8, 11, 9, 12, 17, 10, 14]",0.0108
2021,1,30,6,191,14596,76.42,13,398,152,0.0104,30,122,130,13.2,7.0,127,14,5,6,26,0.0165,"{""IC"": 99, ""S"": 17, ""PYO"": 13, ""HSM"": 1, ""HDM"": 9, ""MV"": 13}","[5, 6, 7, 8, 10, 11, 9, 13, 14, 12]",0.011
2021,1,31,7,191,13754,72.01,4,264,141,0.0103,33,108,95,10.87,7.0,114,20,6,1,18,0.0262,"{""IC"": 95, ""S"": 16, ""PYO"": 16, ""HDM"": 10, ""MV"": 4}","[5, 6, 7, 8, 9, 11, 10, 12, 14, 19]",0.0111
2021,2,1,1,220,15838,71.99,25,1876,186,0.0117,56,130,83,12.39,8.0,147,26,9,4,29,0.0296,"{""IC"": 104, ""S"": 27, ""PYO"": 15, ""HSM"": 9, ""HDM"": 26, ""MV"": 5}","[5, 7, 6, 10, 9, 8, 14, 12, 11, 16]",0.0116
2021,2,2,2,201,13850,68.91,7,286,164,0.0118,62,102,187,13.93,8.0,133,20,7,4,16,0.04,"{""IC"": 100, ""S"": 23, ""PYO"": 18, ""HSM"": 6, ""HDM"": 13, ""MV"": 4}","[5, 6, 8, 7, 9, 12, 10, 11, 17, 18]",0.0117
2021,2,3,3,198,13758,69.48,10,264,153,0.0111,49,104,65,9.63,7.0,131,20,1,1,15,0.0322,"{""IC"": 106, ""S"": 20, ""PYO"": 11, ""HSM"": 2, ""HDM"": 14}","[5, 7, 6, 8, 9, 11, 10, 13, 14, 15]",0.0119
2021,2,4,4,206,14272,69.28,3,144,149,0.0104,47,102,66,10.89,8.0,116,27,5,1,23,0.0248,"{""IC"": 86, ""S"": 23, ""PYO"": 10, ""HSM"": 8, ""HDM"": 13, ""MV"": 9}","[5, 6, 7, 8, 9, 11, 15, 13, 20, 19]",0.0119
2021,2,5,5,231,17012,73.65,10,334,185,0.0109,59,126,114,10.78,7.0,153,22,7,3,23,0.0283,"{""IC"": 111, ""S"": 27, ""PYO"": 24, ""HSM"": 3, ""HDM"": 11, ""MV"": 9}","[5, 6, 7, 8, 9, 10, 12, 11, 13, 18]",0.0109
2021,2,6,6,182,14360,78.9,7,130,119,0.0083,26,93,83,11.27,8.0,95,19,4,1,6,0.0468,"{""IC"": 74, ""S"": 16, ""PYO"": 20, ""HSM"": 2, ""HDM"": 4, ""MV"": 3}","[5, 6, 7, 9, 8, 11, 14, 19, 10, 15]",0.0106
2021,2,7,7,190,13622,71.69,2,34,116,0.0085,21,95,83,10.1,7.0,97,15,3,1,13,0.0598,"{""IC"": 77, ""S"": 14, ""PYO"": 13, ""HSM"": 2, ""HDM"": 8, ""MV"": 2}","[5, 6, 7, 8, 9, 11, 19, 13, 12, 10]",0.0104
2021,2,8,1,217,15548,71.65,15,1464,128,0.0082,25,103,47,10.11,7.5,104,22,2,0,9,0.0519,"{""IC"": 80, ""S"": 15, ""PYO"": 16, ""HSM"": 2, ""HDM"": 11, ""MV"": 4}","[5, 6, 7, 8, 10, 13, 11, 12, 19, 15]",0.0099
2021,2,9,2,205,13778,67.21,18,408,121,0.0088,32,89,100,10.67,7.0,103,13,4,1,7,0.0445,"{""IC"": 68, ""S"": 16, ""PYO"": 16, ""HSM"": 4, ""HDM"": 12, ""MV"": 5}","[5, 6, 8, 7, 11, 9, 12, 13, 10, 15]",0.0095
2021,2,10,3,204,13624,66.78,8,194,132,0.0097,34,98,50,9.37,7.0,115,15,2,0,18,0.0428,"{""IC"": 70, ""S"": 15, ""PYO"": 16, ""HSM"": 6, ""HDM"": 13, ""MV"": 12}","[5, 7, 6, 8, 11, 9, 19, 10, 18, 13]",0.0093
2021,2,11,4,201,13756,68.44,5,60,130,0.0095,31,99,38,9.62,7.0,110,17,3,0,23,0.0338,"{""IC"": 82, ""S"": 19, ""PYO"": 12, ""HSM"": 2, ""HDM"": 13, ""MV"": 2}","[5, 6, 8, 7, 9, 10, 11, 13, 22, 25]",0.0091
2021,2,12,5,231,16876,73.06,8,230,169,0.01,30,139,99,10.78,6.0,136,22,10,1,28,0.0226,"{""IC"": 95, ""S"": 21, ""PYO"": 33, ""HSM"": 4, ""HDM"": 13, ""MV"": 2, ""V"": 1}","[5, 6, 7, 8, 10, 15, 12, 11, 18, 22]",0.009
2021,2,13,6,184,14540,79.02,11,226,144,0.0099,41,103,100,10.19,7.0,124,11,8,1,9,0.0433,"{""S"": 15, ""IC"": 93, ""PYO"": 30, ""HSM"": 1, ""HDM"": 5}","[5, 6, 7, 8, 9, 11, 15, 12, 10, 14]",0.0092
2021,2,14,7,191,13720,71.83,2,322,114,0.0083,25,89,62,9.54,6.0,99,13,0,2,9,0.0552,"{""IC"": 81, ""S"": 7, ""PYO"": 20, ""HDM"": 5, ""MV"": 1}","[5, 6, 7, 8, 14, 13, 9, 10, 12, 15]",0.0092
2021,2,15,1,203,14106,69.49,14,252,118,0.0084,34,84,60,9.42,7.0,103,12,2,1,7,0.07,"{""IC"": 85, ""S"": 11, ""PYO"": 12, ""HSM"": 3, ""HDM"": 6, ""MV"": 1}","[5, 6, 7, 8, 9, 10, 11, 21, 12, 22]",0.0092
2021,2,16,2,198,13502,68.19,8,182,114,0.0084,27,87,180,13.63,7.0,98,6,6,4,9,0.0322,"{""IC"": 73, ""S"": 18, ""PYO"": 16, ""HDM"": 6, ""MV"": 1}","[5, 6, 7, 8, 10, 9, 11, 12, 13, 34]",0.0092
2021,2,17,3,204,13996,68.61,3,78,122,0.0087,26,96,49,10.59,8.0,102,14,6,0,16,0.041,"{""IC"": 72, ""S"": 9, ""PYO"": 20, ""HSM"": 3, ""HDM"": 12, ""MV"": 6}","[5, 6, 7, 8, 9, 10, 19, 11, 13, 14]",0.009
2021,2,18,4,201,13952,69.41,8,192,119,0.0085,32,87,63,10.0,7.0,105,8,5,1,12,0.0483,"{""IC"": 74, ""S"": 10, ""PYO"": 21, ""HSM"": 1, ""HDM"": 13}","[5, 6, 8, 7, 9, 11, 10, 14, 12, 15]",0.0089
2021,2,19,5,228,16754,73.48,2,38,159,0.0095,45,114,142,10.76,7.0,135,16,6,2,15,0.024,"{""IC"": 93, ""S"": 17, ""PYO"": 30, ""HSM"": 5, ""HDM"": 14}","[5, 6, 7, 9, 12, 8, 11, 10, 19, 15]",0.0088
2021,2,20,6,181,14472,79.96,4,76,136,0.0094,44,92,96,12.54,8.0,107,22,3,4,17,0.0236,"{""IC"": 74, ""S"": 15, ""PYO"": 31, ""HSM"": 4, ""HDM"": 12}","[5, 6, 7, 8, 9, 11, 14, 10, 12, 16]",0.0087
2021,2,21,7,191,13924,72.9,7,342,164,0.0118,52,112,89,11.65,8.0,135,17,11,1,38,0.0167,"{""IC"": 92, ""S"": 12, ""PYO"": 23, ""HSM"": 8, ""HDM"": 25, ""MV"": 4}","[5, 6, 7, 8, 9, 11, 14, 10, 12, 13]",0.0092
2021,2,22,1,207,14580,70.43,15,402,238,0.0163,79,159,167,15.03,8.5,174,36,21,7,50,0.0172,"{""IC"": 153, ""S"": 22, ""PYO"": 27, ""HSM"": 20, ""HDM"": 14, ""MV"": 2}","[5, 6, 7, 10, 8, 12, 11, 13, 9, 14]",0.0104
2021,2,23,2,201,13872,69.01,16,372,258,0.0186,118,140,75,10.88,8.0,214,31,11,2,34,0.0151,"{""IC"": 134, ""S"": 32, ""PYO"": 52, ""HSM"": 20, ""HDM"": 19, ""MV"": 1}","[6, 5, 7, 8, 9, 10, 11, 13, 12, 14]",0.0118
2021,2,24,3,204,14158,69.4,6,270,188,0.0133,61,127,78,12.12,8.0,149,25,9,5,35,0.028,"{""IC"": 106, ""S"": 20, ""PYO"": 24, ""HSM"": 17, ""HDM"": 17, ""MV"": 4}","[5, 6, 7, 9, 8, 10, 14, 20, 17, 16]",0.0125
2021,2,25,4,205,14510,70.78,5,100,155,0.0107,42,113,61,10.15,7.0,131,19,4,1,25,0.0502,"{""IC"": 83, ""S"": 18, ""PYO"": 26, ""HSM"": 10, ""HDM"": 14, ""MV"": 4}","[5, 6, 8, 7, 12, 10, 9, 13, 11, 18]",0.0128
2021,2,26,5,232,16940,73.02,0,20,179,0.0106,50,129,45,9.82,7.0,150,25,4,0,11,0.0417,"{""IC"": 110, ""S"": 20, ""PYO"": 29, ""HSM"": 2, ""HDM"": 12, ""MV"": 6}","[5, 6, 7, 8, 9, 10, 11, 12, 23, 21]",0.013
2021,2,27,6,188,14612,77.72,1,14,134,0.0092,31,103,133,11.24,7.0,105,22,6,1,10,0.0694,"{""IC"": 81, ""S"": 12, ""PYO"": 30, ""HSM"": 1, ""HDM"": 7, ""MV"": 3}","[5, 6, 7, 8, 11, 9, 10, 15, 17, 18]",0.0129
2021,2,28,7,187,13730,73.42,0,0,131,0.0095,34,97,42,9.3,8.0,116,11,4,0,9,0.0581,"{""IC"": 88, ""S"": 10, ""PYO"": 22, ""HDM"": 11}","[5, 6, 7, 8, 9, 10, 13, 11, 16, 15]",0.0126
2021,3,1,1,212,14812,69.87,7,108,161,0.0109,32,129,49,9.83,7.0,141,11,9,0,12,0.0643,"{""IC"": 99, ""S"": 16, ""PYO"": 30, ""HSM"": 1, ""HDM"": 10, ""MV"": 5}","[5, 6, 8, 7, 11, 10, 9, 12, 14, 15]",0.0118
2021,3,2,2,201,14078,70.04,0,0,112,0.008,29,83,60,9.4,7.0,99,11,1,1,7,0.0553,"{""IC"": 70, ""S"": 16, ""PYO"": 15, ""HSM"": 1, ""HDM"": 6, ""MV"": 4}","[5, 6, 7, 10, 9, 11, 8, 13, 17, 21]",0.0103
2021,3,3,3,206,14402,69.91,2,138,154,0.0107,40,114,93,9.84,7.0,129,21,3,1,13,0.0609,"{""IC"": 85, ""S"": 17, ""PYO"": 26, ""HSM"": 1, ""HDM"": 14, ""MV"": 11}","[5, 6, 8, 7, 9, 10, 11, 16, 15, 12]",0.0099
2021,3,4,4,202,14476,71.66,1,156,140,0.0097,30,110,50,9.87,7.5,115,22,3,0,9,0.0884,"{""IC"": 81, ""S"": 18, ""PYO"": 20, ""HSM"": 1, ""HDM"": 20}","[5, 6, 9, 7, 8, 10, 15, 13, 12, 20]",0.0098
2021,3,5,5,236,17572,74.46,4,280,147,0.0084,38,109,216,11.65,7.0,125,15,4,3,6,0.0366,"{""IC"": 77, ""S"": 18, ""PYO"": 29, ""HSM"": 1, ""HDM"": 8, ""MV"": 14}","[5, 6, 8, 7, 9, 11, 13, 10, 16, 17]",0.0095
2021,3,6,6,184,14498,78.79,0,14,127,0.0088,32,95,63,11.27,7.0,100,18,7,2,12,0.0788,"{""IC"": 71, ""S"": 9, ""PYO"": 32, ""HSM"": 3, ""HDM"": 10, ""MV"": 2}","[5, 6, 7, 8, 9, 17, 15, 10, 14, 16]",0.0094
2021,3,7,7,188,13802,73.41,0,0,132,0.0096,37,95,85,9.61,7.0,114,14,2,2,14,0.0503,"{""IC"": 89, ""S"": 11, ""PYO"": 21, ""HSM"": 1, ""HDM"": 8, ""MV"": 2}","[5, 7, 6, 8, 9, 10, 17, 19, 11, 20]",0.0094
2021,3,8,1,219,15986,73.0,18,1534,124,0.0078,26,98,46,9.23,7.0,109,12,3,0,14,0.0663,"{""S"": 14, ""IC"": 73, ""PYO"": 20, ""HDM"": 11, ""MV"": 6}","[5, 6, 8, 7, 9, 13, 10, 12, 11, 15]",0.009
2021,3,9,2,204,13874,68.01,3,66,116,0.0084,27,89,100,11.09,7.0,96,13,6,1,12,0.0376,"{""IC"": 63, ""S"": 16, ""PYO"": 16, ""HSM"": 1, ""HDM"": 9, ""MV"": 11}","[5, 6, 7, 10, 8, 9, 12, 16, 18, 17]",0.0091
2021,3,10,3,201,13966,69.48,9,192,128,0.0092,27,101,121,10.73,7.0,109,13,4,2,11,0.0406,"{""IC"": 80, ""S"": 13, ""PYO"": 20, ""HSM"": 3, ""HDM"": 8, ""MV"": 4}","[5, 6, 7, 8, 9, 10, 11, 13, 12, 28]",0.0088
2021,3,11,4,201,14274,71.01,6,104,104,0.0073,22,82,175,11.27,7.0,89,11,1,3,6,0.0784,"{""IC"": 63, ""S"": 15, ""PYO"": 16, ""HSM"": 1, ""HDM"": 7, ""MV"": 2}","[5, 6, 7, 10, 8, 9, 11, 21, 12, 19]",0.0085
2021,3,12,5,231,17172,74.34,5,128,147,0.0086,43,104,61,9.48,7.0,132,11,3,1,11,0.0435,"{""IC"": 89, ""S"": 18, ""PYO"": 31, ""HSM"": 2, ""HDM"": 6, ""MV"": 1}","[5, 7, 6, 8, 10, 12, 11, 9, 13, 22]",0.0085
2021,3,13,6,190,14626,76.98,4,258,145,0.0099,30,115,93,10.58,7.0,124,15,5,1,18,0.034,"{""IC"": 83, ""S"": 17, ""PYO"": 30, ""HSM"": 2, ""HDM"": 8, ""MV"": 5}","[5, 6, 7, 8, 9, 12, 10, 17, 13, 11]",0.0087
2021,3,14,7,189,13812,73.08,12,272,102,0.0074,16,86,67,10.89,7.0,83,11,7,1,9,0.0598,"{""IC"": 64, ""S"": 7, ""PYO"": 21, ""HSM"": 3, ""HDM"": 4, ""MV"": 3}","[5, 7, 6, 10, 8, 13, 30, 12, 31, 11]",0.0084
2021,3,15,1,202,14310,70.84,15,314,128,0.0089,26,102,65,10.27,7.0,113,9,5,1,12,0.1011,"{""IC"": 83, ""S"": 15, ""PYO"": 19, ""HSM"": 4, ""HDM"": 5, ""MV"": 2}","[5, 6, 7, 8, 10, 12, 9, 13, 14, 11]",0.0085
2021,3,16,2,199,13522,67.95,13,322,112,0.0083,28,84,32,8.54,7.0,99,12,1,0,7,0.0789,"{""IC"": 75, ""S"": 12, ""PYO"": 15, ""HSM"": 7, ""HDM"": 1, ""MV"": 2}","[5, 6, 7, 8, 12, 11, 10, 14, 16, 9]",0.0085
2021,3,17,3,202,13818,68.41,13,376,109,0.0079,17,92,63,9.18,6.0,97,9,2,1,7,0.0662,"{""IC"": 69, ""S"": 12, ""PYO"": 26, ""MV"": 2}","[5, 6, 7, 8, 12, 9, 10, 19, 11, 14]",0.0083
2021,3,18,4,203,14158,69.74,10,212,142,0.01,29,113,50,9.49,7.0,126,12,4,0,12,0.0695,"{""IC"": 91, ""S"": 16, ""PYO"": 25, ""HSM"": 1, ""HDM"": 4, ""MV"": 5}","[5, 6, 7, 8, 9, 10, 14, 13, 11, 20]",0.0087
2021,3,19,5,231,16992,73.56,10,254,153,0.009,30,123,38,8.67,7.0,134,17,2,0,13,0.0653,"{""IC"": 91, ""S"": 15, ""PYO"": 31, ""HSM"": 4, ""HDM"": 8, ""MV"": 4}","[5, 6, 7, 8, 9, 15, 12, 11, 14, 16]",0.0088
2021,3,20,6,183,14382,78.59,8,164,125,0.0087,23,102,46,9.12,7.0,108,14,3,0,9,0.0908,"{""IC"": 81, ""S"": 9, ""PYO"": 27, ""HSM"": 1, ""HDM"": 6, ""MV"": 1}","[5, 6, 7, 8, 16, 12, 15, 13, 9, 10]",0.0086
2021,3,21,7,187,13720,73.37,1,24,114,0.0083,25,89,32,8.7,6.5,102,11,1,0,10,0.0776,"{""IC"": 71, ""S"": 9, ""PYO"": 21, ""HSM"": 4, ""HDM"": 9}","[5, 6, 8, 10, 9, 14, 7, 15, 13, 11]",0.0087
2021,3,22,1,216,15674,72.56,13,1438,109,0.007,19,90,61,10.21,7.0,94,10,4,1,11,0.1259,"{""IC"": 67, ""S"": 9, ""PYO"": 18, ""HSM"": 2, ""HDM"": 11, ""MV"": 2}","[5, 7, 6, 8, 10, 12, 9, 11, 14, 13]",0.0085
2021,3,23,2,195,13384,68.64,0,0,98,0.0073,26,72,150,12.68,8.0,84,8,4,2,4,0.0416,"{""IC"": 59, ""S"": 19, ""PYO"": 13, ""HSM"": 1, ""HDM"": 6}","[6, 5, 8, 7, 9, 11, 10, 13, 17, 19]",0.0083
2021,3,24,3,199,13734,69.02,1,20,126,0.0092,25,101,65,9.39,7.0,109,16,0,1,8,0.1046,"{""IC"": 76, ""S"": 16, ""PYO"": 24, ""HSM"": 1, ""HDM"": 7, ""MV"": 2}","[5, 6, 7, 8, 12, 9, 10, 11, 15, 13]",0.0085
2021,3,25,4,203,13874,68.34,3,52,138,0.0099,31,107,79,9.59,7.0,125,8,3,2,9,0.0827,"{""IC"": 94, ""S"": 15, ""PYO"": 19, ""HSM"": 1, ""HDM"": 6, ""MV"": 3}","[5, 6, 7, 9, 8, 11, 12, 10, 14, 13]",0.0085
2021,3,26,5,232,16918,72.92,2,4,145,0.0086,31,114,80,9.66,7.0,130,12,1,2,7,0.0869,"{""IC"": 87, ""S"": 15, ""PYO"": 29, ""HDM"": 10, ""MV"": 4}","[5, 6, 7, 8, 9, 10, 13, 11, 12, 14]",0.0084
2021,3,27,6,180,14230,79.06,0,0,137,0.0096,30,107,102,12.66,8.0,108,18,7,4,6,0.0427,"{""IC"": 88, ""S"": 9, ""PYO"": 29, ""HSM"": 2, ""HDM"": 6, ""MV"": 3}","[5, 6, 8, 9, 7, 10, 12, 11, 18, 15]",0.0086
2021,3,28,7,186,13306,71.54,0,0,106,0.008,22,84,57,9.81,7.0,90,15,1,0,15,0.0856,"{""IC"": 72, ""S"": 7, ""PYO"": 15, ""HSM"": 1, ""HDM"": 9, ""MV"": 2}","[5, 6, 7, 8, 11, 9, 14, 13, 10, 22]",0.0085
2021,3,29,1,201,14168,70.49,0,0,130,0.0092,46,84,46,8.27,6.0,120,9,1,0,11,0.0204,"{""IC"": 83, ""S"": 9, ""PYO"": 21, ""HSM"": 1, ""HDM"": 11, ""MV"": 5}","[5, 6, 7, 9, 8, 10, 13, 11, 14, 12]",0.0088
2021,3,30,2,200,13806,69.03,0,0,134,0.0097,37,97,110,11.02,7.0,118,7,6,3,16,0.0212,"{""IC"": 88, ""S"": 12, ""PYO"": 22, ""HDM"": 8, ""MV"": 4}","[5, 6, 7, 9, 10, 8, 14, 11, 15, 13]",0.0092
2021,3,31,3,200,13758,68.79,3,54,115,0.0084,29,86,173,10.04,7.0,106,6,2,1,8,0.0351,"{""IC"": 65, ""S"": 12, ""PYO"": 27, ""HSM"": 1, ""HDM"": 4, ""MV"": 6}","[5, 6, 7, 8, 12, 9, 14, 13, 11, 15]",0.0091
2021,4,1,4,230,17034,74.06,0,0,150,0.0088,52,98,63,10.48,8.0,122,23,4,1,16,0.0249,"{""IC"": 91, ""S"": 14, ""PYO"": 30, ""HSM"": 1, ""HDM"": 12, ""MV"": 2}","[5, 6, 7, 8, 9, 10, 19, 13, 11, 12]",0.0089
2021,4,2,5,188,14350,76.33,0,4,109,0.0076,23,86,37,8.47,7.0,101,7,1,0,8,0.0622,"{""IC"": 64, ""S"": 13, ""PYO"": 17, ""HSM"": 2, ""HDM"": 9, ""MV"": 4}","[5, 6, 7, 8, 10, 9, 12, 14, 13, 18]",0.0088
2021,4,3,6,178,12476,70.09,1,38,93,0.0075,16,77,101,9.82,6.0,81,10,1,1,10,0.0489,"{""IC"": 61, ""S"": 12, ""PYO"": 10, ""HDM"": 5, ""MV"": 5}","[5, 6, 7, 9, 8, 10, 11, 12, 13, 19]",0.0085
2021,4,4,7,163,12214,74.93,0,2,93,0.0076,25,68,112,9.69,7.0,86,4,2,1,8,0.0365,"{""IC"": 61, ""S"": 9, ""PYO"": 16, ""HDM"": 7}","[5, 6, 9, 7, 8, 12, 11, 10, 13, 33]",0.0084
2021,4,5,1,192,14584,75.96,7,796,111,0.0076,20,91,88,10.86,8.0,91,16,3,1,12,0.0465,"{""IC"": 75, ""S"": 10, ""PYO"": 13, ""HSM"": 1, ""HDM"": 12}","[5, 6, 7, 8, 11, 9, 10, 13, 18, 15]",0.0082
2021,4,6,2,199,13708,68.88,0,2,112,0.0082,31,81,91,8.87,7.0,104,6,1,1,10,0.0574,"{""IC"": 65, ""S"": 18, ""PYO"": 12, ""HSM"": 7, ""HDM"": 8, ""MV"": 2}","[5, 7, 6, 9, 8, 13, 12, 11, 17, 10]",0.008
2021,4,7,3,195,13410,68.77,1,26,111,0.0083,26,85,43,8.82,7.0,99,10,2,0,9,0.061,"{""IC"": 63, ""S"": 13, ""PYO"": 15, ""HSM"": 7, ""HDM"": 9, ""MV"": 4}","[5, 7, 6, 8, 9, 11, 16, 13, 20, 12]",0.0079
2021,4,8,4,195,13430,68.87,2,16,94,0.007,30,64,27,8.49,7.0,85,9,0,0,5,0.0451,"{""IC"": 62, ""S"": 11, ""PYO"": 10, ""HSM"": 4, ""HDM"": 4, ""MV"": 3}","[5, 7, 6, 9, 8, 20, 14, 13, 12, 11]",0.0077
2021,4,9,5,232,17326,74.68,27,1168,143,0.0083,39,104,80,11.31,7.0,120,14,7,2,15,0.0316,"{""IC"": 80, ""S"": 13, ""PYO"": 24, ""HDM"": 19, ""MV"": 7}","[5, 6, 7, 8, 9, 11, 10, 13, 18, 12]",0.0078
2021,4,10,6,175,13780,78.74,0,0,111,0.0081,14,97,46,9.43,7.0,91,18,2,0,10,0.063,"{""IC"": 65, ""S"": 7, ""PYO"": 26, ""HSM"": 1, ""HDM"": 10, ""MV"": 2}","[5, 6, 7, 8, 10, 15, 9, 18, 17, 12]",0.0079
2021,4,11,7,182,13276,72.95,1,64,85,0.0064,13,72,36,9.31,7.0,75,7,3,0,9,0.0442,"{""IC"": 66, ""S"": 8, ""PYO"": 7, ""HDM"": 4}","[5, 6, 8, 7, 12, 10, 15, 14, 11, 9]",0.0077
2021,4,12,1,199,13896,69.83,1,44,97,0.007,19,78,52,8.59,7.0,86,9,2,0,2,0.048,"{""S"": 16, ""IC"": 63, ""PYO"": 10, ""HSM"": 1, ""HDM"": 7}","[5, 7, 6, 9, 12, 8, 10, 15, 16, 18]",0.0076
2021,4,13,2,194,13166,67.87,2,42,105,0.008,28,77,54,8.51,7.0,97,7,1,0,6,0.0576,"{""IC"": 76, ""S"": 13, ""PYO"": 6, ""HSM"": 1, ""HDM"": 8, ""MV"": 1}","[6, 5, 7, 8, 11, 14, 12, 9, 10, 15]",0.0076
2021,4,14,3,204,13462,65.99,4,114,109,0.0081,35,74,31,8.58,7.0,99,9,1,0,7,0.0463,"{""IC"": 62, ""S"": 20, ""PYO"": 7, ""HSM"": 3, ""HDM"": 6, ""MV"": 11}","[5, 6, 10, 8, 7, 13, 12, 9, 20, 22]",0.0076
2021,4,15,4,197,13376,67.9,1,14,74,0.0055,14,60,40,9.08,7.0,66,6,2,0,6,0.061,"{""IC"": 49, ""S"": 10, ""PYO"": 6, ""HSM"": 2, ""HDM"": 5, ""MV"": 2}","[5, 6, 7, 10, 8, 9, 11, 12, 17, 14]",0.0073
2021,4,16,5,224,16682,74.47,0,2,125,0.0075,32,93,36,8.67,7.0,110,13,2,0,13,0.0543,"{""IC"": 84, ""S"": 13, ""PYO"": 18, ""HSM"": 1, ""HDM"": 7, ""MV"": 2}","[5, 7, 6, 9, 8, 16, 12, 10, 17, 11]",0.0072
2021,4,17,6,173,13674,79.04,0,0,111,0.0081,25,86,105,10.46,7.0,100,7,2,2,6,0.0315,"{""S"": 14, ""IC"": 73, ""PYO"": 19, ""HDM"": 5}","[5, 6, 7, 8, 9, 13, 10, 11, 12, 14]",0.0072
2021,4,18,7,190,13342,70.22,2,194,103,0.0077,26,77,121,10.72,7.0,88,11,3,1,6,0.0352,"{""IC"": 66, ""S"": 14, ""PYO"": 5, ""HSM"": 1, ""HDM"": 5, ""MV"": 12}","[5, 6, 7, 8, 9, 12, 13, 11, 21, 15]",0.0074
2021,4,19,1,202,13972,69.17,4,80,96,0.0069,27,69,32,8.42,6.5,87,7,2,0,5,0.0708,"{""IC"": 63, ""S"": 16, ""PYO"": 6, ""HSM"": 1, ""HDM"": 6, ""MV"": 4}","[5, 6, 7, 8, 9, 12, 13, 10, 17, 11]",0.0074
2021,4,20,2,193,12958,67.14,1,20,103,0.0079,19,84,66,11.09,7.0,83,14,4,2,12,0.0348,"{""IC"": 70, ""S"": 15, ""PYO"": 4, ""HSM"": 5, ""HDM"": 8, ""MV"": 1}","[5, 6, 7, 9, 8, 13, 19, 10, 17, 18]",0.0074
2021,4,21,3,193,12970,67.2,0,2,105,0.0081,22,83,51,8.4,7.0,96,8,1,0,4,0.0934,"{""IC"": 80, ""S"": 10, ""PYO"": 5, ""HSM"": 2, ""HDM"": 7, ""V"": 1}","[5, 6, 7, 9, 8, 10, 12, 15, 25, 11]",0.0074
2021,4,22,4,197,13404,68.04,13,252,85,0.0063,16,69,101,9.21,6.0,77,6,1,1,10,0.0558,"{""IC"": 49, ""S"": 11, ""PYO"": 9, ""HSM"": 1, ""HDM"": 7, ""MV"": 8}","[5, 6, 7, 10, 9, 8, 20, 11, 15, 52]",0.0075
2021,4,23,5,224,16042,71.62,1,70,109,0.0068,24,85,111,10.83,7.0,93,10,5,1,9,0.0507,"{""IC"": 75, ""S"": 14, ""PYO"": 5, ""HSM"": 2, ""HDM"": 8, ""MV"": 5}","[5, 7, 6, 8, 10, 11, 9, 13, 17, 14]",0.0074
2021,4,24,6,173,13260,76.65,0,0,94,0.0071,8,86,65,8.52,6.0,86,6,1,1,2,0.0741,"{""IC"": 66, ""S"": 8, ""PYO"": 9, ""HSM"": 1, ""HDM"": 7, ""MV"": 3}","[5, 6, 7, 8, 9, 12, 10, 11, 13, 16]",0.0073
2021,4,25,7,183,13112,71.65,0,0,88,0.0067,16,72,94,8.97,6.0,80,6,1,1,5,0.0964,"{""S"": 6, ""IC"": 65, ""PYO"": 5, ""HSM"": 1, ""HDM"": 6, ""MV"": 5}","[5, 6, 7, 8, 11, 12, 9, 17, 13, 16]",0.0071
2021,4,26,1,219,15800,72.15,20,2110,126,0.008,26,100,104,12.91,8.0,104,13,3,6,21,0.036,"{""IC"": 71, ""S"": 18, ""PYO"": 7, ""HSM"": 12, ""HDM"": 14, ""MV"": 4}","[5, 6, 7, 8, 9, 11, 14, 12, 10, 15]",0.0073
2021,4,27,2,199,13192,66.29,2,100,102,0.0077,23,79,65,9.25,7.0,89,11,1,1,7,0.1038,"{""IC"": 66, ""S"": 10, ""PYO"": 7, ""HSM"": 2, ""HDM"": 8, ""IC2"": 1, ""MV"": 8}","[5, 6, 7, 9, 8, 11, 10, 18, 16, 15]",0.0072
2021,4,28,3,195,13012,66.73,0,0,116,0.0089,26,90,43,9.94,7.0,101,10,5,0,8,0.0514,"{""IC"": 62, ""S"": 12, ""PYO"": 11, ""HSM"": 15, ""HDM"": 13, ""MV"": 3}","[5, 6, 7, 8, 10, 9, 13, 11, 23, 14]",0.0074
2021,4,29,4,201,13250,65.92,0,30,129,0.0097,40,89,73,12.71,7.0,100,19,7,3,15,0.0514,"{""IC"": 73, ""S"": 11, ""PYO"": 6, ""HSM"": 3, ""HDM"": 21, ""MV"": 15}","[5, 6, 7, 12, 10, 9, 11, 8, 29, 15]",0.0078
2021,4,30,5,224,16044,71.62,3,56,136,0.0085,34,102,50,9.43,7.5,121,12,3,0,15,0.0645,"{""IC"": 90, ""S"": 19, ""PYO"": 7, ""HSM"": 1, ""HDM"": 13, ""MV"": 6}","[5, 6, 7, 9, 10, 8, 14, 11, 12, 15]",0.0081
2021,5,1,6,166,13156,79.25,1,20,108,0.0082,23,85,80,10.6,7.0,92,13,1,2,8,0.0555,"{""IC"": 71, ""S"": 6, ""PYO"": 16, ""HSM"": 2, ""HDM"": 9, ""MV"": 4}","[5, 7, 6, 8, 11, 13, 10, 9, 12, 15]",0.0082
2021,5,2,7,181,12968,71.65,0,44,96,0.0074,21,75,54,9.19,7.0,86,8,2,0,3,0.0849,"{""IC"": 72, ""S"": 11, ""PYO"": 5, ""HSM"": 1, ""HDM"": 6, ""MV"": 1}","[5, 6, 7, 10, 9, 8, 12, 11, 13, 15]",0.0083
2021,5,3,1,200,13488,67.44,0,0,113,0.0084,29,84,25,7.92,6.0,106,7,0,0,9,0.0751,"{""S"": 12, ""IC"": 88, ""HSM"": 6, ""HDM"": 5, ""MV"": 2}","[5, 6, 8, 10, 9, 7, 12, 11, 13, 16]",0.0084
2021,5,4,2,190,12670,66.68,1,30,119,0.0094,32,87,48,9.45,7.0,100,17,2,0,9,0.0577,"{""IC"": 83, ""S"": 17, ""HSM"": 4, ""HDM"": 15}","[5, 6, 7, 8, 14, 15, 9, 16, 11, 20]",0.0086
2021,5,5,3,192,12968,67.54,1,72,88,0.0068,21,67,22,8.11,6.0,80,8,0,0,2,0.1096,"{""IC"": 53, ""S"": 18, ""PYO"": 7, ""HSM"": 1, ""HDM"": 7, ""MV"": 2}","[5, 6, 7, 8, 11, 12, 14, 9, 15, 10]",0.0083
2021,5,6,4,196,13212,67.41,0,0,106,0.008,23,83,42,7.88,6.0,98,7,1,0,7,0.1087,"{""IC"": 73, ""S"": 13, ""PYO"": 7, ""HSM"": 2, ""HDM"": 9, ""MV"": 2}","[5, 6, 7, 8, 9, 10, 16, 11, 20, 17]",0.0081
2021,5,7,5,219,15882,72.52,0,22,102,0.0064,21,81,60,8.32,6.0,94,6,1,1,8,0.1071,"{""IC"": 68, ""S"": 11, ""PYO"": 7, ""HSM"": 5, ""HDM"": 11}","[5, 6, 7, 8, 9, 12, 10, 15, 13, 11]",0.0078
2021,5,8,6,173,13056,75.47,0,32,103,0.0079,23,80,80,10.12,7.0,87,11,4,1,2,0.0852,"{""IC"": 76, ""S"": 10, ""PYO"": 7, ""HSM"": 3, ""HDM"": 6, ""MV"": 1}","[5, 6, 7, 8, 11, 15, 10, 19, 9, 13]",0.0078
2021,5,9,7,179,12730,71.12,0,0,89,0.007,23,66,51,8.63,7.0,83,4,2,0,6,0.0963,"{""IC"": 64, ""S"": 12, ""HSM"": 1, ""HDM"": 11, ""MV"": 1}","[6, 5, 7, 9, 8, 13, 10, 11, 12, 18]",0.0077
2021,5,10,1,196,13230,67.5,0,0,69,0.0052,12,57,34,7.9,7.0,67,1,1,0,0,0.1313,"{""IC"": 53, ""S"": 7, ""HSM"": 4, ""HDM"": 5}","[5, 7, 6, 10, 8, 9, 11, 12, 13, 14]",0.0072
2021,5,11,2,190,12494,65.76,1,28,127,0.0102,37,90,57,8.51,6.0,116,9,2,0,10,0.0795,"{""IC"": 93, ""S"": 11, ""HSM"": 11, ""HDM"": 11, ""MV"": 1}","[5, 6, 7, 8, 9, 14, 10, 13, 17, 12]",0.0074
2021,5,12,3,197,12878,65.37,4,118,120,0.0093,28,92,79,10.39,7.0,102,12,4,2,10,0.0382,"{""IC"": 69, ""S"": 13, ""PYO"": 9, ""HSM"": 7, ""HDM"": 8, ""MV"": 14}","[5, 6, 7, 9, 8, 10, 11, 12, 16, 13]",0.0077
2021,5,13,4,177,12388,69.99,8,160,101,0.0082,20,81,34,8.72,7.0,94,4,3,0,7,0.0848,"{""IC"": 70, ""S"": 11, ""PYO"": 8, ""HSM"": 2, ""HDM"": 6, ""MV"": 4}","[5, 6, 7, 8, 9, 11, 13, 10, 12, 18]",0.0077
2021,5,14,5,219,15608,71.27,0,0,122,0.0078,27,95,47,9.35,6.5,108,11,3,0,14,0.0527,"{""IC"": 81, ""S"": 12, ""PYO"": 5, ""HSM"": 4, ""HDM"": 18, ""MV"": 2}","[5, 6, 7, 9, 12, 11, 8, 10, 14, 25]",0.0079
2021,5,15,6,173,13106,75.76,1,44,134,0.0102,34,100,37,9.52,8.0,108,25,1,0,13,0.0396,"{""IC"": 94, ""S"": 10, ""PYO"": 7, ""HSM"": 2, ""HDM"": 16, ""MV"": 5}","[5, 6, 9, 7, 10, 16, 15, 8, 11, 12]",0.0083
2021,5,16,7,180,12716,70.64,0,0,108,0.0085,20,88,70,8.95,7.0,97,9,1,1,17,0.0469,"{""IC"": 83, ""S"": 17, ""HDM"": 6, ""MV"": 2}","[5, 6, 7, 8, 10, 13, 15, 11, 9, 14]",0.0085
2021,5,17,1,200,13648,68.24,2,126,115,0.0084,38,77,78,10.72,7.0,99,10,4,2,5,0.058,"{""IC"": 79, ""S"": 20, ""HSM"": 3, ""HDM"": 13}","[5, 6, 7, 8, 9, 10, 12, 11, 14, 19]",0.0089
2021,5,18,2,197,12918,65.57,7,220,99,0.0077,37,62,135,9.27,6.0,91,7,0,1,8,0.071,"{""IC"": 73, ""S"": 9, ""HSM"": 1, ""HDM"": 11, ""MUS"": 3, ""MV"": 2}","[5, 6, 7, 8, 9, 12, 11, 14, 10, 18]",0.0086
2021,5,19,3,199,13300,66.83,8,258,141,0.0106,44,97,46,8.51,7.0,131,8,2,0,9,0.0542,"{""IC"": 85, ""S"": 22, ""PYO"": 10, ""HSM"": 1, ""HDM"": 16, ""MV"": 7}","[5, 7, 6, 10, 9, 8, 12, 13, 19, 11]",0.0088
2021,5,20,4,200,13462,67.31,0,246,138,0.0103,35,103,107,9.48,7.0,121,15,1,1,11,0.0802,"{""IC"": 95, ""S"": 8, ""PYO"": 7, ""HSM"": 2, ""HDM"": 19, ""MV"": 7}","[5, 6, 7, 10, 9, 12, 13, 17, 8, 11]",0.0091
2021,5,21,5,221,15628,70.71,146,12550,31,0.002,15,16,80,13.45,7.0,25,3,2,1,1,0.0398,"{""IC"": 16, ""HSM"": 4, ""HDM"": 6, ""MV"": 5}","[6, 7, 5, 8, 9, 10, 12, 11, 15, 20]",0.0082
2021,5,22,6,183,13406,73.26,18,1474,112,0.0084,30,82,106,12.49,7.0,87,17,6,2,16,0.0464,"{""IC"": 64, ""S"": 16, ""PYO"": 6, ""HSM"": 1, ""HDM"": 13, ""MV"": 12}","[5, 6, 7, 8, 10, 9, 17, 15, 14, 11]",0.008
2021,5,23,7,184,12826,69.71,0,0,95,0.0074,31,64,355,18.53,7.0,83,4,5,3,8,0.0304,"{""IC"": 67, ""S"": 10, ""HSM"": 1, ""HDM"": 14, ""MUS"": 1, ""MV"": 2}","[6, 5, 7, 8, 9, 10, 12, 11, 14, 28]",0.0078
2021,5,24,1,210,14512,69.1,0,116,125,0.0086,36,89,113,14.5,7.0,98,16,4,7,11,0.0305,"{""IC"": 81, ""S"": 11, ""HSM"": 3, ""HDM"": 19, ""MV"": 11}","[5, 6, 7, 8, 10, 11, 12, 9, 18, 21]",0.0079
2021,5,25,2,210,14336,68.27,0,138,112,0.0078,34,78,133,10.57,6.5,97,11,2,2,3,0.0827,"{""IC"": 72, ""S"": 11, ""HSM"": 1, ""HDM"": 11, ""MV"": 17}","[5, 7, 6, 8, 14, 9, 13, 17, 12, 22]",0.0079
2021,5,26,3,206,14270,69.27,3,224,119,0.0083,27,92,58,8.38,6.0,111,6,2,0,8,0.0706,"{""IC"": 63, ""S"": 17, ""PYO"": 7, ""HSM"": 2, ""HDM"": 19, ""MV"": 11}","[5, 6, 7, 8, 9, 10, 11, 12, 13, 58]",0.0075
2021,5,27,4,208,14404,69.25,3,318,109,0.0076,29,80,61,8.94,7.0,95,12,1,1,10,0.0853,"{""IC"": 67, ""S"": 8, ""PYO"": 9, ""HSM"": 3, ""HDM"": 17, ""MV"": 5}","[5, 6, 7, 8, 9, 10, 14, 11, 16, 15]",0.0072
2021,5,28,5,232,16606,71.58,1,70,132,0.0079,31,101,70,9.23,7.0,118,12,1,1,16,0.0564,"{""IC"": 90, ""S"": 11, ""PYO"": 8, ""HSM"": 3, ""HDM"": 10, ""MV"": 10}","[6, 5, 7, 10, 9, 13, 8, 11, 12, 14]",0.008
2021,5,29,6,175,13174,75.28,0,0,108,0.0082,20,88,34,8.46,7.0,100,6,2,0,6,0.0815,"{""IC"": 70, ""S"": 16, ""PYO"": 9, ""HSM"": 2, ""HDM"": 11}","[5, 7, 6, 8, 12, 13, 9, 17, 11, 10]",0.008
2021,5,30,7,176,12398,70.44,8,338,98,0.0079,17,81,167,11.38,7.0,82,13,1,2,12,0.0569,"{""IC"": 72, ""S"": 11, ""HSM"": 1, ""HDM"": 9, ""MUS"": 2, ""MV"": 3}","[5, 7, 6, 9, 8, 13, 15, 10, 14, 20]",0.008
2021,5,31,1,209,14636,70.03,6,480,114,0.0078,36,78,53,10.39,7.0,96,14,4,0,8,0.0531,"{""IC"": 78, ""S"": 10, ""HDM"": 17, ""MV"": 9}","[5, 6, 7, 9, 8, 17, 13, 10, 11, 14]",0.0079
2021,6,1,2,196,13336,68.04,6,332,101,0.0076,30,71,179,11.11,7.0,88,10,2,1,7,0.092,"{""IC"": 69, ""S"": 12, ""HSM"": 6, ""HDM"": 9, ""MV"": 5}","[5, 7, 6, 10, 9, 8, 13, 12, 17, 21]",0.0079
2021,6,2,3,195,13550,69.49,2,228,104,0.0077,32,72,36,8.46,7.0,95,7,2,0,7,0.0796,"{""IC"": 63, ""S"": 14, ""PYO"": 7, ""HSM"": 4, ""HDM"": 14, ""MV"": 2}","[6, 5, 7, 8, 11, 9, 10, 12, 14, 15]",0.0078
2021,6,3,4,200,14120,70.6,0,238,142,0.0101,58,84,113,10.28,7.0,124,12,4,2,16,0.0367,"{""IC"": 91, ""S"": 17, ""PYO"": 8, ""HSM"": 8, ""HDM"": 15, ""MV"": 3}","[5, 6, 8, 7, 12, 9, 10, 16, 14, 15]",0.0082
2021,6,4,5,223,16178,72.55,6,456,174,0.0108,51,123,63,11.28,8.0,142,20,11,1,30,0.0251,"{""IC"": 122, ""S"": 23, ""PYO"": 4, ""HSM"": 2, ""HDM"": 17, ""MV"": 6}","[6, 5, 7, 8, 10, 9, 11, 12, 14, 18]",0.0086
2021,6,5,6,185,13380,72.32,3,296,102,0.0076,32,70,162,16.59,7.0,80,9,7,6,13,0.0381,"{""S"": 13, ""IC"": 64, ""PYO"": 7, ""HSM"": 8, ""HDM"": 8, ""MV"": 2}","[5, 6, 7, 10, 8, 9, 12, 15, 17, 11]",0.0085
2021,6,6,7,182,12822,70.45,5,286,102,0.008,13,89,101,10.74,8.0,83,18,0,1,15,0.05,"{""IC"": 76, ""S"": 14, ""HDM"": 4, ""MV"": 8}","[5, 6, 8, 7, 9, 12, 10, 24, 14, 13]",0.0085
2021,6,7,1,196,14006,71.46,0,48,135,0.0096,25,110,18,7.47,6.0,133,2,0,0,11,0.0911,"{""IC"": 92, ""S"": 26, ""HSM"": 3, ""HDM"": 6, ""AE"": 1, ""MV"": 7}","[5, 6, 7, 9, 8, 12, 11, 10, 13, 14]",0.0088
2021,6,8,2,194,13670,70.46,39,846,159,0.0116,40,119,107,9.75,7.0,142,12,3,2,9,0.0327,"{""IC"": 122, ""S"": 27, ""HSM"": 1, ""MV"": 9}","[5, 6, 7, 8, 9, 13, 10, 11, 15, 17]",0.0093
2021,6,9,3,193,13702,70.99,37,764,136,0.0099,24,112,68,11.38,7.0,113,13,9,1,13,0.0415,"{""IC"": 97, ""S"": 17, ""PYO"": 7, ""HSM"": 2, ""MV"": 13}","[6, 5, 8, 7, 13, 11, 14, 15, 12, 10]",0.0097
2021,6,10,4,191,13798,72.24,39,790,130,0.0094,21,109,108,13.76,8.0,104,16,5,5,12,0.0639,"{""IC"": 104, ""S"": 17, ""PYO"": 4, ""HSM"": 2, ""MV"": 3}","[5, 6, 7, 8, 9, 11, 12, 13, 14, 10]",0.0096
2021,6,11,5,220,16910,76.86,40,722,182,0.0108,28,154,73,9.35,7.0,164,15,2,1,16,0.0652,"{""IC"": 126, ""S"": 30, ""PYO"": 7, ""HSM"": 7, ""MUS"": 10, ""MV"": 2}","[5, 6, 7, 8, 10, 9, 13, 12, 11, 14]",0.0096
2021,6,12,6,178,13664,76.76,34,638,130,0.0095,27,103,28,8.23,7.0,116,14,0,0,12,0.0684,"{""IC"": 94, ""S"": 23, ""PYO"": 8, ""HSM"": 1, ""MUS"": 3, ""MV"": 1}","[5, 6, 7, 8, 9, 10, 15, 13, 18, 11]",0.0098
2021,6,13,7,171,12618,73.79,32,622,150,0.0119,25,125,250,13.89,7.0,133,9,2,6,11,0.0265,"{""IC"": 119, ""S"": 24, ""HSM"": 4, ""MUS"": 3}","[5, 6, 7, 9, 8, 10, 11, 12, 16, 35]",0.0104
2021,6,14,1,194,14398,74.22,38,754,126,0.0088,16,110,93,8.51,7.0,118,7,0,1,4,0.0918,"{""IC"": 99, ""S"": 17, ""PYO"": 5, ""HSM"": 5}","[5, 6, 7, 8, 9, 10, 13, 11, 12, 14]",0.0103
2021,6,15,2,195,13916,71.36,45,1164,169,0.0121,39,130,133,10.88,7.0,148,12,7,2,11,0.0503,"{""IC"": 123, ""S"": 26, ""PYO"": 8, ""HSM"": 2, ""MUS"": 1, ""MV"": 9}","[5, 6, 7, 8, 9, 11, 10, 17, 16, 13]",0.0103
2021,6,16,3,188,13690,72.82,22,548,110,0.008,20,90,61,8.85,7.0,101,8,0,1,6,0.0809,"{""IC"": 90, ""S"": 12, ""PYO"": 6, ""HSM"": 1, ""HDM"": 1}","[6, 5, 7, 10, 8, 12, 13, 9, 11, 16]",0.0101
2021,6,17,4,192,14272,74.33,18,398,129,0.009,23,106,57,9.11,7.0,117,8,4,0,4,0.0879,"{""IC"": 92, ""S"": 23, ""PYO"": 5, ""HSM"": 2, ""HDM"": 5, ""MV"": 2}","[5, 8, 6, 7, 9, 10, 11, 12, 13, 14]",0.01
2021,6,18,5,218,16786,77.0,14,286,142,0.0085,26,116,54,9.02,7.0,129,9,4,0,13,0.0569,"{""IC"": 96, ""S"": 27, ""PYO"": 5, ""HSM"": 4, ""HDM"": 8, ""MV"": 2}","[5, 6, 7, 8, 9, 12, 14, 13, 11, 10]",0.0097
2021,6,19,6,173,13566,78.42,5,92,136,0.01,21,115,37,8.82,7.0,122,12,2,0,9,0.06,"{""IC"": 101, ""S"": 17, ""PYO"": 9, ""HSM"": 2, ""HDM"": 7}","[5, 6, 8, 7, 10, 9, 13, 11, 12, 15]",0.0098
2021,6,20,7,169,12896,76.31,4,96,122,0.0095,17,105,41,8.52,7.0,111,9,2,0,11,0.096,"{""IC"": 89, ""S"": 17, ""PYO"": 8, ""HSM"": 2, ""HDM"": 6}","[5, 6, 7, 8, 9, 12, 11, 13, 10, 14]",0.0094
2021,6,21,1,198,15102,76.27,4,194,166,0.011,28,138,127,10.69,8.0,141,20,4,1,17,0.051,"{""S"": 24, ""IC"": 127, ""PYO"": 7, ""HSM"": 3, ""HDM"": 3, ""MV"": 2}","[5, 6, 7, 8, 12, 9, 10, 13, 14, 11]",0.0097
2021,6,22,2,199,14572,73.23,11,334,183,0.0126,52,131,90,13.08,8.0,144,23,11,5,22,0.0297,"{""IC"": 116, ""S"": 30, ""PYO"": 10, ""HSM"": 1, ""HDM"": 20, ""MV"": 6}","[6, 5, 8, 7, 9, 11, 10, 12, 13, 16]",0.0098
2021,6,23,3,197,14868,75.47,4,284,238,0.016,98,140,52,11.0,9.0,188,44,6,0,28,0.023,"{""IC"": 173, ""S"": 35, ""PYO"": 7, ""HSM"": 4, ""HDM"": 17, ""MV"": 2}","[5, 6, 9, 7, 8, 10, 11, 12, 15, 13]",0.0109
2021,6,24,4,221,17406,78.76,5,256,198,0.0114,46,152,53,9.73,7.0,174,20,4,0,23,0.0485,"{""IC"": 133, ""S"": 36, ""PYO"": 11, ""HSM"": 1, ""HDM"": 16, ""MV"": 1}","[5, 6, 7, 9, 8, 13, 10, 14, 11, 12]",0.0113
2021,6,25,5,174,13714,78.82,3,150,150,0.0109,21,129,33,9.32,7.0,131,17,2,0,12,0.0738,"{""IC"": 99, ""S"": 27, ""PYO"": 3, ""HSM"": 3, ""HDM"": 16, ""MV"": 2}","[5, 6, 7, 9, 8, 13, 10, 11, 12, 14]",0.0116
2021,6,26,6,118,7776,65.9,4,80,88,0.0113,17,71,54,8.69,6.0,79,7,2,0,6,0.0824,"{""IC"": 62, ""S"": 8, ""PYO"": 10, ""HDM"": 4, ""MV"": 4}","[5, 6, 8, 7, 9, 12, 11, 13, 20, 17]",0.0118
2021,6,27,7,157,12462,79.38,4,104,187,0.015,47,140,92,13.7,8.0,144,24,13,6,26,0.0277,"{""IC"": 125, ""S"": 33, ""PYO"": 10, ""HSM"": 1, ""HDM"": 13, ""V"": 5}","[5, 7, 6, 10, 8, 9, 11, 12, 13, 15]",0.0126
2021,6,28,1,205,15900,77.56,3,110,167,0.0105,28,139,91,10.75,8.0,138,21,7,1,16,0.0355,"{""IC"": 121, ""S"": 26, ""PYO"": 3, ""HSM"": 6, ""HDM"": 6, ""V"": 5}","[5, 6, 8, 7, 10, 9, 13, 12, 15, 14]",0.0125
2021,6,29,2,207,15944,77.02,0,48,142,0.0089,25,117,78,9.68,7.0,127,11,3,1,9,0.0453,"{""IC"": 102, ""S"": 23, ""PYO"": 2, ""HSM"": 6, ""HDM"": 5, ""V"": 2, ""MV"": 2}","[5, 6, 7, 10, 9, 13, 8, 12, 14, 11]",0.012
2021,6,30,3,205,15992,78.01,0,132,161,0.0101,41,120,119,9.63,7.0,143,12,5,1,10,0.0462,"{""IC"": 111, ""S"": 23, ""PYO"": 6, ""HSM"": 5, ""HDM"": 13, ""MV"": 3}","[5, 6, 7, 8, 9, 11, 12, 16, 13, 10]",0.0112
2021,7,1,4,205,15888,77.5,1,78,142,0.0089,21,121,51,9.04,7.0,123,17,2,0,16,0.0531,"{""IC"": 109, ""S"": 16, ""PYO"": 6, ""HSM"": 2, ""HDM"": 7, ""MV"": 2}","[5, 6, 7, 8, 9, 13, 11, 16, 12, 17]",0.0108
2021,7,2,5,220,17092,77.69,3,94,161,0.0094,32,129,37,8.29,7.0,149,9,3,0,13,0.0488,"{""IC"": 106, ""S"": 30, ""PYO"": 11, ""HSM"": 4, ""HDM"": 10}","[5, 6, 7, 8, 9, 10, 11, 14, 13, 16]",0.0106
2021,7,3,6,185,12672,68.5,0,18,144,0.0114,32,112,34,8.83,6.0,130,9,5,0,11,0.0649,"{""S"": 23, ""IC"": 83, ""PYO"": 20, ""HSM"": 5, ""HDM"": 9, ""MUS"": 3, ""MV"": 1}","[5, 6, 8, 7, 9, 12, 10, 13, 11, 14]",0.0106
2021,7,4,7,173,13418,77.56,4,172,123,0.0092,32,91,27,8.38,7.0,113,10,0,0,14,0.0537,"{""IC"": 79, ""S"": 25, ""PYO"": 3, ""HSM"": 1, ""HDM"": 12, ""MV"": 3}","[5, 6, 7, 8, 10, 12, 11, 13, 9, 14]",0.0098
2021,7,5,1,211,16148,76.53,3,152,172,0.0107,48,124,51,9.23,7.0,152,16,4,0,16,0.0579,"{""IC"": 124, ""S"": 23, ""PYO"": 3, ""HSM"": 2, ""HDM"": 15, ""MV"": 5}","[5, 6, 7, 9, 8, 15, 10, 11, 12, 13]",0.0098
2021,7,6,2,204,16016,78.51,2,134,166,0.0104,57,109,61,9.59,7.0,139,22,4,1,12,0.0379,"{""IC"": 116, ""S"": 35, ""PYO"": 5, ""HSM"": 2, ""HDM"": 8}","[5, 6, 8, 7, 9, 10, 15, 12, 16, 22]",0.01
2021,7,7,3,206,16014,77.74,0,112,163,0.0102,45,118,83,9.48,7.0,143,15,3,2,10,0.0433,"{""IC"": 111, ""S"": 23, ""PYO"": 12, ""HSM"": 1, ""HDM"": 14, ""V"": 2}","[5, 6, 8, 7, 11, 9, 13, 15, 16, 12]",0.01
2021,7,8,4,208,16194,77.86,3,178,185,0.0114,43,142,56,9.71,7.0,159,21,5,0,13,0.0438,"{""IC"": 120, ""S"": 27, ""PYO"": 6, ""HSM"": 3, ""HDM"": 16, ""MV"": 13}","[5, 6, 7, 9, 8, 10, 11, 12, 15, 14]",0.0104
2021,7,9,5,222,17116,77.1,0,24,152,0.0089,21,131,38,8.5,7.0,138,12,2,0,11,0.0673,"{""IC"": 98, ""S"": 20, ""PYO"": 9, ""HSM"": 2, ""HDM"": 15, ""MV"": 8}","[5, 6, 7, 8, 13, 9, 10, 15, 12, 14]",0.0103
2021,7,10,6,185,12646,68.36,5,100,143,0.0113,26,117,60,10.09,8.0,123,15,4,1,9,0.0786,"{""IC"": 88, ""S"": 17, ""PYO"": 16, ""HSM"": 2, ""HDM"": 17, ""MUS"": 2, ""MV"": 1}","[6, 5, 9, 8, 7, 10, 14, 11, 19, 12]",0.0103
2021,7,11,7,183,13510,73.83,1,66,169,0.0125,35,134,307,12.41,7.0,140,20,6,3,19,0.0472,"{""IC"": 106, ""S"": 22, ""PYO"": 9, ""HSM"": 2, ""HDM"": 21, ""MV"": 5, ""V"": 4}","[5, 6, 7, 9, 11, 10, 8, 13, 16, 12]",0.0108
2021,7,12,1,202,15944,78.93,0,48,197,0.0124,47,150,73,8.49,7.0,186,9,1,1,20,0.0361,"{""IC"": 134, ""S"": 31, ""PYO"": 6, ""HSM"": 4, ""HDM"": 22}","[5, 6, 7, 8, 9, 10, 12, 13, 11, 14]",0.011
2021,7,13,2,202,16044,79.43,2,190,171,0.0107,35,136,62,9.66,7.0,143,24,3,1,25,0.0333,"{""IC"": 120, ""S"": 28, ""PYO"": 1, ""HSM"": 5, ""HDM"": 14, ""MV"": 3}","[5, 6, 7, 9, 8, 11, 12, 10, 13, 15]",0.0111
2021,7,14,3,201,15932,79.26,2,72,174,0.0109,37,137,117,9.49,7.0,159,11,2,2,18,0.0397,"{""IC"": 126, ""S"": 17, ""PYO"": 8, ""HSM"": 4, ""HDM"": 19}","[5, 6, 7, 8, 9, 14, 11, 13, 10, 12]",0.0112
2021,7,15,4,208,16286,78.3,3,180,189,0.0116,48,141,70,10.47,7.0,168,12,6,3,22,0.0356,"{""IC"": 113, ""S"": 24, ""PYO"": 7, ""HSM"": 9, ""HDM"": 23, ""MV"": 13}","[5, 6, 7, 8, 9, 10, 12, 13, 14, 70]",0.0112
2021,7,16,5,221,17086,77.31,4,96,192,0.0112,38,154,91,8.64,7.0,177,13,1,1,10,0.0612,"{""IC"": 132, ""S"": 25, ""PYO"": 7, ""HSM"": 10, ""HDM"": 12, ""MV"": 3, ""V"": 3}","[5, 6, 8, 7, 9, 10, 13, 15, 14, 12]",0.0115
2021,7,17,6,196,12860,65.61,1,60,162,0.0126,44,118,37,8.99,7.0,147,14,1,0,14,0.0635,"{""S"": 21, ""IC"": 91, ""PYO"": 14, ""HSM"": 12, ""HDM"": 17, ""MUS"": 3, ""MV"": 4}","[5, 6, 7, 9, 8, 10, 13, 11, 14, 12]",0.0117
2021,7,18,7,177,13436,75.91,3,192,187,0.0139,51,136,83,9.72,7.0,171,9,4,3,10,0.042,"{""IC"": 120, ""S"": 25, ""PYO"": 11, ""HSM"": 9, ""HDM"": 18, ""MV"": 2, ""V"": 2}","[5, 6, 8, 7, 9, 12, 10, 13, 11, 14]",0.0119
2021,7,19,1,206,16040,77.86,5,192,176,0.011,37,139,58,9.19,7.0,158,14,4,0,15,0.0543,"{""S"": 23, ""IC"": 112, ""PYO"": 11, ""HSM"": 9, ""HDM"": 15, ""MV"": 6}","[5, 7, 8, 6, 10, 9, 12, 11, 14, 13]",0.0117
2021,7,20,2,206,16080,78.06,7,212,162,0.0101,32,130,53,9.29,7.0,146,12,4,0,12,0.045,"{""IC"": 109, ""S"": 23, ""PYO"": 9, ""HSM"": 14, ""HDM"": 4, ""MV"": 3}","[5, 6, 8, 7, 9, 13, 10, 11, 14, 16]",0.0116
2021,7,21,3,205,16120,78.63,8,284,165,0.0102,33,132,89,10.42,7.0,144,14,5,2,14,0.0462,"{""S"": 27, ""IC"": 112, ""PYO"": 7, ""HSM"": 10, ""HDM"": 7, ""MV"": 2}","[5, 7, 6, 8, 9, 10, 12, 22, 11, 13]",0.0115
2021,7,22,4,205,16052,78.3,4,122,189,0.0118,39,150,119,14.75,8.0,150,15,18,6,29,0.0233,"{""IC"": 127, ""S"": 28, ""PYO"": 5, ""HSM"": 8, ""HDM"": 17, ""MV"": 4}","[5, 6, 7, 8, 9, 13, 11, 10, 12, 14]",0.0115
2021,7,23,5,222,17218,77.56,5,202,179,0.0104,38,141,85,9.13,7.0,162,14,2,1,17,0.0564,"{""IC"": 116, ""S"": 28, ""PYO"": 7, ""HSM"": 11, ""HDM"": 14, ""MV"": 3}","[5, 6, 8, 7, 10, 9, 12, 14, 11, 22]",0.0114
2021,7,24,6,178,12368,69.48,3,70,144,0.0116,35,109,85,10.62,8.0,121,18,4,1,13,0.0633,"{""IC"": 84, ""S"": 21, ""PYO"": 12, ""HSM"": 9, ""HDM"": 11, ""MUS"": 3, ""MV"": 4}","[5, 8, 7, 6, 9, 10, 12, 11, 13, 19]",0.0113
2021,7,25,7,177,13392,75.66,1,84,142,0.0106,29,113,77,9.32,7.0,123,17,1,1,8,0.0821,"{""IC"": 83, ""S"": 24, ""PYO"": 8, ""HSM"": 9, ""HDM"": 16, ""MV"": 2}","[6, 5, 7, 8, 10, 9, 13, 15, 16, 14]",0.0108
2021,7,26,1,204,16058,78.72,6,144,196,0.0122,53,143,39,8.63,7.0,180,13,3,0,24,0.0675,"{""IC"": 130, ""S"": 29, ""PYO"": 7, ""HSM"": 11, ""HDM"": 16, ""MV"": 3}","[5, 6, 7, 8, 9, 12, 11, 10, 13, 14]",0.011
2021,7,27,2,206,16062,77.97,11,310,192,0.012,52,140,106,9.58,8.0,174,15,1,2,14,0.0678,"{""IC"": 117, ""S"": 29, ""PYO"": 7, ""HSM"": 9, ""HDM"": 25, ""MUS"": 1, ""MV"": 4}","[5, 6, 8, 7, 11, 9, 10, 12, 14, 13]",0.0113
2021,7,28,3,202,15930,78.86,1,88,173,0.0109,45,128,19,7.66,7.0,167,6,0,0,3,0.1007,"{""IC"": 111, ""S"": 24, ""PYO"": 10, ""HSM"": 9, ""HDM"": 18, ""MUS"": 1}","[5, 6, 7, 9, 8, 11, 13, 10, 12, 15]",0.0114
2021,7,29,4,210,16464,78.4,16,476,187,0.0114,38,149,140,10.74,7.0,159,23,2,3,20,0.0527,"{""IC"": 100, ""S"": 32, ""PYO"": 16, ""HSM"": 12, ""HDM"": 21, ""MV"": 6}","[5, 6, 7, 8, 11, 9, 10, 12, 17, 15]",0.0113
2021,7,30,5,223,17312,77.63,5,166,206,0.0119,49,157,222,10.02,8.0,185,19,1,1,18,0.0529,"{""IC"": 132, ""S"": 36, ""PYO"": 12, ""HSM"": 9, ""HDM"": 15, ""V"": 2}","[5, 6, 8, 7, 11, 12, 10, 9, 13, 16]",0.0115
2021,7,31,6,188,12506,66.52,16,374,147,0.0118,26,121,45,8.86,7.0,132,13,2,0,12,0.0673,"{""IC"": 91, ""S"": 25, ""PYO"": 10, ""HSM"": 4, ""HDM"": 10, ""MUS"": 5, ""MV"": 2}","[5, 6, 8, 7, 11, 14, 10, 12, 9, 16]",0.0115
2021,8,1,7,181,13446,74.29,0,0,166,0.0123,36,130,38,8.71,7.0,148,16,2,0,17,0.0403,"{""IC"": 108, ""S"": 21, ""PYO"": 9, ""HSM"": 9, ""HDM"": 14, ""MUS"": 1, ""MV"": 4}","[5, 6, 7, 8, 9, 12, 10, 11, 13, 17]",0.0118
2021,8,2,1,206,16168,78.49,2,124,166,0.0103,48,118,59,9.27,7.0,153,7,6,0,10,0.0431,"{""IC"": 112, ""S"": 25, ""PYO"": 6, ""HSM"": 5, ""HDM"": 12, ""MV"": 6}","[5, 6, 8, 7, 9, 13, 11, 10, 14, 24]",0.0115
2021,8,3,2,198,15610,78.84,5,170,156,0.01,37,119,45,8.13,7.0,146,9,1,0,7,0.067,"{""IC"": 106, ""S"": 30, ""PYO"": 4, ""HSM"": 1, ""HDM"": 14, ""MV"": 1}","[5, 6, 7, 8, 9, 12, 11, 10, 13, 14]",0.0112
2021,8,4,3,196,15538,79.28,0,48,156,0.01,34,122,56,8.35,7.0,143,11,2,0,5,0.0854,"{""S"": 29, ""IC"": 100, ""PYO"": 10, ""HSM"": 3, ""HDM"": 11, ""MV"": 3}","[5, 6, 7, 8, 9, 10, 11, 17, 13, 15]",0.0111
2021,8,5,4,202,16118,79.79,3,294,161,0.01,28,133,50,8.34,7.0,150,8,3,0,12,0.0554,"{""IC"": 106, ""S"": 22, ""PYO"": 8, ""HSM"": 1, ""HDM"": 15, ""MV"": 9}","[5, 6, 7, 8, 9, 10, 11, 13, 14, 18]",0.0109
2021,8,6,5,228,17288,75.82,4,176,208,0.012,45,163,54,8.18,7.0,194,13,1,0,15,0.0582,"{""IC"": 146, ""S"": 28, ""PYO"": 7, ""HSM"": 1, ""HDM"": 15, ""MUS"": 5, ""MV"": 3, ""V"": 3}","[5, 6, 7, 8, 10, 11, 13, 9, 14, 16]",0.0109
2021,8,7,6,198,12888,65.09,1,18,151,0.0117,21,130,53,8.93,7.0,133,17,1,0,21,0.0639,"{""S"": 18, ""IC"": 90, ""PYO"": 14, ""HSM"": 2, ""HDM"": 14, ""MUS"": 12, ""V"": 1}","[5, 6, 7, 8, 10, 9, 12, 11, 18, 15]",0.0109
2021,8,8,7,183,13680,74.75,5,82,155,0.0113,24,131,87,9.03,7.0,144,7,3,1,12,0.0607,"{""IC"": 106, ""S"": 28, ""PYO"": 9, ""HDM"": 7, ""MUS"": 4, ""V"": 1}","[5, 6, 7, 9, 10, 11, 8, 13, 14, 18]",0.0108
2021,8,9,1,203,15806,77.86,4,124,191,0.0121,40,151,81,9.07,7.0,169,20,1,1,13,0.0461,"{""IC"": 135, ""S"": 24, ""PYO"": 9, ""HSM"": 2, ""HDM"": 20, ""MV"": 1}","[5, 6, 7, 8, 10, 9, 11, 13, 12, 16]",0.011
2021,8,10,2,199,15328,77.03,11,284,163,0.0106,38,125,167,10.74,6.0,140,16,4,3,8,0.0454,"{""S"": 25, ""IC"": 114, ""PYO"": 8, ""HSM"": 2, ""HDM"": 13, ""MV"": 1}","[5, 6, 7, 8, 10, 11, 9, 13, 12, 21]",0.0111
2021,8,11,3,203,15458,76.15,4,180,150,0.0097,25,125,44,8.49,7.0,137,11,2,0,5,0.1022,"{""S"": 24, ""IC"": 106, ""PYO"": 5, ""HSM"": 2, ""HDM"": 8, ""MV"": 5}","[5, 6, 7, 9, 8, 10, 12, 13, 17, 11]",0.0111
2021,8,12,4,203,15804,77.85,0,48,158,0.01,25,133,98,9.6,7.0,140,13,4,1,7,0.0838,"{""IC"": 123, ""S"": 18, ""PYO"": 5, ""HSM"": 1, ""HDM"": 9, ""MV"": 2}","[5, 6, 8, 9, 7, 12, 14, 19, 21, 13]",0.0111
2021,8,13,5,221,16800,76.02,3,224,166,0.0099,26,140,71,8.88,7.0,149,15,1,1,16,0.0539,"{""IC"": 112, ""S"": 29, ""PYO"": 4, ""HDM"": 15, ""MV"": 6}","[5, 6, 8, 7, 9, 12, 17, 10, 11, 13]",0.0108
2021,8,14,6,183,12704,69.42,1,8,144,0.0113,24,120,315,12.6,7.0,130,10,2,2,10,0.0261,"{""IC"": 97, ""S"": 18, ""PYO"": 11, ""HSM"": 1, ""HDM"": 8, ""MUS"": 2, ""MV"": 5, ""V"": 2}","[5, 6, 7, 8, 9, 10, 11, 13, 14, 20]",0.0107
2021,8,15,7,180,13456,74.76,1,10,176,0.0131,37,139,192,11.06,7.0,149,21,4,2,14,0.055,"{""IC"": 123, ""S"": 22, ""PYO"": 11, ""HDM"": 15, ""MUS"": 1, ""MV"": 4}","[5, 6, 7, 9, 8, 10, 11, 12, 16, 15]",0.011
2021,8,16,1,214,16792,78.47,2,346,128,0.0076,33,95,149,10.31,6.5,116,5,5,2,10,0.0426,"{""IC"": 86, ""S"": 12, ""PYO"": 5, ""HSM"": 1, ""HDM"": 16, ""MV"": 8}","[5, 6, 7, 9, 12, 11, 10, 8, 13, 34]",0.0103
2021,8,17,2,205,15786,77.0,3,192,113,0.0072,25,88,96,9.29,6.0,103,6,3,1,5,0.0613,"{""IC"": 75, ""S"": 16, ""PYO"": 6, ""HSM"": 1, ""HDM"": 15}","[5, 6, 8, 7, 9, 12, 11, 14, 15, 10]",0.0098
2021,8,18,3,209,15842,75.8,5,356,102,0.0064,27,75,96,10.52,7.0,84,13,4,1,8,0.0391,"{""S"": 14, ""IC"": 66, ""PYO"": 8, ""HSM"": 1, ""HDM"": 9, ""MV"": 4}","[5, 6, 7, 11, 8, 9, 10, 15, 17, 18]",0.0094
2021,8,19,4,221,16910,76.52,11,424,131,0.0077,36,95,142,12.73,8.0,107,16,4,4,11,0.0372,"{""S"": 16, ""IC"": 79, ""PYO"": 7, ""HDM"": 9, ""MV"": 20}","[5, 6, 7, 8, 12, 9, 11, 13, 16, 10]",0.009
2021,8,20,5,222,17616,79.35,4,362,118,0.0067,31,87,78,8.77,6.5,109,7,1,1,15,0.0531,"{""IC"": 69, ""S"": 11, ""PYO"": 14, ""HSM"": 3, ""HDM"": 18, ""MV"": 3}","[5, 6, 7, 8, 9, 10, 11, 13, 17, 15]",0.0086
2021,8,21,6,180,12730,70.72,0,0,105,0.0082,31,74,67,9.66,7.0,93,9,2,1,12,0.0328,"{""IC"": 66, ""S"": 10, ""PYO"": 13, ""HSM"": 2, ""HDM"": 13, ""MV"": 1}","[5, 6, 7, 8, 10, 13, 9, 11, 12, 14]",0.0081
2021,8,22,7,178,14272,80.18,0,110,178,0.0125,62,116,1475,61.15,10.0,112,28,13,25,10,0.0156,"{""IC"": 138, ""S"": 15, ""PYO"": 14, ""HDM"": 11}","[5, 6, 7, 9, 10, 11, 8, 15, 14, 13]",0.008
2021,8,23,1,219,16450,75.11,16,1972,166,0.0101,54,112,195,14.12,9.0,122,30,12,2,37,0.0227,"{""IC"": 113, ""S"": 17, ""PYO"": 11, ""HSM"": 1, ""HDM"": 22, ""MV"": 2}","[5, 6, 9, 8, 12, 7, 11, 10, 13, 20]",0.0084
2021,8,24,2,203,15258,75.16,1,142,96,0.0063,19,77,70,9.33,6.5,85,9,1,1,12,0.0577,"{""S"": 10, ""IC"": 60, ""PYO"": 10, ""HSM"": 1, ""HDM"": 12, ""MV"": 3}","[5, 6, 7, 9, 10, 11, 8, 12, 13, 20]",0.0083
2021,8,25,3,202,15228,75.39,2,164,113,0.0074,26,87,83,10.23,8.0,94,17,1,1,17,0.045,"{""IC"": 64, ""S"": 15, ""PYO"": 11, ""HSM"": 1, ""HDM"": 22}","[5, 6, 9, 10, 8, 7, 11, 20, 12, 16]",0.0084
2021,8,26,4,213,16370,76.85,0,112,91,0.0056,15,76,59,9.19,7.0,81,8,2,0,11,0.0526,"{""IC"": 58, ""S"": 12, ""PYO"": 11, ""HDM"": 5, ""MV"": 5}","[5, 7, 6, 8, 9, 14, 10, 12, 15, 13]",0.0081
2021,8,27,5,222,16884,76.05,1,142,120,0.0071,22,98,284,13.32,7.0,104,10,2,4,9,0.0434,"{""S"": 20, ""IC"": 83, ""PYO"": 9, ""HSM"": 3, ""HDM"": 4, ""MV"": 1}","[5, 6, 7, 8, 9, 11, 16, 14, 10, 12]",0.0082
2021,8,28,6,173,11028,63.75,0,0,66,0.006,13,53,100,10.03,7.0,57,6,2,1,11,0.086,"{""IC"": 39, ""S"": 14, ""HSM"": 2, ""HDM"": 2, ""MUS"": 4, ""MV"": 2, ""V"": 3}","[5, 6, 7, 8, 15, 12, 10, 31, 9, 13]",0.0079
2021,8,29,7,177,13098,74.0,4,52,71,0.0054,12,59,28,8.72,7.0,64,7,0,0,8,0.0538,"{""IC"": 54, ""S"": 12, ""HSM"": 1, ""HDM"": 3, ""MV"": 1}","[6, 5, 7, 10, 8, 14, 9, 13, 11, 17]",0.0068
2021,8,30,1,213,16278,76.42,2,98,104,0.0064,25,79,93,10.02,6.0,93,7,3,1,5,0.0568,"{""IC"": 67, ""S"": 16, ""PYO"": 9, ""HDM"": 9, ""MV"": 3}","[6, 5, 7, 8, 9, 10, 11, 14, 13, 22]",0.0063
2021,8,31,2,194,15498,79.89,0,112,92,0.0059,20,72,34,8.23,6.0,83,8,1,0,7,0.0569,"{""IC"": 59, ""S"": 12, ""PYO"": 10, ""HSM"": 2, ""HDM"": 9}","[5, 6, 8, 7, 10, 11, 9, 12, 16, 15]",0.0063
2021,9,1,3,198,15576,78.67,1,144,108,0.0069,30,78,132,9.27,7.0,97,9,1,1,10,0.0344,"{""IC"": 68, ""S"": 20, ""PYO"": 9, ""HSM"": 1, ""HDM"": 6, ""MV"": 4}","[5, 6, 7, 8, 9, 10, 12, 16, 11, 19]",0.0062
2021,9,2,4,203,16470,81.13,3,184,113,0.0069,20,93,53,9.4,7.0,99,12,2,0,8,0.0577,"{""IC"": 66, ""S"": 18, ""PYO"": 11, ""HSM"": 1, ""HDM"": 9, ""MV"": 8}","[5, 6, 7, 9, 10, 11, 14, 8, 12, 16]",0.0064
2021,9,3,5,226,17290,76.5,2,94,116,0.0067,18,98,42,9.02,6.5,101,13,2,0,19,0.0704,"{""IC"": 69, ""S"": 14, ""PYO"": 7, ""HSM"": 1, ""HDM"": 15, ""MV"": 10}","[5, 6, 7, 9, 11, 13, 8, 12, 19, 17]",0.0063
2021,9,4,6,169,11400,67.46,0,0,61,0.0054,13,48,34,9.18,7.0,50,10,1,0,7,0.0691,"{""S"": 7, ""IC"": 43, ""HDM"": 11}","[5, 6, 8, 7, 10, 9, 22, 11, 18, 23]",0.0062
2021,9,5,7,176,13414,76.22,0,0,114,0.0085,24,90,59,10.36,7.0,91,18,5,0,13,0.0337,"{""IC"": 80, ""S"": 27, ""HDM"": 7}","[5, 7, 6, 8, 16, 11, 18, 10, 12, 9]",0.0067
2021,9,6,1,213,16716,78.48,3,148,125,0.0075,26,99,62,9.74,7.0,106,17,0,2,12,0.0514,"{""IC"": 83, ""S"": 16, ""PYO"": 9, ""HSM"": 2, ""HDM"": 11, ""MV"": 4}","[5, 6, 7, 10, 9, 8, 11, 19, 18, 14]",0.0068
2021,9,7,2,211,16680,79.05,0,112,98,0.0059,18,80,23,7.83,7.0,93,5,0,0,7,0.0607,"{""IC"": 76, ""S"": 15, ""PYO"": 2, ""HSM"": 1, ""HDM"": 4}","[5, 7, 6, 9, 10, 11, 8, 13, 14, 12]",0.0068
2021,9,8,3,217,16860,77.7,2,162,122,0.0072,37,85,56,9.11,7.0,108,11,3,0,17,0.0503,"{""IC"": 72, ""S"": 24, ""PYO"": 7, ""HSM"": 8, ""HDM"": 5, ""MV"": 2, ""V"": 4}","[5, 6, 7, 9, 8, 11, 12, 10, 17, 15]",0.0069
2021,9,9,4,220,17332,78.78,3,350,124,0.0072,29,95,55,8.62,6.5,113,8,3,0,5,0.0497,"{""IC"": 69, ""S"": 18, ""PYO"": 15, ""HSM"": 1, ""HDM"": 8, ""MV"": 10, ""V"": 3}","[5, 6, 7, 8, 9, 10, 12, 11, 15, 13]",0.0069
2021,9,10,5,224,17952,80.14,0,56,120,0.0067,27,93,32,7.83,6.0,112,7,1,0,10,0.0616,"{""IC"": 67, ""S"": 23, ""PYO"": 20, ""HSM"": 1, ""HDM"": 7, ""V"": 2}","[5, 6, 7, 8, 11, 13, 16, 9, 14, 25]",0.0069
2021,9,11,6,189,12832,67.89,2,348,108,0.0084,27,81,91,12.56,8.0,84,17,5,2,6,0.0448,"{""IC"": 54, ""S"": 12, ""PYO"": 29, ""HDM"": 2, ""MUS"": 1, ""MV"": 4, ""V"": 6}","[5, 7, 6, 10, 8, 14, 11, 13, 15, 25]",0.0073
2021,9,12,7,189,14380,76.08,1,86,102,0.0071,16,86,34,8.53,6.0,91,10,1,0,9,0.0562,"{""IC"": 59, ""S"": 14, ""PYO"": 19, ""HDM"": 5, ""MV"": 5}","[5, 6, 7, 9, 8, 11, 14, 10, 12, 25]",0.0071
2021,9,13,1,214,16756,78.3,0,56,109,0.0065,16,93,40,9.06,7.0,94,13,2,0,9,0.0602,"{""IC"": 67, ""S"": 17, ""PYO"": 16, ""HSM"": 1, ""HDM"": 5, ""MV"": 3}","[5, 6, 8, 7, 10, 11, 9, 12, 15, 13]",0.007
2021,9,14,2,204,15900,77.94,0,112,109,0.0069,25,84,44,8.86,7.0,98,9,2,0,13,0.0699,"{""IC"": 80, ""S"": 13, ""PYO"": 10, ""HSM"": 4, ""HDM"": 2}","[5, 6, 7, 9, 8, 11, 10, 13, 14, 12]",0.0071
2021,9,15,3,210,16064,76.5,1,132,98,0.0061,10,88,48,8.98,6.5,88,7,3,0,8,0.0616,"{""IC"": 70, ""S"": 15, ""PYO"": 8, ""HDM"": 3, ""MV"": 2}","[5, 6, 7, 8, 11, 10, 9, 13, 23, 18]",0.007
2021,9,16,4,222,17094,77.0,0,276,133,0.0078,22,111,60,10.8,6.0,110,13,9,1,10,0.0529,"{""IC"": 81, ""S"": 15, ""PYO"": 15, ""HSM"": 2, ""HDM"": 6, ""MV"": 14}","[5, 6, 7, 8, 9, 10, 11, 13, 12, 15]",0.0071
2021,9,17,5,234,18340,78.38,0,56,142,0.0077,18,124,35,8.42,7.0,128,13,1,0,12,0.072,"{""IC"": 92, ""S"": 20, ""PYO"": 21, ""HSM"": 1, ""HDM"": 3, ""MV"": 5}","[5, 6, 9, 7, 11, 8, 10, 13, 12, 15]",0.0072
2021,9,18,6,187,12634,67.56,2,48,107,0.0085,21,86,86,11.33,7.0,87,15,2,3,8,0.0574,"{""S"": 17, ""IC"": 54, ""PYO"": 23, ""HSM"": 3, ""HDM"": 2, ""MV"": 8}","[5, 6, 8, 7, 10, 9, 14, 15, 23, 19]",0.0072
2021,9,19,7,183,13882,75.86,4,88,107,0.0077,13,94,112,12.63,7.0,89,11,3,4,13,0.0377,"{""S"": 19, ""IC"": 68, ""PYO"": 13, ""HSM"": 2, ""HDM"": 3, ""MV"": 2}","[5, 6, 7, 9, 8, 12, 11, 17, 15, 36]",0.0073
2021,9,20,1,212,16464,77.66,0,56,110,0.0067,14,96,46,8.54,6.0,99,8,3,0,9,0.0665,"{""IC"": 79, ""S"": 12, ""PYO"": 8, ""HSM"": 1, ""HDM"": 2, ""MV"": 8}","[5, 6, 7, 9, 8, 11, 10, 32, 16, 12]",0.0073
2021,9,21,2,208,15864,76.27,3,332,119,0.0075,26,93,150,11.02,7.0,105,10,2,2,10,0.0329,"{""S"": 19, ""IC"": 82, ""PYO"": 8, ""HSM"": 4, ""HDM"": 1, ""MV"": 5}","[5, 6, 8, 7, 9, 12, 13, 14, 16, 10]",0.0074
2021,9,22,3,205,15762,76.89,0,160,129,0.0082,32,97,34,8.53,7.0,118,10,1,0,10,0.0649,"{""S"": 19, ""IC"": 89, ""PYO"": 4, ""HSM"": 10, ""HDM"": 4, ""MV"": 3}","[5, 6, 7, 8, 10, 9, 12, 13, 11, 18]",0.0077
2021,9,23,4,217,17030,78.48,1,222,119,0.007,28,91,102,9.47,6.0,106,10,1,2,11,0.048,"{""IC"": 79, ""S"": 14, ""PYO"": 14, ""HSM"": 3, ""HDM"": 3, ""MUS"": 1, ""MV"": 5}","[5, 6, 7, 9, 8, 11, 10, 12, 20, 13]",0.0076
2021,9,24,5,226,17796,78.74,3,146,149,0.0084,26,123,155,13.72,8.0,111,27,7,4,22,0.0421,"{""IC"": 98, ""S"": 19, ""PYO"": 14, ""HDM"": 10, ""MUS"": 5, ""MV"": 1, ""V"": 2}","[5, 6, 7, 8, 10, 13, 9, 11, 15, 12]",0.0077
2021,9,25,6,180,12300,68.33,7,144,104,0.0085,17,87,42,10.12,7.0,85,17,2,0,11,0.0784,"{""IC"": 65, ""S"": 10, ""PYO"": 12, ""HSM"": 5, ""HDM"": 4, ""MUS"": 5, ""MV"": 3}","[5, 6, 7, 11, 8, 9, 12, 10, 17, 19]",0.0077
2021,9,26,7,181,13860,76.57,0,0,140,0.0101,26,114,129,12.0,7.0,117,14,6,3,16,0.029,"{""IC"": 96, ""S"": 18, ""PYO"": 8, ""HSM"": 1, ""HDM"": 3, ""MUS"": 11, ""MV"": 1, ""V"": 2}","[5, 6, 7, 8, 9, 10, 12, 17, 11, 14]",0.0081
2021,9,27,1,216,16666,77.16,0,104,132,0.0079,34,98,52,8.93,7.0,118,10,4,0,12,0.0591,"{""IC"": 90, ""S"": 14, ""PYO"": 8, ""HSM"": 8, ""HDM"": 5, ""MUS"": 2, ""MV"": 4, ""V"": 1}","[5, 6, 7, 8, 9, 11, 12, 10, 13, 15]",0.0082
2021,9,28,2,210,16424,78.21,0,160,131,0.008,24,107,48,8.35,7.0,120,10,1,0,14,0.0599,"{""IC"": 96, ""S"": 11, ""PYO"": 9, ""HSM"": 2, ""HDM"": 10, ""MV"": 3}","[5, 6, 7, 9, 8, 10, 11, 12, 14, 21]",0.0083
2021,9,29,3,211,16618,78.76,0,160,117,0.007,29,88,274,12.94,6.0,99,11,4,3,9,0.0494,"{""IC"": 84, ""S"": 17, ""PYO"": 8, ""HSM"": 2, ""HDM"": 3, ""MV"": 3}","[5, 6, 7, 9, 8, 12, 11, 10, 26, 17]",0.0081
2021,9,30,4,218,17148,78.66,3,196,125,0.0073,19,106,107,9.5,6.0,113,10,1,1,18,0.0509,"{""IC"": 71, ""S"": 18, ""PYO"": 17, ""HSM"": 5, ""HDM"": 9, ""MV"": 5}","[5, 6, 7, 11, 10, 9, 8, 12, 17, 14]",0.0082
2021,10,1,5,226,17804,78.78,5,168,173,0.0097,49,124,60,10.02,7.0,147,20,5,1,27,0.0369,"{""IC"": 117, ""S"": 19, ""PYO"": 10, ""HSM"": 6, ""HDM"": 19, ""MV"": 2}","[5, 6, 8, 7, 11, 9, 13, 14, 10, 12]",0.0084
2021,10,2,6,186,12306,66.16,6,90,115,0.0093,28,87,138,11.04,8.0,91,21,2,1,8,0.0603,"{""IC"": 74, ""S"": 14, ""PYO"": 17, ""HDM"": 3, ""MUS"": 4, ""MV"": 3}","[5, 6, 7, 8, 10, 9, 17, 11, 16, 12]",0.0085
2021,10,3,7,179,13796,77.07,3,42,121,0.0088,25,96,102,11.36,8.0,99,18,1,3,14,0.03,"{""IC"": 83, ""S"": 15, ""PYO"": 10, ""HSM"": 1, ""HDM"": 12}","[5, 6, 8, 9, 7, 10, 18, 11, 26, 21]",0.0083
2021,10,4,1,214,16466,76.94,7,250,140,0.0085,42,98,36,8.69,7.0,123,15,2,0,14,0.0452,"{""IC"": 91, ""S"": 24, ""PYO"": 8, ""HSM"": 4, ""HDM"": 13}","[5, 6, 7, 8, 9, 12, 10, 13, 15, 11]",0.0084
2021,10,5,2,209,16274,77.87,2,198,140,0.0086,32,108,38,9.39,7.0,116,20,4,0,14,0.0569,"{""IC"": 97, ""S"": 22, ""PYO"": 8, ""HDM"": 12, ""MV"": 1}","[5, 6, 7, 9, 8, 18, 16, 13, 12, 10]",0.0085
2021,10,6,3,214,16370,76.5,3,212,120,0.0073,28,92,72,9.87,7.0,102,14,3,1,12,0.0473,"{""IC"": 77, ""S"": 19, ""PYO"": 9, ""HSM"": 3, ""HDM"": 8, ""MV"": 4}","[5, 6, 7, 10, 12, 9, 8, 11, 15, 22]",0.0085
2021,10,7,4,214,16582,77.49,4,306,149,0.009,42,107,76,10.13,7.0,124,21,3,1,26,0.0394,"{""IC"": 107, ""S"": 18, ""PYO"": 5, ""HSM"": 1, ""HDM"": 14, ""MV"": 4}","[5, 6, 9, 7, 8, 12, 13, 11, 10, 19]",0.0087
2021,10,8,5,231,17814,77.12,7,176,161,0.009,41,120,38,8.51,6.0,145,14,2,0,14,0.0408,"{""IC"": 114, ""S"": 21, ""PYO"": 7, ""HSM"": 5, ""HDM"": 6, ""MV"": 8}","[5, 6, 7, 8, 12, 9, 10, 13, 11, 19]",0.0086
2021,10,9,6,183,12630,69.02,0,0,96,0.0076,16,80,31,8.85,6.0,82,13,1,0,9,0.0676,"{""IC"": 57, ""S"": 12, ""PYO"": 14, ""HSM"": 2, ""HDM"": 6, ""MUS"": 2, ""MV"": 3}","[5, 6, 7, 9, 8, 11, 17, 16, 21, 12]",0.0084
2021,10,10,7,186,14208,76.39,0,62,142,0.01,32,110,171,13.01,7.0,116,14,9,3,15,0.0279,"{""IC"": 93, ""S"": 21, ""PYO"": 11, ""HSM"": 3, ""HDM"": 8, ""MUS"": 2, ""MV"": 3, ""V"": 1}","[5, 6, 7, 8, 9, 10, 11, 18, 12, 14]",0.0086
2021,10,11,1,219,16918,77.25,8,292,140,0.0083,28,112,28,8.5,6.0,123,17,0,0,10,0.0415,"{""IC"": 103, ""S"": 23, ""PYO"": 6, ""HDM"": 7, ""MV"": 1}","[5, 6, 7, 9, 8, 11, 15, 13, 10, 12]",0.0085
2021,10,12,2,210,16602,79.06,4,202,123,0.0074,38,85,26,7.87,6.0,115,8,0,0,7,0.0636,"{""IC"": 92, ""S"": 12, ""PYO"": 8, ""HSM"": 3, ""HDM"": 5, ""MV"": 3}","[5, 6, 7, 10, 8, 11, 9, 14, 12, 13]",0.0084
2021,10,13,3,213,16718,78.49,3,172,100,0.006,21,79,21,7.36,6.0,96,4,0,0,3,0.0924,"{""S"": 15, ""IC"": 69, ""PYO"": 8, ""HSM"": 1, ""HDM"": 1, ""MV"": 6}","[5, 6, 7, 8, 11, 12, 9, 17, 10, 13]",0.0082
2021,10,14,4,214,16882,78.89,1,132,114,0.0068,34,80,59,8.84,7.0,102,10,2,0,7,0.0606,"{""IC"": 87, ""S"": 16, ""PYO"": 2, ""HSM"": 3, ""HDM"": 3, ""MV"": 3}","[5, 6, 7, 8, 10, 12, 9, 11, 15, 18]",0.0079
2021,10,15,5,225,17926,79.67,1,118,147,0.0082,37,110,49,9.52,7.0,129,13,5,0,20,0.0307,"{""IC"": 95, ""S"": 18, ""PYO"": 13, ""HSM"": 2, ""HDM"": 14, ""MUS"": 5}","[5, 6, 7, 10, 8, 9, 13, 14, 17, 19]",0.0078
2021,10,16,6,184,13058,70.97,3,124,131,0.01,35,96,149,14.31,8.0,106,13,7,5,20,0.0335,"{""IC"": 69, ""S"": 11, ""PYO"": 24, ""HSM"": 3, ""HDM"": 5, ""P"": 5, ""MUS"": 12, ""MV"": 2}","[5, 6, 7, 9, 8, 13, 15, 10, 11, 12]",0.0081
2021,10,17,7,181,14170,78.29,1,210,127,0.009,36,91,144,13.83,8.0,99,17,8,3,19,0.0296,"{""IC"": 76, ""S"": 20, ""PYO"": 10, ""HSM"": 3, ""HDM"": 7, ""MUS"": 7, ""MV"": 4}","[5, 7, 6, 10, 8, 9, 11, 14, 17, 20]",0.008
2021,10,18,1,216,16956,78.5,1,140,158,0.0093,48,110,113,10.41,7.0,128,27,2,1,21,0.0243,"{""IC"": 108, ""S"": 21, ""PYO"": 10, ""HSM"": 4, ""HDM"": 13, ""MV"": 2}","[5, 6, 7, 8, 14, 15, 9, 11, 13, 10]",0.0081
2021,10,19,2,215,17086,79.47,4,446,144,0.0084,37,107,89,10.24,7.0,124,14,5,1,20,0.0325,"{""IC"": 100, ""S"": 25, ""PYO"": 8, ""HSM"": 1, ""HDM"": 9, ""MV"": 1}","[5, 7, 6, 10, 9, 8, 12, 13, 19, 11]",0.0082
2021,10,20,3,216,17124,79.28,5,572,145,0.0085,37,108,87,13.23,8.0,111,21,9,4,18,0.0234,"{""IC"": 95, ""S"": 25, ""PYO"": 6, ""HSM"": 2, ""HDM"": 9, ""MV"": 8}","[5, 6, 7, 10, 8, 15, 12, 14, 11, 9]",0.0086
2021,10,21,4,219,17206,78.57,4,482,147,0.0085,38,109,67,10.75,7.0,120,20,6,1,18,0.0307,"{""IC"": 105, ""S"": 18, ""PYO"": 7, ""HSM"": 4, ""HDM"": 5, ""MV"": 8}","[5, 7, 6, 9, 8, 10, 11, 13, 18, 22]",0.0088
2021,10,22,5,225,17686,78.6,0,56,124,0.007,24,100,56,9.6,7.0,109,13,2,0,25,0.0279,"{""IC"": 86, ""S"": 18, ""PYO"": 6, ""HSM"": 1, ""HDM"": 12, ""MUS"": 1}","[5, 6, 7, 8, 9, 11, 10, 13, 12, 16]",0.0087
2021,10,23,6,184,12870,69.95,1,34,120,0.0093,33,87,47,10.54,8.0,94,22,4,0,15,0.0398,"{""IC"": 61, ""S"": 10, ""PYO"": 12, ""HSM"": 2, ""HDM"": 17, ""MUS"": 4, ""MV"": 2, ""V"": 12}","[5, 8, 6, 7, 9, 11, 17, 21, 18, 12]",0.0086
2021,10,24,7,183,13450,73.5,0,0,96,0.0071,21,75,36,8.64,7.0,87,5,4,0,9,0.042,"{""IC"": 64, ""S"": 20, ""PYO"": 7, ""HSM"": 1, ""HDM"": 3, ""V"": 1}","[5, 6, 7, 8, 13, 9, 11, 32, 10, 15]",0.0083
2021,10,25,1,215,16842,78.33,2,96,140,0.0083,42,98,33,8.59,6.0,121,18,1,0,18,0.0428,"{""IC"": 99, ""S"": 20, ""PYO"": 11, ""HSM"": 2, ""HDM"": 6, ""MV"": 2}","[5, 6, 7, 8, 10, 12, 18, 9, 11, 17]",0.0082
2021,10,26,2,214,16902,78.98,1,142,90,0.0053,19,71,38,8.49,7.0,80,9,1,0,5,0.0594,"{""IC"": 65, ""S"": 9, ""PYO"": 8, ""HSM"": 3, ""HDM"": 2, ""MV"": 3}","[5, 7, 6, 8, 9, 14, 12, 23, 19, 25]",0.0077
2021,10,27,3,217,16928,78.01,3,206,122,0.0072,25,97,69,10.67,7.0,101,15,5,1,15,0.0344,"{""IC"": 91, ""S"": 15, ""PYO"": 6, ""HSM"": 1, ""HDM"": 6, ""MV"": 3}","[5, 6, 7, 8, 10, 9, 12, 14, 20, 11]",0.0075
2021,10,28,4,214,16868,78.82,0,112,90,0.0053,12,78,33,7.01,6.0,85,4,1,0,5,0.0705,"{""S"": 15, ""IC"": 62, ""PYO"": 8, ""HDM"": 4, ""MV"": 1}","[5, 6, 7, 8, 9, 16, 10, 33, 12, 11]",0.0071
2021,10,29,5,229,17758,77.55,3,118,105,0.0059,19,86,42,8.27,6.0,95,9,1,0,7,0.0717,"{""IC"": 69, ""S"": 15, ""PYO"": 5, ""HSM"": 3, ""HDM"": 8, ""MV"": 5}","[5, 6, 7, 8, 10, 9, 16, 11, 12, 23]",0.0069
2021,10,30,6,164,12342,75.26,2,452,110,0.0089,26,84,61,12.43,7.0,86,16,5,3,9,0.0287,"{""IC"": 63, ""S"": 14, ""PYO"": 21, ""HSM"": 1, ""HDM"": 9, ""V"": 1, ""MV"": 1}","[5, 6, 7, 8, 9, 13, 12, 15, 10, 18]",0.0069
2021,10,31,7,170,13728,80.75,1,242,117,0.0085,11,106,51,9.76,7.0,98,17,2,0,18,0.0362,"{""IC"": 79, ""S"": 17, ""PYO"": 10, ""HSM"": 1, ""HDM"": 6, ""MV"": 4}","[5, 6, 8, 7, 9, 13, 12, 27, 10, 15]",0.0071
2021,11,1,1,232,17946,77.35,19,1580,127,0.0071,16,111,109,9.45,6.0,112,12,2,1,20,0.0538,"{""IC"": 90, ""S"": 15, ""PYO"": 9, ""HSM"": 7, ""HDM"": 5, ""MV"": 1}","[5, 6, 11, 7, 8, 9, 13, 10, 17, 21]",0.0069
2021,11,2,2,214,16866,78.81,1,90,99,0.0059,17,82,27,7.73,6.0,93,6,0,0,12,0.0643,"{""IC"": 69, ""S"": 16, ""PYO"": 7, ""HSM"": 3, ""HDM"": 2, ""MV"": 2}","[5, 6, 8, 7, 9, 10, 11, 26, 21, 20]",0.007
2021,11,3,3,216,16658,77.12,2,58,105,0.0063,16,89,37,8.82,7.0,93,11,1,0,13,0.0551,"{""S"": 13, ""IC"": 71, ""PYO"": 6, ""HSM"": 2, ""HDM"": 6, ""MV"": 3, ""V"": 4}","[5, 6, 7, 9, 8, 10, 12, 19, 11, 13]",0.0068
2021,11,4,4,213,16622,78.04,2,64,124,0.0075,29,95,233,14.17,7.0,102,12,6,4,23,0.0348,"{""IC"": 84, ""S"": 16, ""PYO"": 4, ""HSM"": 4, ""HDM"": 13, ""MV"": 3}","[5, 6, 8, 7, 11, 9, 12, 22, 13, 26]",0.0072
2021,11,5,5,235,17970,76.47,0,122,113,0.0063,19,94,90,12.39,7.0,93,11,6,3,16,0.0432,"{""IC"": 80, ""S"": 12, ""PYO"": 5, ""HSM"": 2, ""HDM"": 10, ""MV"": 3, ""V"": 1}","[5, 6, 7, 14, 9, 12, 11, 17, 8, 10]",0.0072
2021,11,6,6,184,12874,69.97,1,66,85,0.0066,21,64,87,8.84,6.0,78,5,1,1,8,0.0697,"{""IC"": 49, ""S"": 11, ""PYO"": 16, ""HSM"": 2, ""HDM"": 2, ""MUS"": 3, ""MV"": 2}","[5, 6, 7, 8, 9, 11, 13, 14, 23, 24]",0.0069
2021,11,7,7,186,14292,76.84,0,0,97,0.0068,15,82,74,9.9,6.0,85,8,3,1,14,0.0404,"{""IC"": 64, ""S"": 17, ""PYO"": 6, ""HDM"": 4, ""MV"": 6}","[5, 6, 7, 10, 11, 12, 13, 9, 8, 17]",0.0066
2021,11,8,1,214,16206,75.73,0,24,123,0.0076,29,94,49,9.39,7.0,106,14,3,0,21,0.0369,"{""S"": 19, ""IC"": 82, ""PYO"": 8, ""HDM"": 11, ""MV"": 3}","[5, 6, 7, 9, 8, 10, 12, 11, 18, 14]",0.0067
2021,11,9,2,219,16376,74.78,2,104,125,0.0076,24,101,89,13.7,8.0,101,12,7,5,15,0.0399,"{""IC"": 71, ""S"": 19, ""PYO"": 9, ""HDM"": 11, ""MV"": 15}","[5, 8, 6, 7, 10, 12, 14, 24, 26, 20]",0.007
2021,11,10,3,215,16306,75.84,2,34,105,0.0064,25,80,86,9.47,7.0,93,10,1,1,10,0.0595,"{""IC"": 76, ""S"": 12, ""PYO"": 7, ""HDM"": 4, ""MV"": 6}","[5, 6, 8, 7, 9, 12, 11, 13, 20, 16]",0.007
2021,11,11,4,212,16170,76.27,0,0,94,0.0058,17,77,49,8.22,6.0,87,5,2,0,8,0.0655,"{""S"": 12, ""IC"": 68, ""PYO"": 8, ""HSM"": 2, ""HDM"": 1, ""MV"": 3}","[5, 6, 7, 8, 9, 13, 12, 16, 11, 21]",0.0067
2021,11,12,5,229,17440,76.16,1,56,106,0.0061,19,87,111,10.06,7.0,91,11,3,1,11,0.056,"{""IC"": 72, ""S"": 15, ""PYO"": 6, ""HSM"": 1, ""HDM"": 9, ""MV"": 3}","[5, 6, 8, 7, 9, 11, 13, 17, 15, 20]",0.0067
2021,11,13,6,178,12874,72.33,0,0,89,0.0069,13,76,26,8.3,7.0,79,10,0,0,7,0.0627,"{""IC"": 50, ""S"": 11, ""PYO"": 20, ""HSM"": 1, ""HDM"": 6, ""MV"": 1}","[5, 6, 7, 8, 9, 10, 11, 19, 15, 13]",0.0067
2021,11,14,7,180,14130,78.5,3,60,113,0.008,21,92,81,12.65,7.0,87,17,6,3,9,0.0279,"{""IC"": 80, ""S"": 18, ""PYO"": 9, ""HSM"": 1, ""HDM"": 5}","[5, 6, 7, 9, 8, 13, 24, 12, 17, 27]",0.0069
2021,11,15,1,216,16246,75.21,1,20,107,0.0066,14,93,37,9.04,7.0,89,17,1,0,21,0.0528,"{""IC"": 67, ""S"": 15, ""PYO"": 6, ""HSM"": 3, ""HDM"": 8, ""MV"": 8}","[5, 7, 6, 8, 9, 10, 18, 11, 13, 17]",0.0068
2021,11,16,2,216,16394,75.9,3,148,112,0.0068,19,93,40,8.91,7.0,100,10,2,0,8,0.0618,"{""IC"": 73, ""S"": 15, ""PYO"": 7, ""HSM"": 1, ""HDM"": 7, ""MV"": 9}","[6, 5, 7, 8, 10, 9, 12, 14, 23, 20]",0.0067
2021,11,17,3,220,16710,75.95,5,282,124,0.0074,24,100,39,9.19,7.0,107,14,3,0,14,0.0515,"{""IC"": 86, ""S"": 17, ""PYO"": 6, ""HSM"": 2, ""HDM"": 4, ""MV"": 9}","[5, 6, 7, 8, 10, 9, 11, 39, 17, 15]",0.0068
2021,11,18,4,216,16452,76.17,7,228,117,0.0071,25,92,112,10.53,6.0,105,7,1,4,13,0.049,"{""IC"": 79, ""S"": 14, ""PYO"": 13, ""HSM"": 1, ""HDM"": 3, ""MV"": 7}","[5, 6, 7, 9, 8, 10, 11, 12, 16, 13]",0.007
2021,11,19,5,237,17740,74.85,5,130,165,0.0093,33,132,58,9.41,7.0,140,20,5,0,28,0.0342,"{""IC"": 110, ""S"": 21, ""PYO"": 11, ""HSM"": 6, ""HDM"": 14, ""MUS"": 1, ""MV"": 2}","[5, 6, 7, 8, 11, 17, 9, 13, 10, 15]",0.0074
2021,11,20,6,177,12548,70.89,0,0,89,0.0071,12,77,63,9.56,7.0,75,12,1,1,10,0.0799,"{""S"": 10, ""IC"": 57, ""PYO"": 13, ""HDM"": 7, ""MUS"": 2}","[5, 6, 8, 11, 10, 7, 15, 9, 17, 16]",0.0075
2021,11,21,7,188,13914,74.01,1,14,96,0.0069,22,74,73,10.03,6.5,82,9,3,2,4,0.0394,"{""IC"": 66, ""S"": 19, ""PYO"": 6, ""HDM"": 2, ""MV"": 1, ""V"": 2}","[5, 6, 7, 8, 9, 10, 11, 73, 19, 17]",0.0073
2021,11,22,1,212,16200,76.42,1,20,107,0.0066,30,77,50,9.36,7.0,94,9,4,0,11,0.0355,"{""IC"": 72, ""S"": 18, ""PYO"": 9, ""HSM"": 1, ""HDM"": 5, ""MV"": 2}","[5, 6, 8, 7, 10, 14, 9, 15, 11, 12]",0.0073
2021,11,23,2,218,16444,75.43,4,386,133,0.0081,34,99,85,9.65,7.0,121,6,3,3,15,0.0343,"{""S"": 12, ""IC"": 84, ""PYO"": 7, ""HSM"": 9, ""HDM"": 4, ""MV"": 17}","[5, 6, 7, 8, 9, 11, 13, 10, 24, 17]",0.0075
2021,11,24,3,209,16084,76.96,0,0,103,0.0064,24,79,56,7.93,6.0,96,6,1,0,6,0.0501,"{""IC"": 68, ""S"": 13, ""PYO"": 10, ""HSM"": 8, ""HDM"": 4}","[5, 6, 7, 9, 8, 10, 14, 19, 12, 11]",0.0074
2021,11,25,4,216,16474,76.27,2,156,130,0.0079,28,102,64,9.91,7.0,109,17,3,1,29,0.0223,"{""IC"": 88, ""S"": 19, ""PYO"": 6, ""HSM"": 3, ""HDM"": 10, ""MV"": 4}","[5, 6, 7, 8, 9, 10, 11, 17, 15, 28]",0.0075
2021,11,26,5,233,17672,75.85,11,250,130,0.0074,36,94,67,9.45,6.0,113,12,4,1,16,0.0299,"{""IC"": 81, ""S"": 22, ""PYO"": 8, ""HSM"": 3, ""HDM"": 5, ""MUS"": 4, ""MV"": 2, ""V"": 5}","[5, 6, 7, 8, 9, 10, 11, 16, 19, 13]",0.0072
2021,11,27,6,192,12976,67.58,2,40,108,0.0083,24,84,29,9.23,7.0,90,18,0,0,16,0.0448,"{""S"": 14, ""IC"": 66, ""PYO"": 12, ""HSM"": 2, ""HDM"": 8, ""MUS"": 5, ""V"": 1}","[5, 6, 7, 9, 10, 13, 18, 15, 12, 28]",0.0074
2021,11,28,7,197,14646,74.35,5,72,94,0.0064,14,80,191,10.53,7.0,84,8,1,1,13,0.0368,"{""IC"": 65, ""S"": 12, ""PYO"": 6, ""HDM"": 5, ""MUS"": 2, ""MV"": 1, ""V"": 3}","[6, 5, 8, 7, 10, 12, 9, 13, 24, 14]",0.0073
2021,11,29,1,213,16480,77.37,2,40,132,0.008,31,101,36,9.25,7.0,112,17,3,0,22,0.0302,"{""IC"": 92, ""S"": 13, ""PYO"": 6, ""HSM"": 16, ""HDM"": 5}","[5, 7, 6, 8, 10, 9, 14, 13, 22, 17]",0.0075
2021,11,30,2,215,16578,77.11,4,194,138,0.0083,29,109,56,10.06,7.0,115,16,7,0,21,0.0328,"{""S"": 22, ""IC"": 92, ""PYO"": 5, ""HSM"": 3, ""HDM"": 12, ""MV"": 4}","[5, 6, 7, 8, 9, 11, 13, 19, 12, 15]",0.0075
2021,12,1,3,214,16578,77.47,4,112,182,0.011,67,115,135,15.11,8.0,125,32,22,3,25,0.0196,"{""IC"": 122, ""S"": 27, ""PYO"": 14, ""HSM"": 1, ""HDM"": 14, ""V"": 4}","[6, 5, 7, 8, 10, 15, 11, 9, 12, 17]",0.0082
2021,12,2,4,228,16998,74.55,4,272,145,0.0085,32,113,88,12.5,9.0,113,25,4,3,31,0.0224,"{""S"": 21, ""IC"": 89, ""PYO"": 5, ""HSM"": 1, ""HDM"": 15, ""MV"": 14}","[5, 6, 9, 10, 7, 8, 12, 13, 21, 14]",0.0083
2021,12,3,5,234,17980,76.84,8,254,187,0.0104,41,146,117,13.22,7.0,143,27,11,6,33,0.0229,"{""IC"": 128, ""S"": 29, ""PYO"": 6, ""HSM"": 1, ""HDM"": 16, ""MV"": 4, ""V"": 3}","[5, 7, 6, 8, 10, 9, 11, 16, 15, 12]",0.0087
2021,12,4,6,183,12798,69.93,1,30,112,0.0088,28,84,124,12.21,7.0,97,7,5,3,12,0.0338,"{""IC"": 71, ""S"": 16, ""PYO"": 14, ""HSM"": 1, ""HDM"": 8, ""MV"": 2}","[5, 6, 7, 10, 8, 9, 14, 11, 13, 18]",0.0088
2021,12,5,7,162,11870,73.27,2,102,119,0.01,23,96,142,13.87,7.0,96,13,5,5,14,0.0301,"{""IC"": 83, ""S"": 15, ""PYO"": 7, ""HSM"": 5, ""HDM"": 5, ""MV"": 3, ""V"": 1}","[5, 6, 7, 8, 9, 12, 14, 10, 13, 15]",0.0093
2021,12,6,1,181,14114,77.98,1,128,118,0.0084,24,94,137,13.65,8.0,93,18,5,2,29,0.0221,"{""IC"": 77, ""S"": 15, ""PYO"": 6, ""HSM"": 3, ""HDM"": 11, ""MV"": 6}","[6, 5, 8, 9, 7, 10, 11, 13, 14, 15]",0.0093
2021,12,7,2,213,16546,77.68,9,266,147,0.0089,37,110,53,10.93,7.0,119,19,9,0,34,0.0214,"{""S"": 25, ""IC"": 100, ""PYO"": 6, ""HSM"": 6, ""HDM"": 8, ""MV"": 2}","[5, 7, 6, 8, 10, 14, 15, 11, 12, 9]",0.0094
2021,12,8,3,213,16604,77.95,0,92,144,0.0087,28,116,72,10.74,7.0,119,19,4,2,29,0.0215,"{""S"": 24, ""IC"": 97, ""PYO"": 8, ""HSM"": 4, ""HDM"": 5, ""MV"": 6}","[5, 6, 7, 8, 9, 11, 12, 14, 13, 17]",0.0091
2021,12,9,4,217,16594,76.47,4,124,103,0.0062,20,83,33,8.63,7.0,92,10,1,0,17,0.0342,"{""S"": 22, ""IC"": 63, ""PYO"": 7, ""HSM"": 3, ""HDM"": 6, ""MV"": 2}","[5, 6, 7, 8, 9, 10, 12, 11, 15, 14]",0.0088
2021,12,10,5,236,18038,76.43,1,122,161,0.0089,31,130,142,11.31,7.0,135,20,2,4,27,0.0349,"{""S"": 28, ""IC"": 104, ""PYO"": 5, ""HSM"": 2, ""HDM"": 11, ""MV"": 11}","[5, 6, 9, 7, 8, 11, 10, 13, 14, 17]",0.0086
2021,12,11,6,186,13280,71.4,4,218,100,0.0075,18,82,79,9.79,6.0,87,9,3,1,8,0.035,"{""IC"": 60, ""S"": 11, ""PYO"": 11, ""HSM"": 1, ""HDM"": 11, ""MV"": 4, ""AE"": 2}","[5, 6, 8, 9, 7, 12, 14, 11, 20, 16]",0.0084
2021,12,12,7,190,14940,78.63,6,312,146,0.0098,25,121,51,10.45,7.0,121,15,10,0,26,0.0274,"{""IC"": 91, ""S"": 22, ""PYO"": 16, ""HSM"": 3, ""HDM"": 8, ""AE"": 4, ""MV"": 2}","[5, 6, 7, 8, 11, 13, 10, 16, 12, 24]",0.0083
2021,12,13,1,220,17342,78.83,1,48,170,0.0098,42,128,44,9.83,7.0,147,16,7,0,21,0.0306,"{""IC"": 116, ""S"": 23, ""PYO"": 18, ""HSM"": 3, ""HDM"": 7, ""AE"": 2, ""MV"": 1}","[5, 6, 7, 9, 8, 11, 12, 14, 13, 10]",0.0085
2021,12,14,2,218,17298,79.35,2,40,153,0.0088,38,115,69,9.99,7.0,134,10,8,1,13,0.0397,"{""IC"": 99, ""S"": 17, ""PYO"": 20, ""HSM"": 2, ""HDM"": 10, ""AE"": 1, ""MV"": 4}","[5, 6, 7, 8, 10, 9, 13, 12, 11, 14]",0.0085
2021,12,15,3,220,17336,78.8,2,520,141,0.0081,28,113,124,11.26,7.0,115,17,8,1,14,0.0311,"{""IC"": 94, ""S"": 22, ""PYO"": 11, ""HSM"": 2, ""HDM"": 7, ""MV"": 5}","[5, 6, 7, 10, 8, 12, 9, 11, 15, 17]",0.0084
2021,12,16,4,227,17844,78.61,0,500,137,0.0077,34,103,52,9.74,7.0,119,14,4,0,16,0.0476,"{""S"": 16, ""IC"": 79, ""PYO"": 19, ""HSM"": 2, ""HDM"": 9, ""AE"": 1, ""MV"": 11}","[5, 7, 6, 9, 8, 10, 12, 11, 14, 20]",0.0087
2021,12,17,5,243,19276,79.33,7,892,144,0.0075,23,121,101,11.17,7.0,116,20,7,1,20,0.0433,"{""S"": 25, ""IC"": 80, ""PYO"": 28, ""HSM"": 2, ""HDM"": 5, ""MV"": 1, ""V"": 3}","[5, 6, 7, 8, 9, 10, 11, 20, 19, 22]",0.0085
2021,12,18,6,197,15870,80.56,3,588,104,0.0066,29,75,201,12.64,7.0,85,13,4,2,8,0.0224,"{""IC"": 61, ""S"": 10, ""PYO"": 24, ""HSM"": 1, ""HDM"": 5, ""MV"": 3}","[5, 6, 7, 9, 11, 10, 8, 12, 17, 19]",0.0083
2021,12,19,7,191,15394,80.6,0,494,137,0.0089,23,114,122,11.03,7.0,120,9,5,3,15,0.0425,"{""IC"": 84, ""S"": 15, ""PYO"": 26, ""HSM"": 1, ""HDM"": 8, ""AE"": 3}","[5, 6, 7, 8, 9, 10, 12, 13, 11, 16]",0.0082
2021,12,20,1,226,18134,80.24,3,312,173,0.0095,35,138,82,11.1,7.0,140,24,7,2,28,0.0253,"{""IC"": 97, ""S"": 28, ""PYO"": 33, ""HSM"": 2, ""HDM"": 8, ""AE"": 2, ""MV"": 3}","[5, 6, 7, 9, 8, 11, 12, 15, 14, 18]",0.0082
2021,12,21,2,219,17836,81.44,1,14,172,0.0096,40,132,82,10.83,7.0,138,25,7,2,24,0.0229,"{""IC"": 101, ""S"": 25, ""PYO"": 32, ""HSM"": 1, ""HDM"": 11, ""AE"": 2}","[5, 6, 7, 8, 10, 9, 11, 15, 12, 18]",0.0083
2021,12,22,3,233,18500,79.4,4,260,177,0.0096,45,132,63,10.13,7.0,151,17,8,1,34,0.0266,"{""IC"": 96, ""S"": 23, ""PYO"": 26, ""HSM"": 5, ""HDM"": 14, ""AE"": 2, ""MV"": 11}","[5, 6, 7, 9, 10, 8, 13, 12, 15, 18]",0.0085
2021,12,23,4,239,18880,79.0,8,584,245,0.013,84,161,243,12.65,8.0,183,47,14,1,44,0.0172,"{""S"": 52, ""IC"": 139, ""PYO"": 23, ""HSM"": 3, ""HDM"": 16, ""AE"": 3, ""MV"": 9}","[5, 6, 7, 8, 9, 12, 13, 10, 21, 11]",0.0092
2021,12,24,5,109,8240,75.6,0,0,66,0.008,14,52,77,12.36,7.0,51,10,3,2,16,0.0157,"{""IC"": 39, ""S"": 17, ""HSM"": 2, ""HDM"": 5, ""AE"": 2, ""MV"": 1}","[5, 6, 7, 8, 20, 11, 13, 12, 9, 32]",0.0093
2021,12,25,6,143,11750,82.17,4,96,95,0.0081,14,81,49,9.53,7.0,81,12,2,0,16,0.0338,"{""IC"": 53, ""S"": 12, ""PYO"": 22, ""HSM"": 2, ""HDM"": 2, ""AE"": 1, ""MV"": 3}","[5, 6, 7, 8, 10, 9, 11, 18, 12, 19]",0.0095
2021,12,26,7,196,15796,80.59,5,440,149,0.0094,28,121,118,13.74,8.0,113,24,8,4,38,0.0196,"{""IC"": 88, ""S"": 21, ""PYO"": 26, ""HSM"": 1, ""HDM"": 9, ""AE"": 1, ""MV"": 3}","[5, 7, 6, 9, 8, 11, 10, 14, 15, 16]",0.0096
2021,12,27,1,221,17704,80.11,5,316,188,0.0106,40,148,98,10.57,8.0,153,28,6,1,25,0.0234,"{""IC"": 120, ""S"": 23, ""PYO"": 29, ""HSM"": 3, ""HDM"": 9, ""AE"": 1, ""MV"": 3}","[5, 6, 7, 8, 10, 9, 12, 16, 15, 13]",0.0098
2021,12,28,2,215,17344,80.67,3,98,121,0.007,22,99,50,9.49,7.0,105,13,3,0,14,0.0467,"{""IC"": 61, ""S"": 12, ""PYO"": 33, ""HSM"": 5, ""HDM"": 5, ""AE"": 2, ""MV"": 3}","[5, 6, 7, 10, 8, 9, 11, 13, 15, 18]",0.0094
2021,12,29,3,218,17486,80.21,1,66,136,0.0078,29,107,128,13.59,7.0,105,17,11,3,19,0.0252,"{""IC"": 84, ""S"": 18, ""PYO"": 26, ""HSM"": 3, ""HDM"": 4, ""MV"": 1}","[5, 6, 7, 8, 9, 10, 13, 32, 15, 18]",0.0091
2021,12,30,4,221,17488,79.13,17,326,140,0.008,38,102,39,9.97,7.0,117,17,6,0,15,0.0362,"{""S"": 26, ""IC"": 77, ""PYO"": 24, ""HSM"": 2, ""HDM"": 9, ""MV"": 2}","[5, 7, 6, 9, 10, 8, 11, 13, 15, 12]",0.0084
2021,12,31,5,237,18416,77.7,11,910,164,0.0089,23,141,54,10.87,7.0,135,18,11,0,24,0.0414,"{""IC"": 91, ""S"": 32, ""PYO"": 27, ""HDM"": 8, ""MV"": 6}","[5, 6, 7, 8, 9, 11, 10, 13, 14, 23]",0.0085
2022,1,1,6,187,15678,83.84,2,238,124,0.0079,20,104,200,14.45,7.0,93,16,12,3,18,0.0441,"{""IC"": 67, ""S"": 11, ""PYO"": 29, ""HDM"": 5, ""AE"": 3, ""MV"": 9}","[5, 6, 8, 7, 9, 10, 15, 11, 14, 17]",0.0085
2022,1,2,7,192,15348,79.94,2,130,142,0.0093,28,114,109,12.85,8.0,112,19,6,5,23,0.0198,"{""IC"": 82, ""S"": 19, ""PYO"": 33, ""HSM"": 1, ""HDM"": 5, ""MV"": 2}","[5, 6, 7, 8, 9, 11, 10, 15, 16, 17]",0.0085
2022,1,3,1,220,17538,79.72,6,138,150,0.0086,38,112,128,11.39,7.0,125,17,6,2,22,0.0309,"{""IC"": 88, ""S"": 17, ""PYO"": 28, ""HSM"": 2, ""HDM"": 8, ""AE"": 3, ""MV"": 4}","[5, 6, 7, 8, 9, 11, 12, 10, 15, 16]",0.0082
2022,1,4,2,215,17282,80.38,2,104,186,0.0108,56,130,57,10.32,7.0,152,27,7,0,33,0.0243,"{""IC"": 114, ""S"": 25, ""PYO"": 25, ""HSM"": 2, ""HDM"": 15, ""AE"": 1, ""MV"": 4}","[5, 6, 7, 8, 9, 12, 13, 10, 15, 18]",0.0088
2022,1,5,3,197,16810,85.33,5,224,163,0.0097,33,130,83,11.27,7.0,128,27,7,1,24,0.0343,"{""IC"": 91, ""S"": 14, ""PYO"": 34, ""HDM"": 16, ""AE"": 2, ""MV"": 6}","[5, 7, 6, 8, 9, 10, 11, 20, 13, 23]",0.009
2022,1,6,4,173,15374,88.87,4,284,176,0.0114,50,126,54,9.47,7.0,158,14,4,0,25,0.0228,"{""IC"": 108, ""S"": 14, ""PYO"": 40, ""HDM"": 8, ""AE"": 1, ""MV"": 5}","[5, 6, 8, 7, 10, 11, 12, 9, 13, 16]",0.0095
2022,1,7,5,208,17656,84.88,3,132,161,0.0091,30,131,51,10.49,7.0,130,25,6,0,23,0.0315,"{""S"": 21, ""IC"": 90, ""PYO"": 32, ""HDM"": 15, ""AE"": 1, ""MV"": 2}","[5, 6, 7, 10, 11, 8, 18, 12, 14, 27]",0.0095
2022,1,8,6,171,14996,87.7,4,216,108,0.0072,17,91,152,13.21,7.0,85,13,9,1,16,0.0429,"{""S"": 5, ""IC"": 66, ""PYO"": 30, ""HDM"": 6, ""MV"": 1}","[5, 6, 7, 8, 11, 9, 14, 26, 10, 13]",0.0094
2022,1,9,7,173,14832,85.73,1,48,146,0.0098,29,117,146,12.62,7.5,120,17,5,4,25,0.0194,"{""IC"": 92, ""S"": 15, ""PYO"": 27, ""HDM"": 12}","[5, 7, 6, 8, 14, 11, 10, 9, 16, 12]",0.0095
2022,1,10,1,188,16032,85.28,10,254,150,0.0094,35,115,208,12.68,7.5,118,22,7,3,21,0.0368,"{""IC"": 96, ""S"": 21, ""PYO"": 20, ""HDM"": 7, ""AE"": 2, ""MV"": 4}","[5, 6, 7, 9, 8, 11, 10, 15, 13, 17]",0.0096
2022,1,11,2,180,15484,86.02,17,342,151,0.0098,35,116,118,12.89,7.0,117,22,9,3,27,0.015,"{""IC"": 105, ""S"": 19, ""PYO"": 13, ""HDM"": 8, ""AE"": 5, ""MV"": 1}","[5, 7, 6, 9, 8, 10, 12, 11, 17, 13]",0.0095
2022,1,12,3,190,15898,83.67,10,1054,167,0.0105,39,128,364,16.25,7.0,134,16,9,8,13,0.0274,"{""IC"": 101, ""S"": 21, ""PYO"": 20, ""HDM"": 4, ""AE"": 3, ""MV"": 18}","[5, 7, 6, 8, 9, 11, 14, 10, 15, 17]",0.0096
2022,1,13,4,192,16182,84.28,1,68,109,0.0067,22,87,45,8.61,6.0,98,8,3,0,10,0.0554,"{""IC"": 78, ""S"": 11, ""PYO"": 14, ""HDM"": 5, ""AE"": 1}","[5, 6, 8, 7, 9, 10, 12, 13, 25, 16]",0.0089
2022,1,14,5,211,17560,83.22,0,40,133,0.0076,29,104,48,8.82,7.0,119,12,2,0,11,0.0482,"{""IC"": 89, ""S"": 20, ""PYO"": 14, ""HDM"": 4, ""MV"": 6}","[5, 6, 7, 8, 9, 11, 10, 12, 15, 22]",0.0087
2022,1,15,6,170,14588,85.81,1,104,101,0.0069,17,84,101,10.06,6.0,89,8,2,2,6,0.0744,"{""IC"": 63, ""S"": 13, ""PYO"": 15, ""HDM"": 2, ""AE"": 3, ""MUS"": 4, ""MV"": 1}","[5, 6, 8, 7, 10, 9, 11, 14, 17, 32]",0.0087
2022,1,16,7,177,14758,83.38,1,90,117,0.0079,22,95,124,10.86,7.0,101,10,5,1,16,0.0459,"{""IC"": 75, ""S"": 15, ""PYO"": 15, ""HDM"": 6, ""MUS"": 2, ""MV"": 4}","[5, 6, 7, 10, 8, 9, 11, 14, 12, 24]",0.0084
2022,1,17,1,188,16024,85.23,2,64,128,0.008,30,98,91,11.19,7.0,104,19,3,2,19,0.0364,"{""S"": 19, ""IC"": 83, ""PYO"": 15, ""HDM"": 7, ""AE"": 1, ""MV"": 3}","[5, 6, 7, 8, 10, 14, 9, 11, 25, 16]",0.0082
2022,1,18,2,184,15684,85.24,2,186,125,0.008,23,102,135,10.0,7.0,111,10,2,2,13,0.043,"{""IC"": 82, ""S"": 15, ""PYO"": 16, ""HDM"": 5, ""AE"": 1, ""MV"": 6}","[5, 6, 7, 8, 9, 11, 10, 12, 15, 13]",0.0079
2022,1,19,3,181,15498,85.62,0,76,131,0.0085,28,103,126,11.01,7.0,114,10,5,2,16,0.0382,"{""IC"": 86, ""S"": 13, ""PYO"": 15, ""HDM"": 14, ""MV"": 3}","[5, 6, 10, 8, 9, 7, 11, 12, 13, 20]",0.0077
2022,1,20,4,198,16548,83.58,5,190,133,0.008,27,106,40,9.57,7.0,112,19,2,0,12,0.0352,"{""IC"": 82, ""S"": 16, ""PYO"": 14, ""HDM"": 6, ""AE"": 3, ""MV"": 12}","[5, 6, 8, 7, 10, 12, 16, 9, 14, 11]",0.0078
2022,1,21,5,210,17466,83.17,5,126,160,0.0092,38,122,68,9.34,7.0,137,20,2,1,22,0.0333,"{""IC"": 99, ""S"": 32, ""PYO"": 15, ""HDM"": 13, ""AE"": 1}","[5, 6, 7, 8, 9, 14, 13, 10, 12, 15]",0.0081
2022,1,22,6,166,14534,87.55,4,150,111,0.0076,19,92,56,9.58,6.0,98,9,4,0,8,0.0463,"{""IC"": 74, ""S"": 14, ""PYO"": 14, ""HDM"": 8, ""AE"": 1}","[5, 6, 8, 7, 12, 10, 11, 9, 13, 17]",0.0082
2022,1,23,7,169,14478,85.67,1,20,107,0.0074,10,97,55,10.74,8.0,92,8,7,0,14,0.03,"{""IC"": 72, ""S"": 14, ""PYO"": 13, ""HDM"": 8}","[5, 6, 7, 8, 10, 11, 9, 12, 14, 17]",0.0081
2022,1,24,1,179,14896,83.22,1,92,110,0.0074,21,89,75,10.56,7.0,93,9,7,1,14,0.0451,"{""IC"": 74, ""S"": 13, ""PYO"": 18, ""HDM"": 4, ""MV"": 1}","[5, 6, 7, 9, 8, 10, 11, 15, 30, 13]",0.008
2022,1,25,2,170,14018,82.46,3,84,108,0.0077,12,96,32,8.55,7.0,96,11,1,0,10,0.0697,"{""IC"": 70, ""S"": 13, ""PYO"": 15, ""HDM"": 6, ""AE"": 3, ""MV"": 1}","[5, 7, 6, 9, 8, 10, 11, 19, 14, 16]",0.008
2022,1,26,3,171,14026,82.02,4,128,139,0.0099,50,89,71,10.14,7.0,111,25,2,1,12,0.0336,"{""IC"": 96, ""S"": 15, ""PYO"": 20, ""HDM"": 2, ""AE"": 2, ""MV"": 4}","[5, 6, 7, 10, 8, 16, 9, 13, 15, 23]",0.0082
2022,1,27,4,178,14416,80.99,6,206,128,0.0089,33,95,36,10.3,8.0,107,18,3,0,19,0.0292,"{""IC"": 92, ""S"": 18, ""PYO"": 10, ""HDM"": 3, ""MV"": 5}","[5, 6, 7, 8, 12, 10, 9, 13, 11, 18]",0.0083
2022,1,28,5,199,16684,83.84,0,24,111,0.0067,15,96,88,10.24,8.0,98,10,1,2,13,0.0409,"{""IC"": 68, ""S"": 15, ""PYO"": 16, ""HDM"": 10, ""AE"": 1, ""MV"": 1}","[5, 6, 9, 8, 7, 11, 12, 13, 14, 10]",0.0079
2022,1,29,6,164,13998,85.35,2,118,107,0.0076,20,87,140,11.99,7.0,83,19,4,1,15,0.0236,"{""IC"": 74, ""S"": 11, ""PYO"": 17, ""HDM"": 4, ""V"": 1}","[5, 6, 7, 8, 11, 13, 10, 15, 20, 9]",0.0079
2022,1,30,7,161,13600,84.47,3,184,177,0.013,37,140,71,11.61,8.0,140,31,5,1,43,0.0225,"{""IC"": 120, ""S"": 25, ""PYO"": 11, ""HDM"": 19, ""AE"": 1, ""MV"": 1}","[5, 6, 7, 8, 13, 10, 12, 14, 9, 22]",0.0087
2022,1,31,1,188,15280,81.28,8,598,189,0.0124,67,122,150,17.64,9.0,132,30,15,12,37,0.0169,"{""IC"": 110, ""S"": 32, ""PYO"": 11, ""HDM"": 12, ""AE"": 1, ""MV"": 19, ""V"": 4}","[5, 7, 6, 9, 8, 11, 10, 22, 14, 13]",0.0095
2022,2,1,2,180,14440,80.22,11,484,151,0.0105,27,124,43,10.36,8.0,121,25,5,0,28,0.0232,"{""IC"": 98, ""S"": 20, ""PYO"": 18, ""HDM"": 6, ""MV"": 8, ""V"": 1}","[5, 6, 8, 7, 9, 10, 12, 17, 11, 22]",0.0099
2022,2,2,3,176,14324,81.39,7,406,176,0.0123,53,123,66,11.07,8.0,143,23,8,2,33,0.0209,"{""IC"": 100, ""S"": 33, ""PYO"": 17, ""HDM"": 5, ""MV"": 21}","[5, 6, 7, 8, 9, 10, 12, 11, 15, 18]",0.0102
2022,2,3,4,173,14248,82.36,3,114,132,0.0093,28,104,72,10.73,7.0,105,20,5,2,22,0.0213,"{""IC"": 96, ""S"": 19, ""PYO"": 9, ""HDM"": 4, ""AE"": 1, ""MV"": 3}","[5, 6, 8, 7, 9, 19, 10, 13, 16, 18]",0.0103
2022,2,4,5,201,16928,84.22,2,64,182,0.0108,56,126,84,13.6,8.0,133,31,13,5,23,0.017,"{""IC"": 124, ""S"": 27, ""PYO"": 22, ""HDM"": 9}","[5, 6, 7, 8, 10, 9, 15, 12, 11, 13]",0.0108
2022,2,5,6,167,14396,86.2,2,294,190,0.0132,49,141,139,13.42,8.0,141,29,16,4,38,0.0155,"{""IC"": 118, ""S"": 26, ""PYO"": 22, ""HDM"": 13, ""AE"": 2, ""MV"": 9}","[5, 6, 7, 8, 9, 11, 16, 17, 10, 12]",0.0116
2022,2,6,7,168,13990,83.27,3,270,169,0.0121,42,127,91,13.31,8.0,127,29,9,4,35,0.0193,"{""IC"": 102, ""S"": 21, ""PYO"": 22, ""HDM"": 12, ""AE"": 1, ""V"": 2, ""MV"": 9}","[5, 7, 6, 8, 9, 10, 14, 13, 11, 15]",0.0115
2022,2,7,1,179,14562,81.35,8,208,164,0.0113,46,118,86,11.27,7.0,139,17,4,4,17,0.0252,"{""IC"": 122, ""S"": 16, ""PYO"": 11, ""HDM"": 11, ""MV"": 4}","[5, 7, 6, 9, 8, 11, 12, 10, 13, 14]",0.0114
2022,2,8,2,176,13828,78.57,6,186,126,0.0091,25,101,79,10.92,7.0,104,16,4,2,18,0.0327,"{""IC"": 87, ""S"": 18, ""PYO"": 10, ""HDM"": 5, ""MV"": 6}","[5, 6, 7, 8, 9, 10, 13, 12, 18, 17]",0.0112
2022,2,9,3,176,13820,78.52,4,106,132,0.0096,27,105,71,9.51,7.0,111,20,0,1,17,0.0336,"{""IC"": 83, ""S"": 15, ""PYO"": 20, ""HDM"": 5, ""MV"": 9}","[5, 6, 7, 8, 9, 12, 10, 11, 17, 15]",0.0108
2022,2,10,4,175,14042,80.24,2,252,124,0.0088,24,100,140,11.25,7.0,97,22,3,2,12,0.0355,"{""IC"": 86, ""S"": 14, ""PYO"": 13, ""HDM"": 4, ""MV"": 7}","[5, 6, 7, 9, 8, 10, 17, 16, 11, 21]",0.0107
2022,2,11,5,200,16776,83.88,4,176,161,0.0096,29,132,88,10.8,7.0,137,17,4,3,24,0.0314,"{""IC"": 99, ""S"": 23, ""PYO"": 26, ""HDM"": 11, ""AE"": 1, ""MV"": 1}","[5, 6, 7, 9, 8, 10, 11, 14, 13, 12]",0.0105
2022,2,12,6,163,14456,88.69,11,330,122,0.0084,19,103,145,12.11,7.0,102,12,7,1,11,0.0409,"{""IC"": 66, ""S"": 14, ""PYO"": 35, ""HDM"": 7}","[6, 5, 7, 8, 14, 9, 12, 10, 13, 30]",0.0098
2022,2,13,7,164,13830,84.33,14,302,126,0.0091,20,106,82,12.55,8.0,100,12,13,1,25,0.0229,"{""IC"": 87, ""S"": 18, ""PYO"": 12, ""HDM"": 6, ""AE"": 1, ""MV"": 2}","[5, 7, 6, 10, 8, 9, 12, 13, 11, 31]",0.0094
2022,2,14,1,182,14800,81.32,8,252,124,0.0084,32,92,114,11.25,7.0,104,15,3,2,10,0.0351,"{""S"": 16, ""IC"": 71, ""PYO"": 10, ""HDM"": 7, ""AE"": 3, ""MV"": 17}","[5, 6, 7, 8, 9, 12, 11, 15, 13, 10]",0.009
2022,2,15,2,180,14232,79.07,12,420,123,0.0086,35,88,41,10.72,7.0,98,19,6,0,17,0.0262,"{""IC"": 82, ""S"": 10, ""PYO"": 12, ""HDM"": 5, ""AE"": 1, ""MV"": 13}","[5, 6, 7, 11, 10, 8, 9, 13, 18, 29]",0.0089
2022,2,16,3,181,14182,78.35,13,336,125,0.0088,28,97,119,11.71,7.0,105,9,8,3,13,0.0443,"{""IC"": 73, ""S"": 12, ""PYO"": 11, ""HDM"": 6, ""AE"": 2, ""MV"": 21}","[5, 6, 7, 10, 8, 9, 16, 12, 18, 27]",0.0088
2022,2,17,4,183,14412,78.75,11,280,128,0.0089,31,97,115,11.27,7.0,111,12,1,4,11,0.0313,"{""IC"": 68, ""S"": 19, ""PYO"": 12, ""HDM"": 5, ""AE"": 1, ""MV"": 23}","[5, 6, 7, 8, 10, 9, 12, 14, 13, 11]",0.0088
2022,2,18,5,209,17076,81.7,8,324,213,0.0125,54,159,86,12.65,8.0,165,33,11,4,37,0.0214,"{""IC"": 117, ""S"": 30, ""PYO"": 25, ""HDM"": 20, ""AE"": 2, ""MV"": 19}","[5, 6, 7, 8, 10, 9, 11, 12, 15, 16]",0.0092
2022,2,19,6,172,14890,86.57,17,638,172,0.0116,60,112,225,15.23,7.0,134,23,6,9,21,0.0114,"{""S"": 24, ""IC"": 81, ""PYO"": 53, ""HDM"": 5, ""MV"": 9}","[5, 7, 6, 8, 10, 15, 9, 12, 13, 11]",0.0097
2022,2,20,7,168,13950,83.04,4,174,192,0.0138,47,145,142,14.31,8.0,142,30,15,5,44,0.015,"{""IC"": 127, ""S"": 30, ""PYO"": 16, ""HDM"": 15, ""MV"": 4}","[5, 6, 8, 7, 9, 10, 16, 14, 21, 12]",0.0104
2022,2,21,1,185,14996,81.06,4,142,193,0.0129,57,136,206,12.41,7.0,152,27,12,2,33,0.0171,"{""IC"": 128, ""S"": 26, ""PYO"": 15, ""HDM"": 10, ""MV"": 14}","[5, 6, 7, 9, 8, 10, 13, 12, 19, 11]",0.011
2022,2,22,2,189,14490,76.67,10,1060,280,0.0193,91,189,210,19.48,11.0,174,67,20,19,64,0.0149,"{""IC"": 181, ""S"": 36, ""PYO"": 15, ""HDM"": 11, ""AE"": 2, ""MV"": 35}","[5, 6, 7, 8, 11, 10, 16, 14, 19, 13]",0.0125
2022,2,23,3,181,14344,79.25,4,392,241,0.0168,74,167,127,15.24,9.0,174,38,23,6,57,0.014,"{""IC"": 154, ""S"": 29, ""PYO"": 15, ""HDM"": 15, ""AE"": 4, ""MV"": 24}","[5, 6, 8, 7, 9, 11, 10, 13, 17, 18]",0.0137
2022,2,24,4,187,14692,78.57,7,600,206,0.014,61,145,374,14.6,8.0,152,37,14,3,42,0.016,"{""IC"": 119, ""S"": 27, ""PYO"": 16, ""HDM"": 14, ""AE"": 1, ""MV"": 29}","[5, 6, 7, 9, 8, 11, 17, 12, 10, 18]",0.0144
2022,2,25,5,210,17188,81.85,9,536,198,0.0115,44,154,192,12.03,7.0,169,17,7,5,37,0.0194,"{""IC"": 108, ""S"": 25, ""PYO"": 29, ""HDM"": 15, ""AE"": 1, ""MUS"": 5, ""MV"": 15}","[5, 6, 7, 8, 9, 10, 11, 12, 14, 13]",0.0143
2022,2,26,6,171,14862,86.91,4,218,154,0.0104,44,110,137,14.68,8.0,118,19,11,6,25,0.0191,"{""IC"": 85, ""S"": 18, ""PYO"": 31, ""HDM"": 10, ""MUS"": 2, ""MV"": 8}","[5, 6, 7, 11, 9, 10, 12, 8, 14, 13]",0.0141
2022,2,27,7,169,14044,83.1,10,220,137,0.0098,28,109,82,10.88,7.0,116,11,9,1,21,0.0255,"{""IC"": 86, ""S"": 20, ""PYO"": 12, ""HDM"": 11, ""AE"": 2, ""MUS"": 4, ""MV"": 2}","[5, 6, 7, 8, 9, 11, 10, 19, 14, 20]",0.0135
2022,2,28,1,186,15298,82.25,3,210,116,0.0076,21,95,37,8.95,7.0,102,10,4,0,10,0.0433,"{""IC"": 80, ""S"": 17, ""PYO"": 12, ""HDM"": 3, ""MV"": 4}","[5, 6, 7, 9, 10, 8, 13, 11, 17, 12]",0.0128
2022,3,1,2,181,14594,80.63,1,136,121,0.0083,31,90,40,9.41,7.0,105,12,4,0,16,0.0327,"{""IC"": 81, ""S"": 17, ""PYO"": 11, ""HDM"": 4, ""AE"": 1, ""MV"": 7}","[5, 7, 6, 10, 8, 11, 12, 9, 13, 14]",0.0112
2022,3,2,3,177,14422,81.48,7,196,106,0.0073,25,81,114,9.86,6.0,95,6,4,1,5,0.0267,"{""IC"": 73, ""S"": 15, ""PYO"": 14, ""HDM"": 3, ""AE"": 1}","[5, 6, 7, 10, 8, 9, 18, 13, 14, 48]",0.0098
2022,3,3,4,177,14598,82.47,4,138,125,0.0086,30,95,54,8.47,6.0,114,10,1,0,10,0.0356,"{""IC"": 85, ""S"": 13, ""PYO"": 19, ""HDM"": 6, ""MV"": 2}","[5, 6, 7, 8, 10, 9, 13, 11, 17, 20]",0.0091
2022,3,4,5,202,17100,84.65,5,134,150,0.0088,40,110,37,9.99,7.0,125,20,5,0,18,0.0343,"{""IC"": 96, ""S"": 23, ""PYO"": 19, ""HDM"": 11, ""AE"": 1}","[5, 6, 7, 9, 8, 12, 14, 19, 11, 29]",0.0087
2022,3,5,6,165,14602,88.5,2,132,131,0.009,29,102,59,10.93,7.0,109,14,8,0,16,0.0393,"{""IC"": 81, ""S"": 13, ""PYO"": 27, ""HDM"": 7, ""AE"": 1, ""MV"": 2}","[5, 7, 6, 8, 11, 12, 13, 10, 9, 26]",0.0085
2022,3,6,7,162,13788,85.11,0,40,98,0.0071,24,74,87,11.32,7.0,76,18,2,2,14,0.0298,"{""IC"": 72, ""S"": 7, ""PYO"": 12, ""HDM"": 6, ""MV"": 1}","[5, 6, 7, 8, 12, 18, 15, 10, 11, 9]",0.0081
2022,3,7,1,187,15596,83.4,1,100,88,0.0056,25,63,76,9.89,7.0,79,5,3,1,8,0.0328,"{""S"": 10, ""IC"": 61, ""PYO"": 10, ""HDM"": 1, ""AE"": 4, ""MV"": 2}","[5, 6, 7, 9, 8, 14, 10, 11, 12, 15]",0.0078
2022,3,8,2,183,15258,83.38,5,226,163,0.0107,40,123,82,11.18,8.0,136,19,5,3,22,0.0289,"{""IC"": 121, ""S"": 14, ""PYO"": 11, ""HDM"": 10, ""AE"": 2, ""MV"": 5}","[5, 8, 7, 6, 10, 9, 12, 11, 13, 29]",0.0082
2022,3,9,3,185,15338,82.91,6,442,107,0.007,24,83,66,9.25,7.0,94,10,2,1,8,0.0484,"{""IC"": 77, ""S"": 10, ""PYO"": 9, ""HDM"": 4, ""AE"": 2, ""MV"": 5}","[5, 6, 7, 9, 8, 12, 10, 11, 16, 20]",0.0081
2022,3,10,4,193,15948,82.63,6,310,142,0.0089,37,105,127,10.23,7.0,121,16,3,2,22,0.0413,"{""IC"": 97, ""S"": 21, ""PYO"": 14, ""HDM"": 6, ""MV"": 4}","[5, 6, 7, 8, 15, 9, 11, 17, 19, 14]",0.0082
2022,3,11,5,212,17994,84.88,11,514,139,0.0077,31,108,53,8.98,6.0,122,14,3,0,9,0.0427,"{""IC"": 82, ""S"": 26, ""PYO"": 22, ""HDM"": 6, ""MV"": 3}","[5, 6, 7, 8, 10, 12, 9, 11, 20, 16]",0.008
2022,3,12,6,175,15202,86.87,8,512,139,0.0091,31,108,58,10.53,7.0,114,18,7,0,11,0.0682,"{""S"": 8, ""IC"": 80, ""PYO"": 37, ""HDM"": 7, ""MV"": 7}","[5, 6, 7, 10, 8, 9, 12, 15, 11, 17]",0.008
2022,3,13,7,172,14646,85.15,4,278,101,0.0069,15,86,42,8.29,6.0,91,8,2,0,7,0.0664,"{""IC"": 73, ""S"": 7, ""PYO"": 14, ""AE"": 2, ""MV"": 5}","[5, 6, 7, 8, 9, 11, 12, 15, 29, 17]",0.008
2022,3,14,1,192,16134,84.03,6,476,96,0.006,14,82,30,7.8,7.0,91,4,1,0,3,0.0787,"{""IC"": 67, ""S"": 12, ""PYO"": 16, ""HDM"": 1}","[6, 5, 7, 10, 8, 9, 13, 11, 16, 20]",0.008
2022,3,15,2,192,15616,81.33,7,532,134,0.0086,32,102,77,9.82,7.0,112,19,2,1,10,0.0501,"{""IC"": 88, ""S"": 14, ""PYO"": 16, ""HDM"": 8, ""AE"": 3, ""MV"": 5}","[5, 6, 7, 10, 8, 9, 12, 11, 15, 17]",0.0077
2022,3,16,3,189,15468,81.84,3,382,127,0.0082,24,103,70,10.51,7.0,105,15,5,2,13,0.0347,"{""IC"": 86, ""S"": 14, ""PYO"": 17, ""HDM"": 8, ""MV"": 2}","[5, 6, 7, 9, 8, 11, 20, 16, 21, 62]",0.0079
2022,3,17,4,193,16054,83.18,2,304,113,0.007,20,93,77,10.7,7.0,92,17,3,1,14,0.0461,"{""IC"": 78, ""S"": 12, ""PYO"": 11, ""HDM"": 3, ""AE"": 1, ""MV"": 8}","[5, 6, 7, 8, 10, 9, 19, 11, 20, 13]",0.0076
2022,3,18,5,206,17752,86.17,2,248,144,0.0081,31,113,71,9.01,7.0,126,17,0,1,13,0.0399,"{""IC"": 89, ""S"": 23, ""PYO"": 28, ""HDM"": 3, ""AE"": 1}","[5, 6, 7, 8, 9, 10, 11, 13, 15, 17]",0.0077
2022,3,19,6,178,15336,86.16,6,388,140,0.0091,24,116,73,11.06,7.0,117,16,5,2,11,0.0498,"{""IC"": 76, ""S"": 13, ""PYO"": 36, ""HDM"": 3, ""P"": 3, ""AE"": 1, ""MV"": 8}","[5, 6, 7, 8, 10, 11, 9, 14, 12, 15]",0.0077
2022,3,20,7,170,14512,85.36,2,248,101,0.007,17,84,39,8.68,6.0,90,9,2,0,7,0.0635,"{""IC"": 69, ""S"": 12, ""PYO"": 14, ""HDM"": 5, ""MV"": 1}","[5, 6, 7, 8, 9, 13, 14, 12, 11, 17]",0.0077
2022,3,21,1,193,16234,84.11,5,404,105,0.0065,19,86,135,10.09,6.0,95,7,1,2,3,0.0777,"{""S"": 13, ""IC"": 72, ""PYO"": 14, ""HDM"": 3, ""AE"": 2, ""MV"": 1}","[5, 6, 7, 9, 12, 8, 16, 10, 15, 11]",0.0078
2022,3,22,2,192,15596,81.23,7,392,132,0.0085,28,104,114,11.41,7.0,111,15,2,4,10,0.0615,"{""IC"": 86, ""S"": 10, ""PYO"": 17, ""HDM"": 6, ""MV"": 13}","[5, 6, 7, 8, 10, 9, 13, 14, 21, 18]",0.0078
2022,3,23,3,191,15634,81.85,5,368,114,0.0073,27,87,74,10.34,7.0,99,9,5,1,8,0.0568,"{""IC"": 81, ""S"": 9, ""PYO"": 11, ""HDM"": 2, ""AE"": 2, ""MV"": 9}","[6, 5, 7, 9, 8, 10, 11, 14, 16, 12]",0.0076
2022,3,24,4,194,16154,83.27,4,332,126,0.0078,18,108,31,7.98,6.0,117,8,1,0,10,0.0785,"{""IC"": 91, ""S"": 9, ""PYO"": 15, ""HDM"": 2, ""MV"": 9}","[5, 6, 7, 8, 9, 10, 11, 13, 12, 15]",0.0078
2022,3,25,5,210,17662,84.1,5,278,169,0.0096,39,130,53,11.65,8.0,130,30,9,0,19,0.0352,"{""IC"": 99, ""S"": 14, ""PYO"": 32, ""HDM"": 10, ""AE"": 4, ""MV"": 10}","[5, 6, 8, 7, 9, 11, 12, 10, 15, 27]",0.008
2022,3,26,6,169,14140,83.67,3,784,139,0.0098,32,107,62,12.69,8.0,103,25,8,3,25,0.0405,"{""S"": 15, ""IC"": 72, ""PYO"": 35, ""HDM"": 16, ""AE"": 1}","[5, 7, 8, 6, 9, 11, 10, 20, 12, 23]",0.0081
2022,3,27,7,174,15360,88.28,8,1254,99,0.0064,11,88,63,10.17,7.0,84,11,3,1,10,0.05,"{""IC"": 68, ""S"": 11, ""PYO"": 16, ""HDM"": 4}","[5, 6, 7, 9, 8, 10, 12, 11, 14, 20]",0.008
2022,3,28,1,193,16624,86.13,8,700,110,0.0066,15,95,86,8.81,6.0,100,7,2,1,8,0.0527,"{""IC"": 78, ""S"": 13, ""PYO"": 15, ""HDM"": 4}","[5, 6, 7, 8, 12, 9, 10, 14, 16, 15]",0.008
2022,3,29,2,191,16430,86.02,8,700,132,0.008,29,103,84,9.7,7.0,112,19,0,1,9,0.0559,"{""IC"": 87, ""S"": 19, ""PYO"": 19, ""HDM"": 7}","[5, 6, 7, 8, 11, 10, 12, 19, 14, 15]",0.0079
2022,3,30,3,196,16726,85.34,9,726,126,0.0075,20,106,233,12.06,7.0,109,10,5,2,8,0.047,"{""IC"": 84, ""S"": 17, ""PYO"": 15, ""HDM"": 8, ""MV"": 2}","[5, 6, 7, 8, 12, 9, 13, 14, 10, 11]",0.008
2022,3,31,4,208,16972,81.6,8,700,118,0.007,27,91,68,9.92,6.5,103,8,6,1,12,0.0424,"{""IC"": 81, ""S"": 10, ""PYO"": 17, ""HDM"": 1, ""MV"": 9}","[5, 6, 7, 8, 12, 14, 9, 10, 13, 20]",0.0078
2022,4,1,5,220,18426,83.75,14,860,137,0.0074,29,108,68,9.71,6.0,115,15,6,1,10,0.0432,"{""IC"": 90, ""S"": 15, ""PYO"": 24, ""HDM"": 6, ""MV"": 2}","[5, 6, 7, 8, 9, 19, 30, 14, 17, 15]",0.0075
2022,4,2,6,177,15176,85.74,11,654,134,0.0088,24,110,41,10.18,8.0,107,24,3,0,12,0.0832,"{""IC"": 75, ""S"": 12, ""PYO"": 38, ""HDM"": 2, ""MV"": 7}","[5, 6, 7, 8, 11, 9, 16, 12, 15, 14]",0.0074
2022,4,3,7,184,14932,81.15,6,484,114,0.0076,18,96,44,9.39,7.0,97,14,3,0,11,0.0599,"{""IC"": 67, ""S"": 19, ""PYO"": 13, ""HDM"": 5, ""MUS"": 4, ""MV"": 6}","[5, 6, 7, 8, 12, 9, 10, 16, 15, 11]",0.0076
2022,4,4,1,199,16722,84.03,8,504,108,0.0065,23,85,87,11.3,7.0,92,10,4,2,13,0.038,"{""IC"": 74, ""S"": 6, ""PYO"": 15, ""HDM"": 5, ""MV"": 8}","[5, 6, 7, 10, 9, 8, 15, 11, 13, 12]",0.0075
2022,4,5,2,195,16054,82.33,9,458,207,0.0129,60,147,153,13.26,8.0,158,31,14,4,33,0.0172,"{""IC"": 153, ""S"": 30, ""PYO"": 9, ""HDM"": 8, ""MV"": 7}","[5, 6, 7, 8, 10, 11, 12, 9, 15, 13]",0.0082
2022,4,6,3,196,16252,82.92,18,468,137,0.0084,23,114,138,10.55,7.0,115,16,5,1,24,0.023,"{""IC"": 90, ""S"": 17, ""PYO"": 13, ""HDM"": 6, ""MV"": 11}","[5, 6, 7, 8, 12, 9, 13, 16, 17, 19]",0.0084
2022,4,7,4,197,16424,83.37,7,206,115,0.007,24,91,29,7.96,6.0,103,12,0,0,9,0.0547,"{""IC"": 78, ""S"": 18, ""PYO"": 16, ""MV"": 3}","[5, 6, 7, 8, 9, 12, 15, 17, 10, 11]",0.0084
2022,4,8,5,212,17722,83.59,6,194,128,0.0072,18,110,114,10.86,7.0,104,21,2,1,15,0.0413,"{""S"": 20, ""IC"": 68, ""PYO"": 28, ""HDM"": 8, ""MV"": 4}","[5, 6, 7, 8, 10, 15, 21, 13, 11, 9]",0.0083
2022,4,9,6,170,14612,85.95,5,78,151,0.0103,26,125,51,9.78,7.0,124,24,3,0,13,0.064,"{""IC"": 97, ""S"": 14, ""PYO"": 31, ""HDM"": 6, ""MV"": 3}","[5, 6, 7, 8, 9, 10, 11, 15, 12, 16]",0.0086
2022,4,10,7,170,14320,84.24,0,56,106,0.0074,12,94,104,11.36,8.0,95,5,4,2,18,0.0346,"{""IC"": 75, ""S"": 10, ""PYO"": 13, ""HDM"": 4, ""MV"": 4}","[5, 6, 8, 7, 12, 9, 14, 10, 13, 11]",0.0085
2022,4,11,1,191,16338,85.54,3,188,105,0.0064,27,78,66,9.55,7.0,93,8,3,1,8,0.0341,"{""IC"": 75, ""S"": 13, ""PYO"": 13, ""HDM"": 3, ""MV"": 1}","[5, 6, 7, 8, 10, 9, 13, 11, 12, 14]",0.0085
2022,4,12,2,186,15880,85.38,2,120,112,0.0071,18,94,58,9.77,7.0,97,10,5,0,9,0.0586,"{""IC"": 84, ""S"": 12, ""PYO"": 10, ""HDM"": 3, ""MV"": 3}","[5, 6, 7, 8, 12, 9, 11, 13, 10, 15]",0.0077
2022,4,13,3,186,16304,87.66,3,180,122,0.0075,17,105,75,9.48,7.0,109,10,2,1,11,0.0391,"{""IC"": 71, ""S"": 14, ""PYO"": 31, ""HDM"": 6}","[5, 6, 7, 8, 9, 11, 10, 14, 13, 15]",0.0076
2022,4,14,4,204,17034,83.5,4,140,124,0.0073,31,93,195,12.09,7.0,106,12,3,3,14,0.046,"{""IC"": 66, ""S"": 13, ""PYO"": 27, ""HDM"": 11, ""MV"": 7}","[5, 6, 7, 8, 9, 11, 10, 12, 15, 13]",0.0076
2022,4,15,5,186,16030,86.18,4,72,107,0.0067,13,94,46,8.79,6.0,94,11,2,0,12,0.0545,"{""IC"": 59, ""S"": 16, ""PYO"": 23, ""HDM"": 7, ""V"": 2}","[5, 6, 7, 8, 9, 11, 12, 10, 18, 15]",0.0075
2022,4,16,6,174,14466,83.14,4,80,117,0.0081,16,101,48,9.03,7.0,106,10,1,0,12,0.1236,"{""IC"": 63, ""S"": 6, ""PYO"": 34, ""MUS"": 10, ""MV"": 4}","[5, 6, 7, 8, 10, 9, 12, 25, 11, 16]",0.0072
2022,4,17,7,155,13186,85.07,0,0,92,0.007,8,84,40,9.55,7.0,77,14,1,0,4,0.1186,"{""IC"": 50, ""S"": 6, ""PYO"": 27, ""HDM"": 2, ""MUS"": 6, ""V"": 1}","[5, 6, 7, 9, 8, 12, 10, 15, 11, 21]",0.0072
2022,4,18,1,168,14334,85.32,0,0,116,0.0081,18,98,58,11.14,7.0,99,7,10,0,13,0.0577,"{""IC"": 62, ""S"": 9, ""PYO"": 38, ""HDM"": 3, ""MV"": 4}","[5, 6, 7, 8, 9, 12, 13, 14, 11, 10]",0.0074
2022,4,19,2,189,16090,85.13,0,0,117,0.0073,28,89,39,7.56,6.0,110,6,1,0,6,0.0782,"{""IC"": 80, ""S"": 12, ""PYO"": 9, ""HDM"": 7, ""MV"": 9}","[5, 6, 7, 8, 10, 13, 9, 14, 16, 11]",0.0074
2022,4,20,3,184,15688,85.26,0,0,118,0.0075,37,81,64,10.53,8.0,100,14,3,1,9,0.0417,"{""IC"": 97, ""S"": 9, ""PYO"": 6, ""HDM"": 4, ""MV"": 2}","[5, 6, 7, 8, 9, 10, 11, 12, 14, 16]",0.0074
2022,4,21,4,191,16024,83.9,1,46,107,0.0067,23,84,35,8.75,7.0,96,7,4,0,11,0.051,"{""IC"": 77, ""S"": 16, ""PYO"": 4, ""HDM"": 4, ""MV"": 6}","[5, 7, 6, 8, 9, 11, 12, 10, 32, 23]",0.0073
2022,4,22,5,210,17124,81.54,2,30,138,0.0081,18,120,67,9.27,7.0,123,12,2,1,19,0.043,"{""IC"": 95, ""S"": 24, ""PYO"": 10, ""HDM"": 4, ""MV"": 5}","[5, 6, 8, 7, 10, 11, 9, 17, 12, 14]",0.0075
2022,4,23,6,165,14244,86.33,0,0,92,0.0065,11,81,38,8.96,7.0,81,9,2,0,6,0.0792,"{""S"": 10, ""IC"": 63, ""PYO"": 13, ""HDM"": 2, ""MUS"": 4}","[5, 6, 7, 8, 12, 9, 10, 17, 25, 21]",0.0073
2022,4,24,7,165,13916,84.34,0,0,100,0.0072,16,84,37,9.72,7.0,84,13,3,0,12,0.059,"{""IC"": 76, ""S"": 16, ""PYO"": 6, ""HDM"": 2}","[5, 7, 8, 6, 13, 15, 14, 9, 18, 25]",0.0073
2022,4,25,1,188,15650,83.24,0,0,81,0.0052,23,58,78,11.58,7.0,67,8,5,1,6,0.0505,"{""IC"": 62, ""S"": 5, ""PYO"": 7, ""HDM"": 2, ""MV"": 5}","[5, 6, 7, 12, 8, 14, 15, 11, 9, 10]",0.0069
2022,4,26,2,189,15588,82.48,4,106,85,0.0055,12,73,51,8.67,7.0,77,4,4,0,7,0.0834,"{""IC"": 67, ""S"": 6, ""PYO"": 4, ""HDM"": 7, ""MV"": 1}","[5, 7, 6, 9, 8, 17, 10, 11, 51, 15]",0.0067
2022,4,27,3,190,15514,81.65,2,46,90,0.0058,8,82,25,7.53,6.0,83,7,0,0,7,0.0943,"{""IC"": 60, ""S"": 14, ""PYO"": 8, ""HDM"": 2, ""MV"": 6}","[5, 6, 8, 7, 12, 11, 17, 14, 13, 18]",0.0064
2022,4,28,4,196,15906,81.15,0,4,105,0.0066,22,83,67,9.16,7.0,95,7,2,1,9,0.0635,"{""IC"": 71, ""S"": 6, ""PYO"": 8, ""HDM"": 5, ""MV"": 15}","[5, 6, 7, 9, 8, 12, 10, 11, 18, 14]",0.0064
2022,4,29,5,206,16566,80.42,0,0,113,0.0068,24,89,63,10.5,7.0,98,9,5,1,17,0.0402,"{""IC"": 81, ""S"": 9, ""PYO"": 10, ""HDM"": 6, ""MV"": 7}","[5, 6, 7, 9, 8, 13, 10, 12, 11, 20]",0.0062
2022,4,30,6,164,14234,86.79,1,88,97,0.0068,15,82,40,10.29,8.0,80,14,3,0,9,0.0541,"{""IC"": 64, ""S"": 7, ""PYO"": 17, ""HDM"": 5, ""MV"": 4}","[5, 6, 8, 9, 10, 7, 11, 15, 20, 12]",0.0063
2022,5,1,7,166,14004,84.36,0,0,74,0.0053,12,62,72,8.86,6.0,68,4,1,1,1,0.0717,"{""IC"": 54, ""S"": 7, ""PYO"": 11, ""HDM"": 1, ""MV"": 1}","[5, 6, 7, 8, 9, 11, 10, 72, 41, 23]",0.006
2022,5,2,1,199,15540,78.09,9,82,86,0.0055,17,69,43,9.79,7.0,74,7,5,0,10,0.0713,"{""IC"": 66, ""S"": 5, ""HDM"": 2, ""MV"": 13}","[5, 6, 7, 8, 9, 16, 10, 11, 13, 23]",0.006
2022,5,3,2,197,15350,77.92,4,42,88,0.0057,18,70,135,9.12,6.0,82,5,0,1,9,0.069,"{""IC"": 65, ""S"": 11, ""HDM"": 3, ""MV"": 9}","[5, 6, 7, 9, 10, 8, 12, 27, 11, 17]",0.0061
2022,5,4,3,199,15560,78.19,13,270,103,0.0066,13,90,67,9.03,7.0,91,10,1,1,10,0.0416,"{""IC"": 74, ""S"": 14, ""PYO"": 7, ""HDM"": 6, ""MV"": 2}","[5, 6, 8, 7, 9, 11, 13, 10, 20, 18]",0.0062
2022,5,5,4,196,15794,80.58,0,0,144,0.0091,46,98,45,10.16,7.0,120,19,5,0,19,0.0399,"{""IC"": 88, ""S"": 22, ""PYO"": 9, ""HDM"": 3, ""MV"": 22}","[5, 6, 8, 7, 9, 10, 14, 12, 11, 15]",0.0065
2022,5,6,5,212,16966,80.03,5,184,92,0.0054,18,74,65,9.47,6.0,83,7,1,1,11,0.0486,"{""IC"": 60, ""S"": 13, ""PYO"": 5, ""HDM"": 6, ""MV"": 8}","[5, 6, 8, 9, 7, 10, 12, 13, 23, 14]",0.0063
2022,5,7,6,146,13276,90.93,0,2,93,0.007,18,75,33,8.77,7.0,82,9,2,0,8,0.0565,"{""S"": 5, ""IC"": 74, ""PYO"": 11, ""HDM"": 3}","[5, 9, 6, 7, 8, 10, 11, 15, 16, 22]",0.0064
2022,5,8,7,150,13164,87.76,0,2,110,0.0084,24,86,56,12.85,8.0,81,16,13,0,18,0.0245,"{""IC"": 79, ""S"": 17, ""HDM"": 7, ""MV"": 3, ""V"": 4}","[5, 6, 7, 8, 13, 14, 9, 15, 17, 11]",0.0068
2022,5,9,1,181,15764,87.09,2,60,88,0.0056,16,72,26,8.97,7.0,80,8,0,0,10,0.0376,"{""IC"": 69, ""S"": 13, ""HDM"": 3, ""MV"": 3}","[5, 6, 7, 8, 11, 9, 10, 12, 22, 14]",0.0068
2022,5,10,2,180,15770,87.61,4,160,119,0.0075,25,94,257,15.97,7.0,100,9,4,6,9,0.0182,"{""IC"": 98, ""S"": 14, ""HDM"": 6, ""MV"": 1}","[5, 6, 7, 8, 10, 9, 12, 13, 11, 24]",0.0071
2022,5,11,3,181,16006,88.43,4,160,100,0.0062,21,79,57,9.59,7.0,86,10,4,0,13,0.0353,"{""S"": 13, ""IC"": 74, ""PYO"": 10, ""HDM"": 1, ""MV"": 2}","[5, 6, 7, 10, 9, 15, 8, 12, 11, 14]",0.007
2022,5,12,4,179,15980,89.27,0,64,93,0.0058,20,73,36,8.8,7.0,83,9,1,0,10,0.0408,"{""S"": 9, ""IC"": 63, ""PYO"": 11, ""HDM"": 5, ""MV"": 5}","[5, 6, 8, 11, 10, 9, 7, 15, 13, 12]",0.0066
2022,5,13,5,211,17314,82.06,6,190,147,0.0085,30,117,29,9.36,7.0,126,21,0,0,27,0.0354,"{""IC"": 107, ""S"": 25, ""PYO"": 9, ""HDM"": 2, ""MV"": 4}","[5, 6, 7, 8, 9, 10, 11, 12, 18, 26]",0.007
2022,5,14,6,174,14496,83.31,0,4,131,0.009,38,93,37,9.21,7.0,116,14,1,0,17,0.0401,"{""IC"": 86, ""S"": 19, ""PYO"": 11, ""HDM"": 8, ""P"": 2, ""MV"": 5}","[5, 6, 7, 9, 11, 8, 13, 12, 10, 15]",0.0073
2022,5,15,7,176,14162,80.47,1,30,108,0.0076,22,86,104,12.33,6.0,93,8,2,5,17,0.0533,"{""IC"": 73, ""S"": 17, ""HDM"": 8, ""MV"": 10}","[5, 6, 7, 9, 8, 11, 14, 10, 23, 21]",0.0072
2022,5,16,1,198,16472,83.19,0,32,94,0.0057,21,73,43,10.1,7.0,79,10,5,0,10,0.0576,"{""S"": 18, ""IC"": 64, ""HDM"": 5, ""MV"": 7}","[5, 6, 7, 9, 8, 11, 12, 16, 17, 29]",0.0072
2022,5,17,2,201,16562,82.4,1,204,164,0.0099,49,115,116,13.38,7.0,135,17,5,7,21,0.037,"{""IC"": 116, ""S"": 23, ""HDM"": 2, ""MV"": 23}","[5, 7, 6, 8, 9, 12, 10, 13, 11, 21]",0.0075
2022,5,18,3,207,16848,81.39,6,216,116,0.0069,22,94,102,9.75,7.0,103,11,1,1,11,0.0506,"{""IC"": 85, ""S"": 14, ""PYO"": 10, ""HDM"": 4, ""MV"": 3}","[5, 6, 7, 8, 9, 11, 12, 13, 10, 14]",0.0076
2022,5,19,4,201,16746,83.31,3,186,129,0.0077,28,101,78,11.39,7.0,103,16,9,1,19,0.0432,"{""IC"": 93, ""S"": 18, ""PYO"": 8, ""HDM"": 5, ""MV"": 5}","[5, 6, 7, 8, 10, 9, 16, 31, 13, 12]",0.0079
2022,5,20,5,210,17324,82.5,0,32,125,0.0072,27,98,60,9.12,7.0,110,11,3,1,12,0.0424,"{""IC"": 88, ""S"": 26, ""PYO"": 5, ""HDM"": 2, ""MV"": 4}","[5, 6, 7, 10, 8, 11, 13, 9, 12, 17]",0.0077
2022,5,21,6,164,12174,74.23,4,64,72,0.0059,16,56,30,8.04,6.0,65,6,1,0,10,0.0563,"{""S"": 12, ""IC"": 52, ""HDM"": 2, ""MV"": 6}","[5, 6, 7, 11, 10, 9, 12, 17, 8, 13]",0.0073
2022,5,22,7,165,13846,83.92,0,0,132,0.0095,28,104,114,10.09,7.0,115,15,0,2,17,0.0407,"{""IC"": 103, ""S"": 18, ""PYO"": 8, ""HDM"": 2, ""MV"": 1}","[5, 6, 8, 7, 9, 10, 11, 12, 18, 14]",0.0075
2022,5,23,1,195,16332,83.75,0,32,118,0.0072,26,92,38,8.43,7.0,108,8,2,0,16,0.0439,"{""S"": 23, ""IC"": 79, ""HDM"": 5, ""MV"": 11}","[5, 6, 7, 9, 8, 10, 14, 12, 17, 13]",0.0078
2022,5,24,2,201,16528,82.23,4,194,139,0.0084,34,105,85,11.44,7.0,116,14,7,2,23,0.0384,"{""IC"": 101, ""S"": 19, ""HDM"": 10, ""MV"": 9}","[5, 6, 7, 8, 13, 10, 12, 9, 11, 15]",0.0075
2022,5,25,3,200,16540,82.7,4,204,120,0.0073,31,89,42,8.61,6.0,107,8,5,0,14,0.0417,"{""S"": 16, ""IC"": 89, ""PYO"": 6, ""HDM"": 5, ""MV"": 4}","[5, 7, 6, 8, 9, 11, 16, 10, 12, 20]",0.0076
2022,5,26,4,179,15488,86.53,2,292,110,0.0071,24,86,39,8.71,6.0,96,11,3,0,18,0.0372,"{""S"": 16, ""IC"": 77, ""PYO"": 7, ""HDM"": 7, ""MV"": 3}","[5, 6, 7, 8, 9, 10, 21, 12, 13, 15]",0.0075
2022,5,27,5,209,17082,81.73,0,32,144,0.0084,36,108,57,9.65,7.0,123,17,4,0,27,0.0314,"{""IC"": 103, ""S"": 16, ""PYO"": 8, ""HDM"": 10, ""MV"": 6, ""V"": 1}","[5, 6, 8, 7, 9, 14, 11, 16, 10, 12]",0.0077
2022,5,28,6,164,11822,72.09,0,0,62,0.0052,16,46,62,8.89,6.0,55,5,1,1,10,0.0485,"{""IC"": 44, ""S"": 12, ""HDM"": 2, ""MUS"": 1, ""MV"": 3}","[5, 6, 7, 9, 10, 12, 15, 11, 62, 18]",0.0076
2022,5,29,7,174,13884,79.79,0,0,158,0.0114,45,113,58,11.83,7.0,128,15,15,0,32,0.0227,"{""IC"": 113, ""S"": 21, ""PYO"": 9, ""HDM"": 8, ""MV"": 7}","[5, 6, 7, 8, 10, 11, 14, 9, 28, 40]",0.0079
2022,5,30,1,197,15902,80.72,4,122,146,0.0092,44,102,43,9.37,7.0,127,15,4,0,15,0.0277,"{""IC"": 119, ""S"": 16, ""HDM"": 5, ""MV"": 6}","[5, 6, 7, 8, 9, 12, 11, 10, 15, 14]",0.0081
2022,5,31,2,193,15226,78.89,3,176,136,0.0089,43,93,103,9.65,7.0,121,11,3,1,15,0.0282,"{""IC"": 108, ""S"": 21, ""HDM"": 4, ""MV"": 3}","[5, 6, 9, 8, 7, 10, 11, 13, 12, 17]",0.0082
2022,6,1,3,201,16240,80.8,3,226,125,0.0077,30,95,66,9.89,7.0,103,20,1,1,14,0.0402,"{""IC"": 88, ""S"": 14, ""PYO"": 8, ""HDM"": 5, ""MV"": 10}","[5, 6, 8, 7, 9, 18, 11, 10, 14, 17]",0.0083
2022,6,2,4,196,15780,80.51,1,132,149,0.0094,38,111,149,15.53,7.0,113,20,10,6,22,0.0349,"{""IC"": 105, ""S"": 21, ""PYO"": 6, ""HDM"": 7, ""MV"": 10}","[5, 6, 7, 9, 8, 11, 10, 23, 13, 12]",0.0086
2022,6,3,5,205,16688,81.4,2,32,124,0.0074,28,96,68,8.66,7.0,111,11,1,1,17,0.0432,"{""IC"": 87, ""S"": 22, ""PYO"": 8, ""HDM"": 6, ""MV"": 1}","[5, 6, 7, 8, 9, 11, 10, 12, 17, 16]",0.0085
2022,6,4,6,163,11822,72.53,3,124,68,0.0058,13,55,47,10.25,6.0,55,10,3,0,9,0.0439,"{""IC"": 47, ""S"": 13, ""HDM"": 3, ""MV"": 5}","[5, 6, 7, 8, 9, 14, 10, 21, 23, 20]",0.0085
2022,6,5,7,167,13510,80.9,3,52,130,0.0096,30,100,50,9.65,7.0,111,16,3,0,18,0.0292,"{""IC"": 94, ""S"": 18, ""PYO"": 8, ""HDM"": 7, ""MV"": 3}","[5, 6, 7, 9, 10, 8, 11, 12, 16, 17]",0.0083
2022,6,6,1,195,16176,82.95,6,114,135,0.0083,41,94,38,8.47,7.0,124,9,2,0,16,0.0374,"{""S"": 19, ""IC"": 109, ""HDM"": 6, ""MV"": 1}","[5, 6, 8, 7, 13, 9, 11, 12, 15, 10]",0.0082
2022,6,7,2,199,15734,79.07,4,128,108,0.0069,38,70,35,8.54,6.5,99,8,1,0,6,0.0556,"{""IC"": 82, ""S"": 14, ""HDM"": 7, ""MV"": 5}","[5, 6, 9, 8, 7, 14, 13, 10, 12, 16]",0.0079
2022,6,8,3,196,16162,82.46,3,98,124,0.0077,40,84,43,8.86,7.0,111,12,1,0,17,0.0416,"{""IC"": 91, ""S"": 18, ""PYO"": 8, ""HDM"": 3, ""MV"": 4}","[5, 6, 8, 7, 12, 9, 11, 10, 14, 17]",0.0079
2022,6,9,4,196,16126,82.28,8,96,111,0.0069,25,86,43,8.16,7.0,105,3,3,0,9,0.0549,"{""IC"": 79, ""S"": 11, ""PYO"": 10, ""HDM"": 5, ""MV"": 6}","[5, 6, 7, 8, 11, 9, 10, 29, 14, 15]",0.0075
2022,6,10,5,210,17140,81.62,6,60,170,0.0099,32,138,63,10.78,7.0,136,27,6,1,20,0.0273,"{""S"": 21, ""IC"": 132, ""PYO"": 3, ""HDM"": 12, ""MV"": 2}","[5, 6, 7, 8, 9, 10, 11, 13, 16, 20]",0.0079
2022,6,11,6,161,11666,72.46,5,102,70,0.006,10,60,74,11.89,7.0,57,7,5,1,15,0.0375,"{""IC"": 48, ""S"": 10, ""HDM"": 9, ""MUS"": 1, ""MV"": 2}","[5, 6, 7, 8, 9, 16, 13, 14, 12, 38]",0.0079
2022,6,12,7,175,13988,79.93,6,176,134,0.0096,27,107,108,10.51,7.0,113,16,3,2,22,0.0299,"{""IC"": 97, ""S"": 19, ""PYO"": 7, ""HDM"": 5, ""MUS"": 2, ""MV"": 4}","[5, 6, 7, 10, 8, 9, 20, 14, 13, 11]",0.0079
2022,6,13,1,194,16292,83.98,5,90,123,0.0075,21,102,38,8.99,7.0,108,12,3,0,19,0.0394,"{""IC"": 84, ""S"": 14, ""PYO"": 10, ""HDM"": 14, ""MV"": 1}","[5, 6, 7, 9, 8, 11, 12, 10, 15, 13]",0.0078
2022,6,14,2,200,15734,78.67,4,76,131,0.0083,38,93,46,9.47,7.0,111,14,6,0,19,0.0505,"{""S"": 17, ""IC"": 89, ""PYO"": 8, ""HDM"": 7, ""MUS"": 1, ""MV"": 9}","[5, 7, 6, 8, 9, 10, 11, 16, 12, 15]",0.008
2022,6,15,3,204,16142,79.13,1,36,129,0.008,33,96,39,9.39,6.0,111,12,6,0,22,0.0405,"{""IC"": 88, ""S"": 15, ""PYO"": 9, ""HDM"": 7, ""MUS"": 2, ""MV"": 7, ""V"": 1}","[5, 6, 7, 9, 10, 8, 11, 15, 12, 24]",0.008
2022,6,16,4,204,16296,79.88,2,40,109,0.0067,22,87,50,9.42,7.0,95,11,3,0,15,0.0465,"{""IC"": 69, ""S"": 20, ""PYO"": 8, ""HDM"": 4, ""MV"": 8}","[5, 6, 7, 8, 9, 11, 10, 12, 17, 13]",0.008
2022,6,17,5,214,17510,81.82,4,74,131,0.0075,28,103,33,8.5,6.0,120,9,2,0,17,0.0381,"{""IC"": 83, ""S"": 20, ""PYO"": 10, ""HDM"": 11, ""P"": 2, ""MUS"": 3, ""MV"": 1, ""V"": 1}","[5, 6, 10, 7, 11, 13, 8, 9, 12, 20]",0.0077
2022,6,18,6,167,12014,71.94,2,108,63,0.0052,11,52,38,8.17,6.0,56,6,1,0,13,0.0425,"{""IC"": 41, ""S"": 12, ""HDM"": 1, ""MUS"": 4, ""MV"": 5}","[5, 6, 7, 11, 8, 16, 10, 12, 38, 29]",0.0075
2022,6,19,7,171,13742,80.36,0,28,185,0.0135,71,114,82,10.64,7.0,154,22,7,2,29,0.029,"{""IC"": 122, ""S"": 25, ""PYO"": 9, ""HDM"": 28, ""MV"": 1}","[5, 6, 7, 8, 11, 9, 13, 10, 20, 15]",0.0081
2022,6,20,1,193,16266,84.28,2,40,135,0.0083,39,96,47,9.22,7.0,117,14,4,0,22,0.0342,"{""IC"": 90, ""S"": 17, ""PYO"": 8, ""HDM"": 18, ""MV"": 2}","[5, 6, 9, 7, 8, 13, 11, 10, 16, 18]",0.0082
2022,6,21,2,191,15910,83.3,4,104,138,0.0087,40,98,58,9.83,7.0,115,21,2,0,20,0.0425,"{""IC"": 97, ""S"": 19, ""PYO"": 10, ""HDM"": 12}","[5, 6, 7, 8, 9, 11, 10, 14, 15, 12]",0.0083
2022,6,22,3,197,16424,83.37,2,64,145,0.0088,41,104,108,11.6,7.0,123,12,6,4,25,0.0344,"{""IC"": 104, ""S"": 18, ""PYO"": 5, ""HDM"": 8, ""MV"": 10}","[5, 6, 7, 10, 11, 9, 8, 14, 13, 12]",0.0084
2022,6,23,4,202,16944,83.88,2,40,146,0.0086,31,115,85,9.06,7.0,129,15,1,1,13,0.0508,"{""IC"": 98, ""S"": 16, ""PYO"": 22, ""HDM"": 7, ""MV"": 3}","[5, 6, 7, 8, 9, 13, 11, 14, 10, 15]",0.0087
2022,6,24,5,165,11588,70.23,0,0,88,0.0076,20,68,59,10.23,6.0,76,7,5,0,15,0.0377,"{""IC"": 65, ""S"": 12, ""HDM"": 8, ""MV"": 3}","[5, 7, 6, 11, 12, 8, 19, 10, 14, 43]",0.0087
2022,6,25,6,124,6422,51.79,1,20,63,0.0098,20,43,38,9.32,7.0,55,7,1,0,14,0.0557,"{""IC"": 45, ""HDM"": 11, ""S"": 6, ""MV"": 1}","[5, 7, 8, 6, 13, 10, 17, 14, 9, 24]",0.0093
2022,6,26,7,171,12354,72.25,8,904,229,0.0185,71,158,840,39.84,13.0,120,38,41,30,30,0.0127,"{""IC"": 168, ""S"": 28, ""PYO"": 11, ""HDM"": 9, ""MV"": 13}","[5, 7, 6, 9, 10, 8, 11, 30, 14, 18]",0.01
2022,6,27,1,203,16780,82.66,9,1458,342,0.0204,139,203,320,17.56,9.0,243,47,35,17,75,0.0135,"{""IC"": 235, ""S"": 62, ""PYO"": 8, ""HDM"": 24, ""MV"": 13}","[5, 6, 8, 7, 11, 9, 10, 13, 14, 12]",0.0118
2022,6,28,2,201,15914,79.17,15,388,225,0.0141,91,134,70,10.25,7.0,188,30,6,1,48,0.018,"{""IC"": 150, ""S"": 43, ""PYO"": 9, ""HDM"": 12, ""MV"": 11}","[5, 6, 7, 12, 9, 8, 13, 10, 11, 16]",0.0125
2022,6,29,3,195,15928,81.68,0,68,190,0.0119,56,134,168,11.34,8.0,153,32,4,1,29,0.0249,"{""IC"": 137, ""S"": 32, ""PYO"": 8, ""HDM"": 10, ""MV"": 3}","[5, 6, 7, 8, 9, 10, 14, 12, 11, 13]",0.013
2022,6,30,4,197,16162,82.04,1,66,158,0.0098,56,102,200,11.82,7.0,134,15,7,2,18,0.0193,"{""IC"": 107, ""S"": 26, ""PYO"": 10, ""HDM"": 8, ""MV"": 7}","[5, 6, 7, 9, 8, 10, 13, 11, 14, 15]",0.0132
2022,7,1,5,210,17338,82.56,6,356,209,0.0121,67,142,133,12.98,8.0,164,29,11,5,46,0.0166,"{""IC"": 139, ""S"": 45, ""PYO"": 6, ""HDM"": 12, ""MV"": 7}","[5, 6, 7, 8, 9, 10, 14, 12, 13, 17]",0.0138
2022,7,2,6,185,14828,80.15,2,176,173,0.0117,60,113,240,12.91,7.0,154,10,3,6,18,0.0194,"{""IC"": 124, ""S"": 21, ""PYO"": 17, ""HDM"": 7, ""MV"": 4}","[5, 6, 7, 8, 9, 12, 11, 13, 10, 14]",0.0141
2022,7,3,7,188,14880,79.15,1,22,158,0.0106,53,105,270,14.01,7.0,127,22,5,4,29,0.0402,"{""IC"": 107, ""S"": 14, ""PYO"": 8, ""HDM"": 20, ""MV"": 9}","[5, 6, 8, 7, 9, 10, 11, 12, 13, 17]",0.0129
2022,7,4,1,196,16268,83.0,0,0,159,0.0098,45,114,104,9.46,7.0,140,15,3,1,29,0.0269,"{""IC"": 110, ""S"": 24, ""PYO"": 7, ""HDM"": 18}","[5, 6, 7, 8, 9, 12, 10, 14, 11, 16]",0.0114
2022,7,5,2,195,15998,82.04,0,0,131,0.0082,40,91,20,8.13,7.0,120,11,0,0,14,0.0393,"{""IC"": 95, ""S"": 15, ""PYO"": 9, ""HDM"": 10, ""MV"": 2}","[5, 6, 7, 10, 11, 8, 9, 12, 20, 19]",0.0106
2022,7,6,3,196,15960,81.43,0,0,125,0.0078,42,83,96,9.46,7.0,108,16,0,1,16,0.0361,"{""IC"": 89, ""S"": 13, ""PYO"": 7, ""HDM"": 13, ""MV"": 3}","[5, 6, 8, 7, 9, 10, 15, 14, 12, 16]",0.01
2022,7,7,4,199,16060,80.7,1,30,137,0.0085,33,104,91,10.09,7.0,122,9,4,2,24,0.021,"{""S"": 17, ""IC"": 95, ""PYO"": 9, ""HDM"": 12, ""MV"": 4}","[5, 6, 7, 8, 9, 10, 12, 15, 11, 14]",0.0098
2022,7,8,5,204,17086,83.75,2,40,123,0.0072,23,100,57,9.72,7.0,109,7,7,0,13,0.0341,"{""IC"": 85, ""S"": 12, ""PYO"": 10, ""HDM"": 9, ""MUS"": 7}","[5, 7, 6, 8, 10, 11, 17, 9, 14, 39]",0.0091
2022,7,9,6,183,14108,77.09,4,64,113,0.008,15,98,139,12.15,8.0,91,16,4,2,18,0.0492,"{""IC"": 70, ""S"": 7, ""PYO"": 17, ""HDM"": 8, ""MUS"": 6, ""MV"": 5}","[5, 6, 7, 8, 10, 11, 9, 13, 16, 21]",0.0086
2022,7,10,7,174,13868,79.7,1,14,122,0.0088,30,92,45,10.2,7.0,99,17,6,0,14,0.0577,"{""IC"": 92, ""S"": 8, ""PYO"": 7, ""HDM"": 10, ""MUS"": 5}","[5, 6, 7, 8, 9, 10, 15, 16, 13, 14]",0.0083
2022,7,11,1,202,16492,81.64,1,98,134,0.0081,25,109,106,13.32,7.5,101,22,6,5,28,0.0269,"{""IC"": 94, ""S"": 14, ""PYO"": 7, ""HDM"": 10, ""MV"": 9}","[6, 5, 7, 9, 10, 11, 17, 8, 12, 15]",0.0081
2022,7,12,2,192,15936,83.0,0,0,116,0.0073,28,88,107,9.64,7.0,100,14,1,1,12,0.0306,"{""S"": 17, ""IC"": 80, ""PYO"": 8, ""HDM"": 7, ""MV"": 4}","[5, 6, 7, 9, 8, 15, 11, 14, 10, 13]",0.008
2022,7,13,3,192,15782,82.2,2,52,145,0.0092,42,103,152,11.33,7.0,115,22,7,1,28,0.0323,"{""IC"": 91, ""S"": 25, ""PYO"": 7, ""HDM"": 19, ""MV"": 2, ""V"": 1}","[5, 6, 7, 8, 9, 10, 11, 17, 22, 13]",0.0082
2022,7,14,4,193,15960,82.69,0,68,165,0.0103,52,113,89,11.09,7.0,137,22,4,2,22,0.0235,"{""IC"": 119, ""S"": 18, ""PYO"": 5, ""HDM"": 22, ""MV"": 1}","[5, 6, 7, 9, 12, 8, 13, 14, 11, 10]",0.0084
2022,7,15,5,211,17296,81.97,0,0,177,0.0102,45,132,67,10.98,7.0,144,25,6,2,23,0.0259,"{""IC"": 117, ""S"": 23, ""PYO"": 7, ""HDM"": 23, ""MV"": 2, ""V"": 5}","[5, 6, 7, 9, 8, 13, 12, 22, 10, 16]",0.0088
2022,7,16,6,175,14300,81.71,0,0,134,0.0094,28,106,136,10.65,7.0,113,18,1,2,20,0.0367,"{""IC"": 94, ""S"": 10, ""PYO"": 15, ""HDM"": 13, ""MUS"": 2}","[5, 6, 7, 9, 8, 10, 12, 14, 16, 21]",0.009
2022,7,17,7,173,14000,80.92,0,0,133,0.0095,32,101,54,9.47,8.0,118,12,3,0,17,0.0459,"{""S"": 17, ""IC"": 88, ""PYO"": 8, ""HDM"": 12, ""MUS"": 3, ""V"": 5}","[5, 6, 8, 9, 11, 7, 14, 12, 10, 13]",0.0091
2022,7,18,1,200,16598,82.99,0,0,124,0.0075,26,98,45,9.54,6.5,107,14,3,0,15,0.0531,"{""IC"": 88, ""S"": 7, ""PYO"": 4, ""HDM"": 16, ""MV"": 9}","[5, 6, 10, 7, 9, 12, 14, 15, 8, 27]",0.0091
2022,7,19,2,193,15752,81.62,1,136,111,0.007,32,79,50,9.26,6.0,99,9,3,0,10,0.0517,"{""IC"": 75, ""S"": 17, ""PYO"": 8, ""HDM"": 6, ""MV"": 5}","[5, 6, 7, 10, 8, 9, 13, 12, 14, 11]",0.009
2022,7,20,3,189,15458,81.79,2,8,83,0.0054,20,63,67,8.55,6.0,74,8,0,1,7,0.0473,"{""IC"": 63, ""S"": 10, ""PYO"": 4, ""HDM"": 6}","[5, 6, 7, 12, 13, 10, 18, 11, 8, 15]",0.0085
2022,7,21,4,196,16316,83.24,0,136,132,0.0081,34,98,53,10.43,7.0,109,16,7,0,13,0.0385,"{""IC"": 94, ""S"": 14, ""PYO"": 17, ""HDM"": 1, ""MV"": 6}","[5, 6, 7, 8, 11, 10, 15, 9, 19, 14]",0.0082
2022,7,22,5,210,17376,82.74,0,0,148,0.0085,36,112,48,10.04,7.0,123,19,6,0,29,0.0366,"{""IC"": 93, ""S"": 18, ""PYO"": 13, ""HDM"": 19, ""MV"": 3, ""V"": 2}","[5, 6, 7, 8, 11, 9, 15, 12, 10, 13]",0.0079
2022,7,23,6,176,13926,79.12,8,142,105,0.0075,30,75,110,11.7,8.0,88,11,3,3,12,0.0851,"{""IC"": 54, ""S"": 7, ""PYO"": 21, ""HDM"": 19, ""MUS"": 1, ""MV"": 3}","[5, 6, 11, 10, 9, 7, 16, 13, 20, 8]",0.0076
2022,7,24,7,175,14028,80.16,0,0,121,0.0086,30,91,51,10.28,7.0,102,13,6,0,15,0.055,"{""IC"": 74, ""S"": 10, ""PYO"": 8, ""HDM"": 13, ""MV"": 9, ""V"": 7}","[5, 6, 7, 8, 13, 10, 9, 12, 14, 38]",0.0075
2022,7,25,1,195,16382,84.01,0,12,127,0.0078,31,96,66,8.84,6.0,118,5,3,1,18,0.0366,"{""IC"": 87, ""S"": 18, ""PYO"": 10, ""HDM"": 11, ""MV"": 1}","[5, 6, 7, 8, 13, 9, 11, 12, 10, 14]",0.0076
2022,7,26,2,193,16012,82.96,0,0,103,0.0064,30,73,126,8.58,6.0,97,5,0,1,9,0.0471,"{""IC"": 73, ""S"": 19, ""PYO"": 6, ""HDM"": 5}","[5, 6, 7, 9, 8, 10, 12, 11, 15, 126]",0.0075
2022,7,27,3,197,15950,80.96,0,22,109,0.0068,21,88,50,9.64,6.0,92,15,2,0,12,0.0695,"{""IC"": 77, ""S"": 17, ""PYO"": 9, ""HDM"": 3, ""MV"": 3}","[5, 6, 8, 7, 9, 12, 15, 14, 19, 10]",0.0077
2022,7,28,4,196,16244,82.88,0,0,107,0.0066,17,90,25,7.57,6.0,100,7,0,0,7,0.0694,"{""S"": 16, ""IC"": 67, ""PYO"": 19, ""HDM"": 4, ""MV"": 1}","[5, 6, 8, 7, 9, 10, 11, 25, 24, 14]",0.0075
2022,7,29,5,204,17266,84.64,0,0,134,0.0078,25,109,38,8.16,7.0,125,8,1,0,12,0.0519,"{""IC"": 92, ""S"": 22, ""PYO"": 12, ""HDM"": 8}","[5, 6, 9, 8, 7, 12, 11, 10, 13, 15]",0.0074
2022,7,30,6,178,14042,78.89,0,0,116,0.0083,17,99,27,8.66,7.0,105,11,0,0,17,0.0586,"{""IC"": 75, ""S"": 9, ""PYO"": 18, ""HDM"": 11, ""MUS"": 3}","[5, 6, 7, 8, 10, 9, 13, 14, 15, 22]",0.0075
2022,7,31,7,172,13952,81.12,4,166,100,0.0072,15,85,47,8.04,6.0,92,7,1,0,12,0.0553,"{""IC"": 74, ""S"": 13, ""PYO"": 8, ""HDM"": 4, ""MV"": 1}","[5, 6, 7, 8, 11, 12, 15, 10, 13, 9]",0.0073
2022,8,1,1,200,16404,82.02,2,190,118,0.0072,31,87,108,9.25,6.5,107,8,2,1,14,0.046,"{""IC"": 87, ""S"": 9, ""PYO"": 11, ""HDM"": 6, ""MV"": 5}","[5, 6, 7, 8, 10, 9, 11, 14, 17, 16]",0.0072
2022,8,2,2,194,15876,81.84,3,114,145,0.0091,51,94,49,9.41,7.0,126,16,3,0,24,0.0372,"{""S"": 16, ""IC"": 102, ""PYO"": 10, ""HDM"": 12, ""MV"": 5}","[5, 6, 7, 8, 9, 11, 10, 14, 13, 15]",0.0076
2022,8,3,3,205,16568,80.82,3,200,180,0.0109,50,130,67,11.88,8.0,143,26,8,3,26,0.0267,"{""IC"": 123, ""S"": 21, ""PYO"": 5, ""HDM"": 17, ""MV"": 14}","[5, 6, 12, 7, 8, 11, 10, 9, 19, 13]",0.0082
2022,8,4,4,201,16940,84.28,3,186,149,0.0088,33,116,50,9.88,7.0,127,17,5,0,20,0.0366,"{""IC"": 104, ""S"": 19, ""PYO"": 14, ""HDM"": 6, ""MV"": 6}","[5, 6, 7, 8, 9, 10, 11, 21, 12, 13]",0.0085
2022,8,5,5,213,17694,83.07,12,208,143,0.0081,31,112,45,8.43,7.0,128,14,1,0,15,0.0449,"{""IC"": 97, ""S"": 17, ""PYO"": 13, ""HDM"": 9, ""MUS"": 2, ""MV"": 5}","[5, 6, 7, 8, 9, 10, 14, 11, 15, 12]",0.0085
2022,8,6,6,185,14274,77.16,10,192,155,0.0109,37,118,53,9.8,7.0,133,18,4,0,22,0.0336,"{""IC"": 96, ""S"": 15, ""PYO"": 11, ""HDM"": 11, ""MUS"": 17, ""MV"": 4, ""V"": 1}","[5, 6, 7, 10, 13, 8, 9, 11, 16, 15]",0.0089
2022,8,7,7,168,13780,82.02,1,20,147,0.0107,53,94,141,15.31,9.0,108,23,9,7,12,0.0187,"{""IC"": 105, ""S"": 14, ""PYO"": 15, ""HDM"": 10, ""MV"": 3}","[5, 7, 6, 9, 10, 8, 17, 12, 13, 11]",0.0094
2022,8,8,1,203,16422,80.9,9,1384,228,0.0139,77,151,105,16.82,8.0,159,31,25,13,44,0.021,"{""IC"": 180, ""S"": 22, ""PYO"": 7, ""HDM"": 16, ""MV"": 3}","[5, 6, 8, 7, 11, 9, 10, 12, 17, 34]",0.0103
2022,8,9,2,193,15794,81.83,1,4,93,0.0059,21,72,22,7.92,6.0,84,9,0,0,4,0.0618,"{""IC"": 60, ""S"": 10, ""PYO"": 12, ""HDM"": 8, ""MV"": 3}","[5, 6, 8, 7, 9, 16, 11, 12, 10, 21]",0.0099
2022,8,10,3,192,15870,82.66,3,110,127,0.008,36,91,73,10.43,7.0,109,9,8,1,14,0.0454,"{""IC"": 92, ""S"": 13, ""PYO"": 9, ""HDM"": 11, ""MV"": 2}","[5, 7, 6, 9, 8, 10, 12, 31, 14, 27]",0.0095
2022,8,11,4,193,15924,82.51,2,44,125,0.0078,33,92,97,10.19,6.0,107,12,5,1,10,0.0425,"{""S"": 13, ""IC"": 95, ""PYO"": 7, ""HDM"": 6, ""MV"": 4}","[5, 6, 8, 10, 7, 12, 11, 34, 25, 9]",0.0093
2022,8,12,5,208,16454,79.11,3,142,157,0.0095,51,106,57,10.65,8.0,126,25,6,0,20,0.0353,"{""S"": 18, ""IC"": 106, ""PYO"": 7, ""HDM"": 19, ""MUS"": 5, ""MV"": 2}","[5, 6, 7, 9, 8, 10, 11, 16, 17, 12]",0.0095
2022,8,13,6,174,13698,78.72,3,164,94,0.0069,17,77,84,10.6,7.0,80,10,3,1,11,0.0536,"{""S"": 13, ""IC"": 55, ""PYO"": 14, ""HDM"": 6, ""MUS"": 2, ""MV"": 2, ""V"": 2}","[5, 6, 7, 8, 12, 10, 9, 13, 18, 21]",0.009
2022,8,14,7,191,13960,73.09,0,0,154,0.011,39,115,84,11.4,8.0,120,22,10,2,24,0.037,"{""S"": 18, ""IC"": 98, ""PYO"": 8, ""HDM"": 14, ""P"": 2, ""MUS"": 3, ""MV"": 11}","[5, 6, 8, 7, 9, 10, 15, 13, 37, 17]",0.009
2022,8,15,1,199,16058,80.69,7,292,161,0.01,38,123,52,9.42,7.0,136,21,4,0,22,0.0443,"{""IC"": 105, ""S"": 15, ""PYO"": 10, ""HDM"": 20, ""MV"": 11}","[5, 6, 7, 8, 9, 10, 15, 11, 17, 13]",0.0084
2022,8,16,2,195,15754,80.79,4,180,147,0.0093,42,105,198,14.77,7.0,120,18,2,7,10,0.0441,"{""IC"": 107, ""S"": 21, ""PYO"": 8, ""HDM"": 11}","[5, 7, 6, 8, 9, 10, 17, 14, 15, 12]",0.0089
2022,8,17,3,202,15898,78.7,3,452,271,0.017,117,154,99,14.49,9.0,203,39,22,7,28,0.019,"{""IC"": 194, ""S"": 44, ""PYO"": 8, ""HDM"": 17, ""MV"": 8}","[5, 7, 6, 8, 10, 9, 12, 14, 11, 13]",0.0102
2022,8,18,4,199,16212,81.47,5,444,187,0.0115,63,124,48,10.17,7.0,156,22,9,0,28,0.0335,"{""S"": 24, ""IC"": 120, ""PYO"": 8, ""HDM"": 23, ""MV"": 12}","[5, 6, 7, 8, 9, 12, 11, 10, 13, 31]",0.0107
2022,8,19,5,210,16892,80.44,1,8,231,0.0137,97,134,139,13.24,8.0,184,30,11,6,35,0.0186,"{""IC"": 150, ""S"": 33, ""PYO"": 11, ""HDM"": 31, ""MV"": 6}","[5, 6, 7, 10, 8, 9, 12, 13, 19, 11]",0.0113
2022,8,20,6,168,12318,73.32,3,42,138,0.0112,55,83,98,13.75,8.0,100,29,4,5,25,0.0214,"{""S"": 25, ""IC"": 82, ""HDM"": 26, ""MUS"": 2, ""MV"": 3}","[5, 6, 7, 8, 11, 17, 9, 10, 19, 21]",0.012
2022,8,21,7,165,13410,81.27,0,0,139,0.0104,37,102,82,10.5,8.0,118,17,2,2,26,0.0335,"{""IC"": 89, ""S"": 18, ""PYO"": 11, ""HDM"": 20, ""MV"": 1}","[5, 6, 7, 9, 8, 10, 11, 13, 18, 14]",0.0119
2022,8,22,1,194,15862,81.76,3,262,194,0.0122,64,130,75,13.26,8.0,147,23,22,2,35,0.0264,"{""S"": 20, ""IC"": 134, ""PYO"": 8, ""HDM"": 30, ""MV"": 2}","[5, 6, 7, 8, 11, 9, 10, 13, 14, 15]",0.0122
2022,8,23,2,206,15536,75.42,4,78,130,0.0084,41,89,84,10.43,7.0,112,9,8,1,13,0.0641,"{""IC"": 70, ""S"": 13, ""PYO"": 9, ""HDM"": 18, ""MUS"": 1, ""MV"": 15, ""V"": 4}","[5, 7, 6, 8, 9, 10, 12, 11, 35, 14]",0.0121
2022,8,24,3,209,16104,77.05,4,162,209,0.013,77,132,130,12.23,8.0,166,30,11,2,39,0.0216,"{""S"": 27, ""IC"": 126, ""PYO"": 9, ""HDM"": 27, ""MV"": 18, ""V"": 2}","[5, 6, 9, 7, 8, 11, 10, 14, 12, 15]",0.0115
2022,8,25,4,207,16430,79.37,9,660,209,0.0127,66,143,80,11.95,7.0,163,29,15,2,44,0.0207,"{""IC"": 119, ""S"": 25, ""PYO"": 10, ""HDM"": 36, ""MUS"": 1, ""MV"": 15, ""V"": 3}","[5, 6, 7, 8, 9, 14, 12, 10, 26, 15]",0.0117
2022,8,26,5,213,17000,79.81,8,492,173,0.0102,51,122,57,8.95,7.0,155,15,3,0,30,0.0427,"{""IC"": 111, ""S"": 16, ""PYO"": 8, ""HDM"": 35, ""MUS"": 1, ""MV"": 2}","[5, 6, 7, 8, 9, 12, 11, 15, 10, 14]",0.0112
2022,8,27,6,177,14226,80.37,0,0,121,0.0085,37,84,37,8.55,6.0,107,13,1,0,11,0.0622,"{""IC"": 61, ""S"": 7, ""PYO"": 18, ""HDM"": 18, ""MUS"": 5, ""MV"": 7, ""V"": 5}","[5, 6, 7, 8, 9, 12, 15, 11, 10, 13]",0.0108
2022,8,28,7,169,13658,80.82,0,84,136,0.01,32,104,58,10.21,7.0,111,21,4,0,16,0.0391,"{""IC"": 82, ""S"": 17, ""PYO"": 10, ""HDM"": 23, ""MUS"": 1, ""MV"": 3}","[5, 6, 7, 8, 9, 10, 12, 16, 17, 11]",0.0107
2022,8,29,1,202,16618,82.27,19,434,144,0.0087,36,108,79,11.89,7.0,113,22,5,4,13,0.0283,"{""IC"": 100, ""S"": 17, ""PYO"": 7, ""HDM"": 17, ""MV"": 3}","[5, 6, 8, 7, 17, 11, 10, 19, 20, 9]",0.0102
2022,8,30,2,196,15548,79.33,2,24,131,0.0084,46,85,48,8.97,7.0,117,10,4,0,14,0.0569,"{""S"": 14, ""IC"": 82, ""PYO"": 7, ""HDM"": 19, ""MV"": 9}","[5, 6, 7, 8, 10, 11, 9, 13, 21, 14]",0.0102
2022,8,31,3,194,15972,82.33,3,50,131,0.0082,44,87,51,9.34,7.0,116,11,4,0,12,0.0524,"{""S"": 15, ""IC"": 87, ""PYO"": 4, ""HDM"": 22, ""MV"": 3}","[5, 6, 7, 9, 8, 10, 14, 11, 13, 12]",0.0095
2022,9,1,4,199,16872,84.78,2,28,157,0.0093,49,108,56,8.62,7.0,143,13,1,0,10,0.0516,"{""IC"": 96, ""S"": 11, ""PYO"": 14, ""HDM"": 29, ""MV"": 7}","[5, 6, 7, 8, 9, 11, 10, 12, 13, 16]",0.009
2022,9,2,5,207,17352,83.83,0,0,151,0.0087,58,93,42,8.04,7.0,143,7,1,0,8,0.0591,"{""IC"": 86, ""S"": 16, ""PYO"": 13, ""HDM"": 34, ""MV"": 2}","[5, 7, 6, 8, 9, 12, 10, 11, 21, 14]",0.0088
2022,9,3,6,173,13936,80.55,0,0,120,0.0086,31,89,26,8.43,7.0,112,8,0,0,8,0.1008,"{""IC"": 64, ""S"": 10, ""PYO"": 15, ""HDM"": 29, ""MUS"": 1, ""MV"": 1}","[5, 6, 7, 8, 11, 9, 12, 10, 13, 14]",0.0088
2022,9,4,7,172,13756,79.98,0,0,106,0.0077,29,77,32,8.85,7.0,95,9,2,0,7,0.0617,"{""IC"": 67, ""S"": 9, ""PYO"": 6, ""HDM"": 23, ""MV"": 1}","[5, 7, 6, 8, 12, 10, 9, 25, 11, 15]",0.0085
2022,9,5,1,192,16360,85.21,0,0,137,0.0084,51,86,50,8.58,7.0,127,8,2,0,11,0.0845,"{""IC"": 77, ""S"": 16, ""PYO"": 9, ""HDM"": 35}","[5, 6, 7, 10, 8, 11, 9, 13, 12, 16]",0.0085
2022,9,6,2,188,15914,84.65,0,14,122,0.0077,40,82,51,8.66,6.0,110,9,3,0,9,0.0487,"{""IC"": 72, ""S"": 15, ""PYO"": 9, ""HDM"": 24, ""MV"": 2}","[5, 6, 7, 8, 10, 9, 12, 11, 17, 15]",0.0084
2022,9,7,3,193,16072,83.27,0,184,166,0.0103,53,113,154,13.05,7.0,142,11,7,6,19,0.0207,"{""IC"": 104, ""S"": 24, ""PYO"": 4, ""HDM"": 28, ""MV"": 6}","[5, 6, 7, 10, 9, 8, 11, 13, 12, 33]",0.0087
2022,9,8,4,199,16800,84.42,0,24,150,0.0089,47,103,53,9.11,7.0,130,18,2,0,15,0.0513,"{""S"": 23, ""IC"": 82, ""PYO"": 16, ""HDM"": 22, ""MV"": 7}","[5, 6, 7, 8, 9, 11, 10, 12, 15, 16]",0.0086
2022,9,9,5,208,17328,83.31,0,0,143,0.0083,44,99,154,10.37,7.0,133,3,4,3,15,0.0364,"{""IC"": 88, ""S"": 21, ""PYO"": 11, ""HDM"": 22, ""MV"": 1}","[5, 6, 7, 11, 10, 8, 9, 14, 13, 12]",0.0086
2022,9,10,6,167,13926,83.39,0,52,112,0.008,28,84,49,9.69,7.0,101,7,4,0,7,0.0453,"{""IC"": 63, ""S"": 15, ""PYO"": 15, ""HDM"": 18, ""MV"": 1}","[5, 6, 10, 7, 9, 8, 12, 11, 13, 21]",0.0085
2022,9,11,7,164,13634,83.13,0,0,122,0.0089,38,84,57,9.3,7.0,113,5,4,0,14,0.0484,"{""IC"": 82, ""S"": 11, ""PYO"": 10, ""HDM"": 17, ""MV"": 2}","[5, 6, 10, 9, 7, 8, 14, 12, 11, 13]",0.0086
2022,9,12,1,197,16388,83.19,5,344,125,0.0076,47,78,42,9.2,8.0,111,12,2,0,10,0.0691,"{""IC"": 63, ""S"": 20, ""PYO"": 4, ""HDM"": 24, ""MV"": 14}","[5, 6, 10, 8, 7, 11, 9, 19, 24, 15]",0.0085
2022,9,13,2,192,15990,83.28,0,14,101,0.0063,38,63,92,8.86,7.0,95,5,0,1,9,0.0825,"{""IC"": 70, ""S"": 4, ""PYO"": 5, ""HDM"": 19, ""MV"": 3}","[5, 6, 7, 10, 8, 11, 9, 14, 12, 15]",0.0083
2022,9,14,3,190,16224,85.39,0,4,128,0.0079,40,88,98,9.7,7.0,117,7,3,1,13,0.0452,"{""IC"": 84, ""S"": 14, ""PYO"": 10, ""HDM"": 20}","[5, 6, 11, 8, 9, 12, 10, 7, 14, 35]",0.008
2022,9,15,4,194,16338,84.22,0,4,131,0.008,38,93,42,9.23,7.0,116,13,2,0,9,0.0583,"{""IC"": 77, ""S"": 16, ""PYO"": 10, ""HDM"": 23, ""MV"": 5}","[5, 6, 8, 7, 10, 9, 11, 12, 14, 20]",0.0079
2022,9,16,5,209,17448,83.48,2,42,147,0.0084,45,102,48,9.23,7.0,132,10,5,0,14,0.0406,"{""IC"": 90, ""S"": 19, ""PYO"": 13, ""HDM"": 22, ""MUS"": 2, ""MV"": 1}","[5, 6, 8, 7, 9, 10, 11, 13, 12, 16]",0.0079
2022,9,17,6,175,13878,79.3,2,42,115,0.0083,29,86,94,9.08,7.0,104,10,0,1,6,0.0585,"{""IC"": 74, ""S"": 11, ""PYO"": 13, ""HDM"": 16, ""MUS"": 1}","[5, 6, 7, 10, 9, 11, 8, 13, 15, 12]",0.0079
2022,9,18,7,185,13842,74.82,0,4,126,0.0091,41,85,102,10.1,7.5,114,6,5,1,10,0.0445,"{""IC"": 70, ""S"": 11, ""PYO"": 11, ""HDM"": 15, ""MUS"": 16, ""MV"": 1, ""V"": 2}","[5, 6, 7, 8, 9, 10, 11, 12, 14, 13]",0.0079
2022,9,19,1,190,15990,84.16,0,44,105,0.0066,30,75,95,9.48,7.0,94,9,1,1,9,0.081,"{""IC"": 65, ""S"": 8, ""PYO"": 10, ""HDM"": 22}","[5, 7, 6, 8, 9, 10, 12, 14, 13, 11]",0.0078
2022,9,20,2,191,15498,81.14,0,4,112,0.0072,39,73,99,9.72,7.0,104,5,2,1,10,0.071,"{""IC"": 66, ""S"": 14, ""PYO"": 9, ""HDM"": 19, ""MV"": 4}","[5, 6, 10, 9, 8, 7, 14, 11, 12, 13]",0.0079
2022,9,21,3,192,15586,81.18,1,18,114,0.0073,45,69,138,12.1,7.0,100,10,1,3,10,0.0487,"{""IC"": 69, ""S"": 16, ""PYO"": 6, ""HDM"": 21, ""MV"": 2}","[5, 6, 9, 12, 7, 8, 11, 10, 22, 14]",0.0078
2022,9,22,4,196,16340,83.37,0,4,116,0.0071,34,82,98,9.16,7.0,109,4,2,1,3,0.0789,"{""IC"": 69, ""S"": 9, ""PYO"": 14, ""HDM"": 18, ""MV"": 6}","[5, 6, 9, 7, 10, 8, 11, 12, 14, 13]",0.0077
2022,9,23,5,214,17496,81.76,0,4,131,0.0075,39,92,24,8.1,7.0,125,6,0,0,14,0.0543,"{""S"": 19, ""IC"": 72, ""PYO"": 15, ""HDM"": 21, ""MUS"": 1, ""MV"": 3}","[5, 6, 9, 12, 7, 8, 11, 13, 14, 15]",0.0076
2022,9,24,6,175,13966,79.81,0,74,98,0.007,24,74,157,12.52,7.0,83,11,0,4,6,0.04,"{""IC"": 57, ""S"": 8, ""PYO"": 12, ""HDM"": 18, ""MUS"": 2, ""MV"": 1}","[5, 6, 9, 8, 7, 13, 10, 12, 27, 17]",0.0074
2022,9,25,7,170,13686,80.51,8,160,128,0.0094,33,95,77,9.92,7.0,112,11,4,1,10,0.0403,"{""IC"": 83, ""S"": 11, ""PYO"": 11, ""HDM"": 18, ""MV"": 5}","[5, 6, 9, 7, 8, 10, 11, 14, 12, 17]",0.0074
2022,9,26,1,196,16410,83.72,2,16,132,0.008,44,88,97,8.48,7.0,126,5,0,1,5,0.0668,"{""IC"": 84, ""S"": 17, ""PYO"": 9, ""HDM"": 19, ""MV"": 3}","[5, 6, 8, 7, 9, 10, 12, 11, 13, 14]",0.0076
2022,9,27,2,210,16522,78.68,7,68,136,0.0082,44,92,103,8.72,7.0,128,7,0,1,10,0.0744,"{""IC"": 85, ""S"": 14, ""PYO"": 9, ""HDM"": 19, ""MV"": 9}","[5, 6, 8, 7, 9, 11, 12, 10, 14, 20]",0.0078
2022,9,28,3,218,16530,75.83,6,214,173,0.0105,59,114,128,15.24,8.0,137,16,11,9,21,0.0314,"{""IC"": 115, ""S"": 17, ""PYO"": 6, ""HDM"": 21, ""MV"": 13, ""V"": 1}","[5, 8, 6, 9, 10, 11, 12, 7, 13, 19]",0.0082
2022,9,29,4,215,16576,77.1,6,98,120,0.0072,42,78,93,11.29,7.0,104,8,6,2,9,0.0364,"{""IC"": 72, ""S"": 16, ""PYO"": 8, ""HDM"": 16, ""MV"": 8}","[5, 6, 9, 7, 8, 11, 13, 10, 16, 18]",0.0083
2022,9,30,5,225,17370,77.2,10,200,152,0.0088,44,108,93,10.92,8.0,126,19,6,1,21,0.0469,"{""IC"": 92, ""S"": 19, ""PYO"": 6, ""HDM"": 27, ""MV"": 8}","[5, 7, 6, 8, 9, 11, 10, 13, 16, 12]",0.0084
2022,10,1,6,194,14448,74.47,7,286,143,0.0099,50,93,155,10.73,7.0,119,21,2,1,13,0.0354,"{""IC"": 77, ""S"": 12, ""PYO"": 16, ""HDM"": 18, ""MUS"": 5, ""MV"": 15}","[5, 6, 11, 7, 9, 8, 12, 16, 21, 13]",0.0089
2022,10,2,7,176,13666,77.65,9,86,94,0.0069,23,71,102,10.47,7.0,83,9,0,2,9,0.0717,"{""IC"": 57, ""S"": 8, ""PYO"": 7, ""HDM"": 18, ""MV"": 4}","[5, 6, 7, 10, 11, 9, 12, 8, 14, 15]",0.0085
2022,10,3,1,211,16630,78.82,16,158,105,0.0063,33,72,96,9.7,7.0,96,7,1,1,10,0.0647,"{""IC"": 59, ""S"": 13, ""PYO"": 5, ""HDM"": 23, ""MV"": 5}","[5, 6, 11, 7, 8, 9, 10, 12, 25, 14]",0.0083
2022,10,4,2,210,16600,79.05,16,226,101,0.0061,32,69,32,8.57,6.0,92,8,1,0,10,0.0635,"{""IC"": 68, ""S"": 15, ""PYO"": 6, ""HDM"": 11, ""V"": 1}","[5, 6, 11, 8, 7, 9, 13, 15, 10, 14]",0.008
2022,10,5,3,197,16440,83.45,1,18,107,0.0065,32,75,161,10.28,6.0,98,5,2,2,7,0.0622,"{""S"": 14, ""IC"": 80, ""PYO"": 4, ""HDM"": 6, ""MV"": 3}","[5, 6, 7, 8, 9, 12, 11, 14, 13, 10]",0.0074
2022,10,6,4,195,16438,84.3,0,4,129,0.0078,37,92,62,9.76,7.0,115,8,5,1,19,0.0353,"{""IC"": 101, ""S"": 11, ""PYO"": 7, ""HDM"": 8, ""MV"": 2}","[5, 6, 10, 8, 7, 9, 11, 12, 37, 21]",0.0075
2022,10,7,5,211,17260,81.8,13,270,124,0.0072,33,91,100,10.57,7.0,111,7,3,3,16,0.0363,"{""IC"": 81, ""S"": 24, ""PYO"": 3, ""HDM"": 8, ""MV"": 6, ""V"": 2}","[5, 7, 6, 9, 8, 10, 13, 11, 14, 49]",0.0072
2022,10,8,6,168,13866,82.54,35,660,97,0.007,26,71,184,14.67,7.0,82,9,2,4,5,0.0442,"{""IC"": 67, ""S"": 6, ""PYO"": 13, ""MUS"": 3, ""MV"": 8}","[5, 7, 6, 9, 10, 12, 8, 14, 11, 13]",0.0068
2022,10,9,7,168,13634,81.15,32,594,94,0.0069,18,76,60,9.21,7.0,86,5,2,1,7,0.0406,"{""IC"": 70, ""S"": 12, ""PYO"": 9, ""MV"": 3}","[5, 6, 8, 7, 10, 9, 11, 12, 13, 15]",0.0068
2022,10,10,1,194,16524,85.18,37,794,100,0.0061,21,79,97,9.91,6.5,89,7,3,1,8,0.0536,"{""S"": 10, ""IC"": 79, ""PYO"": 5, ""MV"": 6}","[5, 6, 7, 8, 10, 12, 9, 13, 15, 51]",0.0068
2022,10,11,2,203,16692,82.23,34,738,116,0.0069,29,87,42,8.88,6.0,99,16,1,0,10,0.0375,"{""IC"": 76, ""S"": 19, ""PYO"": 7, ""HDM"": 7, ""MV"": 7}","[5, 6, 7, 8, 9, 10, 11, 21, 12, 24]",0.0069
2022,10,12,3,197,16512,83.82,12,270,105,0.0064,26,79,181,11.92,7.0,93,7,2,3,10,0.0723,"{""IC"": 73, ""S"": 20, ""PYO"": 8, ""HDM"": 2, ""MV"": 2}","[5, 6, 7, 9, 10, 14, 13, 11, 8, 15]",0.0069
2022,10,13,4,195,16480,84.51,3,100,121,0.0073,39,82,141,10.29,7.0,107,11,1,2,7,0.0523,"{""IC"": 83, ""S"": 14, ""PYO"": 8, ""HDM"": 5, ""MV"": 11}","[5, 6, 7, 9, 12, 8, 10, 15, 11, 14]",0.0068
2022,10,14,5,208,17162,82.51,6,146,112,0.0065,38,74,96,11.55,7.5,93,12,6,1,14,0.0352,"{""IC"": 77, ""S"": 17, ""PYO"": 6, ""HDM"": 9, ""MV"": 3}","[5, 7, 6, 8, 10, 11, 9, 13, 22, 15]",0.0067
2022,10,15,6,163,13738,84.28,0,4,89,0.0065,20,69,103,10.94,7.0,76,10,1,2,8,0.0549,"{""IC"": 62, ""S"": 11, ""PYO"": 12, ""HDM"": 4}","[5, 6, 7, 9, 8, 10, 13, 18, 14, 11]",0.0067
2022,10,16,7,166,13628,82.1,4,82,107,0.0079,23,84,102,9.65,6.0,94,9,3,1,13,0.0397,"{""IC"": 75, ""S"": 15, ""PYO"": 8, ""HDM"": 8, ""MV"": 1}","[5, 6, 7, 10, 9, 8, 12, 14, 16, 13]",0.0068
2022,10,17,1,196,16424,83.8,1,24,118,0.0072,31,87,146,10.57,6.0,102,13,0,3,10,0.0278,"{""S"": 19, ""IC"": 85, ""PYO"": 6, ""HDM"": 6, ""MV"": 1, ""V"": 1}","[5, 6, 7, 8, 10, 9, 11, 15, 19, 17]",0.007
2022,10,18,2,199,16556,83.2,2,44,100,0.006,19,81,104,8.7,6.0,94,4,1,1,9,0.0731,"{""IC"": 70, ""S"": 12, ""PYO"": 9, ""HDM"": 6, ""MV"": 3}","[5, 6, 7, 12, 8, 9, 10, 11, 13, 14]",0.0068
2022,10,19,3,197,16494,83.73,2,64,100,0.0061,21,79,103,9.12,6.0,90,7,2,1,9,0.0631,"{""IC"": 72, ""S"": 11, ""PYO"": 7, ""HDM"": 5, ""MV"": 5}","[5, 6, 11, 9, 7, 10, 12, 8, 16, 17]",0.0068
2022,10,20,4,193,16394,84.94,1,24,91,0.0056,19,72,93,11.52,7.0,77,7,5,2,13,0.0286,"{""IC"": 65, ""S"": 12, ""PYO"": 7, ""HDM"": 6, ""MV"": 1}","[5, 6, 7, 9, 11, 8, 10, 29, 38, 12]",0.0065
2022,10,21,5,208,17176,82.58,5,114,118,0.0069,27,91,29,8.14,6.0,107,11,0,0,11,0.0446,"{""IC"": 85, ""S"": 19, ""PYO"": 7, ""HDM"": 7}","[5, 6, 7, 8, 10, 9, 11, 12, 23, 19]",0.0066
2022,10,22,6,165,13768,83.44,5,114,112,0.0081,31,81,125,13.78,7.0,97,6,2,7,8,0.0269,"{""IC"": 72, ""S"": 18, ""PYO"": 17, ""HDM"": 5}","[5, 6, 7, 9, 8, 10, 11, 12, 125, 15]",0.0068
2022,10,23,7,163,13616,83.53,4,120,124,0.0091,28,96,111,10.47,7.0,110,8,3,3,21,0.0186,"{""IC"": 89, ""S"": 20, ""PYO"": 7, ""HDM"": 5, ""MV"": 3}","[5, 7, 6, 8, 9, 10, 13, 12, 14, 60]",0.007
2022,10,24,1,196,16474,84.05,6,214,160,0.0097,59,101,160,14.27,8.0,120,24,11,5,16,0.0321,"{""IC"": 117, ""S"": 24, ""PYO"": 14, ""HDM"": 3, ""MV"": 2}","[5, 6, 7, 8, 11, 9, 12, 13, 15, 16]",0.0074
2022,10,25,2,195,16432,84.27,5,138,122,0.0074,26,96,87,12.01,8.0,102,11,6,3,11,0.0282,"{""IC"": 86, ""S"": 19, ""PYO"": 9, ""HDM"": 7, ""MV"": 1}","[5, 6, 7, 8, 9, 12, 13, 10, 11, 16]",0.0076
2022,10,26,3,202,16694,82.64,14,302,110,0.0066,20,90,98,9.53,6.0,96,10,2,2,11,0.0497,"{""IC"": 78, ""S"": 13, ""PYO"": 10, ""HDM"": 2, ""MV"": 7}","[6, 5, 7, 8, 15, 12, 19, 9, 10, 14]",0.0076
2022,10,27,4,195,16512,84.68,3,98,95,0.0058,19,76,95,8.93,6.0,88,5,1,1,7,0.068,"{""IC"": 68, ""S"": 11, ""PYO"": 7, ""HDM"": 5, ""MV"": 4}","[5, 6, 7, 9, 8, 13, 10, 26, 11, 23]",0.0077
2022,10,28,5,210,17248,82.13,3,50,126,0.0073,23,103,84,9.35,7.0,116,7,1,2,11,0.0429,"{""S"": 22, ""IC"": 86, ""PYO"": 8, ""HDM"": 6, ""MV"": 4}","[5, 6, 7, 8, 10, 14, 11, 9, 12, 19]",0.0077
2022,10,29,6,165,13858,83.99,0,4,100,0.0072,19,81,103,16.62,7.0,73,12,2,13,8,0.0335,"{""S"": 12, ""IC"": 72, ""PYO"": 12, ""HDM"": 3, ""MV"": 1}","[5, 6, 60, 7, 11, 8, 10, 20, 9, 61]",0.0076
2022,10,30,7,162,13544,83.6,0,0,82,0.0061,11,71,26,7.56,6.0,77,5,0,0,6,0.0816,"{""IC"": 59, ""S"": 11, ""PYO"": 7, ""HDM"": 5}","[5, 7, 6, 10, 8, 13, 9, 15, 11, 20]",0.0072
2022,10,31,1,186,14350,77.15,0,32,74,0.0052,19,55,23,8.92,7.0,64,10,0,0,8,0.0526,"{""S"": 17, ""IC"": 48, ""HDM"": 7, ""MV"": 2}","[5, 6, 8, 7, 11, 19, 13, 9, 23, 10]",0.0065
2022,11,1,2,182,13860,76.15,0,64,47,0.0034,10,37,22,7.55,6.0,43,4,0,0,8,0.0736,"{""IC"": 30, ""S"": 13, ""HDM"": 4}","[5, 7, 6, 10, 15, 14, 9, 8, 18, 13]",0.0059
2022,11,2,3,195,16218,83.17,0,80,127,0.0078,36,91,79,12.33,8.0,93,25,8,1,13,0.0341,"{""IC"": 98, ""S"": 15, ""PYO"": 9, ""HDM"": 2, ""MV"": 3}","[5, 6, 9, 7, 8, 19, 11, 18, 21, 17]",0.0061
2022,11,3,4,197,16556,84.04,2,144,124,0.0075,43,81,77,10.2,7.0,101,20,2,1,14,0.0398,"{""S"": 16, ""IC"": 96, ""PYO"": 6, ""HDM"": 5, ""MV"": 1}","[5, 6, 7, 9, 13, 8, 11, 19, 21, 17]",0.0064
2022,11,4,5,207,17168,82.94,2,112,153,0.0089,39,114,29,8.31,7.0,141,12,0,0,13,0.0449,"{""IC"": 109, ""S"": 28, ""PYO"": 9, ""HDM"": 7}","[5, 6, 8, 7, 9, 10, 13, 12, 14, 11]",0.0066
2022,11,5,6,164,13780,84.02,0,0,121,0.0088,41,80,42,9.0,7.0,110,6,5,0,7,0.0557,"{""IC"": 90, ""S"": 12, ""PYO"": 16, ""HDM"": 3}","[5, 6, 7, 9, 8, 14, 10, 11, 13, 12]",0.0068
2022,11,6,7,166,13686,82.45,0,0,102,0.0075,34,68,34,7.41,6.0,99,2,1,0,5,0.0623,"{""S"": 10, ""IC"": 77, ""PYO"": 11, ""HDM"": 1, ""MV"": 3}","[5, 6, 7, 8, 9, 11, 10, 13, 15, 14]",0.007
2022,11,7,1,199,16216,81.49,4,210,126,0.0078,39,87,97,9.25,7.0,111,14,0,1,9,0.0502,"{""IC"": 93, ""S"": 10, ""PYO"": 11, ""HDM"": 8, ""MV"": 4}","[5, 6, 7, 8, 9, 11, 16, 14, 21, 13]",0.0074
2022,11,8,2,193,15628,80.97,2,104,113,0.0072,36,77,64,8.75,6.0,104,5,3,1,12,0.0501,"{""IC"": 85, ""S"": 11, ""PYO"": 8, ""HDM"": 5, ""MV"": 4}","[5, 6, 7, 8, 9, 14, 12, 10, 13, 15]",0.0079
2022,11,9,3,200,16042,80.21,0,64,127,0.0079,44,83,133,10.79,7.0,108,16,1,2,9,0.054,"{""S"": 17, ""IC"": 84, ""PYO"": 12, ""HDM"": 7, ""MV"": 7}","[5, 6, 7, 8, 9, 11, 10, 12, 20, 14]",0.0079
2022,11,10,4,196,16062,81.95,0,164,154,0.0096,38,116,218,10.38,7.0,138,11,4,1,16,0.0348,"{""IC"": 121, ""S"": 16, ""PYO"": 6, ""HDM"": 8, ""MV"": 3}","[5, 6, 7, 8, 9, 10, 11, 12, 13, 16]",0.0082
2022,11,11,5,208,16756,80.56,10,266,129,0.0077,31,98,116,9.1,7.0,117,10,1,1,12,0.0306,"{""IC"": 105, ""S"": 12, ""PYO"": 5, ""HDM"": 5, ""MV"": 2}","[5, 6, 7, 8, 10, 12, 9, 15, 14, 17]",0.0081
2022,11,12,6,169,14154,83.75,2,124,144,0.0102,59,85,107,10.72,7.0,126,10,7,1,15,0.0284,"{""IC"": 99, ""S"": 13, ""PYO"": 19, ""HDM"": 6, ""MUS"": 4, ""MV"": 3}","[5, 6, 7, 8, 10, 12, 9, 13, 11, 14]",0.0083
2022,11,13,7,165,13868,84.05,5,102,114,0.0082,36,78,31,8.48,7.0,102,11,1,0,15,0.0427,"{""IC"": 88, ""S"": 12, ""PYO"": 9, ""HDM"": 5}","[5, 6, 7, 8, 9, 10, 12, 18, 15, 22]",0.0084
2022,11,14,1,200,16204,81.02,8,212,142,0.0088,50,92,61,9.72,7.0,124,13,4,1,9,0.0367,"{""IC"": 107, ""S"": 14, ""PYO"": 6, ""HDM"": 6, ""MV"": 9}","[5, 6, 7, 8, 9, 11, 13, 14, 10, 16]",0.0085
2022,11,15,2,189,15604,82.56,2,104,109,0.007,30,79,36,8.33,7.0,100,8,1,0,15,0.0635,"{""IC"": 89, ""S"": 10, ""PYO"": 6, ""HDM"": 4}","[5, 6, 7, 8, 10, 11, 9, 12, 15, 13]",0.0085
2022,11,16,3,191,15978,83.65,0,64,101,0.0063,31,70,50,9.4,7.0,90,9,2,0,15,0.0389,"{""IC"": 84, ""S"": 9, ""PYO"": 6, ""HDM"": 2}","[6, 5, 7, 9, 8, 13, 10, 11, 19, 14]",0.0083
2022,11,17,4,193,16278,84.34,0,88,114,0.007,34,80,87,11.63,7.0,95,11,4,4,9,0.031,"{""IC"": 89, ""S"": 8, ""PYO"": 14, ""HDM"": 1, ""MV"": 2}","[5, 6, 7, 9, 8, 12, 14, 16, 24, 11]",0.0079
2022,11,18,5,212,17026,80.31,11,280,146,0.0086,44,102,99,9.88,6.0,133,8,3,2,19,0.041,"{""IC"": 101, ""S"": 17, ""PYO"": 17, ""HDM"": 6, ""MUS"": 1, ""MV"": 4}","[5, 6, 7, 8, 9, 13, 10, 22, 12, 18]",0.008
2022,11,19,6,169,14416,85.3,3,198,91,0.0063,24,67,78,9.54,7.0,78,11,1,1,10,0.0403,"{""IC"": 61, ""S"": 10, ""PYO"": 12, ""HDM"": 5, ""MV"": 3}","[5, 7, 6, 8, 11, 16, 19, 9, 13, 14]",0.0075
2022,11,20,7,168,14058,83.68,3,208,95,0.0068,22,73,75,10.94,7.0,81,9,3,2,15,0.0372,"{""IC"": 72, ""S"": 9, ""PYO"": 10, ""HDM"": 4}","[5, 6, 7, 8, 9, 10, 12, 13, 21, 15]",0.0073
2022,11,21,1,196,16118,82.23,1,174,116,0.0072,30,86,81,11.13,7.0,96,14,4,2,13,0.0357,"{""S"": 16, ""IC"": 87, ""PYO"": 9, ""HDM"": 3, ""MV"": 1}","[5, 7, 6, 8, 9, 10, 14, 15, 13, 12]",0.007
2022,11,22,2,199,15672,78.75,3,134,108,0.0069,40,68,42,9.14,6.0,96,8,4,0,7,0.0483,"{""IC"": 83, ""S"": 12, ""PYO"": 10, ""HDM"": 1, ""MV"": 2}","[6, 5, 7, 8, 9, 11, 12, 13, 10, 20]",0.007
2022,11,23,3,195,16002,82.06,1,98,123,0.0077,43,80,63,9.47,7.0,110,9,3,1,13,0.043,"{""IC"": 93, ""S"": 16, ""PYO"": 9, ""HDM"": 4, ""MV"": 1}","[5, 6, 7, 8, 9, 11, 12, 10, 13, 17]",0.0072
2022,11,24,4,197,16094,81.7,3,204,138,0.0086,47,91,279,13.07,7.0,117,13,6,2,14,0.027,"{""S"": 19, ""IC"": 106, ""PYO"": 8, ""HDM"": 4, ""MV"": 1}","[5, 6, 7, 8, 10, 9, 12, 14, 11, 16]",0.0074
2022,11,25,5,208,16782,80.68,9,304,133,0.0079,30,103,69,8.33,7.0,123,9,0,1,9,0.0418,"{""IC"": 99, ""S"": 14, ""PYO"": 6, ""HDM"": 2, ""MV"": 8, ""V"": 4}","[5, 6, 7, 8, 9, 11, 10, 19, 12, 15]",0.0073
2022,11,26,6,174,14256,81.93,6,334,129,0.009,19,110,135,13.64,7.0,106,12,7,4,20,0.0327,"{""S"": 13, ""IC"": 93, ""PYO"": 15, ""HDM"": 6, ""MUS"": 1, ""V"": 1}","[5, 6, 7, 8, 13, 9, 10, 17, 12, 11]",0.0077
2022,11,27,7,171,14010,81.93,0,0,117,0.0084,21,96,338,12.22,6.0,104,9,2,2,17,0.0291,"{""IC"": 87, ""S"": 14, ""PYO"": 8, ""HDM"": 4, ""MUS"": 2, ""MV"": 1, ""V"": 1}","[6, 5, 9, 7, 11, 10, 12, 8, 13, 19]",0.008
2022,11,28,1,193,16450,85.23,0,122,105,0.0064,27,78,41,8.62,6.0,94,8,3,0,12,0.0442,"{""IC"": 85, ""S"": 8, ""PYO"": 7, ""HDM"": 3, ""MV"": 2}","[5, 6, 7, 8, 12, 10, 9, 15, 11, 17]",0.0078
2022,11,29,2,194,15946,82.2,0,90,102,0.0064,27,75,51,8.35,6.0,96,4,2,0,14,0.0518,"{""IC"": 70, ""S"": 14, ""PYO"": 10, ""HDM"": 3, ""MV"": 5}","[5, 6, 7, 9, 8, 10, 11, 19, 14, 13]",0.0078
2022,11,30,3,188,15806,84.07,0,220,99,0.0063,17,82,34,8.73,6.0,84,14,1,0,18,0.0311,"{""IC"": 72, ""S"": 16, ""PYO"": 6, ""HDM"": 5}","[5, 6, 7, 8, 21, 9, 20, 19, 11, 13]",0.0076
2023,1,1,7,169,14972,88.59,1,14,118,0.0079,22,96,96,12.14,8.0,94,17,3,4,10,0.0304,"{""S"": 13, ""IC"": 73, ""PYO"": 28, ""HDM"": 4}","[5, 7, 6, 9, 12, 10, 8, 15, 11, 19]",0.0075
2023,1,2,1,194,16702,86.09,2,40,108,0.0065,12,96,77,10.84,7.0,88,14,5,1,9,0.0536,"{""S"": 8, ""IC"": 67, ""PYO"": 29, ""HDM"": 2, ""MV"": 2}","[5, 6, 7, 8, 9, 10, 14, 17, 12, 20]",0.0073
2023,1,3,2,194,16776,86.47,0,0,119,0.0071,20,99,40,8.76,6.0,108,8,3,0,11,0.0534,"{""IC"": 70, ""S"": 9, ""PYO"": 31, ""HDM"": 6, ""MV"": 3}","[5, 6, 7, 11, 8, 9, 13, 12, 14, 15]",0.007
2023,1,4,3,197,17124,86.92,0,52,122,0.0071,22,100,103,11.22,8.0,100,17,3,2,12,0.03,"{""IC"": 78, ""S"": 11, ""PYO"": 27, ""HDM"": 3, ""MV"": 3}","[5, 6, 7, 10, 8, 9, 13, 20, 11, 17]",0.0068
2023,1,5,4,205,17720,86.44,2,40,117,0.0066,15,102,90,11.38,7.0,95,15,5,2,20,0.0297,"{""IC"": 73, ""S"": 13, ""PYO"": 24, ""HDM"": 2, ""MV"": 5}","[5, 7, 6, 8, 10, 9, 14, 16, 11, 18]",0.0068
2023,1,6,5,180,15966,88.7,1,30,107,0.0067,20,87,103,11.3,7.0,87,13,6,1,11,0.0315,"{""IC"": 62, ""S"": 10, ""PYO"": 25, ""HDM"": 4, ""MV"": 6}","[5, 6, 8, 10, 7, 9, 13, 12, 11, 18]",0.0069
2023,1,7,6,169,14862,87.94,7,156,106,0.0071,19,87,65,12.44,8.0,85,13,6,2,13,0.0435,"{""IC"": 63, ""S"": 11, ""PYO"": 27, ""HDM"": 3, ""MV"": 2}","[5, 6, 7, 10, 9, 11, 8, 12, 14, 49]",0.007
2023,1,8,7,168,14900,88.69,3,134,141,0.0095,26,115,91,14.27,9.0,103,21,13,4,23,0.0247,"{""IC"": 90, ""S"": 18, ""PYO"": 23, ""HDM"": 9, ""MV"": 1}","[5, 6, 7, 9, 11, 8, 12, 16, 14, 10]",0.0072
2023,1,9,1,195,16830,86.31,11,436,196,0.0116,50,146,113,13.6,7.0,153,26,10,7,35,0.0149,"{""IC"": 144, ""S"": 32, ""PYO"": 12, ""HDM"": 5, ""MV"": 3}","[5, 6, 7, 8, 9, 10, 13, 11, 12, 23]",0.008
2023,1,10,2,193,16640,86.22,0,64,142,0.0085,47,95,135,11.35,8.0,117,20,3,2,22,0.0169,"{""IC"": 103, ""S"": 21, ""PYO"": 9, ""HDM"": 6, ""MV"": 3}","[5, 6, 8, 7, 12, 10, 9, 15, 11, 16]",0.0082
2023,1,11,3,194,17006,87.66,0,88,99,0.0058,18,81,69,10.07,7.0,83,11,4,1,10,0.0497,"{""IC"": 75, ""S"": 7, ""PYO"": 15, ""MV"": 2}","[5, 6, 7, 8, 9, 10, 14, 17, 30, 16]",0.008
2023,1,12,4,194,17024,87.75,0,110,97,0.0057,16,81,47,9.12,7.0,85,9,3,0,12,0.0533,"{""IC"": 67, ""S"": 12, ""PYO"": 13, ""HDM"": 4, ""MV"": 1}","[5, 6, 7, 8, 11, 9, 12, 19, 10, 30]",0.0078
2023,1,13,5,218,18266,83.79,4,188,163,0.0089,35,128,58,11.28,8.0,130,25,8,0,25,0.0304,"{""IC"": 118, ""S"": 20, ""PYO"": 14, ""HDM"": 7, ""MV"": 4}","[5, 7, 6, 10, 8, 9, 13, 11, 16, 12]",0.0082
2023,1,14,6,165,14330,86.85,0,0,94,0.0066,12,82,29,8.61,6.5,83,11,0,0,9,0.0802,"{""IC"": 65, ""S"": 9, ""PYO"": 16, ""HDM"": 3, ""MV"": 1}","[5, 6, 7, 8, 10, 9, 11, 14, 17, 19]",0.0081
2023,1,15,7,171,14808,86.6,2,150,84,0.0057,15,69,34,8.89,7.0,76,6,2,0,6,0.0666,"{""S"": 8, ""IC"": 57, ""PYO"": 14, ""HDM"": 4, ""MV"": 1}","[5, 7, 9, 6, 8, 10, 11, 13, 26, 12]",0.0075
2023,1,16,1,195,16672,85.5,5,170,88,0.0053,20,68,92,11.02,7.0,72,11,4,1,5,0.0618,"{""IC"": 66, ""S"": 8, ""PYO"": 9, ""HDM"": 3, ""MV"": 2}","[5, 6, 7, 9, 8, 11, 19, 16, 10, 17]",0.0066
2023,1,17,2,195,16872,86.52,0,208,97,0.0057,21,76,70,11.77,7.0,81,8,5,3,11,0.031,"{""IC"": 72, ""S"": 8, ""PYO"": 9, ""HDM"": 4, ""MV"": 4}","[5, 6, 7, 9, 10, 8, 12, 14, 28, 15]",0.0062
2023,1,18,3,193,16982,87.99,0,64,84,0.0049,22,62,19,7.58,6.0,76,8,0,0,6,0.0523,"{""IC"": 51, ""S"": 15, ""PYO"": 16, ""HDM"": 2}","[5, 6, 7, 8, 9, 19, 11, 17, 16, 15]",0.0061
2023,1,19,4,195,17010,87.23,0,64,80,0.0047,15,65,64,8.43,7.0,73,6,0,1,5,0.0504,"{""S"": 10, ""IC"": 50, ""PYO"": 14, ""HDM"": 4, ""MV"": 2}","[5, 6, 7, 8, 9, 11, 10, 16, 20, 13]",0.006
2023,1,20,5,214,18140,84.77,0,74,90,0.005,20,70,126,12.03,7.0,73,13,2,2,13,0.0321,"{""S"": 15, ""IC"": 53, ""PYO"": 12, ""HDM"": 5, ""MV"": 5}","[5, 6, 7, 9, 8, 21, 13, 11, 14, 10]",0.0054
2023,1,21,6,165,14402,87.28,0,0,100,0.0069,21,79,34,9.13,7.0,89,9,2,0,13,0.0409,"{""IC"": 63, ""S"": 14, ""PYO"": 9, ""HDM"": 7, ""MV"": 7}","[5, 6, 7, 10, 9, 8, 12, 21, 11, 22]",0.0055
2023,1,22,7,173,14818,85.65,1,52,65,0.0044,17,48,76,10.8,7.0,56,6,2,1,4,0.0567,"{""S"": 13, ""IC"": 32, ""PYO"": 15, ""HDM"": 2, ""MV"": 3}","[5, 7, 6, 8, 10, 9, 11, 15, 20, 26]",0.0053
2023,1,23,1,194,16614,85.64,5,160,97,0.0058,30,67,119,10.53,7.0,85,8,3,1,5,0.0598,"{""IC"": 74, ""S"": 8, ""PYO"": 10, ""HDM"": 4, ""MV"": 1}","[5, 6, 7, 8, 12, 14, 13, 9, 10, 11]",0.0053
2023,1,24,2,195,16700,85.64,1,158,133,0.008,49,84,75,10.76,7.0,106,21,5,1,15,0.0409,"{""IC"": 88, ""S"": 14, ""PYO"": 6, ""HDM"": 20, ""MV"": 5}","[5, 6, 7, 8, 11, 9, 10, 16, 15, 12]",0.0057
2023,1,25,3,194,17046,87.87,2,124,71,0.0042,13,58,54,10.38,8.0,57,12,2,0,7,0.058,"{""IC"": 50, ""S"": 8, ""PYO"": 8, ""HDM"": 4, ""MV"": 1}","[5, 6, 8, 15, 7, 9, 14, 13, 10, 11]",0.0056
2023,1,26,4,200,17156,85.78,0,64,110,0.0064,26,84,92,10.0,7.0,96,9,4,1,16,0.0381,"{""S"": 11, ""IC"": 74, ""PYO"": 9, ""HDM"": 5, ""MV"": 11}","[5, 7, 6, 8, 10, 12, 11, 15, 16, 9]",0.0058
2023,1,27,5,215,18154,84.44,0,44,117,0.0064,35,82,129,11.62,7.0,99,13,3,2,13,0.031,"{""IC"": 71, ""S"": 18, ""PYO"": 18, ""HDM"": 4, ""MV"": 5, ""V"": 1}","[5, 6, 7, 8, 9, 10, 11, 14, 15, 12]",0.006
2023,1,28,6,165,14334,86.87,3,60,63,0.0044,9,54,34,10.4,8.0,52,8,3,0,4,0.0638,"{""IC"": 43, ""S"": 8, ""PYO"": 8, ""HDM"": 1, ""V"": 3}","[5, 6, 7, 8, 13, 14, 10, 12, 15, 32]",0.0057
2023,1,29,7,168,14804,88.12,2,72,86,0.0058,17,69,75,10.87,7.0,70,12,3,1,6,0.0493,"{""IC"": 58, ""S"": 10, ""PYO"": 11, ""HDM"": 3, ""MV"": 4}","[6, 5, 7, 8, 12, 9, 15, 13, 17, 19]",0.0059
2023,1,30,1,201,17090,85.02,12,396,112,0.0066,27,85,71,10.25,6.0,93,13,5,1,12,0.0395,"{""IC"": 73, ""S"": 14, ""PYO"": 11, ""HDM"": 6, ""MV"": 8}","[5, 6, 7, 8, 15, 9, 13, 16, 11, 12]",0.006
2023,1,31,2,197,16766,85.11,8,124,89,0.0053,23,66,45,9.15,7.0,79,8,2,0,7,0.0439,"{""IC"": 57, ""S"": 10, ""PYO"": 14, ""HDM"": 4, ""MV"": 4}","[5, 6, 7, 8, 10, 11, 12, 9, 15, 14]",0.0056
2023,2,1,3,199,17322,87.05,6,170,92,0.0053,23,69,164,10.36,6.0,86,3,1,2,7,0.0383,"{""S"": 11, ""IC"": 67, ""PYO"": 7, ""HDM"": 2, ""MV"": 5}","[5, 6, 7, 9, 8, 14, 12, 13, 11, 10]",0.0057
2023,2,2,4,201,17310,86.12,2,26,100,0.0058,21,79,39,9.44,6.5,84,14,2,0,7,0.0616,"{""S"": 12, ""IC"": 69, ""PYO"": 13, ""HDM"": 5, ""MV"": 1}","[5, 6, 7, 9, 8, 11, 13, 16, 21, 10]",0.0057
2023,2,3,5,215,18426,85.7,2,28,86,0.0047,16,70,130,10.16,6.0,77,5,3,1,9,0.0458,"{""IC"": 62, ""S"": 7, ""PYO"": 12, ""HDM"": 5}","[5, 6, 8, 7, 9, 11, 14, 12, 16, 13]",0.0054
2023,2,4,6,171,14806,86.58,0,10,101,0.0068,14,87,84,11.59,8.0,82,15,3,1,11,0.0445,"{""IC"": 69, ""S"": 7, ""PYO"": 18, ""HDM"": 4, ""MV"": 3}","[5, 7, 8, 10, 6, 12, 11, 13, 9, 14]",0.0058
2023,2,5,7,172,14846,86.31,1,48,90,0.0061,20,70,44,9.13,7.0,78,11,1,0,9,0.0369,"{""S"": 16, ""IC"": 50, ""PYO"": 12, ""HDM"": 4, ""MV"": 8}","[5, 6, 7, 8, 10, 11, 9, 16, 14, 13]",0.0058
2023,2,6,1,195,16552,84.88,0,30,88,0.0053,22,66,82,11.44,7.0,74,7,5,2,7,0.0413,"{""IC"": 62, ""S"": 8, ""PYO"": 11, ""HDM"": 7}","[5, 7, 6, 8, 9, 10, 12, 11, 16, 82]",0.0056
2023,2,7,2,195,16456,84.39,0,0,95,0.0058,22,73,52,9.73,7.0,81,10,4,0,10,0.0539,"{""IC"": 67, ""S"": 9, ""PYO"": 13, ""HDM"": 4, ""MV"": 2}","[5, 6, 7, 8, 13, 11, 18, 25, 9, 30]",0.0057
2023,2,8,3,199,16842,84.63,0,0,81,0.0048,18,63,61,10.12,7.0,72,5,2,2,6,0.0409,"{""IC"": 57, ""S"": 6, ""PYO"": 14, ""HDM"": 1, ""MV"": 3}","[5, 6, 7, 10, 8, 9, 11, 14, 12, 17]",0.0056
2023,2,9,4,196,16780,85.61,0,0,93,0.0055,30,63,23,7.31,6.0,87,6,0,0,8,0.0544,"{""S"": 8, ""IC"": 62, ""PYO"": 8, ""HDM"": 13, ""MV"": 2}","[5, 6, 8, 7, 9, 10, 15, 12, 11, 13]",0.0056
2023,2,10,5,219,18284,83.49,4,96,146,0.008,34,112,92,11.3,7.5,120,21,3,2,25,0.0243,"{""S"": 15, ""IC"": 97, ""PYO"": 22, ""HDM"": 11, ""MV"": 1}","[5, 6, 8, 7, 9, 11, 10, 12, 13, 17]",0.006
2023,2,11,6,168,14876,88.55,0,18,117,0.0079,20,97,145,12.7,7.0,92,17,4,4,16,0.0323,"{""IC"": 75, ""S"": 5, ""PYO"": 28, ""HDM"": 7, ""MV"": 2}","[5, 6, 7, 8, 9, 11, 19, 13, 20, 16]",0.0062
2023,2,12,7,166,14652,88.27,0,0,72,0.0049,10,62,19,7.39,6.0,66,6,0,0,4,0.0678,"{""IC"": 52, ""S"": 6, ""PYO"": 14}","[5, 6, 7, 9, 8, 13, 18, 12, 11, 17]",0.006
2023,2,13,1,198,16666,84.17,1,68,76,0.0046,14,62,30,8.26,7.0,69,6,1,0,7,0.0492,"{""IC"": 51, ""S"": 10, ""PYO"": 10, ""HDM"": 5}","[5, 7, 6, 9, 8, 13, 22, 30, 12, 26]",0.0059
2023,2,14,2,201,16788,83.52,3,178,123,0.0073,31,92,50,9.04,7.0,111,9,3,0,13,0.0404,"{""IC"": 82, ""S"": 17, ""PYO"": 10, ""HDM"": 5, ""MUS"": 1, ""MV"": 8}","[5, 6, 8, 7, 11, 10, 9, 13, 18, 12]",0.0061
2023,2,15,3,202,17060,84.46,0,0,122,0.0072,27,95,69,10.94,7.0,104,11,5,2,18,0.0402,"{""S"": 13, ""IC"": 85, ""PYO"": 10, ""HDM"": 5, ""MV"": 9}","[5, 6, 7, 8, 11, 10, 9, 14, 26, 13]",0.0065
2023,2,16,4,195,16742,85.86,0,76,75,0.0045,16,59,106,13.0,6.0,63,4,4,4,7,0.0305,"{""IC"": 54, ""S"": 9, ""PYO"": 10, ""HDM"": 2}","[5, 6, 7, 12, 11, 8, 10, 24, 36, 70]",0.0063
2023,2,17,5,219,18364,83.85,3,78,120,0.0065,29,91,105,11.93,7.0,103,7,7,3,19,0.0517,"{""IC"": 64, ""S"": 12, ""PYO"": 18, ""HDM"": 11, ""MV"": 15}","[5, 6, 7, 8, 9, 11, 10, 17, 14, 20]",0.0061
2023,2,18,6,171,15130,88.48,0,32,134,0.0089,28,106,78,11.93,8.0,109,15,7,3,17,0.0307,"{""IC"": 88, ""S"": 11, ""PYO"": 28, ""HDM"": 5, ""MV"": 2}","[5, 6, 8, 7, 11, 10, 9, 12, 13, 21]",0.0063
2023,2,19,7,174,15294,87.9,2,56,116,0.0076,21,95,68,11.43,7.0,95,12,6,3,25,0.0224,"{""IC"": 73, ""S"": 9, ""PYO"": 21, ""HDM"": 10, ""MV"": 3}","[5, 6, 7, 8, 9, 10, 13, 17, 14, 26]",0.0067
2023,2,20,1,199,17078,85.82,2,36,134,0.0078,33,101,84,11.73,8.0,108,18,6,2,15,0.0356,"{""S"": 14, ""IC"": 82, ""PYO"": 24, ""HDM"": 8, ""MV"": 6}","[5, 6, 7, 8, 9, 10, 13, 12, 11, 16]",0.0071
2023,2,21,2,201,16956,84.36,2,312,106,0.0063,22,84,108,12.63,8.0,86,11,6,3,13,0.0302,"{""IC"": 68, ""S"": 12, ""PYO"": 14, ""HDM"": 3, ""MV"": 9}","[5, 6, 7, 10, 8, 9, 11, 16, 13, 15]",0.007
2023,2,22,3,200,17112,85.56,5,352,135,0.0079,38,97,76,11.79,7.0,108,18,4,5,23,0.019,"{""IC"": 88, ""S"": 20, ""PYO"": 13, ""HDM"": 6, ""MV"": 8}","[5, 6, 7, 8, 9, 19, 10, 12, 18, 11]",0.0071
2023,2,23,4,198,16874,85.22,4,142,132,0.0078,21,111,208,12.98,7.0,110,12,7,3,28,0.0169,"{""IC"": 94, ""S"": 15, ""PYO"": 12, ""HDM"": 7, ""MV"": 4}","[5, 7, 6, 8, 11, 9, 15, 14, 13, 10]",0.0075
2023,2,24,5,217,18286,84.27,3,30,152,0.0083,30,122,67,10.76,7.0,127,18,6,1,25,0.0249,"{""S"": 20, ""IC"": 95, ""PYO"": 25, ""HDM"": 9, ""MV"": 3}","[5, 6, 7, 9, 8, 11, 10, 13, 12, 17]",0.0078
2023,2,25,6,168,14948,88.98,0,10,161,0.0108,55,106,105,11.84,7.0,132,16,11,2,15,0.0261,"{""IC"": 89, ""S"": 12, ""PYO"": 55, ""HDM"": 4, ""MV"": 1}","[5, 6, 7, 8, 10, 9, 12, 15, 14, 19]",0.0081
2023,2,26,7,172,14926,86.78,1,112,83,0.0056,20,63,226,14.12,7.0,65,11,5,2,11,0.0204,"{""IC"": 58, ""S"": 6, ""PYO"": 7, ""HDM"": 4, ""MV"": 8}","[5, 6, 7, 10, 8, 13, 12, 36, 9, 26]",0.0078
2023,2,27,1,195,16814,86.23,0,0,100,0.0059,18,82,54,9.6,7.0,88,9,3,0,6,0.0506,"{""S"": 14, ""IC"": 60, ""PYO"": 12, ""HDM"": 5, ""MV"": 9}","[5, 6, 7, 8, 10, 9, 11, 16, 29, 14]",0.0075
2023,2,28,2,199,16992,85.39,1,140,86,0.0051,17,69,51,9.06,6.0,75,9,2,0,10,0.0447,"{""IC"": 58, ""S"": 11, ""PYO"": 8, ""HDM"": 2, ""MV"": 7}","[5, 6, 7, 9, 8, 15, 14, 11, 12, 10]",0.0073
2023,3,1,3,201,17434,86.74,2,118,125,0.0072,31,94,117,11.63,7.0,108,9,4,4,17,0.0277,"{""IC"": 82, ""S"": 16, ""PYO"": 11, ""HDM"": 7, ""MV"": 9}","[5, 6, 8, 7, 10, 9, 11, 18, 14, 15]",0.0072
2023,3,2,4,197,17142,87.02,4,76,125,0.0073,15,110,58,10.83,8.0,104,14,7,0,23,0.0336,"{""IC"": 84, ""S"": 20, ""PYO"": 11, ""HDM"": 9, ""MV"": 1}","[5, 6, 9, 7, 8, 10, 14, 13, 18, 15]",0.0072
2023,3,3,5,218,18808,86.28,8,266,109,0.0058,20,89,66,8.45,6.0,98,10,0,1,9,0.0463,"{""S"": 16, ""IC"": 58, ""PYO"": 23, ""HDM"": 7, ""MV"": 5}","[5, 6, 7, 9, 11, 8, 10, 14, 15, 23]",0.0068
2023,3,4,6,173,15120,87.4,6,212,110,0.0073,19,91,120,11.29,7.0,88,17,4,1,13,0.0578,"{""IC"": 62, ""S"": 9, ""PYO"": 31, ""HDM"": 7, ""MV"": 1}","[5, 6, 7, 8, 12, 11, 15, 13, 19, 23]",0.0063
2023,3,5,7,171,14024,82.01,14,240,95,0.0068,23,72,65,9.51,7.0,85,6,3,1,8,0.0568,"{""IC"": 60, ""S"": 16, ""PYO"": 12, ""HDM"": 4, ""MV"": 3}","[5, 6, 7, 10, 8, 9, 14, 15, 11, 13]",0.0065
2023,3,6,1,196,16774,85.58,11,230,98,0.0058,24,74,97,12.35,7.0,83,6,7,2,8,0.0251,"{""IC"": 65, ""S"": 15, ""PYO"": 13, ""HDM"": 5}","[5, 6, 7, 8, 10, 11, 9, 13, 14, 18]",0.0065
2023,3,7,2,199,16794,84.39,8,226,143,0.0085,31,112,87,11.46,8.0,117,18,6,2,19,0.034,"{""IC"": 98, ""S"": 15, ""PYO"": 15, ""HDM"": 8, ""MV"": 7}","[5, 6, 7, 8, 9, 10, 12, 11, 19, 13]",0.007
2023,3,8,3,198,17182,86.78,5,172,109,0.0063,27,82,95,10.29,6.0,94,10,4,1,8,0.0347,"{""IC"": 71, ""S"": 18, ""PYO"": 15, ""HDM"": 4, ""MV"": 1}","[5, 6, 8, 7, 9, 10, 13, 14, 12, 11]",0.0068
2023,3,9,4,198,17194,86.84,6,164,97,0.0056,19,78,111,9.89,7.0,87,7,1,2,15,0.0219,"{""IC"": 63, ""S"": 10, ""PYO"": 13, ""HDM"": 5, ""MV"": 6}","[5, 6, 7, 9, 8, 11, 10, 12, 21, 17]",0.0066
2023,3,10,5,215,18636,86.68,1,90,140,0.0075,35,105,62,13.63,10.0,104,25,10,1,24,0.0237,"{""IC"": 90, ""S"": 22, ""PYO"": 21, ""HDM"": 6, ""MV"": 1}","[5, 6, 7, 10, 9, 13, 8, 14, 12, 11]",0.0068
2023,3,11,6,172,15084,87.7,0,0,105,0.007,16,89,46,10.07,8.0,85,19,1,0,9,0.0632,"{""IC"": 70, ""S"": 3, ""PYO"": 27, ""HDM"": 1, ""MV"": 4}","[5, 6, 8, 7, 9, 10, 11, 12, 15, 13]",0.0068
2023,3,12,7,167,13918,83.34,3,60,89,0.0064,10,79,105,9.49,6.0,81,6,1,1,11,0.0296,"{""IC"": 65, ""S"": 12, ""PYO"": 10, ""HDM"": 2}","[5, 6, 7, 8, 14, 12, 10, 16, 9, 18]",0.0067
2023,3,13,1,195,16776,86.03,8,136,101,0.006,15,86,69,9.95,7.0,87,9,4,1,15,0.0324,"{""IC"": 75, ""S"": 10, ""PYO"": 10, ""HDM"": 5, ""MV"": 1}","[5, 7, 6, 8, 10, 13, 9, 15, 11, 16]",0.0068
2023,3,14,2,197,16872,85.64,4,210,110,0.0065,22,88,93,11.65,7.5,90,11,8,1,16,0.0287,"{""S"": 14, ""IC"": 79, ""PYO"": 8, ""HDM"": 5, ""MV"": 4}","[5, 6, 7, 9, 8, 12, 10, 14, 11, 20]",0.0065
2023,3,15,3,197,17230,87.46,4,276,91,0.0053,16,75,65,9.75,6.0,77,11,2,1,10,0.0439,"{""IC"": 69, ""S"": 11, ""PYO"": 8, ""HDM"": 3}","[6, 5, 7, 9, 8, 12, 22, 15, 13, 16]",0.0063
2023,3,16,4,202,17382,86.05,5,280,148,0.0085,69,79,87,13.43,8.0,126,11,2,9,14,0.0229,"{""IC"": 94, ""S"": 18, ""PYO"": 33, ""HDM"": 3}","[5, 6, 7, 9, 8, 12, 10, 11, 13, 87]",0.0067
2023,3,17,5,214,18690,87.34,12,152,100,0.0054,15,85,70,9.84,7.0,87,9,3,1,10,0.0409,"{""IC"": 63, ""S"": 16, ""PYO"": 16, ""HDM"": 3, ""MUS"": 2}","[5, 6, 7, 8, 9, 10, 12, 15, 11, 16]",0.0064
2023,3,18,6,176,15186,86.28,11,390,107,0.007,18,89,125,12.29,8.0,89,12,4,2,15,0.051,"{""IC"": 57, ""S"": 6, ""PYO"": 31, ""HDM"": 5, ""MUS"": 6, ""MV"": 2}","[5, 6, 7, 9, 8, 11, 10, 12, 13, 15]",0.0064
2023,3,19,7,180,14832,82.4,10,492,146,0.0098,22,124,148,14.58,8.0,106,19,20,1,34,0.026,"{""IC"": 78, ""S"": 17, ""PYO"": 27, ""HDM"": 10, ""MUS"": 3, ""MV"": 11}","[5, 6, 7, 8, 13, 9, 11, 28, 12, 10]",0.0069
2023,3,20,1,203,17470,86.06,199,17348,5,0.0003,1,4,41,21.4,13.0,3,0,2,0,0,0.0402,"{""IC"": 1, ""MV"": 4}","[13, 5, 41, 40, 8]",0.0061
2023,3,21,2,194,16700,86.08,194,16700,0,0.0,0,0,0,0.0,0.0,0,0,0,0,0,,{},[],0.0052
2023,3,22,3,207,17962,86.77,201,17364,8,0.0004,4,4,71,23.5,16.5,4,1,2,1,2,0.0132,"{""MV"": 8}","[5, 71, 34, 30, 11, 10, 22]",0.0045
2023,3,23,4,205,17690,86.29,198,17276,3,0.0002,1,2,38,22.33,22.0,1,1,1,0,1,0.0169,"{""MV"": 3}","[7, 22, 38]",0.0033
2023,3,24,5,226,19494,86.26,4,128,121,0.0062,23,98,159,12.31,7.0,100,13,5,3,19,0.0243,"{""IC"": 71, ""S"": 14, ""PYO"": 14, ""HDM"": 8, ""MV"": 14}","[5, 7, 6, 8, 14, 13, 11, 10, 18, 16]",0.0034
2023,3,25,6,172,15048,87.49,4,84,105,0.007,18,87,45,9.54,7.0,88,14,3,0,8,0.0565,"{""IC"": 59, ""S"": 11, ""PYO"": 29, ""HDM"": 3, ""MUS"": 3}","[5, 6, 9, 7, 8, 10, 16, 13, 18, 14]",0.0034
2023,3,26,7,175,15232,87.04,1,94,89,0.0058,20,69,133,14.34,7.0,71,11,2,5,8,0.0282,"{""IC"": 61, ""S"": 11, ""PYO"": 13, ""HDM"": 2, ""MV"": 2}","[5, 6, 7, 8, 11, 13, 15, 9, 24, 12]",0.0028
2023,3,27,1,200,17208,86.04,0,134,117,0.0068,25,92,65,9.42,6.0,101,13,2,1,16,0.0365,"{""IC"": 85, ""S"": 10, ""PYO"": 13, ""HDM"": 4, ""MV"": 5}","[5, 6, 8, 7, 11, 10, 9, 15, 17, 16]",0.0038
2023,3,28,2,204,17316,84.88,3,242,169,0.0098,47,122,87,12.44,8.0,131,25,11,2,33,0.0308,"{""IC"": 127, ""S"": 12, ""PYO"": 10, ""HDM"": 10, ""MV"": 10}","[5, 6, 7, 9, 12, 8, 13, 10, 14, 15]",0.0052
2023,3,29,3,200,16444,82.22,4,192,84,0.0051,18,66,66,9.82,7.0,74,7,2,1,8,0.0472,"{""IC"": 58, ""S"": 7, ""PYO"": 14, ""HDM"": 2, ""MV"": 3}","[5, 6, 7, 8, 9, 12, 10, 16, 11, 27]",0.0058
2023,3,30,4,204,17732,86.92,9,340,85,0.0048,21,64,101,11.88,7.0,70,9,4,2,13,0.0343,"{""IC"": 58, ""S"": 9, ""PYO"": 8, ""HDM"": 7, ""MV"": 3}","[5, 7, 6, 8, 9, 10, 13, 11, 12, 15]",0.0065
2023,3,31,5,217,18880,87.0,5,420,211,0.0112,52,159,153,19.85,10.0,145,35,12,19,27,0.0187,"{""IC"": 132, ""S"": 32, ""PYO"": 24, ""HDM"": 14, ""MV"": 9}","[5, 6, 9, 7, 14, 10, 12, 11, 15, 13]",0.0072
2023,4,1,6,176,15534,88.26,2,148,92,0.0059,12,80,86,12.07,8.0,74,11,6,1,11,0.0666,"{""S"": 13, ""IC"": 43, ""PYO"": 32, ""HDM"": 3, ""MV"": 1}","[5, 6, 7, 10, 11, 9, 8, 16, 12, 13]",0.0071
2023,4,2,7,173,14586,84.31,2,152,87,0.006,9,78,93,13.67,8.0,67,14,2,4,12,0.0533,"{""S"": 10, ""IC"": 56, ""PYO"": 10, ""HDM"": 5, ""MV"": 6}","[5, 6, 7, 8, 12, 13, 11, 10, 15, 9]",0.0071
2023,4,3,1,203,17336,85.4,14,320,96,0.0055,13,83,55,9.07,6.0,86,6,4,0,13,0.0667,"{""IC"": 64, ""S"": 10, ""PYO"": 15, ""HDM"": 2, ""MV"": 5}","[5, 6, 7, 8, 9, 10, 11, 13, 20, 18]",0.0069
2023,4,4,2,200,17270,86.35,5,328,103,0.006,21,82,185,10.66,6.0,89,11,1,2,11,0.0267,"{""IC"": 79, ""S"": 9, ""PYO"": 7, ""HDM"": 4, ""MV"": 4}","[5, 6, 8, 7, 15, 12, 9, 28, 10, 11]",0.0064
2023,4,5,3,206,17758,86.2,4,84,117,0.0066,20,97,120,12.35,8.0,99,11,3,4,15,0.0223,"{""IC"": 69, ""S"": 11, ""PYO"": 24, ""HDM"": 8, ""MV"": 5}","[5, 6, 8, 9, 7, 11, 12, 10, 13, 15]",0.0066
2023,4,6,4,214,18712,87.44,0,90,114,0.0061,21,93,93,9.94,7.0,102,8,3,1,12,0.0475,"{""IC"": 73, ""S"": 10, ""PYO"": 27, ""HDM"": 1, ""MV"": 3}","[5, 6, 7, 8, 9, 10, 14, 11, 12, 13]",0.0068
2023,4,7,5,187,17024,91.04,3,150,113,0.0066,19,94,202,11.74,7.0,91,19,1,2,14,0.0589,"{""IC"": 64, ""S"": 12, ""PYO"": 24, ""HDM"": 8, ""MV"": 5}","[5, 6, 7, 10, 8, 9, 16, 20, 17, 12]",0.0061
2023,4,8,6,178,15394,86.48,0,56,116,0.0075,27,89,160,12.96,7.5,96,12,6,2,8,0.0435,"{""IC"": 71, ""S"": 11, ""PYO"": 26, ""HDM"": 3, ""MV"": 4, ""V"": 1}","[5, 6, 7, 8, 9, 12, 14, 11, 10, 13]",0.0063
2023,4,9,7,160,14156,88.47,0,0,100,0.0071,13,87,61,11.15,7.0,82,13,3,2,8,0.0442,"{""IC"": 58, ""S"": 13, ""PYO"": 24, ""HDM"": 4, ""V"": 1}","[5, 6, 7, 8, 10, 13, 9, 11, 19, 23]",0.0065
2023,4,10,1,175,15544,88.82,0,0,106,0.0068,20,86,35,8.5,7.0,98,7,1,0,7,0.0927,"{""IC"": 59, ""S"": 8, ""PYO"": 35, ""HDM"": 2, ""MV"": 2}","[5, 6, 8, 7, 9, 10, 13, 11, 12, 18]",0.0067
2023,4,11,2,203,17192,84.69,1,14,91,0.0053,12,79,29,8.27,7.0,85,6,0,0,10,0.0568,"{""IC"": 61, ""S"": 7, ""PYO"": 13, ""HDM"": 1, ""MV"": 9}","[5, 6, 7, 8, 10, 9, 13, 11, 12, 16]",0.0066
2023,4,12,3,200,17210,86.05,0,0,89,0.0052,20,69,20,8.12,7.0,83,6,0,0,10,0.0643,"{""S"": 13, ""IC"": 58, ""PYO"": 12, ""HDM"": 2, ""MV"": 4}","[5, 6, 9, 11, 7, 8, 10, 14, 12, 15]",0.0064
2023,4,13,4,205,17698,86.33,0,0,89,0.005,10,79,46,8.42,6.0,80,6,3,0,8,0.0731,"{""IC"": 51, ""S"": 7, ""PYO"": 18, ""HDM"": 8, ""MV"": 5}","[5, 6, 7, 8, 11, 13, 15, 10, 17, 9]",0.0062
2023,4,14,5,218,18948,86.92,1,64,113,0.006,24,89,71,8.35,6.0,102,10,0,1,10,0.0566,"{""IC"": 69, ""S"": 11, ""PYO"": 25, ""HDM"": 3, ""MV"": 5}","[5, 6, 7, 8, 12, 11, 10, 16, 15, 21]",0.0061
2023,4,15,6,174,15434,88.7,3,132,86,0.0056,14,72,50,9.44,7.0,76,7,3,0,5,0.0981,"{""IC"": 46, ""S"": 7, ""PYO"": 31, ""MV"": 2}","[5, 6, 9, 7, 11, 8, 12, 10, 16, 13]",0.0059
2023,4,16,7,176,14968,85.05,6,138,79,0.0053,10,69,28,7.85,6.0,73,6,0,0,7,0.0617,"{""S"": 14, ""IC"": 55, ""PYO"": 6, ""HDM"": 1, ""MV"": 3}","[5, 6, 7, 8, 9, 13, 11, 17, 10, 16]",0.0056
2023,4,17,1,200,16534,82.67,0,0,73,0.0044,9,64,21,7.63,7.0,71,2,0,0,5,0.0762,"{""IC"": 50, ""S"": 10, ""PYO"": 6, ""HDM"": 7}","[5, 6, 7, 10, 9, 8, 12, 11, 13, 21]",0.0053
2023,4,18,2,199,15992,80.36,0,0,64,0.004,12,52,47,8.84,7.0,60,3,1,0,7,0.0774,"{""IC"": 42, ""S"": 6, ""PYO"": 10, ""HDM"": 6}","[5, 7, 6, 8, 11, 14, 13, 9, 10, 25]",0.0051
2023,4,19,3,197,15788,80.14,0,4,170,0.0108,60,110,70,12.41,9.0,122,40,7,1,30,0.0299,"{""S"": 26, ""IC"": 116, ""PYO"": 8, ""HDM"": 20}","[5, 6, 7, 8, 14, 9, 11, 17, 10, 15]",0.0059
2023,4,20,4,205,16854,82.21,0,0,94,0.0056,15,79,86,11.36,7.0,77,11,4,2,7,0.0486,"{""IC"": 59, ""S"": 10, ""PYO"": 13, ""HDM"": 4, ""MV"": 8}","[6, 5, 7, 8, 12, 9, 16, 13, 14, 23]",0.006
2023,4,21,5,219,18368,83.87,8,478,220,0.012,71,149,84,12.89,8.0,164,38,16,2,37,0.0211,"{""S"": 26, ""IC"": 166, ""PYO"": 10, ""HDM"": 13, ""MV"": 5}","[5, 6, 7, 8, 12, 11, 10, 9, 20, 19]",0.0068
2023,4,22,6,175,15090,86.23,1,88,83,0.0055,11,72,57,10.87,8.0,65,15,3,0,11,0.0464,"{""S"": 7, ""IC"": 50, ""PYO"": 8, ""HDM"": 12, ""MUS"": 3, ""MV"": 2, ""V"": 1}","[5, 6, 9, 7, 8, 15, 13, 22, 10, 16]",0.0068
2023,4,23,7,176,14918,84.76,2,50,63,0.0042,11,52,145,11.79,7.0,56,4,1,2,6,0.0944,"{""S"": 7, ""IC"": 37, ""PYO"": 5, ""HDM"": 2, ""MUS"": 1, ""MV"": 9, ""V"": 2}","[5, 6, 7, 8, 9, 10, 13, 14, 12, 28]",0.0066
2023,4,24,1,203,16426,80.92,0,62,91,0.0055,24,67,43,8.09,6.0,84,6,1,0,8,0.0565,"{""IC"": 61, ""S"": 9, ""PYO"": 7, ""HDM"": 9, ""MV"": 5}","[5, 6, 7, 9, 8, 11, 12, 21, 13, 25]",0.0068
2023,4,25,2,203,16482,81.19,1,88,97,0.0059,20,77,61,10.47,7.0,86,5,5,1,10,0.0429,"{""IC"": 69, ""S"": 15, ""PYO"": 3, ""HDM"": 7, ""MV"": 3}","[5, 6, 9, 7, 8, 11, 10, 12, 16, 13]",0.0071
2023,4,26,3,202,16364,81.01,0,14,80,0.0049,17,63,62,9.03,7.0,73,5,1,1,5,0.0631,"{""IC"": 65, ""S"": 5, ""PYO"": 7, ""HDM"": 3}","[5, 6, 7, 8, 9, 12, 10, 19, 20, 16]",0.0062
2023,4,27,4,203,16408,80.83,0,28,92,0.0056,20,72,80,13.84,7.0,74,8,5,5,16,0.0242,"{""IC"": 65, ""S"": 12, ""PYO"": 8, ""HDM"": 4, ""MV"": 3}","[5, 6, 7, 8, 9, 14, 15, 12, 10, 80]",0.0062
2023,4,28,5,214,17662,82.53,0,0,80,0.0045,11,69,103,10.76,7.0,73,3,2,2,11,0.0538,"{""IC"": 57, ""S"": 11, ""PYO"": 5, ""HDM"": 2, ""MV"": 5}","[5, 6, 9, 8, 10, 7, 11, 22, 17, 96]",0.0052
2023,4,29,6,173,14296,82.64,2,28,69,0.0048,8,61,29,8.65,7.0,62,7,0,0,9,0.0821,"{""IC"": 42, ""S"": 8, ""PYO"": 9, ""HDM"": 7, ""MV"": 3}","[5, 6, 10, 8, 11, 7, 9, 21, 12, 14]",0.0051
2023,4,30,7,152,12778,84.07,9,190,61,0.0048,9,52,43,11.05,8.0,50,7,4,0,9,0.0452,"{""IC"": 46, ""S"": 7, ""HDM"": 8}","[5, 6, 7, 9, 8, 11, 12, 20, 10, 15]",0.0051
2023,5,1,1,169,14422,85.34,6,118,57,0.004,11,46,32,8.11,6.0,52,4,1,0,4,0.0553,"{""IC"": 43, ""S"": 2, ""PYO"": 9, ""HDM"": 2, ""MV"": 1}","[5, 6, 7, 9, 8, 13, 15, 10, 16, 14]",0.0049
2023,5,2,2,205,15904,77.58,6,134,89,0.0056,20,69,58,10.34,7.0,75,10,4,0,13,0.0327,"{""IC"": 66, ""S"": 9, ""HDM"": 8, ""MV"": 6}","[5, 7, 6, 10, 12, 9, 8, 17, 13, 20]",0.0049
2023,5,3,3,201,16078,79.99,1,20,67,0.0042,17,50,50,8.07,5.0,61,4,2,0,6,0.0425,"{""IC"": 53, ""S"": 7, ""PYO"": 4, ""HDM"": 2, ""MV"": 1}","[5, 6, 8, 9, 10, 7, 19, 30, 18, 15]",0.0048
2023,5,4,4,203,16394,80.76,0,0,75,0.0046,16,59,87,8.25,6.0,72,1,1,1,6,0.0416,"{""IC"": 59, ""S"": 6, ""PYO"": 6, ""HDM"": 4}","[5, 6, 7, 9, 10, 8, 11, 13, 87, 14]",0.0046
2023,5,5,5,214,17700,82.71,1,14,67,0.0038,19,48,17,7.66,7.0,65,2,0,0,3,0.0559,"{""IC"": 51, ""S"": 7, ""PYO"": 6, ""HDM"": 2, ""MV"": 1}","[5, 6, 7, 8, 13, 9, 10, 14, 11, 15]",0.0045
2023,5,6,6,169,13966,82.64,2,16,70,0.005,13,57,27,7.5,6.0,67,3,0,0,5,0.07,"{""IC"": 55, ""S"": 9, ""PYO"": 3, ""HDM"": 2, ""MV"": 1}","[5, 6, 7, 10, 8, 9, 14, 17, 11, 19]",0.0046
2023,5,7,7,176,14320,81.36,0,0,79,0.0055,15,64,69,9.86,7.0,69,7,2,1,12,0.0456,"{""IC"": 64, ""S"": 7, ""HDM"": 4, ""MUS"": 1, ""MV"": 2, ""V"": 1}","[5, 8, 6, 7, 11, 10, 13, 12, 9, 20]",0.0047
2023,5,8,1,195,14974,76.79,0,4,82,0.0055,36,46,84,14.48,7.0,61,8,10,3,7,0.0275,"{""IC"": 63, ""S"": 16, ""HDM"": 2, ""MV"": 1}","[5, 7, 6, 8, 12, 9, 19, 21, 11, 10]",0.0049
2023,5,9,2,199,14860,74.67,8,410,81,0.0055,25,56,205,15.69,8.0,62,10,7,2,14,0.0356,"{""IC"": 57, ""S"": 12, ""HDM"": 3, ""PYO"": 4, ""MV"": 5}","[5, 7, 6, 9, 11, 8, 12, 15, 20, 13]",0.0049
2023,5,10,3,200,16886,84.43,1,14,137,0.0081,38,99,63,9.48,7.0,127,6,2,2,14,0.0304,"{""IC"": 105, ""S"": 24, ""PYO"": 4, ""HDM"": 2, ""MV"": 2}","[5, 6, 7, 9, 8, 10, 12, 11, 13, 14]",0.0054
2023,5,11,4,201,17294,86.04,1,38,124,0.0072,50,74,47,10.23,7.0,103,13,8,0,14,0.0302,"{""IC"": 92, ""S"": 18, ""PYO"": 6, ""HDM"": 5, ""MV"": 3}","[5, 6, 8, 7, 12, 9, 10, 21, 17, 25]",0.0058
2023,5,12,5,215,18212,84.71,4,118,262,0.0144,87,175,89,11.05,8.0,215,34,12,1,56,0.019,"{""IC"": 193, ""S"": 41, ""PYO"": 9, ""HDM"": 19}","[6, 5, 7, 8, 9, 10, 12, 11, 14, 17]",0.0073
2023,5,13,6,175,14318,81.82,1,60,87,0.0061,21,66,49,9.48,7.0,76,6,5,0,13,0.0512,"{""IC"": 59, ""S"": 15, ""PYO"": 7, ""HDM"": 6}","[5, 6, 7, 8, 9, 11, 10, 16, 17, 46]",0.0075
2023,5,14,7,175,14496,82.83,0,16,77,0.0053,21,56,152,9.36,6.0,73,2,1,1,3,0.0552,"{""IC"": 62, ""S"": 11, ""HDM"": 2, ""MV"": 2}","[5, 6, 7, 8, 9, 10, 14, 49, 16, 11]",0.0074
2023,5,15,1,203,16540,81.48,0,16,119,0.0072,45,74,82,9.58,7.0,105,11,2,1,16,0.0358,"{""S"": 12, ""IC"": 90, ""HDM"": 9, ""MV"": 8}","[5, 6, 7, 9, 8, 14, 10, 15, 12, 11]",0.0077
2023,5,16,2,197,16270,82.59,0,140,90,0.0055,30,60,72,10.49,7.0,78,8,2,2,11,0.0329,"{""IC"": 70, ""S"": 12, ""HDM"": 4, ""MV"": 4}","[5, 8, 6, 7, 11, 9, 13, 12, 23, 14]",0.0077
2023,5,17,3,208,17318,83.26,1,30,94,0.0054,26,68,64,9.53,6.0,81,10,2,1,7,0.0432,"{""S"": 11, ""IC"": 72, ""PYO"": 6, ""HDM"": 1, ""MV"": 4}","[5, 6, 8, 7, 9, 10, 13, 11, 19, 12]",0.0073
2023,5,18,4,176,15360,87.27,2,44,78,0.0051,20,58,57,9.45,7.0,68,8,2,0,14,0.0429,"{""S"": 12, ""IC"": 59, ""PYO"": 3, ""HDM"": 3, ""MV"": 1}","[5, 7, 6, 8, 10, 9, 16, 14, 12, 29]",0.007
2023,5,19,5,217,18264,84.17,0,16,104,0.0057,30,74,88,9.97,6.0,92,6,5,1,17,0.0321,"{""IC"": 76, ""S"": 12, ""PYO"": 7, ""HDM"": 5, ""MV"": 4}","[5, 6, 7, 10, 12, 8, 9, 11, 16, 13]",0.0058
2023,5,20,6,176,14476,82.25,1,112,80,0.0055,24,56,385,15.2,7.0,69,8,1,2,6,0.045,"{""IC"": 59, ""S"": 9, ""PYO"": 5, ""HDM"": 4, ""P"": 1, ""MV"": 2}","[5, 6, 7, 9, 8, 11, 12, 16, 10, 20]",0.0057
2023,5,21,7,171,14340,83.86,2,156,76,0.0053,20,56,53,9.71,7.0,64,10,2,0,12,0.0422,"{""IC"": 63, ""S"": 10, ""HDM"": 2, ""MV"": 1}","[5, 6, 7, 10, 8, 16, 12, 14, 9, 18]",0.0057
2023,5,22,1,197,16208,82.27,1,110,107,0.0066,40,67,98,11.33,6.0,97,4,2,4,15,0.0266,"{""IC"": 87, ""S"": 16, ""HDM"": 2, ""MV"": 2}","[5, 6, 7, 9, 11, 8, 12, 10, 13, 14]",0.0056
2023,5,23,2,206,16326,79.25,0,60,130,0.008,48,82,108,10.02,7.0,111,15,3,1,13,0.0349,"{""IC"": 100, ""S"": 21, ""HDM"": 2, ""MV"": 3, ""V"": 4}","[5, 6, 7, 9, 12, 8, 14, 16, 10, 15]",0.0059
2023,5,24,3,199,16732,84.08,0,0,93,0.0056,38,55,52,9.22,7.0,79,13,1,0,6,0.0475,"{""S"": 11, ""IC"": 72, ""PYO"": 7, ""HDM"": 3}","[6, 5, 7, 8, 15, 14, 9, 10, 13, 12]",0.006
2023,5,25,4,208,17204,82.71,0,0,88,0.0051,27,61,24,7.24,6.0,82,6,0,0,8,0.0491,"{""S"": 14, ""IC"": 67, ""PYO"": 3, ""HDM"": 2, ""MV"": 2}","[5, 6, 10, 7, 8, 9, 18, 15, 12, 13]",0.006
2023,5,26,5,213,17480,82.07,0,0,95,0.0054,29,66,32,8.34,6.0,85,8,2,0,13,0.04,"{""IC"": 63, ""S"": 19, ""PYO"": 3, ""HDM"": 7, ""MV"": 1, ""V"": 2}","[5, 6, 7, 9, 8, 16, 11, 13, 14, 10]",0.0059
2023,5,27,6,177,13814,78.05,0,4,82,0.0059,20,62,113,10.05,7.0,72,9,0,1,10,0.0563,"{""IC"": 58, ""S"": 9, ""PYO"": 7, ""HDM"": 4, ""MUS"": 3, ""V"": 1}","[5, 6, 7, 8, 11, 10, 9, 21, 13, 14]",0.006
2023,5,28,7,186,15090,81.13,0,28,103,0.0068,23,80,109,13.31,8.0,78,15,8,2,25,0.0263,"{""IC"": 77, ""S"": 10, ""HDM"": 9, ""MV"": 7}","[5, 8, 6, 7, 9, 13, 12, 15, 25, 28]",0.0062
2023,5,29,1,205,16366,79.83,0,0,90,0.0055,31,59,69,8.8,6.0,80,9,0,1,13,0.0374,"{""IC"": 66, ""S"": 11, ""HDM"": 5, ""MV"": 8}","[5, 6, 7, 9, 10, 8, 17, 11, 20, 12]",0.006
2023,5,30,2,201,16112,80.16,0,0,88,0.0055,23,65,44,8.32,6.5,81,6,1,0,10,0.0473,"{""IC"": 67, ""S"": 17, ""HDM"": 3, ""MV"": 1}","[5, 6, 8, 7, 10, 9, 12, 13, 11, 19]",0.0057
2023,5,31,3,205,16410,80.05,0,0,94,0.0057,26,68,69,10.67,7.5,79,11,2,2,15,0.024,"{""IC"": 66, ""S"": 9, ""PYO"": 10, ""HDM"": 6, ""MV"": 3}","[5, 8, 6, 7, 10, 9, 18, 16, 11, 14]",0.0057
2023,6,1,4,202,16392,81.15,0,0,92,0.0056,26,66,84,10.48,6.0,76,12,2,2,12,0.0319,"{""IC"": 64, ""S"": 11, ""PYO"": 9, ""HDM"": 4, ""MV"": 4}","[5, 6, 7, 8, 17, 9, 10, 12, 15, 11]",0.0058
2023,6,2,5,212,17656,83.28,1,38,130,0.0074,57,73,47,8.22,6.0,119,8,3,0,14,0.0303,"{""IC"": 91, ""S"": 23, ""PYO"": 6, ""HDM"": 9, ""MV"": 1}","[5, 6, 8, 7, 12, 9, 10, 14, 11, 18]",0.0061
2023,6,3,6,172,14122,82.1,0,0,94,0.0067,37,57,32,7.17,6.0,91,2,1,0,7,0.0522,"{""IC"": 71, ""S"": 10, ""PYO"": 5, ""HDM"": 3, ""MV"": 5}","[5, 6, 7, 9, 10, 14, 13, 11, 8, 32]",0.0062
2023,6,4,7,176,14648,83.23,0,64,130,0.0089,44,86,73,10.53,6.0,108,13,7,2,24,0.0288,"{""IC"": 101, ""S"": 15, ""HDM"": 8, ""MV"": 6}","[5, 6, 8, 9, 11, 10, 16, 15, 7, 12]",0.0065
2023,6,5,1,202,15898,78.7,0,0,102,0.0064,46,56,42,7.97,6.0,94,5,3,0,9,0.041,"{""IC"": 82, ""S"": 14, ""HDM"": 3, ""MV"": 3}","[5, 6, 7, 8, 9, 10, 12, 25, 30, 22]",0.0066
2023,6,6,2,194,15350,79.12,0,0,114,0.0074,57,57,160,9.61,6.0,108,2,2,2,12,0.0224,"{""S"": 16, ""IC"": 92, ""HDM"": 6}","[5, 6, 7, 8, 12, 13, 10, 11, 15, 14]",0.0069
2023,6,7,3,198,15918,80.39,0,226,109,0.0068,47,62,204,11.23,6.0,96,9,2,2,8,0.0414,"{""S"": 9, ""IC"": 89, ""PYO"": 8, ""HDM"": 2, ""MV"": 1}","[5, 6, 7, 9, 10, 25, 8, 16, 14, 13]",0.007
2023,6,8,4,206,16254,78.9,2,140,165,0.0102,63,102,207,15.6,7.0,123,16,20,6,34,0.0186,"{""IC"": 121, ""S"": 24, ""PYO"": 4, ""HDM"": 11, ""MV"": 5}","[5, 6, 7, 9, 11, 10, 34, 12, 8, 14]",0.0077
2023,6,9,5,226,18640,82.48,5,104,136,0.0073,52,84,85,8.88,7.0,124,10,1,1,18,0.0386,"{""IC"": 86, ""S"": 21, ""PYO"": 3, ""HDM"": 5, ""MUS"": 9, ""MV"": 6, ""V"": 6}","[5, 6, 7, 8, 10, 9, 11, 16, 12, 13]",0.0077
2023,6,10,6,185,14738,79.66,2,60,73,0.005,22,51,27,8.68,7.0,66,7,0,0,8,0.0563,"{""IC"": 53, ""S"": 6, ""PYO"": 6, ""HDM"": 1, ""MUS"": 7}","[5, 7, 6, 13, 9, 10, 8, 11, 14, 12]",0.0074
2023,6,11,7,176,14918,84.76,0,320,146,0.0098,50,96,330,16.95,8.5,100,26,14,6,30,0.0279,"{""S"": 17, ""IC"": 100, ""HDM"": 7, ""MV"": 16, ""MUS"": 6}","[5, 6, 8, 7, 11, 9, 16, 17, 13, 12]",0.0076
2023,6,12,1,209,16150,77.27,0,0,132,0.0082,41,91,77,11.52,8.0,109,15,5,3,20,0.0307,"{""IC"": 95, ""S"": 10, ""PYO"": 6, ""HDM"": 9, ""MV"": 12}","[5, 6, 7, 9, 8, 11, 14, 13, 12, 16]",0.0078
2023,6,13,2,205,16038,78.23,0,16,116,0.0072,40,76,48,10.59,7.0,99,9,8,0,16,0.0299,"{""S"": 19, ""IC"": 81, ""PYO"": 8, ""HDM"": 5, ""MUS"": 1, ""MV"": 2}","[5, 6, 7, 8, 11, 10, 9, 13, 46, 22]",0.0078
2023,6,14,3,204,16180,79.31,1,52,107,0.0066,30,77,52,10.24,8.0,89,16,2,0,16,0.0375,"{""S"": 17, ""IC"": 70, ""PYO"": 6, ""HDM"": 4, ""MV"": 10}","[5, 6, 8, 9, 7, 10, 12, 11, 21, 15]",0.0078
2023,6,15,4,205,16082,78.45,2,40,98,0.0061,23,75,68,11.02,7.0,82,9,6,1,19,0.0321,"{""IC"": 65, ""S"": 16, ""PYO"": 4, ""HDM"": 7, ""MV"": 6}","[5, 6, 9, 10, 7, 8, 12, 16, 11, 18]",0.0072
2023,6,16,5,215,18128,84.32,3,36,107,0.0059,29,78,33,8.71,7.0,93,13,1,0,19,0.0344,"{""S"": 16, ""IC"": 75, ""PYO"": 4, ""HDM"": 7, ""MV"": 5}","[5, 6, 7, 8, 9, 10, 12, 14, 16, 19]",0.007
2023,6,17,6,177,14328,80.95,4,130,75,0.0052,21,54,43,9.77,8.0,66,7,2,0,8,0.0493,"{""IC"": 50, ""S"": 10, ""PYO"": 11, ""HDM"": 3, ""MV"": 1}","[5, 6, 9, 7, 10, 14, 8, 12, 13, 11]",0.007
2023,6,18,7,164,14368,87.61,3,144,98,0.0068,17,81,41,8.33,6.0,90,7,1,0,15,0.0396,"{""IC"": 71, ""S"": 12, ""PYO"": 8, ""HDM"": 7}","[5, 6, 8, 7, 11, 9, 12, 10, 13, 23]",0.0066
2023,6,19,1,201,16862,83.89,0,32,124,0.0074,31,93,189,12.3,7.0,105,11,6,2,10,0.0257,"{""IC"": 83, ""S"": 21, ""PYO"": 10, ""HDM"": 9, ""MV"": 1}","[5, 6, 7, 8, 9, 11, 10, 14, 13, 15]",0.0065
2023,6,20,2,202,16810,83.22,0,0,118,0.007,31,87,67,9.45,7.0,106,9,1,2,19,0.0316,"{""IC"": 80, ""S"": 20, ""PYO"": 5, ""HDM"": 11, ""MV"": 2}","[5, 6, 7, 9, 10, 8, 13, 11, 12, 14]",0.0064
2023,6,21,3,202,16806,83.2,0,12,120,0.0071,32,88,56,9.16,7.0,108,9,3,0,16,0.0382,"{""IC"": 72, ""S"": 27, ""PYO"": 7, ""HDM"": 12, ""MV"": 2}","[5, 6, 7, 9, 8, 11, 10, 13, 12, 14]",0.0065
2023,6,22,4,212,18118,85.46,0,0,136,0.0075,48,88,70,10.92,7.0,108,22,5,1,19,0.0298,"{""IC"": 102, ""S"": 15, ""PYO"": 8, ""HDM"": 10, ""MV"": 1}","[5, 6, 9, 7, 8, 10, 19, 12, 18, 13]",0.0067
2023,6,23,5,166,13860,83.49,0,0,77,0.0056,22,55,66,9.22,6.0,68,6,2,1,7,0.0672,"{""S"": 7, ""IC"": 57, ""PYO"": 9, ""HDM"": 4}","[5, 6, 7, 8, 9, 10, 12, 13, 11, 20]",0.0067
2023,6,24,6,152,10364,68.18,0,8,58,0.0056,14,44,69,14.26,8.0,45,5,7,1,9,0.0406,"{""IC"": 47, ""S"": 3, ""PYO"": 4, ""HDM"": 4}","[5, 6, 13, 7, 10, 8, 11, 12, 9, 19]",0.0067
2023,6,25,7,175,14638,83.65,1,70,109,0.0074,33,76,70,9.3,7.0,97,9,2,1,13,0.0561,"{""IC"": 73, ""S"": 7, ""PYO"": 2, ""HDM"": 24, ""MV"": 3}","[5, 6, 7, 8, 11, 9, 10, 12, 14, 13]",0.0068
2023,6,26,1,200,16780,83.9,0,0,99,0.0059,26,73,42,8.67,7.0,89,9,1,0,13,0.0359,"{""S"": 9, ""IC"": 75, ""PYO"": 5, ""HDM"": 9, ""MV"": 1}","[5, 6, 7, 11, 9, 12, 16, 13, 14, 8]",0.0066
2023,6,27,2,208,16938,81.43,3,164,117,0.0069,39,78,63,10.15,6.0,96,15,5,1,12,0.0283,"{""S"": 16, ""IC"": 83, ""PYO"": 9, ""HDM"": 7, ""MV"": 2}","[5, 6, 9, 7, 8, 21, 10, 15, 13, 16]",0.0066
2023,6,28,3,202,16796,83.15,5,124,191,0.0114,80,111,118,12.21,8.0,145,38,5,3,27,0.0196,"{""S"": 26, ""IC"": 143, ""PYO"": 6, ""HDM"": 15, ""MV"": 1}","[5, 6, 8, 7, 9, 12, 11, 13, 10, 16]",0.0072
2023,6,29,4,205,17164,83.73,3,186,160,0.0093,62,98,58,11.65,8.0,122,28,10,0,28,0.0196,"{""IC"": 108, ""S"": 22, ""PYO"": 15, ""HDM"": 8, ""MV"": 7}","[5, 7, 6, 8, 9, 11, 15, 12, 10, 20]",0.0074
2023,6,30,5,216,18266,84.56,4,112,214,0.0117,72,142,167,18.61,9.5,149,38,14,13,35,0.011,"{""IC"": 169, ""S"": 24, ""PYO"": 10, ""HDM"": 8, ""MUS"": 2, ""MV"": 1}","[5, 6, 7, 8, 12, 9, 10, 13, 14, 15]",0.0083
2023,7,1,6,192,14792,77.04,1,60,113,0.0076,34,79,39,8.28,7.0,105,7,1,0,19,0.0369,"{""IC"": 74, ""S"": 18, ""PYO"": 9, ""HDM"": 9, ""MUS"": 2, ""MV"": 1}","[5, 6, 7, 8, 10, 9, 13, 14, 11, 39]",0.0086
2023,7,2,7,173,14534,84.01,0,0,79,0.0054,25,54,33,7.53,6.0,75,3,1,0,8,0.0395,"{""IC"": 56, ""S"": 12, ""PYO"": 9, ""HDM"": 2}","[5, 6, 7, 10, 8, 11, 14, 9, 16, 27]",0.0083
2023,7,3,1,205,16490,80.44,2,86,129,0.0078,33,96,30,9.59,7.0,109,19,1,0,24,0.0319,"{""S"": 19, ""IC"": 91, ""HDM"": 12, ""MV"": 7}","[5, 6, 8, 7, 11, 9, 13, 10, 12, 18]",0.0086
2023,7,4,2,199,16188,81.35,2,126,124,0.0077,34,90,78,9.94,6.0,104,15,4,1,18,0.0388,"{""IC"": 101, ""S"": 18, ""HDM"": 4, ""MV"": 1}","[5, 6, 10, 9, 7, 8, 12, 15, 13, 17]",0.0087
2023,7,5,3,203,16682,82.18,1,32,79,0.0047,20,59,27,7.99,6.0,72,7,0,0,6,0.0534,"{""S"": 16, ""IC"": 48, ""PYO"": 6, ""HDM"": 6, ""MV"": 3}","[5, 6, 8, 9, 7, 11, 14, 15, 26, 27]",0.0077
2023,7,6,4,205,17104,83.43,0,124,108,0.0063,27,81,163,17.31,7.5,87,8,4,9,9,0.0176,"{""IC"": 74, ""S"": 15, ""PYO"": 14, ""HDM"": 3, ""MV"": 2}","[5, 6, 11, 8, 10, 9, 7, 13, 12, 14]",0.0073
2023,7,7,5,217,18280,84.24,2,84,117,0.0064,22,95,48,8.56,6.0,106,6,5,0,24,0.0419,"{""IC"": 80, ""S"": 13, ""PYO"": 13, ""HDM"": 4, ""MV"": 7}","[5, 6, 7, 8, 9, 10, 12, 11, 30, 15]",0.0066
2023,7,8,6,172,14670,85.29,0,0,92,0.0063,30,62,132,9.62,6.0,82,8,1,1,4,0.0579,"{""IC"": 58, ""S"": 10, ""PYO"": 20, ""HDM"": 3, ""MUS"": 1}","[5, 6, 7, 9, 8, 12, 10, 19, 13, 18]",0.0064
2023,7,9,7,176,14648,83.23,1,30,86,0.0059,22,64,34,9.42,6.0,73,12,1,0,7,0.0545,"{""IC"": 63, ""S"": 11, ""PYO"": 6, ""HDM"": 2, ""MV"": 2, ""V"": 2}","[5, 6, 9, 7, 14, 12, 19, 11, 8, 10]",0.0064
2023,7,10,1,203,17396,85.69,5,110,102,0.0059,34,68,38,8.12,6.0,94,7,1,0,13,0.0541,"{""IC"": 83, ""S"": 11, ""PYO"": 4, ""HDM"": 1, ""MV"": 3}","[5, 6, 7, 8, 9, 12, 10, 14, 17, 13]",0.0062
2023,7,11,2,203,17268,85.06,0,0,119,0.0069,42,77,43,8.94,7.0,107,10,2,0,20,0.0314,"{""IC"": 85, ""S"": 19, ""PYO"": 8, ""HDM"": 3, ""MV"": 4}","[5, 7, 6, 8, 12, 13, 11, 9, 10, 14]",0.0061
2023,7,12,3,202,17256,85.43,0,0,116,0.0067,31,85,26,8.02,7.0,107,9,0,0,15,0.0459,"{""IC"": 83, ""S"": 16, ""PYO"": 7, ""HDM"": 4, ""MV"": 6}","[5, 6, 7, 9, 11, 10, 8, 12, 18, 13]",0.0063
2023,7,13,4,202,17430,86.29,2,78,121,0.0069,29,92,105,11.32,7.0,99,14,5,3,13,0.0372,"{""IC"": 83, ""S"": 16, ""PYO"": 15, ""HDM"": 5, ""MV"": 2}","[5, 6, 7, 9, 8, 11, 10, 15, 12, 25]",0.0064
2023,7,14,5,215,18426,85.7,2,42,111,0.006,28,83,27,7.72,6.0,102,9,0,0,16,0.0597,"{""IC"": 72, ""S"": 16, ""PYO"": 11, ""HDM"": 4, ""P"": 4, ""MV"": 2, ""V"": 2}","[5, 6, 8, 7, 9, 10, 12, 11, 16, 15]",0.0064
2023,7,15,6,187,14972,80.06,0,2,79,0.0053,15,64,37,8.59,7.0,72,5,2,0,12,0.0685,"{""IC"": 46, ""S"": 14, ""PYO"": 8, ""HDM"": 7, ""MUS"": 2, ""MV"": 2}","[5, 7, 8, 6, 10, 9, 12, 11, 16, 15]",0.0062
2023,7,16,7,178,14752,82.88,2,40,80,0.0054,14,66,87,7.85,6.0,75,3,1,1,9,0.0515,"{""IC"": 57, ""S"": 10, ""PYO"": 4, ""HDM"": 6, ""MUS"": 2, ""V"": 1}","[5, 6, 7, 8, 9, 16, 12, 33, 18, 13]",0.0062
2023,7,17,1,202,17288,85.58,0,0,91,0.0053,24,67,117,8.95,6.0,85,4,0,2,5,0.0687,"{""IC"": 62, ""S"": 16, ""PYO"": 7, ""P"": 2, ""HDM"": 1, ""MV"": 1, ""V"": 2}","[5, 6, 7, 8, 10, 12, 9, 17, 117, 11]",0.0061
2023,7,18,2,198,17114,86.43,0,0,84,0.0049,20,64,57,9.07,6.5,75,6,3,0,10,0.0504,"{""IC"": 58, ""S"": 17, ""PYO"": 7, ""HDM"": 2}","[5, 6, 7, 8, 10, 11, 12, 13, 9, 15]",0.0058
2023,7,19,3,202,17166,84.98,0,20,103,0.006,26,77,105,10.78,6.0,89,9,2,3,10,0.0335,"{""IC"": 77, ""S"": 18, ""PYO"": 6, ""HDM"": 2}","[5, 6, 7, 9, 8, 11, 12, 18, 14, 23]",0.0057
2023,7,20,4,207,17640,85.22,1,34,76,0.0043,21,55,66,9.04,6.0,68,6,1,1,8,0.0643,"{""IC"": 41, ""S"": 11, ""PYO"": 16, ""HDM"": 4, ""MV"": 4}","[5, 6, 8, 7, 9, 14, 11, 13, 10, 15]",0.0053
2023,7,21,5,212,18164,85.68,0,0,121,0.0067,24,97,122,12.4,7.0,102,13,2,4,16,0.0279,"{""IC"": 91, ""S"": 9, ""PYO"": 15, ""HDM"": 4, ""V"": 2}","[5, 6, 8, 12, 9, 7, 10, 11, 18, 25]",0.0054
2023,7,22,6,179,14880,83.13,2,28,82,0.0055,19,63,134,12.22,7.0,71,6,2,3,6,0.0332,"{""IC"": 61, ""S"": 10, ""PYO"": 8, ""MUS"": 1, ""MV"": 2}","[5, 7, 6, 10, 9, 11, 13, 17, 14, 8]",0.0054
2023,7,23,7,180,14850,82.5,0,0,85,0.0057,24,61,185,10.33,6.0,80,2,2,1,7,0.0665,"{""IC"": 60, ""S"": 16, ""PYO"": 3, ""HDM"": 2, ""MV"": 3, ""V"": 1}","[5, 6, 9, 7, 8, 10, 13, 11, 12, 17]",0.0055
2023,7,24,1,203,17288,85.16,0,0,78,0.0045,19,59,16,6.97,6.0,75,3,0,0,7,0.0622,"{""S"": 19, ""IC"": 54, ""PYO"": 4, ""MV"": 1}","[5, 6, 8, 7, 9, 10, 12, 15, 14, 16]",0.0054
2023,7,25,2,200,17202,86.01,0,0,70,0.0041,19,51,193,15.2,6.0,61,3,2,4,5,0.0487,"{""S"": 11, ""IC"": 52, ""PYO"": 5, ""HDM"": 1, ""MV"": 1}","[5, 6, 7, 9, 8, 10, 19, 93, 31, 13]",0.0053
2023,7,26,3,201,17280,85.97,0,0,86,0.005,25,61,16,6.98,6.0,82,4,0,0,5,0.0636,"{""S"": 14, ""IC"": 62, ""PYO"": 5, ""HDM"": 2, ""MV"": 3}","[5, 6, 7, 8, 11, 13, 15, 16, 9, 14]",0.0051
2023,7,27,4,204,17496,85.76,2,74,107,0.0061,29,78,67,8.0,6.0,102,3,1,1,10,0.0601,"{""IC"": 65, ""S"": 14, ""PYO"": 12, ""HDM"": 3, ""MV"": 13}","[5, 6, 7, 9, 8, 10, 11, 12, 13, 20]",0.0054
2023,7,28,5,211,18118,85.87,0,0,140,0.0077,47,93,67,10.04,7.0,124,10,4,2,18,0.0264,"{""IC"": 94, ""S"": 18, ""PYO"": 14, ""HDM"": 14}","[5, 6, 7, 8, 10, 12, 9, 11, 14, 22]",0.0055
2023,7,29,6,182,15496,85.14,6,144,137,0.0088,60,77,89,12.51,7.0,110,13,12,2,12,0.0293,"{""IC"": 90, ""S"": 24, ""PYO"": 11, ""HDM"": 2, ""MUS"": 4, ""V"": 5, ""MV"": 1}","[5, 6, 7, 8, 9, 12, 14, 10, 17, 11]",0.006
2023,7,30,7,173,14878,86.0,2,50,62,0.0042,11,51,30,9.21,7.0,52,9,1,0,9,0.0693,"{""IC"": 46, ""S"": 8, ""PYO"": 4, ""HDM"": 4}","[5, 6, 7, 8, 9, 17, 12, 16, 23, 11]",0.0058
2023,7,31,1,203,17216,84.81,1,14,90,0.0052,27,63,68,9.42,7.0,80,8,1,1,12,0.0414,"{""S"": 13, ""IC"": 65, ""PYO"": 3, ""HDM"": 4, ""MV"": 5}","[5, 6, 9, 8, 7, 12, 10, 13, 16, 38]",0.0059
2023,8,1,2,202,17166,84.98,0,0,102,0.0059,33,69,43,9.65,7.0,92,6,4,0,13,0.0459,"{""IC"": 76, ""S"": 12, ""PYO"": 6, ""HDM"": 7, ""V"": 1}","[5, 6, 7, 9, 14, 12, 10, 8, 11, 18]",0.0061
2023,8,2,3,200,17202,86.01,0,0,63,0.0037,16,47,20,7.3,5.0,57,6,0,0,2,0.088,"{""S"": 7, ""IC"": 52, ""PYO"": 3, ""MV"": 1}","[5, 6, 7, 20, 9, 15, 10, 14, 12, 16]",0.0059
2023,8,3,4,204,17684,86.69,1,42,86,0.0049,32,54,58,8.9,7.0,78,7,1,0,10,0.0596,"{""IC"": 56, ""S"": 12, ""PYO"": 12, ""HDM"": 3, ""MV"": 3}","[5, 6, 7, 8, 9, 12, 11, 14, 22, 13]",0.0058
2023,8,4,5,215,18524,86.16,0,0,84,0.0045,25,59,38,7.99,7.0,80,3,1,0,6,0.061,"{""IC"": 56, ""S"": 11, ""PYO"": 11, ""HDM"": 5, ""MV"": 1}","[5, 6, 9, 8, 7, 10, 11, 12, 16, 38]",0.0053
2023,8,5,6,176,15366,87.31,0,0,88,0.0057,21,67,66,9.42,7.0,77,10,0,1,10,0.0561,"{""IC"": 56, ""S"": 12, ""PYO"": 16, ""HDM"": 4}","[5, 6, 7, 8, 12, 11, 13, 9, 18, 10]",0.0049
2023,8,6,7,175,14898,85.13,1,6,98,0.0066,24,74,59,10.81,8.0,81,13,4,0,15,0.0282,"{""IC"": 70, ""S"": 11, ""PYO"": 9, ""HDM"": 7, ""MV"": 1}","[5, 6, 10, 8, 7, 9, 11, 24, 17, 12]",0.0052
2023,8,7,1,202,17106,84.68,2,368,138,0.0081,53,85,73,13.88,9.0,98,26,11,3,23,0.0212,"{""S"": 23, ""IC"": 94, ""PYO"": 5, ""HDM"": 9, ""MV"": 7}","[5, 7, 6, 9, 10, 8, 12, 15, 13, 16]",0.0056
2023,8,8,2,199,17050,85.68,0,270,111,0.0065,39,72,51,9.03,7.0,100,9,2,0,15,0.0483,"{""IC"": 74, ""S"": 16, ""PYO"": 8, ""HDM"": 8, ""MV"": 5}","[5, 6, 7, 8, 10, 9, 12, 26, 11, 13]",0.0057
2023,8,9,3,201,17142,85.28,0,270,62,0.0036,20,42,72,8.05,5.5,58,3,0,1,2,0.0812,"{""IC"": 48, ""S"": 10, ""PYO"": 3, ""HDM"": 1}","[5, 6, 7, 10, 9, 11, 13, 20, 19, 72]",0.0057
2023,8,10,4,204,17218,84.4,1,284,78,0.0045,22,56,61,10.12,7.0,67,7,3,1,9,0.0436,"{""IC"": 61, ""S"": 4, ""PYO"": 8, ""HDM"": 2, ""MV"": 3}","[5, 6, 7, 10, 11, 9, 19, 18, 46, 20]",0.0056
2023,8,11,5,212,17858,84.24,0,180,86,0.0048,17,69,61,8.66,6.0,79,5,1,1,7,0.0623,"{""IC"": 62, ""S"": 11, ""PYO"": 3, ""HDM"": 3, ""MV"": 3, ""V"": 4}","[5, 6, 7, 8, 12, 10, 9, 13, 22, 11]",0.0057
2023,8,12,6,181,14754,81.51,0,0,94,0.0064,26,68,98,10.09,6.0,82,8,3,1,9,0.0465,"{""IC"": 61, ""S"": 11, ""PYO"": 15, ""HDM"": 2, ""MUS"": 2, ""V"": 3}","[5, 6, 7, 11, 14, 10, 8, 12, 9, 23]",0.0058
2023,8,13,7,197,15110,76.7,0,28,81,0.0054,24,57,88,9.16,6.0,72,6,2,1,7,0.0506,"{""IC"": 56, ""S"": 5, ""PYO"": 7, ""HDM"": 3, ""MUS"": 5, ""MV"": 4, ""V"": 1}","[5, 6, 7, 8, 10, 9, 11, 17, 30, 88]",0.0056
2023,8,14,1,206,15472,75.11,2,60,64,0.0041,24,40,39,8.19,7.0,59,4,1,0,8,0.0562,"{""S"": 13, ""IC"": 42, ""HDM"": 6, ""MV"": 2, ""V"": 1}","[5, 6, 7, 9, 8, 11, 10, 19, 15, 13]",0.005
2023,8,15,2,201,16630,82.74,1,96,97,0.0058,28,69,77,9.91,7.0,84,11,0,2,15,0.034,"{""IC"": 68, ""S"": 18, ""HDM"": 4, ""MV"": 7}","[5, 6, 7, 8, 9, 13, 14, 15, 11, 10]",0.0049
2023,8,16,3,219,14670,66.99,0,0,93,0.0063,22,71,34,9.17,7.0,82,8,3,0,20,0.0451,"{""IC"": 67, ""S"": 11, ""PYO"": 6, ""HDM"": 9}","[5, 8, 6, 7, 9, 11, 18, 10, 34, 12]",0.0053
2023,8,17,4,208,17424,83.77,5,90,85,0.0049,24,61,107,10.01,7.0,77,5,2,1,6,0.0391,"{""S"": 11, ""IC"": 61, ""PYO"": 6, ""HDM"": 5, ""MV"": 1, ""V"": 1}","[5, 6, 7, 11, 9, 8, 13, 10, 18, 57]",0.0054
2023,8,18,5,217,17914,82.55,0,0,89,0.005,28,61,29,7.48,6.0,87,2,0,0,9,0.0505,"{""IC"": 62, ""S"": 13, ""PYO"": 2, ""HDM"": 7, ""MUS"": 2, ""V"": 3}","[5, 6, 7, 8, 9, 10, 14, 13, 12, 11]",0.0054
2023,8,19,6,175,14740,84.23,0,0,70,0.0047,18,52,19,7.6,6.0,64,6,0,0,3,0.0776,"{""S"": 9, ""IC"": 46, ""PYO"": 14, ""HDM"": 1}","[5, 6, 8, 11, 7, 9, 18, 12, 16, 10]",0.0052
2023,8,20,7,173,14598,84.38,2,50,85,0.0058,24,61,87,9.39,7.0,73,11,0,1,10,0.0414,"{""IC"": 66, ""S"": 10, ""PYO"": 5, ""HDM"": 4}","[5, 6, 7, 8, 9, 14, 16, 10, 17, 24]",0.0052
2023,8,21,1,199,16674,83.79,3,80,72,0.0043,24,48,22,7.49,6.0,67,5,0,0,3,0.0517,"{""S"": 15, ""IC"": 43, ""PYO"": 8, ""HDM"": 3, ""MV"": 3}","[5, 6, 7, 8, 9, 10, 11, 17, 12, 22]",0.0053
2023,8,22,2,202,16660,82.48,4,140,70,0.0042,25,45,21,8.36,6.0,63,7,0,0,6,0.0527,"{""IC"": 45, ""S"": 6, ""PYO"": 6, ""HDM"": 11, ""V"": 2}","[5, 6, 11, 7, 13, 8, 10, 19, 12, 15]",0.005
2023,8,23,3,201,16648,82.83,0,0,66,0.004,25,41,12,6.39,6.0,66,0,0,0,4,0.0644,"{""IC"": 44, ""S"": 11, ""PYO"": 5, ""HDM"": 5, ""MV"": 1}","[5, 6, 7, 9, 8, 10, 11, 12]",0.0047
2023,8,24,4,210,16810,80.05,6,246,114,0.0068,28,86,186,21.75,8.0,83,15,6,10,11,0.0405,"{""IC"": 83, ""S"": 12, ""PYO"": 9, ""MV"": 10}","[5, 6, 7, 8, 10, 13, 9, 29, 14, 11]",0.005
2023,8,25,5,217,17936,82.65,4,56,88,0.0049,27,61,30,7.83,6.0,84,3,1,0,11,0.0542,"{""S"": 15, ""IC"": 51, ""PYO"": 6, ""HDM"": 13, ""MV"": 3}","[5, 6, 7, 10, 8, 12, 9, 11, 13, 14]",0.005
2023,8,26,6,184,15462,84.03,0,0,106,0.0069,34,72,86,8.79,6.0,96,7,2,1,15,0.0439,"{""S"": 16, ""IC"": 64, ""PYO"": 11, ""HDM"": 9, ""MUS"": 3, ""MV"": 3}","[5, 6, 7, 8, 9, 11, 15, 14, 13, 12]",0.0053
2023,8,27,7,175,14894,85.11,1,864,109,0.0073,16,93,268,22.2,11.0,66,23,12,8,29,0.0192,"{""IC"": 74, ""S"": 12, ""PYO"": 7, ""HDM"": 3, ""MUS"": 2, ""MV"": 11}","[5, 7, 6, 11, 10, 9, 16, 24, 15, 12]",0.0055
2023,8,28,1,199,16388,82.35,0,0,81,0.0049,28,53,112,10.36,7.0,67,13,0,1,13,0.0449,"{""IC"": 56, ""S"": 9, ""HDM"": 8, ""MV"": 8}","[5, 7, 6, 8, 11, 15, 9, 10, 12, 22]",0.0056
2023,8,29,2,191,15994,83.74,0,0,55,0.0034,23,32,22,8.29,6.0,51,4,0,0,6,0.0466,"{""IC"": 44, ""S"": 7, ""HDM"": 4}","[5, 6, 9, 7, 14, 10, 8, 18, 21, 19]",0.0055
2023,8,30,3,197,16592,84.22,0,40,90,0.0054,28,62,83,12.2,7.0,67,17,4,2,9,0.0389,"{""IC"": 70, ""S"": 11, ""PYO"": 4, ""HDM"": 3, ""MV"": 2}","[5, 6, 7, 9, 19, 10, 18, 24, 8, 22]",0.0057
2023,8,31,4,202,16958,83.95,3,108,116,0.0068,41,75,167,12.71,7.0,96,13,3,4,14,0.0205,"{""IC"": 71, ""S"": 20, ""PYO"": 8, ""HDM"": 10, ""MV"": 7}","[5, 6, 7, 8, 9, 10, 14, 11, 16, 20]",0.0057
2023,9,1,5,212,17898,84.42,0,0,79,0.0044,35,44,107,14.38,6.0,65,5,4,5,4,0.0326,"{""IC"": 51, ""S"": 19, ""PYO"": 5, ""HDM"": 2, ""MV"": 2}","[5, 6, 7, 8, 13, 37, 17, 12, 90, 20]",0.0056
2023,9,2,6,170,14196,83.51,2,24,84,0.0059,24,60,69,8.81,6.0,76,7,0,1,7,0.0558,"{""S"": 15, ""IC"": 55, ""PYO"": 11, ""HDM"": 1, ""MV"": 2}","[6, 5, 7, 8, 13, 9, 12, 11, 17, 21]",0.0054
2023,9,3,7,172,14394,83.69,1,14,90,0.0063,28,62,42,9.96,8.0,80,7,3,0,12,0.0472,"{""IC"": 60, ""S"": 13, ""PYO"": 6, ""HDM"": 4, ""MUS"": 2, ""MV"": 5}","[5, 6, 7, 8, 9, 13, 14, 10, 12, 11]",0.0053
2023,9,4,1,203,16468,81.12,5,222,80,0.0049,31,49,38,9.15,7.0,73,5,2,0,9,0.0477,"{""IC"": 56, ""S"": 18, ""HDM"": 1, ""MV"": 5}","[5, 6, 7, 8, 10, 9, 12, 11, 13, 14]",0.0053
2023,9,5,2,195,15566,79.83,1,72,64,0.0041,27,37,72,9.06,6.0,59,3,1,1,6,0.0576,"{""IC"": 43, ""S"": 10, ""HDM"": 1, ""MV"": 10}","[5, 6, 7, 13, 9, 8, 14, 17, 12, 47]",0.0054
2023,9,6,3,201,16946,84.31,0,2,93,0.0055,32,61,21,7.3,6.0,90,3,0,0,10,0.0549,"{""S"": 13, ""IC"": 66, ""PYO"": 6, ""HDM"": 2, ""MV"": 6}","[5, 6, 7, 9, 11, 10, 8, 13, 12, 14]",0.0054
2023,9,7,4,201,17316,86.15,3,54,124,0.0072,31,93,33,8.6,7.0,112,11,1,0,13,0.0393,"{""IC"": 81, ""S"": 10, ""PYO"": 15, ""HDM"": 13, ""MV"": 5}","[5, 6, 7, 8, 9, 13, 12, 11, 10, 15]",0.0055
2023,9,8,5,213,18194,85.42,0,0,116,0.0064,29,87,119,9.21,6.0,105,10,0,1,14,0.0407,"{""S"": 14, ""IC"": 79, ""PYO"": 14, ""HDM"": 7, ""MUS"": 1, ""MV"": 1}","[5, 6, 8, 7, 9, 11, 12, 10, 13, 20]",0.0058
2023,9,9,6,168,15022,89.42,4,104,94,0.0063,27,67,39,8.14,6.0,86,7,1,0,8,0.0504,"{""S"": 16, ""IC"": 58, ""PYO"": 15, ""HDM"": 2, ""MV"": 3}","[5, 6, 8, 7, 9, 10, 12, 17, 11, 18]",0.0058
2023,9,10,7,173,15126,87.43,2,142,98,0.0065,30,68,75,10.19,7.0,84,9,4,1,10,0.0445,"{""IC"": 70, ""S"": 9, ""PYO"": 11, ""HDM"": 3, ""MV"": 5}","[5, 6, 7, 8, 12, 14, 9, 11, 16, 10]",0.0058
2023,9,11,1,194,15910,82.01,0,0,66,0.0041,30,36,18,7.5,6.0,61,5,0,0,9,0.0499,"{""S"": 13, ""IC"": 45, ""HDM"": 5, ""MV"": 3}","[5, 6, 7, 10, 8, 9, 16, 14, 11, 12]",0.0057
2023,9,12,2,197,15998,81.21,3,42,69,0.0043,31,38,83,10.1,6.0,59,7,2,1,5,0.0341,"{""IC"": 49, ""S"": 5, ""PYO"": 12, ""HDM"": 2, ""MV"": 1}","[5, 6, 7, 12, 8, 9, 11, 14, 15, 16]",0.0058
2023,9,13,3,204,17080,83.73,2,40,128,0.0075,44,84,42,7.88,6.0,121,6,1,0,13,0.0348,"{""IC"": 91, ""S"": 17, ""PYO"": 8, ""HDM"": 5, ""MV"": 7}","[5, 6, 8, 9, 7, 11, 10, 12, 14, 13]",0.006
2023,9,14,4,198,17478,88.27,0,0,111,0.0064,36,75,66,8.84,7.0,97,13,0,1,13,0.0451,"{""IC"": 78, ""S"": 14, ""PYO"": 15, ""HDM"": 4}","[5, 7, 6, 9, 8, 10, 13, 12, 11, 15]",0.0059
2023,9,15,5,212,18148,85.6,2,28,109,0.006,30,79,31,7.91,6.0,100,8,1,0,6,0.0478,"{""IC"": 72, ""S"": 16, ""PYO"": 14, ""HDM"": 3, ""MV"": 4}","[5, 6, 7, 8, 12, 10, 13, 15, 23, 31]",0.0059
2023,9,16,6,165,15030,91.09,0,0,79,0.0053,21,58,40,7.85,6.0,74,3,2,0,6,0.0575,"{""IC"": 51, ""S"": 12, ""PYO"": 10, ""HDM"": 4, ""MUS"": 2}","[5, 6, 7, 10, 8, 9, 11, 17, 40, 12]",0.0057
2023,9,17,7,172,14132,82.16,0,0,82,0.0058,16,66,26,8.7,6.0,73,9,0,0,12,0.0529,"{""S"": 10, ""IC"": 52, ""PYO"": 12, ""HDM"": 7, ""MV"": 1}","[5, 6, 8, 12, 10, 9, 14, 11, 7, 13]",0.0056
2023,9,18,1,200,16918,84.59,0,10,84,0.005,28,56,98,8.85,6.0,79,3,1,1,9,0.0364,"{""IC"": 62, ""S"": 9, ""PYO"": 8, ""HDM"": 4, ""MV"": 1}","[5, 6, 7, 8, 11, 9, 10, 13, 14, 20]",0.0058
2023,9,19,2,198,16686,84.27,0,34,95,0.0057,36,59,78,9.73,7.0,86,4,4,1,8,0.0387,"{""S"": 20, ""IC"": 64, ""PYO"": 7, ""HDM"": 2, ""MV"": 2}","[5, 7, 6, 9, 8, 12, 11, 10, 13, 14]",0.006
2023,9,20,3,203,17128,84.37,0,116,179,0.0105,67,112,148,11.55,7.0,154,16,5,4,23,0.0232,"{""IC"": 124, ""S"": 35, ""PYO"": 11, ""HDM"": 7, ""MV"": 2}","[5, 6, 7, 8, 9, 14, 10, 13, 11, 12]",0.0064
2023,9,21,4,202,17280,85.54,1,16,97,0.0056,33,64,66,9.13,7.0,88,8,0,1,9,0.0404,"{""S"": 17, ""IC"": 66, ""PYO"": 6, ""HDM"": 2, ""MV"": 6}","[5, 6, 8, 9, 7, 11, 12, 13, 10, 25]",0.0063
2023,9,22,5,215,17968,83.57,1,16,106,0.0059,34,72,75,9.6,6.0,92,12,1,1,14,0.039,"{""S"": 18, ""IC"": 72, ""PYO"": 4, ""HDM"": 7, ""MV"": 5}","[5, 6, 7, 9, 8, 14, 12, 10, 13, 22]",0.0063
2023,9,23,6,180,15070,83.72,2,44,75,0.005,25,50,65,11.05,7.0,62,9,2,2,8,0.049,"{""IC"": 38, ""S"": 12, ""PYO"": 12, ""HDM"": 8, ""MUS"": 5}","[5, 6, 7, 8, 11, 9, 10, 24, 23, 46]",0.0062
2023,9,24,7,172,13950,81.1,3,60,108,0.0077,41,67,75,9.8,7.0,96,8,3,1,16,0.0387,"{""IC"": 81, ""S"": 16, ""PYO"": 7, ""HDM"": 2, ""MUS"": 2}","[5, 6, 7, 9, 8, 10, 11, 19, 12, 20]",0.0065
2023,9,25,1,202,17274,85.51,5,122,90,0.0052,25,65,63,9.18,7.0,78,10,1,1,13,0.0437,"{""IC"": 60, ""S"": 10, ""PYO"": 5, ""HDM"": 7, ""MV"": 8}","[5, 6, 7, 8, 12, 10, 9, 16, 11, 15]",0.0065
2023,9,26,2,200,17118,85.59,3,60,67,0.0039,29,38,51,9.31,7.0,61,3,3,0,2,0.025,"{""IC"": 55, ""S"": 4, ""PYO"": 7, ""HDM"": 1}","[5, 6, 7, 8, 10, 14, 13, 9, 18, 45]",0.0063
2023,9,27,3,204,17282,84.72,5,70,75,0.0043,22,53,32,8.03,6.0,67,7,1,0,10,0.0522,"{""IC"": 52, ""S"": 7, ""PYO"": 4, ""HDM"": 2, ""MUS"": 5, ""MV"": 3, ""V"": 2}","[5, 6, 7, 8, 9, 17, 16, 11, 13, 15]",0.0054
2023,9,28,4,209,17502,83.74,1,118,102,0.0058,28,74,31,8.88,6.0,88,13,1,0,20,0.0361,"{""IC"": 67, ""S"": 13, ""PYO"": 4, ""HDM"": 7, ""MUS"": 6, ""MV"": 5}","[5, 6, 8, 12, 7, 11, 9, 10, 17, 14]",0.0054
2023,9,29,5,221,18184,82.28,8,264,107,0.0059,28,79,158,12.36,7.0,93,9,3,2,16,0.0434,"{""IC"": 65, ""S"": 15, ""PYO"": 4, ""HDM"": 8, ""MUS"": 2, ""MV"": 12, ""V"": 1}","[5, 6, 7, 13, 10, 11, 9, 14, 12, 22]",0.0054
2023,9,30,6,174,15358,88.26,5,128,94,0.0061,35,59,42,8.82,7.0,84,8,2,0,9,0.0445,"{""IC"": 61, ""S"": 10, ""PYO"": 11, ""MUS"": 7, ""MV"": 5}","[5, 7, 6, 8, 9, 10, 13, 11, 12, 16]",0.0056
2023,10,1,7,179,15136,84.56,8,376,89,0.0059,23,66,142,16.88,8.0,62,15,7,5,13,0.0206,"{""IC"": 58, ""S"": 9, ""PYO"": 4, ""HDM"": 4, ""MUS"": 9, ""MV"": 4, ""V"": 1}","[5, 6, 7, 8, 12, 9, 16, 23, 10, 42]",0.0053
2023,10,2,1,205,16024,78.17,4,82,52,0.0032,24,28,34,7.54,6.0,48,3,1,0,6,0.0643,"{""IC"": 27, ""S"": 9, ""HDM"": 9, ""MUS"": 3, ""MV"": 4}","[5, 6, 10, 7, 8, 15, 34, 21, 16, 11]",0.005
2023,10,3,2,226,14768,65.35,0,0,51,0.0035,18,33,22,7.69,6.0,46,5,0,0,7,0.0575,"{""S"": 9, ""IC"": 38, ""HDM"": 1, ""MV"": 3}","[5, 6, 8, 9, 7, 11, 13, 18, 22, 15]",0.005
2023,10,4,3,216,16848,78.0,2,794,106,0.0063,31,75,301,27.66,8.0,74,6,15,11,11,0.0129,"{""IC"": 82, ""S"": 11, ""PYO"": 8, ""HDM"": 4, ""MV"": 1}","[5, 6, 8, 11, 7, 10, 13, 57, 56, 55]",0.0052
2023,10,5,4,204,17316,84.88,3,164,141,0.0081,35,106,130,12.4,8.0,109,24,6,2,32,0.0196,"{""IC"": 97, ""S"": 19, ""PYO"": 6, ""HDM"": 10, ""MV"": 9}","[5, 6, 8, 7, 10, 9, 11, 17, 14, 15]",0.0056
2023,10,6,5,214,18006,84.14,3,122,109,0.0061,33,76,69,9.56,7.0,97,8,3,1,16,0.0299,"{""IC"": 80, ""S"": 15, ""PYO"": 6, ""HDM"": 6, ""MV"": 1, ""V"": 1}","[5, 6, 7, 8, 12, 10, 13, 9, 11, 15]",0.0056
2023,10,7,6,177,15316,86.53,4,90,123,0.008,44,79,74,10.57,7.0,104,14,4,1,21,0.0252,"{""IC"": 78, ""S"": 13, ""PYO"": 12, ""HDM"": 5, ""MUS"": 9, ""MV"": 6}","[5, 6, 7, 8, 12, 10, 9, 11, 13, 16]",0.0059
2023,10,8,7,176,14944,84.91,0,0,105,0.007,41,64,68,10.7,7.0,86,15,3,1,18,0.0259,"{""S"": 18, ""IC"": 62, ""PYO"": 6, ""HDM"": 7, ""P"": 7, ""MV"": 3, ""V"": 2}","[5, 6, 9, 7, 8, 10, 27, 13, 19, 11]",0.006
2023,10,9,1,196,15910,81.17,3,54,63,0.004,22,41,21,8.17,7.0,58,5,0,0,12,0.0375,"{""IC"": 42, ""S"": 14, ""HDM"": 2, ""MV"": 5}","[5, 6, 8, 7, 12, 9, 11, 10, 14, 18]",0.0061
2023,10,10,2,227,14762,65.03,5,80,72,0.0049,32,40,32,7.85,6.0,69,1,2,0,14,0.0549,"{""IC"": 56, ""S"": 8, ""HDM"": 2, ""MV"": 6}","[5, 6, 7, 9, 8, 11, 13, 27, 10, 12]",0.0063
2023,10,11,3,214,16572,77.44,2,222,142,0.0086,59,83,154,12.05,7.5,116,16,7,3,27,0.0219,"{""IC"": 104, ""S"": 26, ""PYO"": 6, ""HDM"": 5, ""MV"": 1}","[5, 6, 7, 8, 10, 9, 11, 12, 15, 16]",0.0067
2023,10,12,4,204,17226,84.44,0,18,123,0.0071,34,89,29,8.59,6.0,107,16,0,0,21,0.027,"{""IC"": 89, ""S"": 16, ""PYO"": 6, ""HDM"": 8, ""MV"": 4}","[5, 6, 7, 8, 14, 10, 9, 16, 17, 19]",0.0065
2023,10,13,5,218,18104,83.05,5,158,132,0.0073,37,95,144,13.19,7.0,101,20,8,3,24,0.0221,"{""IC"": 94, ""S"": 20, ""PYO"": 3, ""HDM"": 8, ""MV"": 4, ""V"": 3}","[5, 6, 8, 7, 11, 10, 9, 19, 34, 16]",0.0067
2023,10,14,6,169,15224,90.08,0,0,89,0.0058,33,56,49,9.1,7.0,79,8,2,0,13,0.0259,"{""IC"": 61, ""S"": 12, ""PYO"": 8, ""HDM"": 3, ""MUS"": 2, ""MV"": 3}","[5, 7, 6, 8, 11, 9, 27, 15, 12, 13]",0.0064
2023,10,15,7,167,14794,88.59,0,0,86,0.0058,22,64,104,9.88,7.0,79,5,0,2,13,0.0386,"{""IC"": 58, ""S"": 16, ""PYO"": 6, ""HDM"": 2, ""MV"": 1, ""V"": 3}","[5, 6, 7, 8, 10, 9, 11, 12, 13, 22]",0.0062
2023,10,16,1,196,15914,81.19,3,72,107,0.0067,33,74,87,10.68,7.0,89,15,1,2,29,0.0226,"{""S"": 19, ""IC"": 69, ""HDM"": 13, ""MV"": 6}","[5, 6, 7, 8, 10, 9, 18, 23, 12, 11]",0.0066
2023,10,17,2,231,14958,64.75,4,162,72,0.0048,20,52,115,12.72,7.0,63,3,2,4,14,0.0396,"{""S"": 17, ""IC"": 48, ""HDM"": 2, ""MV"": 5}","[5, 6, 7, 8, 9, 27, 87, 115, 11, 24]",0.0066
2023,10,18,3,208,16892,81.21,0,130,111,0.0066,38,73,81,10.64,7.0,94,13,2,2,19,0.0229,"{""IC"": 76, ""S"": 19, ""PYO"": 5, ""HDM"": 6, ""MV"": 5}","[5, 6, 7, 10, 9, 8, 11, 19, 12, 23]",0.0063
2023,10,19,4,199,17152,86.19,0,0,102,0.0059,35,67,49,9.62,7.0,88,10,4,0,19,0.0241,"{""IC"": 79, ""S"": 11, ""PYO"": 5, ""HDM"": 6, ""MV"": 1}","[5, 6, 11, 7, 8, 9, 14, 10, 12, 13]",0.0061
2023,10,20,5,221,18104,81.92,0,0,154,0.0085,44,110,49,9.71,7.0,129,21,4,0,28,0.022,"{""IC"": 97, ""S"": 30, ""PYO"": 2, ""HDM"": 16, ""MUS"": 3, ""MV"": 5, ""V"": 1}","[5, 6, 7, 9, 10, 11, 8, 13, 17, 25]",0.0063
2023,10,21,6,192,15400,80.21,0,0,102,0.0066,34,68,41,9.81,7.0,86,14,2,0,16,0.0266,"{""S"": 12, ""IC"": 62, ""PYO"": 11, ""HDM"": 6, ""MUS"": 9, ""MV"": 2}","[5, 6, 10, 7, 9, 8, 13, 11, 26, 15]",0.0064
2023,10,22,7,182,15050,82.69,0,0,103,0.0068,26,77,29,9.02,7.0,90,13,0,0,20,0.0285,"{""S"": 14, ""IC"": 66, ""PYO"": 9, ""HDM"": 10, ""MV"": 3, ""V"": 1}","[5, 6, 10, 9, 13, 7, 8, 18, 11, 17]",0.0066
2023,10,23,1,205,17320,84.49,3,82,134,0.0077,47,87,75,9.91,7.0,118,12,2,2,31,0.0217,"{""IC"": 92, ""S"": 23, ""PYO"": 3, ""HDM"": 14, ""MV"": 2}","[5, 6, 7, 8, 9, 11, 10, 13, 16, 27]",0.0067
2023,10,24,2,198,17114,86.43,0,0,115,0.0067,35,80,41,10.02,7.0,94,18,3,0,10,0.0239,"{""IC"": 95, ""S"": 8, ""PYO"": 8, ""HDM"": 4}","[5, 6, 7, 8, 9, 13, 12, 11, 16, 19]",0.007
2023,10,25,3,201,17136,85.25,0,0,140,0.0082,56,84,223,11.3,7.0,113,24,2,1,28,0.022,"{""IC"": 100, ""S"": 24, ""PYO"": 8, ""HDM"": 8}","[5, 6, 7, 8, 10, 9, 11, 12, 18, 19]",0.0072
2023,10,26,4,200,17190,85.95,1,38,103,0.006,36,67,63,9.12,7.0,90,12,0,1,20,0.026,"{""IC"": 81, ""S"": 11, ""PYO"": 3, ""HDM"": 7, ""MV"": 1}","[5, 6, 9, 7, 12, 11, 8, 10, 15, 22]",0.0072
2023,10,27,5,211,17890,84.79,0,0,155,0.0087,42,113,114,12.05,7.0,121,22,10,2,31,0.0189,"{""IC"": 103, ""S"": 33, ""PYO"": 5, ""HDM"": 11, ""MV"": 3}","[5, 6, 7, 9, 8, 10, 12, 15, 17, 22]",0.0072
2023,10,28,6,176,15336,87.14,0,4,89,0.0058,26,63,66,13.72,7.0,71,9,5,4,12,0.0223,"{""S"": 7, ""IC"": 60, ""PYO"": 13, ""HDM"": 5, ""MUS"": 4}","[5, 6, 9, 7, 12, 11, 59, 17, 8, 20]",0.0071
2023,10,29,7,176,14948,84.93,0,8,106,0.0071,23,83,69,11.59,7.0,83,15,7,1,18,0.0207,"{""IC"": 75, ""S"": 14, ""PYO"": 8, ""HDM"": 6, ""MV"": 3}","[5, 6, 7, 9, 10, 8, 19, 11, 16, 13]",0.0072
2023,10,30,1,205,17186,83.83,0,12,94,0.0055,35,59,50,8.06,6.0,86,7,1,0,11,0.0403,"{""IC"": 64, ""S"": 17, ""PYO"": 3, ""HDM"": 8, ""MV"": 2}","[5, 6, 7, 11, 8, 9, 12, 10, 19, 15]",0.0069
2023,10,31,2,213,17350,81.46,4,154,136,0.0078,39,97,126,10.45,7.0,118,14,2,2,23,0.0291,"{""S"": 26, ""IC"": 87, ""PYO"": 8, ""HDM"": 8, ""MV"": 7}","[5, 6, 7, 9, 8, 13, 11, 12, 10, 17]",0.007
2023,11,1,3,209,17228,82.43,5,246,137,0.008,39,98,102,12.14,7.0,109,13,14,1,25,0.0243,"{""IC"": 99, ""S"": 24, ""PYO"": 7, ""HDM"": 6, ""MV"": 1}","[5, 6, 9, 8, 10, 7, 11, 13, 35, 15]",0.007
2023,11,2,4,207,17478,84.43,4,300,93,0.0053,32,61,59,8.99,6.0,83,8,2,0,13,0.0371,"{""IC"": 72, ""S"": 13, ""PYO"": 3, ""HDM"": 5}","[5, 6, 7, 12, 8, 9, 14, 11, 17, 10]",0.0069
2023,11,3,5,220,18156,82.53,8,224,92,0.0051,24,68,67,8.9,7.0,83,8,0,1,12,0.0401,"{""IC"": 65, ""S"": 14, ""PYO"": 4, ""HDM"": 6, ""MV"": 3}","[5, 6, 7, 8, 13, 15, 9, 10, 12, 27]",0.0064
2023,11,4,6,178,15466,86.89,2,76,87,0.0056,30,57,27,8.37,7.0,77,10,0,0,9,0.0476,"{""IC"": 58, ""S"": 10, ""PYO"": 13, ""HDM"": 4, ""MV"": 2}","[5, 6, 7, 8, 10, 9, 16, 14, 15, 11]",0.0063
2023,11,5,7,175,15004,85.74,0,0,80,0.0053,18,62,82,10.78,7.0,66,11,2,1,15,0.0346,"{""IC"": 53, ""S"": 15, ""PYO"": 8, ""HDM"": 3, ""MV"": 1}","[6, 5, 7, 8, 9, 10, 23, 17, 12, 31]",0.0061
2023,11,6,1,206,17074,82.88,4,200,89,0.0052,25,64,47,8.13,6.0,81,7,1,0,12,0.0499,"{""IC"": 61, ""S"": 15, ""PYO"": 4, ""HDM"": 5, ""MV"": 4}","[5, 6, 8, 7, 10, 9, 14, 17, 12, 21]",0.006
2023,11,7,2,206,16952,82.29,0,14,70,0.0041,21,49,67,8.13,6.0,64,5,0,1,5,0.0723,"{""IC"": 49, ""S"": 9, ""PYO"": 5, ""HDM"": 5, ""MV"": 2}","[5, 6, 7, 8, 9, 17, 10, 15, 11, 19]",0.0055
2023,11,8,3,207,17068,82.45,6,190,77,0.0045,27,50,57,8.0,6.0,74,2,1,0,11,0.0466,"{""IC"": 49, ""S"": 10, ""PYO"": 3, ""HDM"": 8, ""MV"": 7}","[6, 5, 7, 8, 10, 9, 13, 12, 15, 14]",0.005
2023,11,9,4,204,16914,82.91,0,0,88,0.0052,25,63,122,9.1,6.0,80,6,1,1,14,0.0362,"{""IC"": 61, ""S"": 14, ""PYO"": 7, ""HDM"": 6}","[5, 6, 7, 8, 9, 13, 14, 10, 16, 17]",0.005
2023,11,10,5,210,17554,83.59,1,38,82,0.0047,27,55,48,8.51,6.0,73,8,1,0,12,0.0403,"{""IC"": 61, ""S"": 11, ""PYO"": 7, ""HDM"": 3}","[5, 6, 7, 8, 11, 10, 18, 9, 12, 27]",0.0049
2023,11,11,6,177,15344,86.69,1,62,89,0.0058,20,69,61,9.02,7.0,81,7,0,1,4,0.0611,"{""IC"": 58, ""S"": 11, ""PYO"": 13, ""HDM"": 7}","[5, 7, 6, 10, 8, 14, 13, 9, 11, 21]",0.005
2023,11,12,7,176,14964,85.02,0,0,83,0.0055,22,61,44,8.86,7.0,73,8,2,0,13,0.0368,"{""IC"": 64, ""S"": 8, ""PYO"": 5, ""HDM"": 4, ""MV"": 2}","[5, 6, 7, 8, 9, 16, 10, 12, 11, 14]",0.005
2023,11,13,1,207,17124,82.72,0,0,88,0.0051,30,58,39,8.64,6.0,78,8,2,0,12,0.0448,"{""S"": 13, ""IC"": 55, ""PYO"": 4, ""HDM"": 8, ""MV"": 8}","[5, 6, 8, 9, 7, 12, 27, 13, 14, 15]",0.005
2023,11,14,2,206,16992,82.49,7,216,101,0.0059,32,69,88,12.0,7.0,83,9,8,1,8,0.0331,"{""IC"": 76, ""S"": 14, ""PYO"": 9, ""HDM"": 2}","[5, 6, 7, 8, 10, 12, 11, 9, 13, 20]",0.0052
2023,11,15,3,210,17350,82.62,7,108,106,0.0061,33,73,96,10.22,7.0,90,13,1,2,15,0.0438,"{""IC"": 63, ""S"": 14, ""PYO"": 5, ""HDM"": 7, ""MV"": 17}","[6, 5, 7, 8, 10, 9, 17, 21, 18, 14]",0.0055
2023,11,16,4,205,17180,83.8,1,50,101,0.0059,26,75,64,10.92,7.0,86,9,4,2,18,0.0354,"{""S"": 16, ""IC"": 65, ""PYO"": 12, ""HDM"": 8}","[5, 7, 6, 8, 11, 12, 9, 13, 64, 18]",0.0056
2023,11,17,5,215,17726,82.45,1,38,109,0.0061,28,81,111,11.48,7.0,95,8,3,3,15,0.032,"{""S"": 17, ""IC"": 80, ""PYO"": 5, ""HDM"": 5, ""MV"": 1, ""V"": 1}","[5, 6, 7, 8, 10, 11, 9, 12, 14, 26]",0.0058
2023,11,18,6,178,15476,86.94,1,38,75,0.0048,19,56,160,12.87,7.0,68,3,1,3,7,0.0529,"{""S"": 11, ""IC"": 41, ""PYO"": 14, ""HDM"": 4, ""MUS"": 3, ""MV"": 2}","[5, 6, 7, 8, 9, 12, 13, 11, 10, 16]",0.0056
2023,11,19,7,179,15274,85.33,2,62,99,0.0065,19,80,71,11.29,8.0,80,14,3,2,22,0.0357,"{""IC"": 59, ""S"": 12, ""PYO"": 11, ""HDM"": 7, ""MV"": 9, ""V"": 1}","[5, 7, 8, 6, 10, 9, 13, 11, 16, 26]",0.0058
2023,11,20,1,203,16896,83.23,7,140,94,0.0056,28,66,205,10.56,6.0,84,8,1,1,9,0.0302,"{""IC"": 66, ""S"": 14, ""PYO"": 8, ""HDM"": 5, ""MV"": 1}","[5, 6, 7, 8, 11, 9, 10, 19, 14, 12]",0.0058
2023,11,21,2,209,17390,83.21,9,674,173,0.0099,56,117,170,18.08,9.0,133,18,10,12,28,0.0298,"{""IC"": 131, ""S"": 22, ""PYO"": 5, ""HDM"": 7, ""MV"": 8}","[5, 6, 7, 8, 13, 9, 10, 11, 12, 14]",0.0064
2023,11,22,3,214,17452,81.55,7,210,107,0.0061,27,80,228,10.7,6.0,98,6,1,2,25,0.0384,"{""IC"": 65, ""S"": 17, ""PYO"": 5, ""HDM"": 12, ""MV"": 8}","[5, 6, 9, 7, 8, 11, 13, 10, 12, 15]",0.0064
2023,11,23,4,206,17018,82.61,5,154,140,0.0082,40,100,43,9.71,7.0,118,16,6,0,27,0.028,"{""IC"": 101, ""S"": 19, ""PYO"": 5, ""HDM"": 14, ""MV"": 1}","[5, 6, 8, 9, 7, 12, 11, 10, 18, 19]",0.0067
2023,11,24,5,219,17978,82.09,6,252,126,0.007,48,78,122,12.45,7.0,104,14,4,4,17,0.0292,"{""IC"": 83, ""S"": 13, ""PYO"": 5, ""HDM"": 6, ""MUS"": 8, ""MV"": 6, ""V"": 5}","[5, 6, 7, 9, 8, 11, 12, 15, 17, 10]",0.0069
2023,11,25,6,199,15860,79.7,8,178,116,0.0073,28,88,159,14.0,8.0,88,18,7,3,20,0.0256,"{""IC"": 67, ""S"": 13, ""PYO"": 12, ""HDM"": 3, ""MUS"": 15, ""MV"": 3, ""V"": 3}","[5, 7, 6, 8, 11, 9, 15, 12, 13, 25]",0.0072
2023,11,26,7,186,15348,82.52,5,336,114,0.0074,27,87,94,11.54,7.0,91,18,3,2,24,0.0287,"{""IC"": 74, ""S"": 15, ""PYO"": 6, ""HDM"": 6, ""MV"": 10, ""V"": 3}","[5, 7, 6, 8, 9, 12, 11, 17, 10, 14]",0.0074
2023,11,27,1,214,17478,81.67,12,418,147,0.0084,36,111,113,13.66,8.0,107,31,4,5,33,0.0194,"{""S"": 21, ""IC"": 103, ""PYO"": 3, ""HDM"": 8, ""MV"": 12}","[5, 6, 7, 9, 8, 12, 11, 15, 17, 21]",0.0078
2023,11,28,2,203,17184,84.65,6,126,139,0.0081,33,106,50,10.8,8.0,112,22,5,0,30,0.0213,"{""IC"": 93, ""S"": 31, ""PYO"": 5, ""HDM"": 10}","[5, 6, 7, 8, 10, 9, 11, 12, 13, 16]",0.0075
2023,11,29,3,204,17242,84.52,3,120,106,0.0061,28,78,70,11.92,7.0,87,12,4,3,12,0.0212,"{""IC"": 76, ""S"": 18, ""PYO"": 5, ""HDM"": 4, ""MV"": 3}","[5, 6, 8, 11, 7, 10, 13, 9, 19, 15]",0.0075
2023,11,30,4,202,17170,85.0,1,60,119,0.0069,47,72,43,9.39,7.0,100,16,3,0,25,0.0273,"{""S"": 19, ""IC"": 84, ""PYO"": 7, ""HDM"": 9}","[5, 6, 7, 9, 8, 15, 10, 11, 17, 22]",0.0073
2023,12,1,5,212,18058,85.18,3,302,168,0.0093,43,125,65,11.35,7.5,135,24,7,2,42,0.0184,"{""S"": 27, ""IC"": 120, ""PYO"": 4, ""HDM"": 14, ""MV"": 3}","[5, 6, 7, 8, 10, 12, 9, 15, 11, 23]",0.0076
2023,12,2,6,181,15336,84.73,1,30,99,0.0065,24,75,54,9.68,7.0,86,10,3,0,15,0.0302,"{""IC"": 69, ""S"": 11, ""PYO"": 12, ""HDM"": 3, ""MUS"": 2, ""MV"": 2}","[5, 6, 7, 8, 9, 11, 14, 12, 10, 22]",0.0075
2023,12,3,7,174,14916,85.72,2,50,139,0.0093,38,101,132,11.91,7.0,110,20,8,1,34,0.0202,"{""IC"": 97, ""S"": 18, ""PYO"": 7, ""HDM"": 14, ""MV"": 3}","[5, 6, 8, 12, 7, 11, 10, 15, 13, 16]",0.0078
2023,12,4,1,209,17480,83.64,4,280,153,0.0088,39,114,98,12.69,8.0,115,26,9,3,35,0.0208,"{""IC"": 103, ""S"": 24, ""PYO"": 6, ""HDM"": 15, ""MV"": 5}","[5, 7, 6, 8, 10, 12, 9, 17, 16, 11]",0.0079
2023,12,5,2,211,17688,83.83,4,328,143,0.0081,32,111,63,10.22,7.0,117,19,6,1,34,0.0246,"{""IC"": 88, ""S"": 22, ""PYO"": 8, ""HDM"": 14, ""MV"": 11}","[5, 6, 7, 8, 15, 10, 14, 9, 33, 11]",0.0079
2023,12,6,3,184,16030,87.12,2,60,110,0.0069,34,76,67,11.78,8.0,88,15,6,1,20,0.0263,"{""IC"": 75, ""S"": 14, ""PYO"": 4, ""HDM"": 12, ""MV"": 5}","[5, 6, 7, 8, 11, 12, 16, 10, 9, 14]",0.008
2023,12,7,4,205,17236,84.08,3,78,115,0.0067,30,85,126,10.95,6.0,98,11,5,1,20,0.0207,"{""IC"": 85, ""S"": 15, ""PYO"": 5, ""HDM"": 10}","[5, 6, 7, 9, 13, 14, 12, 8, 10, 16]",0.0079
2023,12,8,5,227,18690,82.33,2,396,149,0.008,44,105,169,13.11,8.0,115,24,7,3,34,0.0234,"{""IC"": 86, ""S"": 28, ""PYO"": 7, ""HDM"": 10, ""MV"": 17, ""V"": 1}","[5, 7, 9, 8, 6, 10, 13, 11, 15, 16]",0.0078
2023,12,9,6,188,15458,82.22,8,250,91,0.0059,15,76,53,9.01,6.0,81,7,3,0,14,0.0246,"{""IC"": 61, ""S"": 13, ""PYO"": 10, ""HDM"": 4, ""MUS"": 2, ""V"": 1}","[5, 6, 10, 11, 7, 8, 9, 17, 39, 15]",0.0077
2023,12,10,7,184,15550,84.51,1,116,120,0.0077,20,100,69,10.82,8.0,98,14,7,1,38,0.0191,"{""IC"": 64, ""S"": 18, ""PYO"": 11, ""HDM"": 13, ""MUS"": 1, ""MV"": 11, ""V"": 2}","[5, 6, 7, 9, 8, 11, 15, 10, 14, 13]",0.0074
2023,12,11,1,202,17870,88.47,2,162,150,0.0084,38,112,34,8.67,7.0,136,12,2,0,19,0.0258,"{""IC"": 88, ""S"": 27, ""PYO"": 13, ""HDM"": 14, ""MV"": 8}","[5, 6, 7, 10, 8, 9, 12, 13, 14, 15]",0.0074
2023,12,12,2,198,17338,87.57,0,0,121,0.007,30,91,82,9.06,7.0,112,4,4,1,23,0.021,"{""S"": 17, ""IC"": 84, ""PYO"": 10, ""HDM"": 10}","[5, 6, 7, 8, 10, 9, 11, 13, 12, 14]",0.0072
2023,12,13,3,200,17828,89.14,3,126,154,0.0086,37,117,68,8.73,6.0,138,14,1,1,19,0.022,"{""S"": 25, ""IC"": 100, ""PYO"": 14, ""HDM"": 9, ""MV"": 6}","[5, 6, 7, 8, 9, 14, 11, 13, 10, 19]",0.0075
2023,12,14,4,200,17830,89.15,191,16178,41,0.0023,12,29,471,24.0,7.0,33,2,4,2,7,0.0144,"{""IC"": 21, ""PYO"": 17, ""MV"": 3}","[5, 7, 6, 8, 10, 13, 32, 21, 24, 33]",0.0068
2023,12,15,5,211,18722,88.73,8,210,184,0.0098,34,150,116,12.59,8.0,140,31,10,3,47,0.014,"{""IC"": 128, ""S"": 24, ""PYO"": 17, ""HDM"": 14, ""MV"": 1}","[5, 6, 8, 7, 12, 14, 15, 10, 22, 9]",0.0071
2023,12,16,6,179,16200,90.5,8,192,96,0.0059,21,75,57,9.7,7.0,83,9,4,0,17,0.0268,"{""S"": 13, ""IC"": 57, ""PYO"": 22, ""HDM"": 2, ""MV"": 2}","[5, 8, 6, 7, 14, 10, 9, 15, 17, 11]",0.0071
2023,12,17,7,177,16146,91.22,6,108,89,0.0055,18,71,41,9.85,7.0,77,8,4,0,7,0.0372,"{""IC"": 53, ""S"": 9, ""PYO"": 22, ""HDM"": 3, ""MV"": 2}","[5, 6, 7, 8, 12, 11, 9, 10, 19, 26]",0.0068
2023,12,18,1,203,18224,89.77,10,160,106,0.0058,25,81,127,10.64,6.0,91,9,5,1,12,0.0389,"{""IC"": 58, ""S"": 15, ""PYO"": 24, ""HDM"": 8, ""MV"": 1}","[5, 6, 8, 7, 13, 20, 11, 9, 10, 12]",0.0064
2023,12,19,2,201,18172,90.41,2,50,95,0.0052,31,64,24,8.07,6.0,85,10,0,0,6,0.0397,"{""IC"": 57, ""S"": 9, ""PYO"": 27, ""HDM"": 2}","[5, 6, 7, 8, 10, 9, 11, 15, 14, 16]",0.0062
2023,12,20,3,204,18294,89.68,8,242,124,0.0068,39,85,69,10.14,7.0,110,8,4,2,13,0.0241,"{""IC"": 81, ""S"": 9, ""PYO"": 25, ""HDM"": 7, ""MV"": 2}","[5, 6, 7, 8, 10, 12, 9, 11, 14, 20]",0.0059
2023,12,21,4,205,18264,89.09,3,58,135,0.0074,42,93,39,8.9,7.0,121,12,2,0,20,0.0208,"{""IC"": 85, ""S"": 18, ""PYO"": 21, ""HDM"": 6, ""MV"": 5}","[5, 6, 7, 8, 9, 10, 11, 14, 23, 13]",0.0066
2023,12,22,5,213,19040,89.39,2,76,133,0.007,26,107,39,10.26,7.0,107,20,6,0,27,0.0211,"{""IC"": 80, ""S"": 19, ""PYO"": 19, ""HDM"": 11, ""MV"": 4}","[5, 6, 7, 8, 12, 9, 16, 10, 15, 14]",0.0062
2023,12,23,6,185,17150,92.7,1,66,113,0.0066,20,93,79,10.86,7.0,91,18,3,1,17,0.0258,"{""IC"": 60, ""S"": 11, ""PYO"": 29, ""HDM"": 11, ""MV"": 2}","[5, 6, 7, 8, 10, 9, 12, 16, 23, 25]",0.0063
2023,12,24,7,83,6460,77.83,0,0,41,0.0063,11,30,29,9.32,7.0,34,7,0,0,11,0.0212,"{""IC"": 35, ""S"": 4, ""HDM"": 2}","[5, 6, 7, 9, 15, 10, 8, 13, 11, 14]",0.0064
2023,12,25,1,130,12096,93.05,2,84,79,0.0065,21,58,64,10.77,8.0,64,12,2,1,12,0.0302,"{""IC"": 42, ""S"": 9, ""PYO"": 20, ""HDM"": 4, ""MV"": 4}","[5, 6, 9, 7, 8, 13, 12, 16, 15, 10]",0.0065
2023,12,26,2,183,16280,88.96,8,134,117,0.0072,32,85,90,11.62,7.0,93,17,4,3,23,0.0205,"{""IC"": 68, ""S"": 14, ""PYO"": 22, ""HDM"": 7, ""MV"": 6}","[5, 6, 7, 8, 10, 11, 12, 18, 15, 9]",0.0068
2023,12,27,3,211,18578,88.05,8,278,139,0.0075,36,103,112,12.06,7.0,112,18,7,2,22,0.0198,"{""S"": 11, ""IC"": 87, ""PYO"": 27, ""HDM"": 6, ""MV"": 8}","[5, 6, 7, 8, 9, 11, 10, 13, 17, 12]",0.0069
2023,12,28,4,204,18232,89.37,6,162,106,0.0058,28,78,56,9.48,7.0,97,3,6,0,19,0.0278,"{""S"": 12, ""IC"": 57, ""PYO"": 28, ""HDM"": 6, ""MV"": 3}","[5, 6, 7, 8, 9, 13, 14, 10, 12, 11]",0.0067
2023,12,29,5,213,19044,89.41,3,70,123,0.0065,32,91,46,9.15,6.0,110,9,4,0,15,0.0267,"{""IC"": 78, ""S"": 17, ""PYO"": 22, ""HDM"": 6}","[5, 6, 7, 8, 9, 11, 14, 12, 18, 10]",0.0066
2023,12,30,6,178,16198,91.0,4,86,108,0.0067,22,86,78,11.73,7.0,82,21,2,3,20,0.0187,"{""IC"": 64, ""S"": 12, ""PYO"": 20, ""HDM"": 7, ""V"": 4, ""MV"": 1}","[5, 6, 7, 8, 11, 9, 15, 17, 19, 20]",0.0066
2023,12,31,7,153,14316,93.57,2,76,116,0.0081,25,91,107,11.97,8.0,97,12,5,2,22,0.0226,"{""IC"": 76, ""S"": 4, ""PYO"": 28, ""HDM"": 5, ""MV"": 3}","[5, 6, 7, 8, 12, 11, 9, 14, 10, 16]",0.0069
2024,1,1,1,185,16624,89.86,12,612,194,0.0117,43,151,133,16.47,9.0,131,41,12,10,46,0.0131,"{""S"": 19, ""IC"": 130, ""PYO"": 29, ""HDM"": 8, ""MV"": 8}","[5, 7, 8, 6, 11, 9, 10, 15, 17, 14]",0.0076
2024,1,2,2,212,18672,88.08,18,1214,333,0.0178,112,221,153,17.14,8.0,235,52,28,18,79,0.0118,"{""IC"": 220, ""S"": 45, ""PYO"": 28, ""HDM"": 16, ""MV"": 24}","[5, 6, 7, 8, 9, 11, 10, 13, 14, 12]",0.0092
2024,1,3,3,209,18658,89.27,13,814,308,0.0165,103,205,161,15.26,8.5,221,59,16,12,71,0.0124,"{""IC"": 190, ""S"": 48, ""PYO"": 37, ""HDM"": 19, ""MV"": 14}","[5, 6, 7, 9, 8, 10, 14, 11, 13, 12]",0.0104
2024,1,4,4,213,18698,87.78,25,1566,294,0.0157,111,183,202,22.46,10.0,191,52,23,28,63,0.0097,"{""S"": 40, ""IC"": 174, ""PYO"": 47, ""HDM"": 19, ""MV"": 14}","[5, 6, 7, 9, 8, 12, 11, 15, 10, 14]",0.0119
2024,1,5,5,218,19320,88.62,53,2686,284,0.0147,104,180,196,16.69,8.0,205,42,20,17,69,0.01,"{""IC"": 173, ""S"": 39, ""PYO"": 34, ""HDM"": 26, ""MV"": 12}","[5, 6, 7, 8, 10, 9, 13, 17, 12, 11]",0.013
2024,1,6,6,174,16130,92.7,33,1534,194,0.012,45,149,139,15.31,8.0,141,27,17,9,46,0.0095,"{""IC"": 125, ""S"": 26, ""PYO"": 24, ""HDM"": 15, ""MV"": 4}","[5, 7, 6, 8, 9, 13, 18, 10, 11, 14]",0.0138
2024,1,7,7,187,16324,87.29,47,1972,193,0.0118,54,139,157,15.52,8.0,143,28,16,6,51,0.011,"{""IC"": 131, ""S"": 20, ""PYO"": 20, ""HDM"": 10, ""MV"": 12}","[5, 6, 7, 8, 10, 11, 12, 9, 14, 17]",0.0143
2024,1,8,1,207,18222,88.03,48,1790,132,0.0072,35,97,167,12.61,8.0,110,16,3,3,23,0.0105,"{""IC"": 88, ""S"": 21, ""PYO"": 9, ""HDM"": 6, ""MV"": 8}","[5, 6, 7, 9, 8, 12, 10, 11, 15, 13]",0.0137
2024,1,9,2,205,18014,87.87,43,1756,136,0.0075,31,105,62,10.64,7.0,111,18,5,2,24,0.0168,"{""IC"": 87, ""S"": 21, ""PYO"": 9, ""HDM"": 8, ""MV"": 11}","[5, 6, 8, 7, 9, 10, 13, 11, 16, 15]",0.0122
2024,1,10,3,208,18390,88.41,34,1312,131,0.0071,38,93,127,12.37,8.0,107,19,2,3,21,0.0163,"{""IC"": 74, ""S"": 28, ""PYO"": 14, ""HDM"": 10, ""MV"": 5}","[6, 5, 7, 9, 8, 10, 12, 13, 15, 18]",0.0109
2024,1,11,4,201,17718,88.15,1,20,94,0.0053,25,69,121,9.95,6.0,83,6,4,1,19,0.0198,"{""IC"": 70, ""S"": 7, ""PYO"": 9, ""HDM"": 7, ""MV"": 1}","[5, 6, 8, 7, 12, 9, 11, 15, 10, 33]",0.0094
2024,1,12,5,210,18624,88.69,0,0,193,0.0104,45,148,213,17.81,8.0,139,28,17,9,44,0.0117,"{""IC"": 138, ""S"": 30, ""PYO"": 9, ""HDM"": 10, ""MV"": 6}","[5, 6, 7, 8, 13, 9, 12, 10, 23, 11]",0.0088
2024,1,13,6,177,15656,88.45,4,94,157,0.01,36,121,54,11.77,8.0,120,27,10,0,44,0.0148,"{""S"": 23, ""IC"": 105, ""PYO"": 15, ""HDM"": 11, ""MV"": 3}","[5, 6, 8, 9, 10, 7, 11, 13, 24, 19]",0.0085
2024,1,14,7,181,15986,88.32,6,160,157,0.0098,36,121,65,12.75,9.0,117,25,14,1,34,0.017,"{""IC"": 99, ""S"": 17, ""PYO"": 17, ""HDM"": 11, ""MV"": 13}","[5, 6, 8, 9, 10, 7, 11, 12, 17, 16]",0.0082
2024,1,15,1,201,17866,88.89,13,428,185,0.0104,57,128,98,11.12,7.0,151,24,8,2,29,0.0151,"{""IC"": 121, ""S"": 32, ""PYO"": 12, ""HDM"": 10, ""MV"": 10}","[5, 6, 7, 10, 8, 9, 12, 13, 15, 21]",0.0086
2024,1,16,2,199,17690,88.89,20,414,182,0.0103,59,123,225,14.05,8.0,140,26,11,5,41,0.0105,"{""IC"": 125, ""S"": 40, ""PYO"": 8, ""HDM"": 9}","[5, 6, 8, 10, 7, 9, 11, 12, 15, 20]",0.009
2024,1,17,3,201,17818,88.65,4,80,142,0.008,37,105,155,14.97,8.0,108,22,6,6,34,0.0154,"{""IC"": 96, ""S"": 17, ""PYO"": 14, ""HDM"": 7, ""MV"": 8}","[5, 7, 6, 8, 9, 10, 11, 12, 23, 18]",0.0092
2024,1,18,4,207,18132,87.59,6,310,230,0.0127,66,164,123,14.67,8.5,164,40,19,7,56,0.0122,"{""IC"": 170, ""S"": 31, ""PYO"": 10, ""HDM"": 10, ""MV"": 9}","[5, 6, 7, 8, 9, 10, 12, 14, 11, 17]",0.0102
2024,1,19,5,210,18470,87.95,6,218,209,0.0113,55,154,135,12.29,8.0,165,30,11,3,52,0.0146,"{""S"": 32, ""IC"": 155, ""PYO"": 9, ""HDM"": 10, ""MV"": 3}","[5, 6, 7, 8, 9, 11, 12, 18, 13, 10]",0.0104
2024,1,20,6,175,15656,89.46,10,722,174,0.0111,50,124,84,11.56,9.0,136,31,5,2,37,0.015,"{""IC"": 122, ""S"": 30, ""PYO"": 7, ""HDM"": 14, ""MV"": 1}","[5, 6, 7, 11, 9, 12, 15, 8, 10, 13]",0.0105
2024,1,21,7,177,15660,88.47,13,630,128,0.0082,33,95,232,14.08,8.0,95,24,7,2,35,0.0121,"{""S"": 20, ""IC"": 77, ""PYO"": 13, ""HDM"": 9, ""MV"": 9}","[5, 6, 8, 7, 10, 9, 12, 16, 11, 15]",0.0103
2024,1,22,1,203,17796,87.67,9,300,169,0.0095,56,113,86,13.35,8.0,135,18,9,7,46,0.0117,"{""IC"": 113, ""S"": 28, ""PYO"": 16, ""HDM"": 9, ""MV"": 3}","[5, 6, 10, 9, 7, 12, 8, 11, 13, 15]",0.0102
2024,1,23,2,207,18024,87.07,9,404,169,0.0094,59,110,255,13.04,7.0,132,26,10,1,36,0.013,"{""IC"": 105, ""S"": 20, ""PYO"": 13, ""HDM"": 18, ""MV"": 13}","[5, 6, 7, 8, 9, 10, 11, 12, 13, 15]",0.01
2024,1,24,3,199,17690,88.89,1,60,98,0.0055,29,69,261,15.0,7.0,84,8,0,6,16,0.0125,"{""IC"": 69, ""S"": 11, ""PYO"": 12, ""HDM"": 6}","[5, 8, 7, 6, 9, 12, 10, 18, 16, 11]",0.0097
2024,1,25,4,207,17906,86.5,9,230,149,0.0083,35,114,106,12.17,7.0,121,17,6,5,28,0.0164,"{""IC"": 98, ""S"": 18, ""PYO"": 11, ""HDM"": 18, ""MV"": 3, ""V"": 1}","[5, 6, 8, 7, 9, 11, 16, 12, 10, 15]",0.009
2024,1,26,5,212,18536,87.43,3,80,125,0.0067,33,92,73,10.26,7.0,103,19,2,1,29,0.0189,"{""IC"": 79, ""S"": 19, ""PYO"": 9, ""HDM"": 14, ""MV"": 4}","[5, 6, 7, 11, 9, 12, 15, 8, 22, 13]",0.0084
2024,1,27,6,177,15668,88.52,0,0,106,0.0068,25,81,39,9.42,7.0,93,11,2,0,17,0.0218,"{""S"": 21, ""IC"": 70, ""PYO"": 12, ""HDM"": 2, ""MV"": 1}","[6, 5, 8, 7, 9, 10, 12, 11, 13, 16]",0.0078
2024,1,28,7,174,15634,89.85,2,60,87,0.0056,16,71,39,9.28,7.0,77,7,3,0,16,0.0244,"{""IC"": 56, ""S"": 13, ""PYO"": 12, ""HDM"": 6}","[5, 6, 7, 8, 9, 12, 10, 13, 19, 11]",0.0074
2024,1,29,1,201,17742,88.27,0,0,107,0.006,27,80,66,9.62,7.0,89,15,2,1,21,0.0185,"{""IC"": 66, ""S"": 17, ""PYO"": 14, ""HDM"": 6, ""MV"": 4}","[5, 6, 7, 8, 9, 10, 18, 15, 14, 12]",0.0069
2024,1,30,2,201,17718,88.15,2,120,92,0.0052,29,63,51,8.61,6.0,84,5,3,0,16,0.0244,"{""IC"": 57, ""S"": 16, ""PYO"": 14, ""HDM"": 4, ""MV"": 1}","[6, 5, 8, 7, 12, 9, 10, 19, 15, 14]",0.0063
2024,1,31,3,203,17936,88.35,2,182,101,0.0056,29,72,22,7.64,6.0,96,5,0,0,8,0.0321,"{""IC"": 72, ""S"": 11, ""PYO"": 11, ""HDM"": 7}","[5, 6, 7, 10, 8, 13, 11, 9, 12, 15]",0.0063
2024,2,1,4,205,17830,86.98,2,152,80,0.0045,19,61,389,28.0,8.0,56,13,5,6,6,0.0149,"{""S"": 14, ""IC"": 48, ""PYO"": 10, ""HDM"": 4, ""MV"": 4}","[5, 8, 7, 22, 6, 12, 11, 16, 57, 18]",0.0058
2024,2,2,5,215,19146,89.05,202,17042,47,0.0025,9,38,33,10.09,9.0,40,6,1,0,5,0.0515,"{""PYO"": 22, ""IC"": 21, ""MV"": 4}","[5, 6, 10, 14, 11, 12, 9, 7, 8, 15]",0.0052
2024,2,3,6,180,16046,89.14,5,158,113,0.007,31,82,75,10.35,7.0,96,13,3,1,17,0.032,"{""S"": 11, ""IC"": 76, ""PYO"": 15, ""HDM"": 7, ""MV"": 4}","[5, 6, 7, 8, 12, 9, 10, 14, 11, 13]",0.0052
2024,2,4,7,172,15518,90.22,0,0,86,0.0055,18,68,100,11.83,8.0,75,5,4,2,14,0.02,"{""IC"": 63, ""S"": 8, ""PYO"": 9, ""HDM"": 6}","[5, 6, 10, 7, 8, 9, 12, 11, 13, 30]",0.0052
2024,2,5,1,201,17396,86.55,1,84,111,0.0064,27,84,128,14.36,8.0,86,12,9,4,19,0.027,"{""IC"": 72, ""S"": 10, ""PYO"": 14, ""HDM"": 12, ""MV"": 3}","[5, 6, 8, 9, 11, 7, 10, 13, 12, 15]",0.0052
2024,2,6,2,206,17506,84.98,3,552,129,0.0074,31,98,201,21.0,9.0,92,17,8,12,28,0.0126,"{""IC"": 82, ""S"": 17, ""PYO"": 13, ""HDM"": 13, ""MV"": 4}","[5, 6, 7, 9, 14, 11, 10, 8, 16, 21]",0.0056
2024,2,7,3,208,17860,85.87,5,118,130,0.0073,31,99,151,12.77,7.0,106,12,9,3,30,0.0149,"{""IC"": 87, ""S"": 10, ""PYO"": 12, ""HDM"": 9, ""MV"": 12}","[5, 6, 9, 8, 7, 10, 13, 11, 21, 32]",0.0058
2024,2,8,4,204,17434,85.46,4,196,159,0.0091,47,112,113,11.32,7.0,130,18,8,3,34,0.0175,"{""S"": 21, ""IC"": 118, ""PYO"": 10, ""HDM"": 8, ""MV"": 2}","[5, 6, 9, 8, 7, 10, 11, 15, 14, 12]",0.0065
2024,2,9,5,217,18870,86.96,10,872,202,0.0107,56,146,190,21.65,10.0,131,35,20,16,59,0.0098,"{""IC"": 136, ""S"": 28, ""PYO"": 17, ""HDM"": 10, ""MV"": 11}","[5, 7, 6, 9, 8, 12, 13, 10, 11, 21]",0.0076
2024,2,10,6,183,16530,90.33,8,594,183,0.0111,47,136,104,14.15,9.0,133,31,17,2,40,0.015,"{""IC"": 119, ""S"": 19, ""PYO"": 26, ""HDM"": 15, ""MV"": 4}","[5, 6, 7, 9, 8, 11, 10, 13, 14, 12]",0.0082
2024,2,11,7,174,15490,89.02,6,320,164,0.0106,40,124,133,17.44,9.0,115,27,13,9,46,0.0119,"{""IC"": 118, ""S"": 25, ""PYO"": 9, ""HDM"": 12}","[5, 6, 8, 9, 7, 10, 12, 11, 14, 19]",0.0089
2024,2,12,1,201,17392,86.53,198,17312,3,0.0002,1,2,44,23.0,14.0,2,0,1,0,2,0.0302,"{""HDM"": 1, ""MV"": 2}","[14, 44, 11]",0.0081
2024,2,13,2,241,20684,85.83,207,17842,59,0.0029,17,42,139,24.39,11.0,34,12,7,6,18,0.0135,"{""MV"": 59}","[5, 6, 7, 10, 8, 16, 26, 14, 11, 12]",0.0074
2024,2,14,3,214,17976,84.0,77,4866,155,0.0086,42,113,261,18.54,8.0,110,22,17,6,41,0.0102,"{""S"": 19, ""IC"": 104, ""PYO"": 13, ""HDM"": 12, ""MV"": 7}","[5, 7, 6, 8, 11, 12, 13, 10, 17, 9]",0.0076
2024,2,15,4,207,17638,85.21,46,2222,175,0.0099,35,140,134,11.84,8.0,147,18,7,3,57,0.0135,"{""IC"": 120, ""S"": 17, ""PYO"": 17, ""HDM"": 15, ""MV"": 6}","[5, 6, 7, 9, 8, 11, 10, 14, 17, 15]",0.0077
2024,2,16,5,220,19260,87.55,34,1492,214,0.0111,51,163,120,13.78,8.0,159,33,17,5,49,0.0115,"{""IC"": 121, ""S"": 37, ""PYO"": 25, ""HDM"": 12, ""MV"": 19}","[5, 6, 8, 7, 9, 12, 10, 20, 11, 18]",0.0078
2024,2,17,6,177,16080,90.85,28,1022,202,0.0126,47,155,183,14.54,8.0,147,33,19,3,35,0.0129,"{""S"": 27, ""IC"": 123, ""PYO"": 36, ""HDM"": 13, ""MV"": 3}","[5, 6, 7, 8, 9, 10, 11, 12, 15, 14]",0.008
2024,2,18,7,175,15710,89.77,15,512,133,0.0085,24,109,149,16.34,9.0,91,22,17,3,43,0.0139,"{""IC"": 85, ""S"": 21, ""PYO"": 10, ""HDM"": 10, ""MV"": 7}","[5, 6, 8, 13, 29, 12, 11, 7, 16, 24]",0.0077
2024,2,19,1,202,17442,86.35,18,608,118,0.0068,27,91,54,10.65,7.0,98,16,4,0,31,0.0183,"{""S"": 19, ""IC"": 75, ""PYO"": 11, ""HDM"": 9, ""MV"": 4}","[5, 6, 7, 9, 8, 11, 14, 12, 10, 13]",0.0086
2024,2,20,2,206,17644,85.65,17,540,150,0.0085,37,113,54,10.64,8.0,120,24,6,0,33,0.0156,"{""S"": 17, ""IC"": 98, ""PYO"": 13, ""HDM"": 12, ""MV"": 10}","[6, 5, 8, 7, 9, 10, 16, 14, 13, 12]",0.0094
2024,2,21,3,206,17472,84.82,19,598,159,0.0091,48,111,84,11.07,8.0,127,27,4,1,33,0.0148,"{""IC"": 94, ""S"": 29, ""PYO"": 13, ""HDM"": 13, ""MV"": 10}","[5, 6, 7, 10, 9, 14, 8, 16, 13, 17]",0.0095
2024,2,22,4,204,17386,85.23,17,540,117,0.0067,25,92,78,11.62,6.0,91,20,3,3,29,0.0218,"{""IC"": 77, ""S"": 11, ""PYO"": 13, ""HDM"": 9, ""MV"": 7}","[5, 6, 7, 10, 9, 18, 8, 16, 17, 27]",0.009
2024,2,23,5,213,18590,87.28,29,1282,151,0.0081,40,111,270,14.03,7.0,121,20,8,2,29,0.0145,"{""IC"": 97, ""S"": 18, ""PYO"": 20, ""HDM"": 14, ""MV"": 2}","[5, 6, 7, 9, 8, 10, 12, 11, 15, 22]",0.0086
2024,2,24,6,176,16096,91.45,20,682,88,0.0055,26,62,43,8.93,7.0,79,8,1,0,9,0.0267,"{""S"": 8, ""IC"": 49, ""PYO"": 29, ""HDM"": 2}","[5, 8, 9, 7, 6, 12, 11, 27, 28, 15]",0.0076
2024,2,25,7,172,15518,90.22,25,1264,105,0.0068,23,82,97,10.7,7.0,93,7,2,3,16,0.0164,"{""IC"": 76, ""S"": 7, ""PYO"": 16, ""HDM"": 6}","[5, 6, 7, 9, 8, 13, 11, 10, 12, 20]",0.0074
2024,2,26,1,206,18062,87.68,27,914,86,0.0048,25,61,78,10.13,7.0,76,6,2,2,19,0.0254,"{""S"": 15, ""IC"": 46, ""PYO"": 11, ""HDM"": 10, ""MV"": 4}","[5, 6, 7, 8, 9, 10, 13, 24, 15, 11]",0.0071
2024,2,27,2,207,17994,86.93,31,1014,93,0.0052,16,77,77,11.37,7.0,77,11,3,2,8,0.0229,"{""IC"": 58, ""S"": 9, ""PYO"": 17, ""HDM"": 7, ""MV"": 2}","[5, 6, 10, 8, 9, 11, 13, 12, 20, 7]",0.0066
2024,2,28,3,202,17804,88.14,20,664,88,0.0049,18,70,27,8.9,7.0,77,11,0,0,18,0.0251,"{""S"": 13, ""IC"": 53, ""PYO"": 10, ""HDM"": 8, ""MV"": 4}","[5, 6, 7, 8, 10, 11, 12, 19, 14, 13]",0.006
2024,2,29,4,203,17802,87.69,18,624,108,0.0061,34,74,48,9.28,7.0,93,11,4,0,13,0.0195,"{""S"": 13, ""IC"": 74, ""PYO"": 12, ""HDM"": 8, ""MV"": 1}","[5, 6, 7, 9, 8, 13, 10, 16, 19, 12]",0.0059
2024,3,1,5,218,19094,87.59,23,1010,128,0.0067,33,95,61,10.12,7.0,107,16,4,1,24,0.0278,"{""S"": 16, ""IC"": 66, ""PYO"": 26, ""HDM"": 9, ""MV"": 11}","[5, 6, 7, 9, 8, 12, 10, 14, 15, 21]",0.0057
2024,3,2,6,169,15860,93.85,1,28,101,0.0064,32,69,44,10.19,8.0,83,14,4,0,16,0.0342,"{""IC"": 51, ""S"": 8, ""PYO"": 28, ""HDM"": 6, ""MV"": 8}","[5, 6, 8, 10, 12, 9, 7, 11, 15, 19]",0.0058
2024,3,3,7,157,14992,95.49,3,96,116,0.0077,23,93,64,12.55,8.0,86,23,5,2,28,0.0197,"{""IC"": 69, ""S"": 11, ""PYO"": 23, ""HDM"": 13}","[5, 6, 7, 8, 11, 9, 19, 12, 10, 15]",0.006
2024,3,4,1,188,17642,93.84,0,0,99,0.0056,36,63,61,9.3,7.0,91,5,2,1,16,0.0267,"{""IC"": 48, ""S"": 18, ""PYO"": 24, ""HDM"": 7, ""MV"": 2}","[5, 6, 7, 8, 10, 9, 13, 12, 11, 14]",0.0061
2024,3,5,2,182,17268,94.88,0,16,101,0.0058,33,68,43,8.85,7.0,93,6,2,0,16,0.0241,"{""S"": 14, ""IC"": 58, ""PYO"": 13, ""HDM"": 8, ""MV"": 8}","[5, 6, 7, 8, 10, 12, 9, 13, 14, 19]",0.0062
2024,3,6,3,183,17548,95.89,0,0,108,0.0062,33,75,64,9.37,7.0,97,8,1,2,10,0.0237,"{""IC"": 57, ""S"": 20, ""PYO"": 27, ""HDM"": 4}","[6, 5, 8, 7, 14, 13, 9, 10, 12, 15]",0.0064
2024,3,7,4,191,17684,92.59,2,28,114,0.0064,33,81,40,9.12,7.0,101,11,2,0,17,0.0282,"{""IC"": 55, ""S"": 11, ""PYO"": 35, ""HDM"": 9, ""MV"": 4}","[5, 6, 8, 11, 10, 7, 9, 12, 15, 16]",0.0064
2024,3,8,5,191,18088,94.7,0,60,180,0.01,79,101,50,11.68,8.0,141,28,11,0,16,0.0139,"{""IC"": 110, ""S"": 32, ""PYO"": 33, ""HDM"": 3, ""MV"": 2}","[5, 6, 7, 8, 9, 10, 11, 13, 12, 20]",0.0069
2024,3,9,6,165,15914,96.45,1,30,136,0.0085,45,91,78,9.98,7.0,120,11,3,2,22,0.0217,"{""S"": 16, ""IC"": 72, ""PYO"": 31, ""HDM"": 9, ""MV"": 8}","[5, 6, 8, 7, 11, 10, 9, 13, 12, 24]",0.0072
2024,3,10,7,157,15028,95.72,6,202,86,0.0057,31,55,64,9.9,7.0,71,12,2,1,14,0.0224,"{""IC"": 49, ""S"": 5, ""PYO"": 21, ""HDM"": 11}","[5, 6, 7, 9, 8, 10, 12, 16, 18, 13]",0.0069
2024,3,11,1,202,18212,90.16,17,614,106,0.0058,23,83,29,8.56,7.0,96,10,0,0,13,0.0342,"{""IC"": 54, ""S"": 16, ""PYO"": 28, ""HDM"": 7, ""MV"": 1}","[5, 6, 7, 8, 11, 10, 9, 12, 13, 14]",0.0069
2024,3,12,2,200,17806,89.03,18,624,92,0.0052,27,65,66,10.96,6.5,77,7,6,2,13,0.0187,"{""IC"": 57, ""S"": 16, ""PYO"": 12, ""HDM"": 3, ""MV"": 4}","[5, 6, 7, 8, 12, 10, 9, 17, 16, 66]",0.0068
2024,3,13,3,203,18200,89.66,18,624,89,0.0049,26,63,31,9.0,7.0,77,11,1,0,8,0.0277,"{""IC"": 50, ""S"": 12, ""PYO"": 21, ""HDM"": 3, ""MV"": 3}","[5, 6, 7, 9, 8, 12, 17, 20, 19, 13]",0.0066
2024,3,14,4,203,18248,89.89,18,624,108,0.0059,20,88,47,10.51,7.0,86,15,7,0,18,0.0237,"{""S"": 12, ""IC"": 55, ""PYO"": 34, ""HDM"": 6, ""MV"": 1}","[5, 6, 7, 9, 12, 11, 16, 18, 8, 31]",0.0066
2024,3,15,5,199,18586,93.4,2,362,146,0.0079,28,118,101,12.47,8.0,115,20,8,3,28,0.017,"{""IC"": 76, ""S"": 24, ""PYO"": 24, ""HDM"": 16, ""MV"": 6}","[6, 5, 7, 8, 9, 11, 10, 15, 12, 16]",0.0063
2024,3,16,6,170,15996,94.09,2,190,109,0.0068,21,88,100,12.11,8.0,83,20,5,1,18,0.0293,"{""IC"": 48, ""S"": 17, ""PYO"": 37, ""HDM"": 5, ""MV"": 2}","[5, 6, 9, 7, 8, 16, 12, 10, 14, 17]",0.006
2024,3,17,7,164,15480,94.39,1,144,92,0.0059,16,76,46,10.25,6.5,73,16,3,0,17,0.0192,"{""IC"": 53, ""S"": 13, ""PYO"": 18, ""HDM"": 7, ""MV"": 1}","[5, 6, 8, 10, 7, 9, 20, 13, 14, 18]",0.0061
2024,3,18,1,194,17966,92.61,2,168,123,0.0068,33,90,75,10.02,7.0,105,12,5,1,17,0.0304,"{""IC"": 54, ""S"": 23, ""PYO"": 33, ""HDM"": 13}","[5, 6, 7, 8, 10, 9, 12, 11, 16, 13]",0.0062
2024,3,19,2,195,17644,90.48,2,64,80,0.0045,29,51,28,8.64,7.0,70,10,0,0,12,0.03,"{""IC"": 50, ""S"": 14, ""PYO"": 7, ""HDM"": 8, ""MV"": 1}","[5, 6, 7, 8, 10, 15, 9, 12, 11, 25]",0.0061
2024,3,20,3,193,18038,93.46,0,24,88,0.0049,23,65,92,10.74,7.5,73,10,4,1,9,0.0279,"{""S"": 18, ""IC"": 47, ""PYO"": 19, ""HDM"": 3, ""MV"": 1}","[5, 6, 7, 8, 9, 10, 12, 14, 16, 11]",0.0061
2024,3,21,4,197,18192,92.35,1,84,112,0.0062,31,81,62,10.15,7.0,93,17,1,1,19,0.0263,"{""IC"": 65, ""S"": 17, ""PYO"": 25, ""HDM"": 4, ""MV"": 1}","[5, 6, 7, 8, 15, 10, 13, 14, 9, 11]",0.0061
2024,3,22,5,206,18544,90.02,2,98,116,0.0063,24,92,40,10.34,8.0,94,18,4,0,14,0.0248,"{""S"": 21, ""IC"": 72, ""PYO"": 19, ""HDM"": 2, ""MV"": 2}","[5, 6, 8, 7, 9, 11, 21, 20, 12, 32]",0.0059
2024,3,23,6,170,15922,93.66,1,38,82,0.0052,15,67,34,10.33,8.0,70,9,3,0,14,0.0321,"{""IC"": 41, ""S"": 6, ""PYO"": 29, ""HDM"": 4, ""MV"": 2}","[5, 6, 7, 10, 8, 9, 11, 13, 20, 17]",0.0057
2024,3,24,7,177,15828,89.42,3,134,83,0.0052,15,68,44,9.46,7.0,72,8,3,0,15,0.0283,"{""IC"": 46, ""S"": 12, ""PYO"": 20, ""HDM"": 3, ""MV"": 2}","[5, 7, 6, 8, 9, 10, 13, 14, 19, 20]",0.0056
2024,3,25,1,205,18324,89.39,3,40,107,0.0058,32,75,43,9.81,7.0,90,13,4,0,9,0.0246,"{""IC"": 61, ""S"": 11, ""PYO"": 30, ""HDM"": 1, ""MV"": 4}","[5, 6, 7, 11, 9, 8, 12, 14, 10, 27]",0.0054
2024,3,26,2,203,17852,87.94,0,0,85,0.0048,26,59,26,7.86,6.0,77,8,0,0,6,0.048,"{""S"": 8, ""IC"": 56, ""PYO"": 10, ""HDM"": 6, ""MV"": 5}","[5, 6, 8, 7, 9, 12, 18, 10, 20, 15]",0.0055
2024,3,27,3,206,18394,89.29,1,10,92,0.005,25,67,80,11.78,7.0,75,10,4,3,11,0.0164,"{""IC"": 43, ""S"": 16, ""PYO"": 24, ""HDM"": 4, ""MV"": 5}","[5, 6, 8, 9, 7, 16, 10, 12, 15, 11]",0.0055
2024,3,28,4,214,18822,87.95,0,0,114,0.0061,29,85,65,10.19,7.0,98,11,4,1,16,0.0307,"{""IC"": 59, ""S"": 10, ""PYO"": 32, ""HDM"": 9, ""MV"": 4}","[5, 6, 7, 13, 11, 10, 9, 8, 17, 19]",0.0055
2024,3,29,5,186,17370,93.39,4,170,79,0.0045,17,62,125,9.96,7.0,72,5,1,1,10,0.0323,"{""IC"": 42, ""S"": 15, ""PYO"": 17, ""HDM"": 3, ""MV"": 2}","[5, 6, 8, 7, 11, 10, 9, 18, 14, 12]",0.0052
2024,3,30,6,174,15916,91.47,1,84,90,0.0057,28,62,86,10.49,7.0,74,14,1,1,6,0.0418,"{""S"": 9, ""IC"": 48, ""PYO"": 26, ""HDM"": 2, ""MV"": 5}","[5, 6, 7, 8, 16, 9, 10, 14, 11, 24]",0.0053
2024,3,31,7,161,14764,91.7,1,8,67,0.0045,13,54,100,11.78,6.0,58,5,2,2,6,0.0265,"{""IC"": 37, ""S"": 4, ""PYO"": 24, ""HDM"": 1, ""V"": 1}","[5, 6, 8, 14, 11, 9, 10, 7, 12, 21]",0.0052
2024,4,1,1,177,16222,91.65,0,0,129,0.008,33,96,104,11.88,8.0,106,15,6,2,17,0.0215,"{""IC"": 75, ""S"": 15, ""PYO"": 33, ""HDM"": 6}","[5, 6, 7, 9, 11, 8, 10, 12, 14, 13]",0.0055
2024,4,2,2,199,17690,88.89,0,0,103,0.0058,31,72,89,9.51,7.0,91,11,0,1,11,0.0295,"{""S"": 18, ""IC"": 69, ""PYO"": 12, ""HDM"": 4}","[5, 6, 7, 8, 11, 12, 13, 9, 10, 21]",0.0057
2024,4,3,3,203,17798,87.67,0,16,144,0.0081,45,99,41,11.07,8.0,110,26,8,0,24,0.0187,"{""IC"": 95, ""S"": 27, ""PYO"": 10, ""HDM"": 9, ""MV"": 3}","[5, 6, 10, 7, 8, 15, 11, 9, 12, 13]",0.0061
2024,4,4,4,204,17986,88.17,0,0,109,0.0061,27,82,87,12.09,7.0,90,10,5,4,19,0.0181,"{""IC"": 71, ""S"": 16, ""PYO"": 12, ""HDM"": 7, ""MV"": 3}","[5, 6, 8, 7, 9, 10, 14, 11, 19, 12]",0.0061
2024,4,5,5,211,18942,89.77,2,82,139,0.0073,40,99,42,10.22,7.0,115,20,4,0,26,0.019,"{""IC"": 85, ""S"": 22, ""PYO"": 22, ""HDM"": 9, ""MV"": 1}","[5, 6, 9, 7, 8, 10, 13, 14, 11, 12]",0.0065
2024,4,6,6,177,16110,91.02,1,48,112,0.007,25,87,63,10.39,7.0,91,16,4,1,16,0.0283,"{""IC"": 71, ""S"": 5, ""PYO"": 30, ""HDM"": 6}","[5, 6, 7, 9, 13, 11, 12, 10, 15, 17]",0.0067
2024,4,7,7,178,15696,88.18,1,28,102,0.0065,26,76,103,10.75,6.0,88,8,4,2,15,0.0246,"{""IC"": 72, ""S"": 15, ""PYO"": 9, ""HDM"": 5, ""MV"": 1}","[5, 6, 7, 10, 8, 13, 11, 9, 37, 16]",0.007
2024,4,8,1,199,17690,88.89,0,4,106,0.006,30,76,78,10.08,7.0,93,9,3,1,19,0.0225,"{""S"": 19, ""IC"": 72, ""PYO"": 10, ""HDM"": 5}","[5, 6, 7, 9, 10, 14, 12, 11, 8, 16]",0.0067
2024,4,9,2,203,17816,87.76,1,154,130,0.0073,40,90,71,11.06,8.0,107,15,7,1,24,0.0217,"{""IC"": 83, ""S"": 24, ""PYO"": 9, ""HDM"": 7, ""MV"": 7}","[5, 6, 7, 10, 8, 9, 11, 12, 15, 17]",0.0069
2024,4,10,3,203,17902,88.19,1,62,120,0.0067,31,89,60,11.43,7.0,98,11,9,2,15,0.0245,"{""IC"": 85, ""S"": 14, ""PYO"": 10, ""HDM"": 4, ""MV"": 7}","[5, 6, 7, 8, 9, 10, 11, 16, 60, 17]",0.0067
2024,4,11,4,204,17942,87.95,0,24,126,0.007,48,78,63,10.37,7.0,102,18,5,1,17,0.0243,"{""IC"": 88, ""S"": 17, ""PYO"": 14, ""HDM"": 4, ""MV"": 3}","[5, 6, 7, 8, 12, 9, 11, 18, 10, 19]",0.0068
2024,4,12,5,214,18992,88.75,0,0,149,0.0078,44,105,72,10.95,8.0,114,32,2,1,25,0.02,"{""IC"": 81, ""S"": 21, ""PYO"": 27, ""HDM"": 14, ""MV"": 6}","[5, 6, 8, 7, 12, 9, 10, 15, 16, 11]",0.0069
2024,4,13,6,189,16282,86.15,1,48,126,0.0077,38,88,50,10.27,7.0,104,17,5,0,25,0.0223,"{""S"": 10, ""IC"": 76, ""PYO"": 25, ""HDM"": 9, ""MUS"": 5, ""MV"": 1}","[5, 6, 8, 7, 9, 12, 10, 14, 18, 22]",0.007
2024,4,14,7,180,15582,86.57,0,10,95,0.0061,29,66,159,11.81,8.0,77,14,3,1,24,0.0226,"{""IC"": 61, ""S"": 19, ""PYO"": 7, ""HDM"": 6, ""MUS"": 1, ""V"": 1}","[5, 6, 7, 8, 10, 13, 12, 9, 17, 11]",0.0069
2024,4,15,1,207,17694,85.48,3,112,122,0.0069,39,83,77,10.07,6.0,103,15,3,1,23,0.0208,"{""IC"": 60, ""S"": 29, ""PYO"": 20, ""HDM"": 5, ""MV"": 8}","[6, 5, 7, 8, 10, 12, 13, 9, 11, 21]",0.0071
2024,4,16,2,201,17422,86.68,0,0,120,0.0069,30,90,31,8.57,6.0,105,14,1,0,23,0.0252,"{""S"": 22, ""IC"": 63, ""PYO"": 28, ""HDM"": 6, ""MV"": 1}","[5, 6, 8, 10, 9, 7, 13, 11, 15, 14]",0.007
2024,4,17,3,200,17446,87.23,1,20,90,0.0052,20,70,37,7.89,6.0,85,3,2,0,13,0.0276,"{""IC"": 49, ""S"": 11, ""PYO"": 21, ""HDM"": 8, ""MV"": 1}","[5, 6, 7, 9, 11, 10, 13, 8, 15, 26]",0.0068
2024,4,18,4,209,17864,85.47,6,190,118,0.0066,38,80,88,10.25,7.0,102,11,3,2,21,0.0272,"{""S"": 19, ""IC"": 67, ""PYO"": 19, ""HDM"": 6, ""MV"": 7}","[5, 6, 7, 8, 10, 11, 9, 15, 12, 13]",0.0067
2024,4,19,5,211,18316,86.81,9,316,184,0.01,51,133,182,16.46,8.0,133,34,6,11,37,0.022,"{""S"": 37, ""IC"": 107, ""PYO"": 25, ""HDM"": 10, ""MV"": 5}","[5, 6, 7, 8, 9, 11, 14, 13, 15, 22]",0.0071
2024,4,20,6,179,15710,87.77,6,272,159,0.0101,47,112,114,13.62,8.0,121,26,8,4,38,0.015,"{""S"": 21, ""IC"": 95, ""PYO"": 29, ""HDM"": 11, ""MV"": 3}","[5, 6, 8, 7, 9, 11, 23, 10, 13, 15]",0.0074
2024,4,21,7,175,15480,88.46,4,118,145,0.0094,43,102,90,10.88,7.0,122,17,3,3,31,0.0187,"{""IC"": 86, ""S"": 15, ""PYO"": 31, ""HDM"": 13}","[5, 6, 7, 8, 10, 13, 11, 9, 14, 22]",0.0079
2024,4,22,1,200,17522,87.61,3,30,107,0.0061,38,69,139,9.16,6.0,98,7,1,1,13,0.0252,"{""S"": 20, ""IC"": 61, ""PYO"": 17, ""HDM"": 7, ""MV"": 2}","[5, 6, 7, 9, 8, 14, 11, 10, 12, 17]",0.0078
2024,4,23,2,204,17556,86.06,4,212,251,0.0143,84,167,78,12.38,8.0,184,51,13,3,55,0.0134,"{""IC"": 155, ""S"": 56, ""PYO"": 19, ""HDM"": 17, ""MV"": 4}","[5, 6, 7, 10, 9, 8, 11, 13, 16, 25]",0.0088
2024,4,24,3,201,17588,87.5,1,146,114,0.0065,38,76,47,9.68,7.0,97,12,5,0,20,0.0206,"{""IC"": 62, ""S"": 22, ""PYO"": 18, ""HDM"": 7, ""MV"": 5}","[5, 6, 7, 9, 8, 11, 21, 10, 16, 14]",0.009
2024,4,25,4,206,17708,85.96,7,174,114,0.0064,32,82,72,10.9,7.0,94,14,4,2,23,0.0244,"{""IC"": 61, ""S"": 16, ""PYO"": 25, ""HDM"": 7, ""MV"": 5}","[5, 7, 6, 8, 12, 11, 13, 14, 16, 22]",0.009
2024,4,26,5,209,18494,88.49,1,40,108,0.0058,23,85,40,9.45,6.0,92,12,4,0,24,0.0245,"{""IC"": 53, ""S"": 22, ""PYO"": 15, ""HDM"": 6, ""MV"": 12}","[5, 6, 7, 10, 12, 11, 9, 8, 37, 19]",0.0084
2024,4,27,6,186,15814,85.02,10,190,84,0.0053,16,68,60,8.63,6.0,77,5,1,1,9,0.0341,"{""IC"": 34, ""S"": 13, ""PYO"": 32, ""HDM"": 4, ""MV"": 1}","[5, 6, 8, 7, 9, 11, 13, 10, 17, 23]",0.0077
2024,4,28,7,178,15526,87.22,3,112,73,0.0047,19,54,58,8.0,6.0,67,5,1,0,11,0.0314,"{""IC"": 44, ""S"": 8, ""PYO"": 18, ""HDM"": 1, ""V"": 2}","[5, 6, 9, 8, 7, 10, 16, 58, 21, 11]",0.007
2024,4,29,1,201,17270,85.92,0,0,100,0.0058,26,74,64,10.0,6.5,87,7,5,1,18,0.0256,"{""IC"": 58, ""S"": 12, ""PYO"": 21, ""HDM"": 4, ""MV"": 5}","[5, 6, 7, 8, 10, 12, 11, 9, 20, 13]",0.007
2024,4,30,2,208,18114,87.09,0,0,114,0.0063,41,73,96,11.42,7.0,97,11,3,3,16,0.0251,"{""IC"": 54, ""S"": 18, ""PYO"": 30, ""HDM"": 9, ""MV"": 3}","[5, 6, 7, 9, 8, 11, 12, 10, 13, 15]",0.0058
2024,5,1,3,179,16046,89.64,1,44,111,0.0069,40,71,40,8.75,6.0,102,6,3,0,15,0.0275,"{""IC"": 53, ""S"": 23, ""PYO"": 23, ""HDM"": 6, ""MV"": 6}","[5, 6, 7, 11, 9, 10, 13, 12, 8, 14]",0.0059
2024,5,2,4,202,17510,86.68,0,120,88,0.005,21,67,61,9.8,7.0,77,7,3,1,19,0.0209,"{""IC"": 53, ""S"": 19, ""PYO"": 10, ""HDM"": 3, ""MV"": 3}","[5, 6, 8, 7, 9, 12, 10, 13, 15, 16]",0.0057
2024,5,3,5,212,18352,86.57,3,86,114,0.0062,36,78,100,9.7,7.0,102,9,1,2,23,0.0207,"{""IC"": 60, ""S"": 23, ""PYO"": 22, ""HDM"": 6, ""MV"": 2, ""V"": 1}","[5, 6, 7, 8, 9, 10, 11, 13, 15, 16]",0.0057
2024,5,4,6,194,15324,78.99,4,94,113,0.0074,26,87,108,10.0,7.0,98,14,0,1,33,0.0181,"{""IC"": 58, ""S"": 16, ""PYO"": 25, ""HDM"": 6, ""MUS"": 3, ""MV"": 5}","[5, 6, 9, 7, 8, 14, 11, 21, 20, 19]",0.006
2024,5,5,7,181,14476,79.98,3,94,113,0.0078,29,84,32,8.63,7.0,101,10,2,0,24,0.0207,"{""IC"": 70, ""S"": 17, ""PYO"": 15, ""HDM"": 7, ""MV"": 4}","[5, 6, 7, 8, 11, 9, 13, 12, 18, 16]",0.0065
2024,5,6,1,201,16962,84.39,0,0,82,0.0048,22,60,101,10.48,7.0,73,4,4,1,14,0.0287,"{""S"": 13, ""IC"": 42, ""PYO"": 19, ""HDM"": 6, ""MV"": 2}","[5, 6, 7, 9, 8, 10, 11, 15, 13, 45]",0.0063
2024,5,7,2,197,16792,85.24,0,0,71,0.0042,24,47,47,7.89,6.0,65,5,1,0,6,0.0346,"{""IC"": 39, ""S"": 14, ""PYO"": 17, ""HDM"": 1}","[5, 6, 9, 7, 8, 16, 10, 13, 47, 21]",0.006
2024,5,8,3,211,17682,83.8,0,0,113,0.0064,35,78,93,9.11,6.0,104,6,2,1,18,0.0264,"{""IC"": 64, ""S"": 16, ""PYO"": 21, ""HDM"": 7, ""MV"": 5}","[5, 6, 7, 10, 12, 8, 9, 14, 13, 18]",0.006
2024,5,9,4,181,14698,81.2,0,2,87,0.0059,26,61,59,10.07,7.0,74,10,3,0,17,0.0245,"{""IC"": 41, ""S"": 12, ""PYO"": 17, ""HDM"": 7, ""MUS"": 2, ""MV"": 8}","[5, 6, 7, 8, 14, 10, 11, 9, 17, 13]",0.0061
2024,5,10,5,213,17942,84.23,4,84,119,0.0066,38,81,35,8.4,7.0,110,8,1,0,19,0.0243,"{""IC"": 68, ""S"": 19, ""PYO"": 23, ""HDM"": 5, ""MUS"": 3, ""MV"": 1}","[5, 6, 7, 9, 10, 8, 11, 14, 12, 15]",0.0062
2024,5,11,6,180,15592,86.62,5,200,76,0.0049,23,53,59,8.63,6.0,70,2,4,0,8,0.0341,"{""S"": 9, ""IC"": 43, ""PYO"": 19, ""HDM"": 3, ""MV"": 2}","[5, 6, 9, 11, 8, 12, 10, 30, 15, 42]",0.0058
2024,5,12,7,172,15176,88.23,0,32,76,0.005,17,59,68,9.82,7.0,67,7,1,1,14,0.0264,"{""IC"": 40, ""S"": 16, ""PYO"": 15, ""HDM"": 5}","[6, 5, 7, 8, 11, 10, 9, 13, 12, 68]",0.0054
2024,5,13,1,197,16830,85.43,0,0,106,0.0063,44,62,21,7.87,6.0,101,5,0,0,19,0.0272,"{""IC"": 70, ""S"": 14, ""PYO"": 12, ""HDM"": 10}","[5, 6, 7, 13, 11, 12, 8, 9, 14, 10]",0.0056
2024,5,14,2,199,16848,84.66,0,20,122,0.0072,42,80,44,9.02,6.5,105,14,3,0,24,0.0243,"{""IC"": 69, ""S"": 12, ""PYO"": 21, ""HDM"": 16, ""MV"": 4}","[5, 6, 8, 7, 9, 18, 10, 12, 11, 15]",0.006
2024,5,15,3,203,17210,84.78,2,40,143,0.0083,58,85,68,9.24,7.0,127,12,2,2,19,0.0214,"{""IC"": 89, ""S"": 17, ""PYO"": 25, ""HDM"": 9, ""MV"": 3}","[5, 6, 7, 8, 11, 10, 12, 14, 16, 9]",0.0063
2024,5,16,4,207,17402,84.07,1,36,127,0.0073,42,85,59,8.95,6.0,115,8,4,0,19,0.0259,"{""S"": 19, ""IC"": 72, ""PYO"": 24, ""HDM"": 10, ""MV"": 2}","[5, 6, 7, 9, 8, 10, 14, 13, 11, 22]",0.0065
2024,5,17,5,209,17768,85.01,1,38,144,0.0081,52,92,123,10.22,7.0,131,7,3,3,30,0.0266,"{""IC"": 87, ""S"": 23, ""PYO"": 23, ""HDM"": 7, ""MV"": 4}","[5, 6, 7, 8, 9, 11, 14, 12, 10, 13]",0.0067
2024,5,18,6,178,15324,86.09,3,82,88,0.0057,35,53,101,9.58,6.0,78,8,0,2,4,0.0366,"{""IC"": 51, ""S"": 8, ""PYO"": 24, ""HDM"": 3, ""MV"": 2}","[5, 6, 7, 8, 11, 15, 10, 9, 14, 19]",0.0068
2024,5,19,7,169,14110,83.49,0,36,111,0.0079,47,64,72,8.62,6.0,99,11,0,1,17,0.0191,"{""IC"": 55, ""S"": 23, ""PYO"": 23, ""HDM"": 9, ""MV"": 1}","[5, 6, 7, 9, 8, 13, 10, 12, 15, 16]",0.0073
2024,5,20,1,201,16928,84.22,2,142,124,0.0073,46,78,27,7.97,6.0,113,11,0,0,22,0.027,"{""IC"": 83, ""S"": 18, ""PYO"": 12, ""HDM"": 7, ""MV"": 4}","[5, 6, 7, 8, 10, 9, 11, 12, 15, 16]",0.0074
2024,5,21,2,198,15628,78.93,4,64,95,0.0061,43,52,38,7.56,6.0,90,4,1,0,13,0.0285,"{""IC"": 69, ""S"": 17, ""HDM"": 3, ""PYO"": 1, ""MV"": 5}","[5, 6, 7, 9, 8, 10, 11, 12, 21, 19]",0.0072
2024,5,22,3,205,17006,82.96,1,16,123,0.0072,51,72,54,8.28,6.0,115,5,3,0,18,0.0298,"{""IC"": 65, ""S"": 22, ""PYO"": 22, ""HDM"": 8, ""MV"": 6}","[5, 6, 7, 9, 8, 10, 13, 11, 14, 20]",0.0071
2024,5,23,4,210,17494,83.3,8,156,139,0.0079,47,92,81,10.72,7.0,117,16,4,2,21,0.021,"{""IC"": 83, ""S"": 15, ""PYO"": 29, ""HDM"": 4, ""MV"": 8}","[5, 7, 6, 9, 8, 10, 11, 19, 16, 14]",0.0072
2024,5,24,5,216,18070,83.66,7,188,172,0.0095,53,119,78,10.66,7.0,137,29,4,2,37,0.0158,"{""IC"": 93, ""S"": 29, ""PYO"": 24, ""HDM"": 13, ""MV"": 13}","[5, 6, 7, 8, 10, 11, 19, 12, 9, 15]",0.0074
2024,5,25,6,185,15884,85.86,5,172,101,0.0064,34,67,91,10.57,7.0,86,10,3,2,19,0.0272,"{""IC"": 45, ""S"": 13, ""PYO"": 26, ""HDM"": 7, ""MV"": 6, ""V"": 4}","[5, 6, 8, 9, 7, 11, 15, 28, 10, 19]",0.0075
2024,5,26,7,172,14336,83.35,0,92,90,0.0063,25,65,194,14.2,6.0,74,6,8,2,14,0.0162,"{""IC"": 53, ""S"": 16, ""PYO"": 15, ""HDM"": 6}","[5, 6, 7, 12, 8, 10, 33, 18, 14, 38]",0.0072
2024,5,27,1,204,17496,85.76,3,178,106,0.0061,26,80,112,13.87,7.0,90,6,3,7,14,0.0258,"{""IC"": 62, ""S"": 14, ""PYO"": 17, ""HDM"": 8, ""MV"": 5}","[5, 6, 9, 7, 10, 8, 11, 13, 23, 14]",0.0071
2024,5,28,2,206,16008,77.71,4,46,83,0.0052,29,54,57,10.77,6.0,70,8,5,0,16,0.0312,"{""IC"": 50, ""S"": 16, ""HDM"": 12, ""MV"": 5}","[5, 6, 8, 9, 12, 14, 7, 10, 16, 24]",0.0069
2024,5,29,3,217,17658,81.37,4,190,121,0.0069,48,73,111,11.12,7.0,103,12,4,2,16,0.0232,"{""IC"": 67, ""S"": 16, ""PYO"": 27, ""HDM"": 4, ""MV"": 7}","[5, 6, 7, 9, 10, 8, 12, 23, 13, 15]",0.0069
2024,5,30,4,217,17876,82.38,2,44,153,0.0086,60,93,87,11.04,8.0,124,23,5,1,26,0.0241,"{""IC"": 89, ""S"": 27, ""PYO"": 19, ""HDM"": 10, ""MV"": 8}","[5, 6, 7, 8, 10, 9, 14, 12, 18, 19]",0.007
2024,5,31,5,229,18736,81.82,9,380,197,0.0105,84,113,166,10.34,7.0,169,21,6,1,30,0.0225,"{""IC"": 111, ""S"": 34, ""PYO"": 34, ""HDM"": 9, ""MV"": 8, ""V"": 1}","[5, 6, 7, 8, 9, 11, 10, 12, 15, 16]",0.0071
2024,6,1,6,190,15788,83.09,21,456,166,0.0105,54,112,149,11.67,7.0,143,15,5,3,27,0.0281,"{""IC"": 95, ""S"": 23, ""PYO"": 33, ""HDM"": 13, ""MV"": 2}","[5, 6, 7, 8, 9, 11, 12, 10, 17, 13]",0.0077
2024,6,2,7,191,15660,81.99,17,316,214,0.0137,97,117,190,12.79,9.0,172,31,7,4,33,0.02,"{""IC"": 130, ""S"": 29, ""PYO"": 23, ""HDM"": 22, ""MV"": 10}","[5, 7, 8, 10, 6, 12, 9, 13, 11, 15]",0.0088
2024,6,3,1,201,16908,84.12,4,116,119,0.007,53,66,30,8.65,7.0,106,12,1,0,12,0.0245,"{""IC"": 75, ""S"": 25, ""PYO"": 9, ""HDM"": 6, ""MV"": 4}","[5, 6, 7, 9, 10, 8, 11, 12, 15, 22]",0.0089
2024,6,4,2,205,16126,78.66,2,24,69,0.0043,24,45,23,7.91,6.0,64,5,0,0,9,0.043,"{""IC"": 48, ""S"": 14, ""HDM"": 5, ""MV"": 2}","[5, 6, 7, 10, 9, 8, 18, 14, 13, 11]",0.0088
2024,6,5,3,217,17280,79.63,2,188,149,0.0086,43,106,92,11.81,8.0,122,17,7,3,36,0.0201,"{""IC"": 87, ""S"": 27, ""PYO"": 11, ""HDM"": 8, ""MV"": 16}","[5, 6, 7, 8, 10, 13, 11, 9, 12, 14]",0.009
2024,6,6,4,214,17582,82.16,7,218,182,0.0104,70,112,102,10.4,7.0,161,14,5,2,28,0.0153,"{""IC"": 109, ""S"": 30, ""PYO"": 24, ""HDM"": 11, ""MV"": 6, ""V"": 2}","[5, 7, 6, 8, 10, 13, 9, 11, 14, 12]",0.0093
2024,6,7,5,237,18996,80.15,9,364,185,0.0097,66,119,68,11.23,8.0,150,25,8,2,22,0.0263,"{""IC"": 102, ""S"": 39, ""PYO"": 29, ""HDM"": 5, ""MUS"": 4, ""MV"": 6}","[5, 6, 8, 7, 9, 10, 11, 12, 21, 14]",0.0092
2024,6,8,6,201,16016,79.68,9,240,104,0.0065,45,59,39,8.36,7.0,97,4,3,0,11,0.0373,"{""S"": 10, ""IC"": 57, ""PYO"": 28, ""HDM"": 4, ""MUS"": 3, ""MV"": 1, ""V"": 1}","[5, 6, 7, 8, 10, 13, 9, 14, 11, 17]",0.0086
2024,6,9,7,197,15468,78.52,14,196,131,0.0085,44,87,148,10.89,7.0,109,18,2,2,20,0.0205,"{""IC"": 67, ""S"": 26, ""PYO"": 27, ""HDM"": 9, ""MV"": 2}","[5, 6, 7, 9, 8, 20, 11, 15, 12, 18]",0.0079
2024,6,10,1,220,17638,80.17,14,196,84,0.0048,37,47,30,7.76,6.5,79,4,1,0,11,0.034,"{""IC"": 42, ""S"": 14, ""PYO"": 17, ""HDM"": 3, ""MV"": 8}","[5, 7, 6, 8, 9, 12, 11, 10, 30, 15]",0.0075
2024,6,11,2,212,16604,78.32,11,290,89,0.0054,29,60,41,10.04,6.0,74,10,5,0,18,0.0311,"{""IC"": 55, ""S"": 14, ""HDM"": 5, ""PYO"": 2, ""MV"": 13}","[5, 6, 7, 8, 11, 9, 10, 12, 15, 18]",0.0077
2024,6,12,3,204,17324,84.92,0,0,131,0.0076,54,77,168,12.82,7.0,119,6,1,5,19,0.0312,"{""IC"": 75, ""S"": 19, ""PYO"": 22, ""HDM"": 10, ""MV"": 5}","[5, 7, 6, 8, 9, 10, 11, 14, 12, 13]",0.0076
2024,6,13,4,203,17276,85.1,0,144,168,0.0097,54,114,80,10.98,7.0,137,23,7,1,29,0.0172,"{""IC"": 106, ""S"": 25, ""PYO"": 22, ""HDM"": 10, ""MUS"": 2, ""MV"": 3}","[5, 7, 6, 8, 9, 10, 14, 12, 20, 11]",0.0075
2024,6,14,5,217,18422,84.89,0,80,169,0.0092,68,101,92,11.5,7.0,139,20,6,4,28,0.0199,"{""IC"": 96, ""S"": 27, ""PYO"": 23, ""HDM"": 9, ""MV"": 14}","[5, 6, 7, 8, 9, 10, 12, 11, 19, 13]",0.0074
2024,6,15,6,189,15848,83.85,3,70,130,0.0082,46,84,43,8.93,7.0,117,11,2,0,21,0.0288,"{""IC"": 64, ""S"": 13, ""PYO"": 29, ""HDM"": 6, ""MUS"": 7, ""MV"": 6, ""V"": 5}","[5, 6, 7, 8, 9, 10, 11, 14, 13, 12]",0.0076
2024,6,16,7,186,15460,83.12,0,0,138,0.0089,50,88,30,8.71,7.0,124,13,1,0,25,0.0227,"{""IC"": 71, ""S"": 19, ""PYO"": 26, ""HDM"": 16, ""MUS"": 2, ""MV"": 4}","[5, 6, 9, 7, 10, 8, 11, 12, 14, 13]",0.0077
2024,6,17,1,200,17550,87.75,0,0,120,0.0068,47,73,127,12.59,7.0,104,7,5,4,17,0.0236,"{""IC"": 63, ""S"": 18, ""PYO"": 26, ""HDM"": 11, ""MV"": 2}","[5, 6, 7, 8, 11, 9, 10, 13, 14, 12]",0.008
2024,6,18,2,204,17660,86.57,1,58,128,0.0072,48,80,66,9.23,7.0,115,9,3,1,19,0.0251,"{""IC"": 62, ""S"": 23, ""PYO"": 31, ""HDM"": 8, ""MV"": 4}","[6, 5, 7, 8, 9, 11, 10, 12, 17, 18]",0.0082
2024,6,19,3,203,17592,86.66,1,30,102,0.0058,43,59,84,8.88,6.0,94,6,1,1,12,0.035,"{""IC"": 56, ""S"": 15, ""PYO"": 24, ""HDM"": 3, ""MV"": 4}","[5, 6, 7, 8, 11, 10, 14, 15, 9, 12]",0.008
2024,6,20,4,218,18614,85.39,2,46,125,0.0067,45,80,51,8.66,7.0,116,5,4,0,13,0.0269,"{""IC"": 57, ""S"": 20, ""PYO"": 36, ""HDM"": 6, ""MV"": 6}","[5, 6, 7, 8, 9, 10, 11, 12, 13, 18]",0.0075
2024,6,21,5,174,15188,87.29,0,32,106,0.007,43,63,28,8.28,7.0,96,10,0,0,12,0.0337,"{""IC"": 57, ""S"": 12, ""PYO"": 26, ""HDM"": 7, ""MV"": 4}","[5, 6, 8, 7, 10, 9, 11, 15, 14, 12]",0.0072
2024,6,22,6,158,13270,83.99,0,0,65,0.0049,27,38,28,7.46,6.0,62,3,0,0,2,0.0509,"{""IC"": 33, ""S"": 2, ""PYO"": 28, ""MV"": 2}","[5, 6, 7, 9, 11, 8, 10, 18, 28, 15]",0.0068
2024,6,23,7,177,15366,86.81,0,0,120,0.0078,41,79,74,8.94,7.0,111,6,2,1,19,0.0288,"{""S"": 20, ""IC"": 62, ""PYO"": 30, ""HDM"": 5, ""MV"": 3}","[5, 6, 8, 9, 7, 10, 12, 14, 13, 11]",0.0066
2024,6,24,1,177,16100,90.96,3,216,205,0.0127,65,140,65,12.37,9.0,157,32,15,1,39,0.0145,"{""IC"": 120, ""S"": 29, ""PYO"": 35, ""HDM"": 14, ""MV"": 7}","[5, 7, 6, 9, 8, 10, 11, 12, 28, 17]",0.0074
2024,6,25,2,178,16028,90.04,3,48,135,0.0084,44,91,51,8.77,7.0,125,8,2,0,24,0.0234,"{""IC"": 66, ""S"": 28, ""PYO"": 28, ""HDM"": 13}","[5, 6, 7, 8, 11, 9, 13, 10, 14, 12]",0.0076
2024,6,26,3,185,16364,88.45,2,66,190,0.0116,72,118,117,10.98,7.0,159,22,7,2,27,0.022,"{""IC"": 97, ""S"": 33, ""PYO"": 27, ""HDM"": 10, ""MV"": 23}","[5, 6, 7, 8, 9, 12, 11, 10, 15, 16]",0.0084
2024,6,27,4,180,16434,91.3,0,0,138,0.0084,57,81,131,11.17,6.5,120,12,3,3,14,0.0192,"{""S"": 25, ""IC"": 84, ""PYO"": 23, ""HDM"": 2, ""MV"": 4}","[5, 6, 7, 9, 10, 8, 16, 14, 12, 13]",0.0087
2024,6,28,5,190,17136,90.19,5,148,155,0.009,64,91,82,10.64,7.0,138,7,5,5,18,0.0237,"{""IC"": 93, ""S"": 22, ""PYO"": 31, ""HDM"": 4, ""MV"": 5}","[5, 6, 7, 8, 9, 10, 11, 23, 14, 67]",0.009
2024,6,29,6,177,14872,84.02,7,234,146,0.0098,50,96,195,12.01,7.0,124,14,4,4,17,0.0283,"{""IC"": 77, ""S"": 21, ""PYO"": 35, ""HDM"": 8, ""MUS"": 2, ""MV"": 3}","[5, 6, 7, 8, 10, 9, 14, 12, 16, 11]",0.0097
2024,6,30,7,160,14470,90.44,5,106,102,0.007,37,65,50,9.29,7.0,92,7,3,0,14,0.0307,"{""IC"": 56, ""S"": 15, ""PYO"": 22, ""HDM"": 5, ""MV"": 2, ""V"": 2}","[5, 6, 8, 7, 10, 13, 12, 11, 19, 9]",0.0096
2024,7,1,1,179,16052,89.68,6,126,131,0.0082,47,84,46,8.78,7.0,119,9,3,0,13,0.0331,"{""IC"": 67, ""S"": 17, ""PYO"": 28, ""HDM"": 9, ""MV"": 10}","[5, 6, 7, 8, 10, 11, 12, 18, 9, 15]",0.0089
2024,7,2,2,178,16032,90.07,2,50,111,0.0069,30,81,40,8.42,6.0,102,7,2,0,11,0.0527,"{""IC"": 52, ""S"": 18, ""PYO"": 24, ""HDM"": 7, ""MV"": 10}","[5, 6, 7, 10, 8, 9, 13, 11, 25, 20]",0.0087
2024,7,3,3,181,16028,88.55,3,70,99,0.0062,34,65,74,8.76,7.0,92,6,0,1,8,0.0514,"{""IC"": 53, ""S"": 10, ""PYO"": 24, ""HDM"": 7, ""MV"": 5}","[5, 6, 7, 8, 10, 13, 9, 12, 11, 14]",0.0079
2024,7,4,4,184,16654,90.51,1,58,118,0.0071,40,78,48,8.91,7.0,106,10,2,0,12,0.0421,"{""IC"": 54, ""S"": 21, ""PYO"": 29, ""HDM"": 6, ""MV"": 6, ""V"": 2}","[5, 9, 7, 8, 6, 10, 11, 14, 15, 18]",0.0077
2024,7,5,5,190,17104,90.02,4,104,130,0.0076,47,83,42,8.35,7.0,119,8,3,0,16,0.0319,"{""IC"": 64, ""S"": 18, ""PYO"": 38, ""HDM"": 6, ""MV"": 4}","[5, 6, 7, 8, 9, 10, 11, 13, 20, 18]",0.0075
2024,7,6,6,160,14588,91.17,1,38,114,0.0078,33,81,57,8.13,6.5,105,8,1,0,11,0.0436,"{""S"": 17, ""IC"": 51, ""PYO"": 39, ""HDM"": 6, ""MUS"": 1}","[5, 7, 6, 8, 9, 12, 11, 20, 17, 13]",0.0073
2024,7,7,7,159,14466,90.98,3,92,89,0.0062,27,62,79,9.15,7.0,80,7,1,1,13,0.042,"{""IC"": 46, ""S"": 12, ""PYO"": 20, ""HDM"": 7, ""MV"": 4}","[5, 7, 6, 8, 9, 11, 10, 12, 16, 21]",0.0071
2024,7,8,1,186,16400,88.17,4,164,82,0.005,31,51,60,9.28,7.0,75,4,2,1,9,0.0439,"{""S"": 11, ""IC"": 32, ""PYO"": 27, ""HDM"": 6, ""MV"": 6}","[5, 7, 6, 8, 9, 10, 11, 12, 16, 22]",0.0067
2024,7,9,2,180,16228,90.16,1,164,162,0.01,73,89,29,9.37,8.0,138,24,0,0,27,0.0283,"{""S"": 26, ""IC"": 85, ""PYO"": 33, ""HDM"": 14, ""MV"": 4}","[5, 6, 8, 11, 9, 7, 13, 10, 12, 16]",0.0071
2024,7,10,3,179,15974,89.24,5,110,81,0.0051,30,51,113,8.25,6.0,76,4,0,1,5,0.0339,"{""IC"": 36, ""S"": 9, ""PYO"": 28, ""HDM"": 6, ""MV"": 2}","[5, 6, 9, 7, 8, 19, 10, 11, 18, 113]",0.007
2024,7,11,4,184,16608,90.26,3,60,105,0.0063,33,72,65,9.57,7.0,92,11,1,1,12,0.0398,"{""IC"": 55, ""S"": 5, ""PYO"": 33, ""HDM"": 7, ""MV"": 5}","[5, 7, 6, 8, 12, 11, 10, 9, 15, 13]",0.0069
2024,7,12,5,184,16888,91.78,0,0,93,0.0055,31,62,28,8.06,7.0,87,6,0,0,6,0.0527,"{""IC"": 41, ""S"": 16, ""PYO"": 32, ""HDM"": 4}","[5, 6, 8, 7, 10, 11, 9, 18, 14, 28]",0.0066
2024,7,13,6,172,14212,82.63,1,20,110,0.0077,27,83,74,9.21,7.0,97,12,0,1,12,0.0496,"{""S"": 12, ""IC"": 51, ""PYO"": 35, ""HDM"": 8, ""MUS"": 3, ""MV"": 1}","[5, 6, 8, 9, 7, 10, 12, 11, 16, 22]",0.0065
2024,7,14,7,160,14396,89.97,2,150,130,0.009,42,88,65,10.66,7.5,104,19,6,1,18,0.0305,"{""IC"": 69, ""S"": 16, ""PYO"": 28, ""HDM"": 8, ""MUS"": 1, ""MV"": 7, ""V"": 1}","[5, 6, 8, 7, 9, 13, 10, 15, 12, 16]",0.0069
2024,7,15,1,188,16460,87.55,7,170,102,0.0062,33,69,35,8.64,6.0,91,9,2,0,7,0.0469,"{""IC"": 49, ""S"": 10, ""PYO"": 26, ""HDM"": 4, ""MV"": 13}","[5, 6, 7, 11, 8, 9, 13, 16, 28, 25]",0.0071
2024,7,16,2,175,15936,91.06,0,66,97,0.0061,27,70,103,10.91,7.0,80,14,2,1,8,0.0304,"{""IC"": 56, ""S"": 17, ""PYO"": 20, ""HDM"": 4}","[5, 6, 7, 10, 9, 8, 28, 20, 11, 21]",0.0066
2024,7,17,3,187,16226,86.77,0,10,112,0.0069,40,72,76,9.1,7.0,101,9,1,1,15,0.0398,"{""IC"": 57, ""S"": 16, ""PYO"": 24, ""HDM"": 4, ""MV"": 5, ""V"": 6}","[5, 6, 7, 9, 8, 10, 12, 16, 14, 11]",0.0068
2024,7,18,4,180,16508,91.71,0,0,117,0.0071,40,77,34,8.3,7.0,109,7,1,0,14,0.0431,"{""S"": 8, ""IC"": 64, ""PYO"": 32, ""HDM"": 8, ""MV"": 5}","[5, 6, 7, 9, 12, 11, 8, 10, 20, 13]",0.0069
2024,7,19,5,191,17162,89.85,1,38,193,0.0112,93,100,65,12.09,7.0,151,26,13,3,12,0.0184,"{""IC"": 90, ""S"": 39, ""PYO"": 43, ""HDM"": 8, ""MUS"": 1, ""MV"": 10, ""V"": 2}","[5, 6, 7, 8, 11, 9, 10, 14, 18, 17]",0.0077
2024,7,20,6,175,14970,85.54,3,98,135,0.009,43,92,241,10.71,7.0,113,21,0,1,15,0.035,"{""IC"": 69, ""S"": 15, ""PYO"": 32, ""HDM"": 8, ""P"": 1, ""MUS"": 9, ""MV"": 1}","[6, 5, 8, 7, 11, 9, 20, 10, 21, 18]",0.0079
2024,7,21,7,170,14770,86.88,1,28,128,0.0087,34,94,64,9.64,7.0,115,9,3,1,13,0.0411,"{""S"": 17, ""IC"": 63, ""PYO"": 22, ""HDM"": 4, ""MUS"": 4, ""MV"": 11, ""V"": 7}","[5, 6, 7, 9, 8, 11, 10, 13, 15, 23]",0.0079
2024,7,22,1,179,16084,89.85,2,40,113,0.007,38,75,126,13.77,7.0,88,17,3,5,15,0.039,"{""S"": 17, ""IC"": 63, ""PYO"": 27, ""HDM"": 3, ""MV"": 3}","[5, 6, 7, 8, 11, 10, 17, 57, 14, 22]",0.008
2024,7,23,2,176,15972,90.75,0,10,99,0.0062,31,68,85,10.07,8.0,84,13,1,1,9,0.0381,"{""IC"": 46, ""S"": 17, ""PYO"": 27, ""HDM"": 7, ""MV"": 2}","[5, 8, 6, 7, 10, 13, 9, 12, 11, 16]",0.008
2024,7,24,3,178,15948,89.6,4,78,115,0.0072,46,69,107,12.83,8.0,93,13,5,4,12,0.0258,"{""IC"": 70, ""S"": 20, ""PYO"": 19, ""HDM"": 4, ""MV"": 2}","[5, 6, 7, 9, 8, 10, 11, 12, 18, 13]",0.0081
2024,7,25,4,185,16638,89.94,2,36,197,0.0118,61,136,256,12.02,7.0,162,25,8,2,28,0.0215,"{""IC"": 110, ""S"": 24, ""PYO"": 39, ""HDM"": 11, ""MV"": 13}","[5, 6, 7, 8, 9, 10, 14, 12, 11, 13]",0.0087
2024,7,26,5,186,16964,91.2,2,68,133,0.0078,37,96,53,9.43,7.0,117,13,3,0,23,0.0256,"{""IC"": 73, ""S"": 18, ""PYO"": 29, ""HDM"": 10, ""MV"": 3}","[5, 6, 9, 8, 7, 10, 12, 29, 11, 23]",0.0082
2024,7,27,6,153,14290,93.4,1,38,85,0.0059,21,64,95,10.87,6.0,68,15,0,2,13,0.0361,"{""IC"": 44, ""S"": 9, ""PYO"": 26, ""HDM"": 6}","[5, 6, 7, 8, 20, 12, 9, 11, 10, 16]",0.0078
2024,7,28,7,154,14236,92.44,0,0,112,0.0079,31,81,36,9.71,7.0,93,15,4,0,19,0.0363,"{""IC"": 62, ""S"": 18, ""PYO"": 21, ""HDM"": 8, ""MV"": 3}","[5, 6, 7, 8, 9, 12, 10, 17, 23, 16]",0.0077
2024,7,29,1,202,17326,85.77,2,52,119,0.0069,33,86,25,8.06,6.0,109,10,0,0,16,0.039,"{""IC"": 68, ""S"": 14, ""PYO"": 24, ""HDM"": 8, ""MV"": 5}","[5, 6, 7, 10, 8, 14, 12, 9, 11, 15]",0.0077
2024,7,30,2,203,17430,85.86,1,14,98,0.0056,27,71,51,9.51,7.0,85,11,2,0,16,0.0348,"{""IC"": 58, ""S"": 9, ""PYO"": 20, ""HDM"": 2, ""MV"": 9}","[5, 6, 7, 8, 9, 11, 20, 13, 14, 25]",0.0076
2024,7,31,3,202,17472,86.5,0,0,107,0.0061,38,69,73,10.02,6.0,95,8,2,2,14,0.032,"{""IC"": 57, ""S"": 12, ""PYO"": 28, ""HDM"": 9, ""V"": 1}","[5, 6, 7, 8, 10, 13, 14, 12, 9, 24]",0.0074
2024,8,1,4,212,17944,84.64,0,0,105,0.0059,30,75,153,9.8,6.0,92,11,1,1,15,0.028,"{""IC"": 54, ""S"": 10, ""PYO"": 25, ""HDM"": 8, ""MUS"": 2, ""MV"": 6}","[5, 6, 7, 8, 11, 12, 10, 20, 18, 16]",0.0066
2024,8,2,5,212,18006,84.93,2,52,110,0.0061,33,77,120,10.45,6.0,98,9,0,3,9,0.0321,"{""S"": 11, ""IC"": 64, ""PYO"": 30, ""HDM"": 1, ""MUS"": 1, ""MV"": 2, ""V"": 1}","[5, 6, 8, 9, 7, 11, 10, 18, 23, 13]",0.0063
2024,8,3,6,170,14944,87.91,1,56,102,0.0068,32,70,97,14.56,7.0,80,12,3,7,15,0.0427,"{""IC"": 56, ""S"": 10, ""PYO"": 30, ""HDM"": 2, ""MUS"": 1, ""MV"": 3}","[5, 6, 7, 8, 9, 13, 10, 21, 12, 17]",0.0065
2024,8,4,7,182,14774,81.18,0,0,162,0.011,53,109,120,11.84,8.5,123,33,4,2,38,0.017,"{""IC"": 108, ""S"": 14, ""PYO"": 22, ""HDM"": 11, ""MUS"": 2, ""MV"": 5}","[5, 6, 9, 7, 8, 10, 15, 11, 13, 16]",0.0069
2024,8,5,1,203,16306,80.33,0,0,100,0.0061,38,62,136,10.88,7.0,84,14,1,1,16,0.0309,"{""IC"": 52, ""S"": 12, ""PYO"": 27, ""HDM"": 5, ""MV"": 4}","[5, 6, 8, 7, 12, 10, 9, 20, 21, 13]",0.0068
2024,8,6,2,203,16420,80.89,0,0,90,0.0055,35,55,112,9.66,6.0,78,9,2,1,12,0.0376,"{""IC"": 51, ""S"": 14, ""PYO"": 22, ""HDM"": 2, ""MV"": 1}","[6, 5, 7, 8, 15, 10, 12, 9, 11, 16]",0.0068
2024,8,7,3,203,16360,80.59,2,58,101,0.0062,29,72,50,9.23,6.0,86,12,3,0,17,0.0339,"{""IC"": 60, ""S"": 8, ""PYO"": 25, ""HDM"": 7, ""MV"": 1}","[5, 6, 7, 10, 8, 9, 15, 11, 16, 14]",0.0068
2024,8,8,4,207,16568,80.04,0,0,70,0.0042,20,50,28,8.73,7.0,60,10,0,0,12,0.0564,"{""IC"": 38, ""S"": 6, ""PYO"": 16, ""HDM"": 4, ""MV"": 6}","[5, 7, 8, 6, 10, 13, 15, 16, 14, 28]",0.0066
2024,8,9,5,214,17640,82.43,0,50,122,0.0069,40,82,149,9.77,7.0,111,6,4,1,21,0.043,"{""IC"": 61, ""S"": 18, ""PYO"": 28, ""HDM"": 4, ""MUS"": 1, ""MV"": 10}","[5, 7, 6, 8, 10, 9, 13, 14, 17, 11]",0.0067
2024,8,10,6,184,16014,87.03,1,70,124,0.0077,32,92,32,9.35,7.0,107,16,1,0,18,0.0405,"{""IC"": 59, ""S"": 6, ""PYO"": 34, ""HDM"": 6, ""MUS"": 8, ""MV"": 11}","[5, 6, 10, 8, 7, 13, 14, 12, 9, 11]",0.0068
2024,8,11,7,192,15796,82.27,0,0,101,0.0064,31,70,55,8.81,7.0,90,10,1,0,14,0.0335,"{""IC"": 43, ""S"": 12, ""PYO"": 33, ""HDM"": 6, ""P"": 2, ""MUS"": 3, ""MV"": 2}","[5, 6, 7, 8, 10, 11, 16, 9, 19, 13]",0.0061
2024,8,12,1,198,15796,79.78,0,6,109,0.0069,37,72,52,9.29,8.0,100,7,2,0,14,0.0377,"{""IC"": 76, ""S"": 15, ""HDM"": 10, ""MUS"": 3, ""MV"": 5}","[5, 6, 9, 8, 12, 7, 10, 11, 15, 13]",0.0063
2024,8,13,2,231,15018,65.01,0,24,56,0.0037,17,39,56,7.89,6.0,54,1,1,0,12,0.0538,"{""IC"": 38, ""S"": 8, ""HDM"": 4, ""PYO"": 1, ""MV"": 5}","[5, 6, 7, 10, 8, 9, 11, 13, 56, 12]",0.006
2024,8,14,3,218,16344,74.97,3,660,85,0.0052,27,58,80,15.25,7.0,65,8,5,7,13,0.0313,"{""IC"": 50, ""S"": 8, ""PYO"": 17, ""HDM"": 5, ""MV"": 5}","[5, 6, 7, 8, 9, 67, 80, 19, 11, 13]",0.0059
2024,8,15,4,203,16582,81.68,0,0,94,0.0057,21,73,82,9.45,7.0,84,8,1,1,13,0.0282,"{""IC"": 59, ""S"": 8, ""PYO"": 16, ""HDM"": 7, ""MV"": 4}","[5, 6, 7, 8, 9, 12, 11, 10, 27, 16]",0.0061
2024,8,16,5,216,18050,83.56,2,62,141,0.0078,49,92,36,9.15,6.0,118,22,1,0,30,0.0272,"{""IC"": 78, ""S"": 15, ""PYO"": 28, ""HDM"": 12, ""MUS"": 3, ""MV"": 5}","[5, 6, 7, 8, 9, 10, 16, 19, 11, 14]",0.0062
2024,8,17,6,189,16054,84.94,1,38,93,0.0058,24,69,76,9.18,7.0,84,7,1,1,8,0.044,"{""IC"": 39, ""S"": 7, ""PYO"": 35, ""HDM"": 4, ""MUS"": 2, ""MV"": 3, ""V"": 3}","[5, 6, 7, 9, 10, 8, 11, 14, 15, 13]",0.0059
2024,8,18,7,182,15746,86.52,0,32,127,0.0081,47,80,63,10.34,7.0,108,14,4,1,16,0.0293,"{""IC"": 79, ""S"": 13, ""PYO"": 22, ""HDM"": 11, ""V"": 2}","[5, 6, 7, 8, 9, 11, 10, 13, 25, 17]",0.0062
2024,8,19,1,204,16194,79.38,0,4,68,0.0042,21,47,45,9.21,7.0,58,8,2,0,16,0.0382,"{""S"": 11, ""IC"": 38, ""HDM"": 7, ""PYO"": 1, ""MV"": 11}","[5, 6, 10, 9, 7, 8, 15, 16, 31, 22]",0.0058
2024,8,20,2,218,14200,65.14,0,4,80,0.0056,29,51,63,9.82,7.0,73,4,2,1,20,0.0502,"{""IC"": 55, ""S"": 15, ""HDM"": 8, ""MV"": 2}","[5, 6, 7, 10, 9, 8, 14, 11, 16, 13]",0.0061
2024,8,21,3,213,15664,73.54,0,158,121,0.0077,38,83,74,14.5,9.0,87,20,12,2,27,0.0207,"{""IC"": 77, ""S"": 17, ""PYO"": 19, ""HDM"": 6, ""MV"": 2}","[5, 6, 9, 7, 12, 8, 10, 15, 11, 17]",0.0064
2024,8,22,4,202,16628,82.32,0,4,104,0.0063,39,65,50,8.89,7.0,91,11,2,0,12,0.0406,"{""IC"": 54, ""S"": 15, ""PYO"": 20, ""HDM"": 3, ""MV"": 12}","[5, 6, 7, 9, 10, 11, 8, 15, 17, 12]",0.0065
2024,8,23,5,214,18018,84.2,1,44,117,0.0065,49,68,48,9.31,7.0,102,10,5,0,18,0.0284,"{""S"": 19, ""IC"": 58, ""PYO"": 25, ""HDM"": 9, ""MV"": 4, ""V"": 2}","[5, 6, 7, 11, 8, 9, 10, 16, 12, 15]",0.0063
2024,8,24,6,177,15960,90.17,1,42,112,0.007,38,74,44,9.38,7.0,96,14,2,0,19,0.0338,"{""S"": 17, ""IC"": 58, ""PYO"": 29, ""HDM"": 2, ""MUS"": 4, ""MV"": 2}","[6, 5, 7, 8, 10, 9, 11, 17, 16, 14]",0.0065
2024,8,25,7,179,15654,87.45,3,104,115,0.0073,38,77,116,11.15,7.0,97,10,5,3,14,0.0378,"{""IC"": 55, ""S"": 17, ""PYO"": 27, ""HDM"": 7, ""MV"": 8, ""V"": 1}","[5, 6, 7, 9, 8, 12, 11, 17, 10, 24]",0.0064
2024,8,26,1,196,16018,81.72,1,14,93,0.0058,43,50,43,8.84,6.0,79,12,2,0,10,0.0381,"{""S"": 14, ""IC"": 68, ""HDM"": 5, ""PYO"": 2, ""MV"": 4}","[5, 6, 7, 8, 9, 18, 19, 17, 23, 14]",0.0066
2024,8,27,2,231,15220,65.89,0,4,75,0.0049,33,42,42,9.25,7.0,65,8,2,0,17,0.0442,"{""S"": 16, ""IC"": 52, ""HDM"": 6, ""MV"": 1}","[5, 6, 8, 7, 14, 17, 9, 12, 10, 22]",0.0065
2024,8,28,3,222,16968,76.43,1,220,171,0.0101,71,100,298,14.64,8.0,138,18,10,5,20,0.0265,"{""IC"": 110, ""S"": 25, ""PYO"": 24, ""HDM"": 5, ""MV"": 4, ""V"": 3}","[5, 7, 6, 9, 8, 11, 10, 12, 13, 15]",0.0068
2024,8,29,4,210,17582,83.72,1,184,139,0.0079,58,81,176,11.86,6.0,123,8,3,5,11,0.0325,"{""IC"": 75, ""S"": 16, ""PYO"": 25, ""HDM"": 9, ""MV"": 14}","[5, 6, 7, 10, 9, 8, 12, 11, 16, 42]",0.0071
2024,8,30,5,214,18376,85.87,2,96,187,0.0102,96,91,40,10.46,7.0,151,30,6,0,29,0.0212,"{""IC"": 108, ""S"": 29, ""PYO"": 24, ""HDM"": 18, ""MV"": 8}","[6, 5, 7, 9, 13, 8, 10, 11, 14, 17]",0.0076
2024,8,31,6,177,14334,80.98,3,66,155,0.0108,58,97,65,11.57,8.0,120,27,7,1,28,0.0321,"{""IC"": 99, ""S"": 11, ""PYO"": 32, ""HDM"": 9, ""MV"": 2, ""V"": 2}","[5, 6, 7, 8, 10, 11, 14, 15, 9, 16]",0.0081
2024,9,1,7,180,14662,81.46,3,514,182,0.0124,77,105,708,20.65,7.5,147,17,9,9,37,0.0143,"{""IC"": 103, ""S"": 28, ""PYO"": 24, ""HDM"": 18, ""MV"": 8, ""V"": 1}","[5, 6, 7, 9, 11, 8, 13, 12, 14, 10]",0.0089
2024,9,2,1,205,16930,82.59,9,744,138,0.0082,52,86,109,15.81,8.0,100,19,10,9,22,0.0141,"{""IC"": 80, ""S"": 21, ""HDM"": 9, ""PYO"": 23, ""MV"": 5}","[5, 6, 7, 8, 9, 12, 11, 13, 16, 14]",0.0092
2024,9,3,2,232,15612,67.29,4,168,127,0.0081,61,66,88,11.42,7.0,107,10,8,2,26,0.0311,"{""IC"": 74, ""S"": 28, ""HDM"": 22, ""MV"": 3}","[5, 6, 7, 10, 12, 8, 11, 9, 13, 15]",0.0097
2024,9,4,3,222,17082,76.95,2,192,122,0.0071,57,65,65,9.58,6.0,108,9,4,1,12,0.0314,"{""IC"": 72, ""S"": 18, ""PYO"": 24, ""HDM"": 1, ""MV"": 7}","[5, 6, 7, 12, 10, 9, 8, 13, 11, 14]",0.0092
2024,9,5,4,211,17902,84.84,1,114,166,0.0093,73,93,109,8.55,6.0,153,10,2,1,22,0.0241,"{""IC"": 83, ""S"": 19, ""PYO"": 39, ""HDM"": 10, ""MUS"": 2, ""MV"": 13}","[5, 6, 10, 7, 8, 9, 11, 12, 13, 19]",0.0094
2024,9,6,5,214,18672,87.25,3,126,173,0.0093,74,99,43,9.22,6.0,150,16,7,0,17,0.026,"{""IC"": 101, ""S"": 26, ""PYO"": 32, ""HDM"": 9, ""MV"": 5}","[5, 6, 7, 8, 9, 10, 13, 11, 15, 12]",0.0093
2024,9,7,6,186,14904,80.13,3,74,122,0.0082,53,69,47,7.74,6.0,115,5,2,0,13,0.0403,"{""IC"": 72, ""S"": 15, ""PYO"": 31, ""HDM"": 3, ""MUS"": 1}","[5, 6, 7, 9, 8, 11, 12, 10, 21, 16]",0.0089
2024,9,8,7,182,14614,80.3,0,4,138,0.0094,56,82,85,10.17,6.0,121,8,8,1,18,0.0258,"{""IC"": 82, ""S"": 22, ""PYO"": 20, ""HDM"": 8, ""MUS"": 3, ""MV"": 3}","[5, 6, 7, 8, 10, 9, 11, 17, 14, 12]",0.0085
2024,9,9,1,212,17570,82.88,2,40,120,0.0068,49,71,101,11.05,7.0,106,8,3,3,11,0.0445,"{""IC"": 60, ""S"": 18, ""PYO"": 24, ""HDM"": 9, ""P"": 3, ""MV"": 6}","[5, 6, 7, 8, 10, 11, 9, 14, 26, 16]",0.0083
2024,9,10,2,204,17412,85.35,0,4,116,0.0067,49,67,59,8.51,6.0,107,6,3,0,14,0.0408,"{""IC"": 72, ""S"": 12, ""PYO"": 24, ""HDM"": 4, ""MV"": 4}","[5, 6, 7, 8, 9, 13, 10, 21, 11, 15]",0.0081
2024,9,11,3,200,17214,86.07,0,4,120,0.007,51,69,41,7.22,6.0,114,5,1,0,12,0.049,"{""IC"": 71, ""S"": 18, ""PYO"": 24, ""HDM"": 4, ""MV"": 3}","[5, 6, 7, 8, 11, 9, 12, 10, 17, 15]",0.0081
2024,9,12,4,202,17608,87.17,0,40,135,0.0077,50,85,62,10.16,7.0,115,13,6,1,18,0.0345,"{""IC"": 80, ""S"": 17, ""PYO"": 28, ""HDM"": 6, ""MV"": 4}","[5, 6, 7, 8, 9, 11, 12, 10, 17, 18]",0.0079
2024,9,13,5,219,18770,85.71,0,4,164,0.0087,59,105,43,8.44,6.0,147,11,6,0,17,0.0427,"{""IC"": 89, ""S"": 22, ""PYO"": 36, ""HDM"": 8, ""MV"": 9}","[5, 6, 7, 8, 9, 10, 14, 11, 17, 24]",0.0078
2024,9,14,6,178,14680,82.47,1,42,116,0.0079,47,69,60,8.53,6.0,105,9,1,1,12,0.04,"{""IC"": 61, ""S"": 16, ""PYO"": 30, ""HDM"": 8, ""MV"": 1}","[6, 5, 7, 8, 10, 9, 11, 16, 15, 21]",0.0077
2024,9,15,7,175,14520,82.97,2,172,126,0.0087,51,75,173,11.98,7.0,109,8,6,3,19,0.0201,"{""IC"": 73, ""S"": 17, ""PYO"": 25, ""HDM"": 7, ""MV"": 4}","[5, 7, 6, 8, 9, 12, 13, 11, 10, 20]",0.0076
2024,9,16,1,202,17368,85.98,3,46,133,0.0077,56,77,68,9.01,6.0,120,8,3,2,11,0.0287,"{""IC"": 79, ""S"": 26, ""PYO"": 21, ""HDM"": 3, ""MV"": 4}","[5, 6, 7, 8, 10, 14, 9, 12, 15, 68]",0.0078
2024,9,17,2,199,17298,86.92,0,4,109,0.0063,48,61,41,7.83,6.0,99,8,2,0,9,0.0437,"{""IC"": 68, ""S"": 13, ""PYO"": 20, ""HDM"": 5, ""MV"": 3}","[5, 6, 7, 8, 11, 9, 15, 10, 18, 13]",0.0077
2024,9,18,3,199,17242,86.64,0,4,107,0.0062,41,66,67,9.55,6.0,92,10,4,1,11,0.0465,"{""S"": 11, ""IC"": 59, ""PYO"": 27, ""HDM"": 6, ""MV"": 4}","[5, 6, 7, 8, 11, 10, 15, 17, 20, 32]",0.0076
2024,9,19,4,207,17692,85.47,2,36,143,0.0081,59,84,42,9.93,7.0,118,19,6,0,24,0.0295,"{""IC"": 79, ""S"": 13, ""PYO"": 30, ""HDM"": 11, ""MV"": 10}","[5, 6, 8, 9, 7, 11, 12, 16, 32, 10]",0.0077
2024,9,20,5,215,18754,87.23,3,82,136,0.0073,48,88,132,10.07,7.0,118,15,2,1,13,0.04,"{""S"": 21, ""IC"": 63, ""PYO"": 29, ""HDM"": 6, ""MV"": 3, ""V"": 14}","[5, 6, 7, 10, 9, 8, 14, 15, 13, 11]",0.0075
2024,9,21,6,183,15654,85.54,3,196,102,0.0065,33,69,67,9.18,7.0,92,8,1,1,5,0.0683,"{""S"": 10, ""IC"": 52, ""PYO"": 28, ""HDM"": 1, ""MUS"": 4, ""V"": 7}","[5, 6, 9, 7, 10, 8, 11, 12, 23, 14]",0.0073
2024,9,22,7,182,14312,78.64,1,52,88,0.0061,27,61,58,9.77,7.0,75,9,4,0,13,0.0534,"{""S"": 11, ""IC"": 45, ""PYO"": 22, ""HDM"": 1, ""MUS"": 5, ""MV"": 2, ""V"": 2}","[5, 7, 6, 8, 10, 13, 11, 12, 19, 15]",0.0069
2024,9,23,1,207,17478,84.43,0,138,90,0.0051,31,59,282,17.68,6.0,79,3,2,6,8,0.0234,"{""IC"": 41, ""S"": 16, ""PYO"": 23, ""HDM"": 4, ""MV"": 6}","[5, 6, 7, 8, 13, 70, 167, 58, 9, 282]",0.0065
2024,9,24,2,209,17598,84.2,6,170,104,0.0059,33,71,95,10.86,7.0,89,9,5,1,13,0.0405,"{""S"": 12, ""IC"": 61, ""PYO"": 17, ""HDM"": 5, ""MV"": 9}","[5, 8, 7, 6, 9, 11, 10, 12, 14, 46]",0.0065
2024,9,25,3,208,17538,84.32,5,222,132,0.0075,52,80,109,11.3,6.0,110,12,7,3,14,0.0311,"{""IC"": 70, ""S"": 21, ""PYO"": 22, ""HDM"": 11, ""MV"": 8}","[5, 6, 7, 8, 10, 9, 12, 18, 19, 15]",0.0066
2024,9,26,4,208,17646,84.84,4,148,148,0.0084,45,103,112,9.48,7.0,127,19,1,1,10,0.0276,"{""IC"": 79, ""S"": 16, ""PYO"": 32, ""HDM"": 5, ""MV"": 16}","[5, 6, 7, 8, 11, 10, 15, 12, 13, 16]",0.0067
2024,9,27,5,209,18266,87.4,1,60,134,0.0073,34,100,308,22.32,8.0,101,11,8,14,13,0.0211,"{""IC"": 82, ""S"": 22, ""PYO"": 26, ""HDM"": 4}","[5, 6, 9, 7, 8, 10, 11, 12, 15, 17]",0.0067
2024,9,28,6,193,16338,84.65,9,420,99,0.0061,33,66,167,12.8,7.0,81,11,5,2,12,0.041,"{""IC"": 42, ""S"": 12, ""PYO"": 25, ""HDM"": 3, ""MUS"": 1, ""MV"": 16}","[5, 6, 7, 8, 13, 9, 12, 17, 10, 15]",0.0066
2024,9,29,7,176,14710,83.58,2,132,80,0.0054,19,61,125,14.91,7.0,63,9,4,4,14,0.0289,"{""IC"": 43, ""S"": 10, ""PYO"": 15, ""HDM"": 3, ""MV"": 9}","[5, 6, 7, 8, 10, 9, 12, 35, 28, 13]",0.0065
2024,9,30,1,205,17410,84.93,2,32,94,0.0054,28,66,44,10.59,7.5,76,13,5,0,9,0.042,"{""IC"": 52, ""S"": 11, ""PYO"": 20, ""HDM"": 6, ""MV"": 5}","[5, 6, 8, 9, 12, 10, 17, 7, 30, 13]",0.0066
2024,10,1,2,200,17336,86.68,0,4,83,0.0048,26,57,69,9.63,6.0,75,5,1,2,6,0.0529,"{""S"": 7, ""IC"": 47, ""PYO"": 22, ""HDM"": 4, ""MV"": 3}","[5, 6, 8, 7, 9, 10, 11, 12, 23, 25]",0.0064
2024,10,2,3,202,17358,85.93,1,42,95,0.0055,29,66,72,10.66,7.0,80,11,2,2,13,0.0379,"{""IC"": 50, ""S"": 14, ""PYO"": 19, ""HDM"": 6, ""MV"": 6}","[5, 6, 7, 9, 10, 11, 8, 16, 72, 33]",0.0061
2024,10,3,4,204,17438,85.48,2,58,107,0.0061,34,73,49,9.9,7.0,93,9,5,0,14,0.0389,"{""IC"": 60, ""S"": 9, ""PYO"": 25, ""HDM"": 8, ""MV"": 5}","[5, 6, 7, 8, 9, 10, 12, 11, 13, 21]",0.0058
2024,10,4,5,210,18348,87.37,0,28,127,0.0069,30,97,109,13.04,7.0,103,11,9,4,18,0.028,"{""IC"": 66, ""S"": 23, ""PYO"": 22, ""HDM"": 12, ""MV"": 3, ""V"": 1}","[5, 6, 7, 8, 10, 13, 12, 9, 11, 15]",0.0057
2024,10,5,6,173,15466,89.4,0,4,81,0.0052,19,62,44,8.12,6.0,75,5,1,0,4,0.052,"{""IC"": 35, ""S"": 10, ""PYO"": 26, ""HDM"": 4, ""MUS"": 2, ""MV"": 3, ""V"": 1}","[5, 6, 7, 8, 10, 9, 11, 15, 20, 12]",0.0056
2024,10,6,7,174,15278,87.8,1,142,67,0.0044,21,46,51,8.81,7.0,63,2,2,0,1,0.0458,"{""IC"": 38, ""S"": 6, ""PYO"": 19, ""HDM"": 3, ""V"": 1}","[5, 7, 12, 6, 8, 9, 14, 13, 21, 10]",0.0055
2024,10,7,1,192,17346,90.34,2,194,117,0.0067,41,76,43,10.2,8.0,96,18,3,0,14,0.037,"{""IC"": 63, ""S"": 12, ""PYO"": 22, ""HDM"": 8, ""MV"": 12}","[5, 6, 9, 11, 7, 8, 15, 12, 14, 10]",0.0057
2024,10,8,2,204,17610,86.32,9,246,91,0.0052,27,64,173,11.03,6.0,78,8,4,1,4,0.0621,"{""IC"": 48, ""S"": 8, ""PYO"": 21, ""HDM"": 2, ""MV"": 12}","[5, 6, 7, 8, 10, 12, 9, 13, 18, 16]",0.0057
2024,10,9,3,201,17450,86.82,0,36,126,0.0072,53,73,105,11.31,6.0,102,15,8,1,10,0.0268,"{""IC"": 58, ""S"": 15, ""PYO"": 22, ""HDM"": 21, ""MV"": 10}","[5, 6, 7, 10, 8, 9, 13, 15, 25, 18]",0.006
2024,10,10,4,205,17772,86.69,4,670,127,0.0071,36,91,140,14.48,7.0,100,11,11,5,24,0.0286,"{""S"": 13, ""IC"": 68, ""PYO"": 17, ""HDM"": 15, ""MV"": 8, ""V"": 6}","[5, 6, 7, 8, 9, 14, 12, 13, 10, 33]",0.0061
2024,10,11,5,217,18604,85.73,2,52,114,0.0061,37,77,94,9.82,7.0,98,13,2,1,12,0.0366,"{""IC"": 64, ""S"": 19, ""PYO"": 24, ""HDM"": 4, ""MV"": 3}","[5, 7, 6, 8, 9, 15, 10, 11, 13, 19]",0.006
2024,10,12,6,182,15934,87.55,4,80,88,0.0055,22,66,63,8.73,6.0,82,2,3,1,7,0.0456,"{""IC"": 40, ""S"": 13, ""PYO"": 33, ""HDM"": 1, ""MV"": 1}","[5, 6, 7, 8, 9, 10, 14, 11, 13, 16]",0.006
2024,10,13,7,178,15558,87.4,1,18,77,0.0049,17,60,44,8.65,6.0,71,4,2,0,7,0.0597,"{""S"": 10, ""IC"": 37, ""PYO"": 22, ""HDM"": 4, ""MV"": 4}","[5, 6, 7, 9, 11, 8, 12, 23, 10, 13]",0.0061
2024,10,14,1,204,17654,86.54,1,66,101,0.0057,24,77,69,10.11,7.0,88,8,4,1,14,0.0412,"{""IC"": 52, ""S"": 16, ""PYO"": 22, ""HDM"": 4, ""MV"": 7}","[5, 6, 7, 8, 9, 12, 10, 13, 14, 15]",0.006
2024,10,15,2,199,16246,81.64,0,4,80,0.0049,28,52,57,7.88,6.0,76,2,2,0,9,0.0495,"{""IC"": 53, ""S"": 16, ""HDM"": 1, ""PYO"": 1, ""MV"": 9}","[5, 6, 8, 7, 12, 10, 13, 9, 18, 57]",0.0059
2024,10,16,3,204,17748,87.0,1,18,93,0.0052,30,63,41,8.1,6.0,86,5,2,0,10,0.0446,"{""IC"": 43, ""S"": 13, ""PYO"": 23, ""HDM"": 11, ""MV"": 3}","[5, 6, 7, 8, 10, 9, 15, 14, 11, 13]",0.0056
2024,10,17,4,204,17616,86.35,1,34,137,0.0078,44,93,139,13.62,7.0,111,16,4,6,14,0.0305,"{""IC"": 83, ""S"": 20, ""PYO"": 20, ""HDM"": 8, ""MV"": 6}","[5, 6, 7, 9, 8, 10, 11, 14, 15, 20]",0.0057
2024,10,18,5,212,18384,86.72,1,90,99,0.0054,25,74,93,11.52,7.0,84,9,3,3,11,0.0244,"{""IC"": 53, ""S"": 16, ""PYO"": 21, ""HDM"": 5, ""MV"": 4}","[5, 6, 7, 13, 8, 9, 14, 11, 16, 27]",0.0056
2024,10,19,6,181,15886,87.77,2,82,94,0.0059,24,70,44,8.54,6.5,86,6,2,0,8,0.0446,"{""IC"": 48, ""S"": 13, ""PYO"": 29, ""HDM"": 4}","[5, 6, 7, 8, 10, 9, 11, 13, 12, 20]",0.0057
2024,10,20,7,176,15500,88.07,0,4,105,0.0068,27,78,45,9.17,7.0,95,6,4,0,15,0.0384,"{""IC"": 57, ""S"": 16, ""PYO"": 17, ""HDM"": 9, ""MV"": 6}","[5, 7, 6, 8, 12, 11, 9, 10, 13, 15]",0.006
2024,10,21,1,201,17542,87.27,0,4,101,0.0058,34,67,41,9.2,7.0,83,17,1,0,12,0.0334,"{""IC"": 51, ""S"": 19, ""PYO"": 17, ""HDM"": 7, ""MV"": 7}","[5, 6, 7, 9, 8, 10, 15, 11, 18, 13]",0.006
2024,10,22,2,200,16236,81.18,1,66,104,0.0064,35,69,106,11.21,7.0,87,10,5,2,14,0.0291,"{""IC"": 76, ""S"": 16, ""HDM"": 7, ""MV"": 5}","[5, 6, 7, 8, 9, 11, 10, 15, 17, 19]",0.0062
2024,10,23,3,198,16150,81.57,1,62,121,0.0075,42,79,353,15.24,9.0,92,21,5,3,18,0.0351,"{""IC"": 76, ""S"": 30, ""HDM"": 13, ""PYO"": 2}","[5, 6, 8, 7, 10, 9, 12, 13, 19, 11]",0.0065
2024,10,24,4,206,17614,85.5,1,34,124,0.007,31,93,44,8.09,6.0,115,8,1,0,17,0.0281,"{""IC"": 68, ""S"": 18, ""PYO"": 24, ""HDM"": 6, ""MV"": 8}","[5, 6, 7, 8, 9, 10, 11, 13, 15, 16]",0.0064
2024,10,25,5,210,18474,87.97,0,4,102,0.0055,31,71,44,8.88,6.0,85,15,2,0,9,0.0359,"{""IC"": 51, ""S"": 19, ""PYO"": 26, ""HDM"": 3, ""MV"": 3}","[5, 7, 6, 8, 9, 18, 20, 16, 11, 23]",0.0064
2024,10,26,6,174,15660,90.0,0,4,104,0.0066,43,61,74,20.35,8.0,69,11,6,18,9,0.0364,"{""S"": 12, ""IC"": 36, ""PYO"": 48, ""HDM"": 2, ""MUS"": 1, ""MV"": 5}","[5, 6, 7, 8, 61, 60, 16, 10, 13, 9]",0.0065
2024,10,27,7,174,15416,88.6,4,224,124,0.008,28,96,52,10.51,7.0,102,14,8,0,22,0.0234,"{""S"": 20, ""IC"": 68, ""PYO"": 23, ""HDM"": 5, ""MUS"": 5, ""MV"": 3}","[5, 6, 7, 10, 9, 11, 8, 12, 13, 39]",0.0067
2024,10,28,1,191,17272,90.43,7,292,94,0.0054,30,64,68,9.83,7.0,82,9,2,1,13,0.0419,"{""IC"": 33, ""S"": 28, ""PYO"": 19, ""HDM"": 2, ""MV"": 12}","[5, 7, 6, 9, 8, 11, 13, 12, 18, 20]",0.0066
2024,10,29,2,210,17764,84.59,5,104,122,0.0069,35,87,61,8.86,6.0,109,10,2,1,10,0.0435,"{""IC"": 60, ""S"": 18, ""PYO"": 29, ""HDM"": 4, ""MV"": 11}","[5, 6, 7, 8, 11, 12, 14, 9, 10, 16]",0.0067
2024,10,30,3,207,17672,85.37,3,102,123,0.007,42,81,136,12.12,7.0,102,12,6,3,19,0.0245,"{""IC"": 62, ""S"": 21, ""PYO"": 27, ""HDM"": 9, ""MV"": 4}","[5, 6, 7, 9, 10, 11, 12, 15, 8, 29]",0.0066
2024,10,31,4,201,17512,87.12,0,0,127,0.0073,53,74,198,9.82,6.0,114,10,2,1,19,0.0233,"{""IC"": 74, ""S"": 15, ""PYO"": 31, ""HDM"": 7}","[5, 6, 10, 9, 7, 8, 12, 11, 15, 14]",0.0067
2024,11,1,5,213,18554,87.11,0,0,96,0.0052,34,62,82,10.1,6.0,86,5,3,2,11,0.0223,"{""IC"": 54, ""S"": 14, ""PYO"": 18, ""HDM"": 5, ""MV"": 5}","[5, 6, 7, 8, 9, 10, 12, 11, 22, 19]",0.0066
2024,11,2,6,182,16026,88.05,1,70,115,0.0072,28,87,121,13.54,8.0,89,15,9,2,21,0.0217,"{""IC"": 56, ""S"": 8, ""PYO"": 25, ""HDM"": 10, ""MV"": 8, ""V"": 8}","[5, 6, 7, 9, 8, 16, 14, 11, 10, 13]",0.0067
2024,11,3,7,178,15504,87.1,1,16,118,0.0076,26,92,117,11.27,7.0,94,18,5,1,25,0.0265,"{""IC"": 52, ""S"": 19, ""PYO"": 26, ""HDM"": 11, ""MV"": 10}","[5, 6, 7, 8, 10, 9, 11, 15, 13, 21]",0.0067
2024,11,4,1,200,17370,86.85,0,0,116,0.0067,29,87,67,9.78,7.0,100,13,2,1,10,0.0327,"{""IC"": 60, ""S"": 13, ""PYO"": 28, ""HDM"": 7, ""MV"": 8}","[5, 6, 7, 10, 8, 9, 11, 12, 14, 15]",0.0068
2024,11,5,2,203,17286,85.15,3,88,90,0.0052,25,65,50,8.66,6.0,79,9,2,0,7,0.0386,"{""S"": 11, ""IC"": 52, ""PYO"": 22, ""HDM"": 3, ""MV"": 2}","[5, 6, 7, 9, 15, 8, 14, 13, 10, 12]",0.0066
2024,11,6,3,200,17198,85.99,0,0,95,0.0055,39,56,75,10.03,6.0,82,8,3,2,6,0.0263,"{""IC"": 52, ""S"": 13, ""PYO"": 27, ""HDM"": 3}","[5, 6, 8, 7, 9, 10, 16, 12, 21, 14]",0.0064
2024,11,7,4,203,17354,85.49,0,38,84,0.0048,27,57,32,10.05,7.0,67,16,1,0,9,0.0368,"{""IC"": 51, ""S"": 6, ""PYO"": 18, ""HDM"": 7, ""MV"": 2}","[5, 7, 6, 11, 9, 15, 8, 14, 26, 22]",0.006
2024,11,8,5,217,18360,84.61,9,134,103,0.0056,33,70,66,8.53,6.0,95,6,0,2,13,0.0412,"{""IC"": 51, ""S"": 12, ""PYO"": 26, ""HDM"": 5, ""MV"": 9}","[5, 7, 6, 8, 9, 10, 11, 13, 18, 16]",0.0061
2024,11,9,6,186,16592,89.2,4,420,94,0.0057,21,73,31,8.87,6.5,83,10,1,0,11,0.0619,"{""IC"": 30, ""S"": 13, ""PYO"": 31, ""HDM"": 2, ""MV"": 18}","[5, 6, 9, 7, 8, 10, 12, 17, 13, 14]",0.0059
2024,11,10,7,178,15618,87.74,3,156,85,0.0054,15,70,46,9.45,6.0,72,11,2,0,15,0.0422,"{""IC"": 46, ""S"": 11, ""PYO"": 17, ""HDM"": 6, ""MV"": 5}","[5, 6, 7, 9, 11, 8, 13, 16, 14, 17]",0.0056
2024,11,11,1,205,17344,84.6,8,154,62,0.0036,19,43,35,8.69,6.0,54,6,2,0,7,0.0369,"{""IC"": 34, ""S"": 9, ""PYO"": 12, ""HDM"": 2, ""MV"": 5}","[5, 6, 7, 8, 10, 15, 20, 11, 13, 9]",0.0051
2024,11,12,2,200,17194,85.97,4,72,67,0.0039,21,46,43,8.04,6.0,63,3,1,0,8,0.0427,"{""IC"": 36, ""S"": 13, ""PYO"": 12, ""HDM"": 6}","[5, 6, 10, 7, 8, 9, 13, 15, 11, 18]",0.0049
2024,11,13,3,200,17198,85.99,0,0,65,0.0038,13,52,47,7.74,6.0,60,4,1,0,8,0.0477,"{""IC"": 32, ""S"": 10, ""PYO"": 19, ""HDM"": 4}","[5, 6, 7, 9, 10, 8, 14, 20, 15, 26]",0.0047
2024,11,14,4,201,17212,85.63,1,30,79,0.0046,22,57,121,10.87,6.0,69,4,5,1,10,0.0358,"{""IC"": 45, ""S"": 15, ""PYO"": 15, ""HDM"": 4}","[5, 6, 8, 7, 12, 11, 15, 36, 47, 30]",0.0047
2024,11,15,5,212,18038,85.08,3,86,93,0.0052,20,73,120,12.13,7.0,79,8,3,3,16,0.0327,"{""S"": 19, ""IC"": 44, ""PYO"": 20, ""HDM"": 6, ""MV"": 4}","[5, 6, 7, 9, 12, 11, 13, 16, 10, 14]",0.0046
2024,11,16,6,180,15946,88.59,1,38,109,0.0068,31,78,36,9.94,8.0,92,13,4,0,11,0.0305,"{""IC"": 60, ""S"": 9, ""PYO"": 28, ""HDM"": 7, ""MUS"": 2, ""MV"": 3}","[5, 6, 9, 8, 7, 10, 11, 13, 12, 20]",0.0048
2024,11,17,7,175,15616,89.23,1,152,70,0.0045,14,56,78,10.09,7.0,62,6,1,1,6,0.0478,"{""IC"": 34, ""S"": 8, ""PYO"": 19, ""HDM"": 5, ""MV"": 4}","[5, 6, 7, 8, 12, 9, 14, 11, 10, 17]",0.0046
2024,11,18,1,201,17204,85.59,0,0,104,0.006,25,79,50,8.97,7.0,92,9,3,0,18,0.0264,"{""IC"": 59, ""S"": 15, ""PYO"": 21, ""HDM"": 9}","[5, 7, 6, 8, 10, 9, 20, 15, 11, 13]",0.005
2024,11,19,2,204,17256,84.59,0,0,130,0.0075,45,85,53,10.23,8.0,110,17,3,0,21,0.0237,"{""IC"": 84, ""S"": 17, ""PYO"": 16, ""HDM"": 4, ""MV"": 9}","[5, 6, 7, 9, 8, 12, 11, 10, 13, 15]",0.0055
2024,11,20,3,203,17256,85.0,1,62,190,0.011,70,120,244,20.91,8.0,134,28,14,14,19,0.0137,"{""S"": 28, ""IC"": 89, ""PYO"": 59, ""HDM"": 12, ""MV"": 2}","[5, 6, 7, 8, 9, 10, 12, 11, 14, 15]",0.0065
2024,11,21,4,210,17606,83.84,18,1238,287,0.0163,76,211,193,29.22,13.0,154,48,38,47,78,0.0112,"{""IC"": 204, ""S"": 35, ""PYO"": 25, ""HDM"": 14, ""MV"": 9}","[5, 6, 7, 9, 8, 13, 11, 14, 12, 10]",0.0082
2024,11,22,5,223,18604,83.43,7,168,169,0.0091,49,120,122,14.03,8.0,131,23,8,7,35,0.0119,"{""S"": 29, ""IC"": 91, ""PYO"": 28, ""HDM"": 3, ""MUS"": 3, ""MV"": 12, ""V"": 3}","[5, 6, 7, 9, 8, 10, 15, 17, 12, 20]",0.0087
2024,11,23,6,194,16258,83.8,5,188,152,0.0093,26,126,86,10.51,7.0,135,10,4,3,23,0.0206,"{""IC"": 74, ""S"": 27, ""PYO"": 31, ""HDM"": 7, ""MUS"": 8, ""MV"": 5}","[5, 6, 7, 8, 9, 11, 12, 10, 18, 14]",0.0091
2024,11,24,7,183,15870,86.72,3,80,104,0.0066,19,85,86,11.52,7.0,84,14,5,1,23,0.0183,"{""S"": 13, ""IC"": 57, ""PYO"": 25, ""HDM"": 3, ""MUS"": 1, ""MV"": 1, ""V"": 4}","[5, 7, 6, 12, 8, 9, 17, 16, 10, 11]",0.0094
2024,11,25,1,203,17870,88.03,6,368,171,0.0096,51,120,113,14.38,8.0,127,20,20,4,29,0.018,"{""IC"": 97, ""S"": 31, ""PYO"": 29, ""HDM"": 12, ""MV"": 2}","[5, 6, 9, 8, 7, 10, 11, 14, 17, 39]",0.0099
2024,11,26,2,209,18052,86.37,4,226,121,0.0067,33,88,146,11.36,7.0,99,14,6,2,23,0.0245,"{""IC"": 66, ""S"": 17, ""PYO"": 28, ""HDM"": 4, ""MV"": 6}","[5, 6, 7, 8, 9, 15, 19, 13, 10, 12]",0.0098
2024,11,27,3,203,18048,88.91,9,194,98,0.0054,26,72,49,9.09,6.0,82,13,3,0,9,0.0377,"{""IC"": 49, ""S"": 15, ""PYO"": 32, ""HDM"": 2}","[5, 6, 8, 7, 16, 9, 11, 21, 15, 18]",0.009
2024,11,28,4,205,18068,88.14,6,148,124,0.0069,22,102,98,12.52,7.0,101,12,6,5,18,0.0244,"{""IC"": 77, ""S"": 9, ""PYO"": 33, ""HDM"": 5}","[5, 6, 7, 10, 8, 9, 13, 14, 11, 40]",0.0077
2024,11,29,5,212,18810,88.73,5,116,121,0.0064,35,86,108,10.54,7.0,102,13,5,1,9,0.0347,"{""IC"": 56, ""S"": 22, ""PYO"": 37, ""HDM"": 5, ""MV"": 1}","[5, 6, 7, 8, 11, 10, 9, 13, 19, 12]",0.0073
2024,11,30,6,188,16236,86.36,3,86,96,0.0059,23,73,35,10.04,7.0,78,16,2,0,8,0.0409,"{""IC"": 37, ""S"": 4, ""PYO"": 41, ""HDM"": 7, ""MUS"": 5, ""MV"": 2}","[5, 6, 7, 8, 10, 9, 15, 11, 21, 14]",0.0068
2024,12,1,7,174,15658,89.99,0,0,102,0.0065,24,78,46,7.53,6.0,98,3,1,0,8,0.0423,"{""IC"": 54, ""S"": 12, ""PYO"": 29, ""HDM"": 7}","[5, 6, 7, 8, 9, 12, 10, 11, 23, 15]",0.0068
2024,12,2,1,205,17908,87.36,14,262,125,0.007,35,90,116,10.3,6.0,111,10,2,2,16,0.0318,"{""IC"": 65, ""S"": 17, ""PYO"": 30, ""HDM"": 5, ""MV"": 8}","[5, 6, 8, 11, 7, 10, 14, 12, 13, 9]",0.0064
2024,12,3,2,201,17800,88.56,6,160,96,0.0054,32,64,62,10.79,8.0,81,11,2,2,11,0.0387,"{""IC"": 40, ""S"": 14, ""PYO"": 29, ""HDM"": 13}","[5, 6, 8, 7, 9, 13, 10, 11, 15, 14]",0.0062
2024,12,4,3,205,17868,87.16,6,148,130,0.0073,39,91,40,7.7,6.0,119,9,2,0,19,0.0351,"{""S"": 23, ""IC"": 64, ""PYO"": 36, ""HDM"": 7}","[5, 6, 7, 8, 10, 9, 15, 18, 14, 19]",0.0065
2024,12,5,4,214,18868,88.17,4,288,149,0.0079,38,111,121,11.44,7.0,127,14,5,3,22,0.0206,"{""S"": 24, ""IC"": 69, ""PYO"": 36, ""HDM"": 12, ""MV"": 8}","[5, 6, 8, 7, 11, 9, 10, 13, 14, 12]",0.0066
2024,12,6,5,183,16064,87.78,4,98,96,0.006,30,66,80,9.99,7.0,81,11,3,1,10,0.0317,"{""S"": 15, ""IC"": 56, ""PYO"": 19, ""HDM"": 5, ""MV"": 1}","[5, 6, 7, 8, 10, 12, 15, 9, 21, 17]",0.0066
2024,12,7,6,182,15546,85.42,8,190,69,0.0044,22,47,96,10.04,6.0,61,5,1,2,2,0.0325,"{""IC"": 29, ""S"": 4, ""PYO"": 34, ""HDM"": 2}","[5, 6, 8, 7, 18, 24, 10, 96, 14, 74]",0.0064
2024,12,8,7,181,15532,85.81,8,202,84,0.0054,25,59,40,7.99,7.0,80,2,2,0,8,0.0336,"{""IC"": 46, ""S"": 10, ""PYO"": 24, ""HDM"": 4}","[5, 6, 7, 8, 9, 12, 14, 10, 40, 37]",0.0062
2024,12,9,1,203,17656,86.98,16,238,89,0.005,32,57,63,9.09,6.0,78,7,3,1,6,0.0448,"{""IC"": 46, ""S"": 20, ""PYO"": 16, ""HDM"": 5, ""MV"": 2}","[5, 6, 7, 8, 10, 11, 18, 37, 9, 21]",0.0059
2024,12,10,2,201,17474,86.94,11,156,91,0.0052,32,59,24,7.49,6.0,85,6,0,0,10,0.0408,"{""IC"": 44, ""S"": 16, ""PYO"": 23, ""HDM"": 7, ""MV"": 1}","[5, 6, 8, 9, 7, 10, 12, 15, 22, 24]",0.0059
2024,12,11,3,201,17466,86.9,14,184,115,0.0066,34,81,141,10.24,6.0,101,9,3,2,11,0.0358,"{""IC"": 63, ""S"": 20, ""PYO"": 24, ""HDM"": 5, ""MV"": 3}","[5, 6, 10, 7, 8, 9, 15, 13, 11, 14]",0.0058
2024,12,12,4,206,17758,86.2,13,164,85,0.0048,33,52,20,7.15,6.0,81,4,0,0,6,0.0356,"{""IC"": 50, ""S"": 7, ""PYO"": 17, ""HDM"": 8, ""MV"": 3}","[5, 6, 7, 9, 10, 13, 12, 16, 20, 11]",0.0053
2024,12,13,5,211,18162,86.08,2,52,116,0.0064,29,87,92,9.32,6.0,107,5,2,2,17,0.0224,"{""IC"": 70, ""S"": 17, ""PYO"": 19, ""HDM"": 10}","[5, 6, 7, 8, 14, 10, 12, 13, 11, 23]",0.0054
2024,12,14,6,181,15774,87.15,4,110,139,0.0088,33,106,94,11.73,7.0,110,18,10,1,36,0.0207,"{""S"": 17, ""IC"": 82, ""PYO"": 25, ""HDM"": 9, ""MV"": 6}","[5, 6, 7, 8, 11, 10, 9, 13, 12, 17]",0.006
2024,12,15,7,186,16818,90.42,3,494,215,0.0128,65,150,106,13.0,9.0,160,40,11,4,52,0.0144,"{""IC"": 114, ""S"": 39, ""PYO"": 32, ""HDM"": 13, ""H"": 3, ""MV"": 14}","[6, 5, 7, 9, 10, 8, 20, 13, 15, 22]",0.0071
2024,12,16,1,206,18110,87.91,3,396,203,0.0112,64,139,82,11.74,8.0,155,38,7,3,39,0.0177,"{""IC"": 116, ""S"": 28, ""PYO"": 38, ""HDM"": 17, ""H"": 4}","[5, 6, 7, 8, 10, 9, 15, 12, 11, 16]",0.008
2024,12,17,2,213,18628,87.46,1,196,250,0.0134,95,155,111,11.92,8.0,206,29,10,5,47,0.016,"{""IC"": 135, ""S"": 46, ""PYO"": 34, ""HDM"": 10, ""H"": 5, ""MV"": 20}","[6, 5, 9, 7, 8, 10, 11, 12, 13, 14]",0.0091
2024,12,18,3,207,18406,88.92,14,322,214,0.0116,75,139,164,15.46,8.0,164,27,13,10,39,0.013,"{""IC"": 120, ""S"": 38, ""PYO"": 41, ""HDM"": 10, ""H"": 4, ""MV"": 1}","[5, 8, 6, 7, 9, 10, 11, 13, 15, 12]",0.0099
2024,12,19,4,215,18628,86.64,14,282,211,0.0113,73,138,107,11.03,7.0,174,26,8,3,28,0.0231,"{""IC"": 107, ""S"": 37, ""PYO"": 42, ""HDM"": 8, ""H"": 5, ""MV"": 12}","[5, 7, 6, 8, 10, 9, 12, 11, 17, 15]",0.0108
2024,12,20,5,220,19448,88.4,8,158,182,0.0094,59,123,58,9.27,7.0,159,19,4,0,22,0.0231,"{""IC"": 97, ""S"": 29, ""PYO"": 47, ""H"": 6, ""HDM"": 3}","[5, 7, 6, 8, 9, 12, 11, 10, 13, 17]",0.0112
2024,12,21,6,184,16864,91.65,7,144,105,0.0062,20,85,143,11.05,7.0,90,11,2,2,21,0.0348,"{""S"": 11, ""IC"": 46, ""PYO"": 38, ""HDM"": 3, ""H"": 5, ""MV"": 2}","[5, 6, 7, 13, 11, 9, 12, 8, 18, 14]",0.0108
2024,12,22,7,181,17152,94.76,4,80,100,0.0058,19,81,86,10.71,8.0,85,11,2,2,15,0.0227,"{""IC"": 43, ""S"": 15, ""PYO"": 34, ""HDM"": 4, ""H"": 2, ""MV"": 2}","[5, 6, 7, 8, 9, 11, 10, 13, 12, 15]",0.0098
2024,12,23,1,219,19354,88.37,1,20,121,0.0063,24,97,68,10.82,7.0,100,15,4,2,16,0.0558,"{""IC"": 47, ""S"": 15, ""PYO"": 44, ""HDM"": 7, ""H"": 3, ""MV"": 5}","[5, 6, 7, 8, 14, 9, 10, 13, 15, 16]",0.0091
2024,12,24,2,93,7230,77.74,0,32,35,0.0048,12,23,115,12.46,7.0,29,3,2,1,4,0.0603,"{""S"": 6, ""IC"": 26, ""H"": 1, ""HDM"": 1, ""MV"": 1}","[5, 10, 7, 6, 15, 20, 11, 9, 14, 30]",0.0079
2024,12,25,3,139,12764,91.83,2,12,84,0.0066,18,66,50,11.52,7.5,65,13,6,0,11,0.0341,"{""IC"": 23, ""S"": 18, ""PYO"": 35, ""HDM"": 2, ""H"": 2, ""MV"": 4}","[5, 7, 6, 9, 8, 10, 15, 21, 16, 11]",0.0072
2024,12,26,4,176,16550,94.03,0,0,96,0.0058,17,79,63,9.84,7.0,86,4,5,1,13,0.0497,"{""IC"": 33, ""S"": 11, ""PYO"": 46, ""H"": 3, ""HDM"": 3}","[5, 6, 9, 8, 7, 11, 10, 16, 14, 12]",0.0064
2024,12,27,5,219,19556,89.3,1,116,125,0.0064,22,103,63,10.1,6.0,109,10,5,1,18,0.0396,"{""IC"": 60, ""S"": 16, ""PYO"": 39, ""HDM"": 3, ""H"": 4, ""MV"": 3}","[5, 6, 7, 9, 10, 8, 13, 11, 12, 22]",0.006
2024,12,28,6,182,16564,91.01,0,0,83,0.005,20,63,52,9.47,7.0,68,12,3,0,9,0.051,"{""IC"": 27, ""S"": 9, ""PYO"": 42, ""H"": 3, ""MV"": 2}","[5, 6, 7, 8, 10, 16, 9, 18, 12, 22]",0.0058
2024,12,29,7,178,16460,92.47,0,0,104,0.0063,21,83,30,8.21,7.0,95,8,1,0,11,0.0429,"{""IC"": 46, ""S"": 13, ""PYO"": 35, ""HDM"": 6, ""H"": 2, ""MV"": 2}","[5, 8, 6, 7, 10, 9, 12, 14, 15, 19]",0.0059
2024,12,30,1,206,18516,89.88,0,132,159,0.0086,47,112,61,14.74,10.0,106,32,20,1,16,0.0184,"{""IC"": 74, ""S"": 27, ""PYO"": 47, ""HDM"": 2, ""H"": 3, ""MV"": 6}","[5, 6, 7, 10, 8, 9, 19, 11, 22, 12]",0.0062
2024,12,31,2,217,19348,89.16,0,0,88,0.0045,15,73,29,8.77,6.0,75,13,0,0,7,0.0558,"{""IC"": 33, ""S"": 6, ""PYO"": 43, ""H"": 3, ""HDM"": 1, ""MV"": 2}","[5, 6, 7, 9, 8, 12, 15, 10, 22, 14]",0.0062
2025,1,1,3,178,16904,94.97,0,0,107,0.0063,25,82,108,10.66,7.0,89,15,2,1,12,0.0355,"{""IC"": 47, ""S"": 16, ""PYO"": 37, ""HDM"": 5, ""H"": 2}","[5, 6, 8, 7, 12, 15, 10, 9, 14, 11]",0.0061
2025,1,2,4,210,18878,89.9,0,204,121,0.0064,29,92,222,13.41,7.0,96,17,4,4,12,0.0173,"{""IC"": 49, ""S"": 18, ""PYO"": 38, ""HDM"": 3, ""H"": 3, ""MV"": 10}","[5, 6, 7, 9, 8, 10, 11, 16, 12, 18]",0.0062
2025,1,3,5,220,19480,88.55,0,0,128,0.0066,29,99,133,11.27,6.5,112,10,2,4,22,0.0222,"{""IC"": 54, ""S"": 17, ""PYO"": 44, ""HDM"": 7, ""H"": 3, ""MV"": 2, ""V"": 1}","[5, 6, 7, 8, 10, 9, 11, 12, 16, 20]",0.0062
2025,1,4,6,180,16536,91.87,0,0,101,0.0061,24,77,75,10.29,6.0,87,8,5,1,16,0.0309,"{""IC"": 50, ""S"": 12, ""PYO"": 36, ""H"": 1, ""HDM"": 1, ""MV"": 1}","[5, 6, 7, 8, 10, 12, 9, 29, 13, 30]",0.0064
2025,1,5,7,156,14792,94.82,0,0,102,0.0069,25,77,73,13.12,9.0,77,19,3,3,19,0.0194,"{""IC"": 46, ""S"": 13, ""PYO"": 39, ""HDM"": 3, ""H"": 1}","[5, 6, 11, 9, 10, 8, 13, 7, 29, 14]",0.0065
2025,1,6,1,179,16576,92.6,2,236,100,0.006,20,80,68,9.97,7.0,84,14,1,1,14,0.0336,"{""IC"": 34, ""S"": 14, ""PYO"": 38, ""HDM"": 3, ""H"": 2, ""MV"": 9}","[5, 6, 7, 9, 12, 11, 20, 8, 10, 13]",0.0061
2025,1,7,2,208,18130,87.16,8,98,112,0.0062,32,80,29,8.44,7.0,100,12,0,0,13,0.0351,"{""IC"": 57, ""S"": 12, ""PYO"": 22, ""HDM"": 6, ""H"": 5, ""MV"": 10}","[5, 6, 8, 7, 10, 9, 15, 12, 13, 14]",0.0064
2025,1,8,3,206,17922,87.0,2,10,79,0.0044,24,55,41,8.71,6.0,70,7,2,0,5,0.0399,"{""IC"": 39, ""S"": 10, ""PYO"": 23, ""H"": 4, ""HDM"": 3}","[5, 6, 7, 8, 9, 10, 16, 13, 11, 12]",0.0061
2025,1,9,4,213,17940,84.23,8,58,98,0.0055,24,74,94,9.85,6.0,84,11,2,1,12,0.0354,"{""S"": 16, ""IC"": 46, ""PYO"": 26, ""HDM"": 6, ""H"": 3, ""MV"": 1}","[5, 7, 6, 9, 10, 8, 22, 12, 15, 29]",0.006
2025,1,10,5,223,19060,85.47,8,128,125,0.0066,30,95,225,13.62,7.0,96,16,12,1,18,0.0241,"{""IC"": 66, ""S"": 15, ""PYO"": 30, ""HDM"": 7, ""H"": 4, ""MV"": 3}","[5, 7, 6, 9, 8, 10, 13, 20, 12, 21]",0.006
2025,1,11,6,183,16238,88.73,1,96,106,0.0065,30,76,98,11.59,7.0,91,8,4,3,12,0.0286,"{""S"": 14, ""IC"": 55, ""PYO"": 27, ""HDM"": 2, ""H"": 3, ""MV"": 5}","[5, 6, 8, 7, 9, 12, 11, 10, 15, 14]",0.006
2025,1,12,7,183,15992,87.39,1,2,95,0.0059,20,75,115,8.25,6.0,91,3,0,1,18,0.0292,"{""IC"": 39, ""S"": 21, ""PYO"": 24, ""HDM"": 5, ""H"": 2, ""MV"": 4}","[5, 6, 7, 8, 11, 9, 10, 18, 14, 12]",0.0059
2025,1,13,1,211,17920,84.93,0,0,124,0.0069,32,92,29,8.83,8.0,114,10,0,0,27,0.0223,"{""IC"": 71, ""S"": 19, ""PYO"": 23, ""HDM"": 6, ""H"": 3, ""MV"": 2}","[5, 6, 9, 7, 8, 10, 12, 11, 13, 15]",0.006
2025,1,14,2,213,17936,84.21,2,64,109,0.0061,37,72,54,8.83,6.0,98,7,4,0,10,0.0307,"{""IC"": 56, ""S"": 19, ""PYO"": 25, ""HDM"": 4, ""H"": 2, ""MV"": 3}","[6, 5, 7, 8, 9, 23, 10, 13, 15, 44]",0.006
2025,1,15,3,213,17950,84.27,0,28,123,0.0069,42,81,102,11.2,7.0,104,12,5,2,17,0.0324,"{""IC"": 66, ""S"": 19, ""PYO"": 27, ""HDM"": 9, ""H"": 2}","[5, 6, 7, 8, 9, 13, 10, 11, 19, 42]",0.0063
2025,1,16,4,216,18058,83.6,6,68,106,0.0059,27,79,61,10.27,7.0,86,17,2,1,9,0.0319,"{""IC"": 55, ""S"": 11, ""PYO"": 24, ""HDM"": 3, ""H"": 4, ""MV"": 9}","[5, 7, 6, 8, 9, 12, 15, 13, 10, 20]",0.0064
2025,1,17,5,225,18990,84.4,0,0,103,0.0054,27,76,53,8.65,7.0,94,7,2,0,14,0.0396,"{""IC"": 55, ""S"": 14, ""PYO"": 25, ""HDM"": 3, ""H"": 4, ""MV"": 2}","[5, 6, 7, 9, 8, 11, 10, 12, 13, 21]",0.0062
2025,1,18,6,183,16144,88.22,0,0,82,0.0051,21,61,30,8.66,7.0,74,7,1,0,7,0.0667,"{""IC"": 38, ""S"": 7, ""PYO"": 26, ""H"": 4, ""HDM"": 3, ""MV"": 4}","[5, 7, 6, 8, 9, 11, 10, 25, 13, 12]",0.006
2025,1,19,7,181,15960,88.18,0,0,86,0.0054,20,66,88,12.35,8.0,68,12,4,2,12,0.031,"{""IC"": 37, ""S"": 7, ""PYO"": 31, ""HDM"": 6, ""H"": 3, ""MV"": 2}","[5, 6, 12, 9, 10, 11, 8, 7, 15, 22]",0.006
2025,1,20,1,217,18104,83.43,4,56,99,0.0055,30,69,50,9.24,6.0,84,14,1,0,11,0.0526,"{""IC"": 46, ""S"": 9, ""PYO"": 31, ""H"": 3, ""HDM"": 5, ""MV"": 5}","[5, 6, 7, 8, 9, 10, 19, 14, 21, 22]",0.0058
2025,1,21,2,218,18456,84.66,5,420,120,0.0065,27,93,92,10.29,8.0,105,10,4,1,16,0.0272,"{""IC"": 59, ""S"": 13, ""PYO"": 30, ""HDM"": 6, ""H"": 2, ""MV"": 10}","[5, 6, 8, 7, 10, 9, 14, 11, 12, 16]",0.0058
2025,1,22,3,214,18114,84.64,1,112,90,0.005,27,63,47,9.13,7.0,81,8,1,0,11,0.0378,"{""S"": 15, ""IC"": 38, ""PYO"": 22, ""HDM"": 5, ""H"": 3, ""MV"": 7}","[5, 7, 6, 8, 9, 10, 12, 11, 13, 14]",0.0055
2025,1,23,4,207,17992,86.92,0,8,105,0.0058,29,76,135,11.03,7.0,88,12,4,1,21,0.0228,"{""S"": 13, ""IC"": 55, ""PYO"": 21, ""HDM"": 6, ""H"": 7, ""MV"": 3}","[5, 6, 7, 12, 10, 9, 8, 13, 17, 11]",0.0055
2025,1,24,5,218,19024,87.27,0,0,83,0.0044,20,63,37,8.19,6.0,79,3,1,0,7,0.0406,"{""IC"": 42, ""S"": 8, ""PYO"": 24, ""HDM"": 2, ""H"": 4, ""MV"": 3}","[5, 6, 7, 8, 9, 13, 11, 10, 12, 37]",0.0054
2025,1,25,6,183,16116,88.07,0,0,80,0.005,22,58,21,7.66,6.0,74,6,0,0,7,0.0581,"{""IC"": 39, ""S"": 5, ""PYO"": 29, ""HDM"": 3, ""H"": 2, ""MV"": 2}","[5, 6, 7, 9, 11, 8, 13, 15, 21, 10]",0.0054
2025,1,26,7,182,15980,87.8,1,16,66,0.0041,16,50,20,6.79,6.0,64,2,0,0,3,0.057,"{""S"": 10, ""IC"": 25, ""PYO"": 26, ""H"": 2, ""MV"": 3}","[5, 6, 7, 8, 10, 9, 20, 14, 11, 13]",0.0052
2025,1,27,1,211,17920,84.93,1,30,94,0.0052,29,65,24,8.22,6.0,85,9,0,0,9,0.0432,"{""IC"": 49, ""S"": 9, ""PYO"": 26, ""HDM"": 5, ""H"": 3, ""MV"": 2}","[5, 6, 7, 10, 9, 13, 8, 11, 16, 17]",0.0051
2025,1,28,2,215,17996,83.7,0,0,77,0.0043,24,53,67,9.13,7.0,69,6,1,1,8,0.0468,"{""IC"": 36, ""S"": 7, ""PYO"": 26, ""H"": 3, ""HDM"": 2, ""MV"": 3}","[5, 6, 7, 10, 8, 12, 9, 16, 14, 67]",0.0048
2025,1,29,3,211,17972,85.18,1,42,83,0.0046,23,60,44,8.49,6.0,75,5,3,0,8,0.0383,"{""S"": 17, ""IC"": 38, ""PYO"": 24, ""HDM"": 1, ""H"": 3}","[5, 6, 7, 8, 9, 10, 31, 12, 15, 11]",0.0048
2025,1,30,4,211,18152,86.03,4,118,82,0.0045,26,56,25,7.9,6.0,76,6,0,0,11,0.0498,"{""IC"": 41, ""S"": 11, ""PYO"": 25, ""HDM"": 3, ""H"": 2}","[5, 6, 7, 9, 8, 11, 10, 12, 23, 21]",0.0046
2025,1,31,5,220,19458,88.45,0,0,105,0.0054,27,78,49,9.3,7.0,92,9,4,0,8,0.0499,"{""S"": 24, ""IC"": 43, ""PYO"": 31, ""H"": 3, ""MV"": 4}","[5, 6, 7, 8, 9, 13, 11, 10, 31, 17]",0.0047
2025,2,1,6,183,16524,90.3,0,0,95,0.0057,16,79,63,9.73,7.0,78,15,1,1,7,0.0613,"{""IC"": 35, ""S"": 6, ""PYO"": 49, ""HDM"": 1, ""MV"": 4}","[5, 6, 7, 8, 9, 15, 12, 18, 11, 24]",0.0048
2025,2,2,7,180,15916,88.42,0,0,74,0.0046,17,57,38,8.81,7.0,67,5,2,0,5,0.0501,"{""IC"": 41, ""S"": 8, ""PYO"": 23, ""HDM"": 1, ""MV"": 1}","[5, 6, 7, 9, 13, 8, 11, 10, 15, 38]",0.0049
2025,2,3,1,211,17552,83.18,0,0,79,0.0045,24,55,43,8.67,6.0,73,2,4,0,8,0.0434,"{""IC"": 40, ""S"": 9, ""PYO"": 24, ""HDM"": 3, ""MV"": 3}","[5, 6, 7, 8, 10, 14, 13, 9, 20, 43]",0.0048
2025,2,4,2,214,17574,82.12,1,20,97,0.0055,30,67,31,7.52,6.0,94,2,1,0,13,0.04,"{""IC"": 53, ""S"": 8, ""PYO"": 22, ""HDM"": 12, ""H"": 1, ""MV"": 1}","[5, 6, 7, 9, 10, 8, 14, 13, 12, 11]",0.005
2025,2,5,3,215,17834,82.95,1,20,99,0.0056,27,72,52,9.37,7.0,88,7,4,0,10,0.0314,"{""S"": 18, ""IC"": 50, ""PYO"": 29, ""H"": 1, ""MV"": 1}","[5, 6, 7, 8, 11, 9, 10, 49, 15, 13]",0.0051
2025,2,6,4,218,18062,82.85,5,262,94,0.0052,27,67,48,9.02,7.0,83,9,2,0,8,0.0392,"{""S"": 10, ""IC"": 43, ""PYO"": 36, ""HDM"": 4, ""MV"": 1}","[5, 6, 7, 8, 9, 11, 10, 12, 21, 24]",0.0052
2025,2,7,5,226,19096,84.5,0,0,104,0.0054,31,73,45,9.41,7.0,90,11,3,0,10,0.0402,"{""S"": 14, ""IC"": 46, ""PYO"": 38, ""HDM"": 4, ""H"": 1, ""MV"": 1}","[5, 6, 7, 8, 11, 10, 16, 14, 13, 9]",0.0052
2025,2,8,6,183,16624,90.84,0,0,95,0.0057,22,73,54,9.63,6.0,79,14,2,0,6,0.0562,"{""IC"": 36, ""S"": 11, ""PYO"": 46, ""HDM"": 2}","[5, 6, 7, 13, 9, 8, 17, 10, 11, 15]",0.0052
2025,2,9,7,183,16162,88.32,1,90,60,0.0037,14,46,40,9.42,6.0,50,8,2,0,5,0.0475,"{""IC"": 25, ""S"": 4, ""PYO"": 24, ""HDM"": 2, ""H"": 1, ""MV"": 4}","[5, 6, 8, 7, 14, 10, 20, 9, 15, 26]",0.0051
2025,2,10,1,214,17654,82.5,0,0,72,0.0041,27,45,72,9.01,6.0,65,5,1,1,3,0.0608,"{""S"": 7, ""IC"": 36, ""PYO"": 22, ""HDM"": 3, ""H"": 1, ""MV"": 3}","[5, 6, 7, 8, 10, 27, 9, 16, 72, 46]",0.005
2025,2,11,2,214,17606,82.27,0,0,72,0.0041,16,56,24,7.36,6.0,67,5,0,0,7,0.0537,"{""IC"": 36, ""S"": 6, ""PYO"": 26, ""HDM"": 1, ""MV"": 3}","[5, 6, 7, 8, 10, 15, 9, 13, 24, 12]",0.0048
2025,2,12,3,215,17824,82.9,2,20,83,0.0047,18,65,77,9.95,7.0,70,10,2,1,8,0.045,"{""IC"": 40, ""S"": 9, ""PYO"": 32, ""MV"": 2}","[5, 7, 6, 8, 10, 17, 20, 14, 12, 21]",0.0047
2025,2,13,4,214,17824,83.29,0,0,84,0.0047,21,63,97,10.1,7.0,72,10,1,1,8,0.0425,"{""S"": 13, ""IC"": 43, ""PYO"": 26, ""H"": 1, ""MV"": 1}","[5, 6, 7, 8, 9, 10, 13, 19, 12, 11]",0.0046
2025,2,14,5,226,19176,84.85,0,0,96,0.005,13,83,42,9.41,7.0,83,12,1,0,11,0.0458,"{""IC"": 38, ""S"": 16, ""PYO"": 35, ""H"": 1, ""HDM"": 1, ""MV"": 5}","[5, 6, 7, 10, 9, 8, 13, 15, 11, 12]",0.0046
2025,2,15,6,188,16618,88.39,5,100,97,0.0058,20,77,96,13.84,8.0,76,10,7,4,10,0.0259,"{""IC"": 36, ""S"": 12, ""PYO"": 42, ""HDM"": 2, ""MUS"": 2, ""MV"": 3}","[5, 6, 9, 12, 8, 10, 13, 7, 29, 18]",0.0046
2025,2,16,7,184,16416,89.22,7,404,93,0.0057,21,72,83,10.86,7.0,79,8,5,1,9,0.0247,"{""IC"": 39, ""S"": 13, ""PYO"": 33, ""MV"": 8}","[5, 6, 8, 7, 9, 10, 13, 12, 28, 11]",0.0049
2025,2,17,1,214,18068,84.43,3,188,84,0.0046,20,64,124,11.57,7.0,72,7,3,2,15,0.0333,"{""S"": 9, ""IC"": 35, ""PYO"": 26, ""HDM"": 3, ""H"": 1, ""MV"": 10}","[5, 7, 6, 8, 9, 13, 18, 10, 12, 16]",0.0049
2025,2,18,2,204,17538,85.97,1,20,88,0.005,29,59,27,7.62,6.0,82,6,0,0,7,0.049,"{""IC"": 47, ""S"": 9, ""PYO"": 28, ""H"": 1, ""HDM"": 3}","[5, 6, 8, 7, 9, 13, 12, 10, 21, 14]",0.0051
2025,2,19,3,208,17930,86.2,0,20,97,0.0054,28,69,97,10.72,7.0,81,13,1,2,13,0.0388,"{""IC"": 56, ""S"": 11, ""PYO"": 26, ""HDM"": 2, ""MV"": 2}","[5, 6, 7, 8, 12, 10, 11, 9, 13, 21]",0.0052
2025,2,20,4,210,17914,85.3,4,106,96,0.0054,24,72,55,9.49,6.0,82,11,3,0,10,0.0376,"{""S"": 11, ""IC"": 42, ""PYO"": 35, ""HDM"": 2, ""MV"": 6}","[5, 6, 7, 8, 9, 14, 10, 20, 55, 21]",0.0053
2025,2,21,5,218,19056,87.41,3,60,118,0.0062,31,87,64,9.62,7.0,101,14,2,1,14,0.0419,"{""IC"": 51, ""S"": 22, ""PYO"": 38, ""HDM"": 4, ""H"": 2, ""MV"": 1}","[5, 6, 7, 8, 9, 10, 19, 12, 11, 15]",0.0054
2025,2,22,6,180,16536,91.87,0,0,85,0.0051,19,66,48,9.79,6.0,70,11,4,0,3,0.0748,"{""IC"": 29, ""S"": 7, ""PYO"": 45, ""HDM"": 1, ""MV"": 3}","[5, 6, 7, 8, 11, 17, 14, 10, 25, 15]",0.0053
2025,2,23,7,177,16092,90.92,1,30,86,0.0053,21,65,138,13.8,7.0,74,4,4,4,8,0.0291,"{""S"": 16, ""IC"": 37, ""PYO"": 29, ""H"": 1, ""HDM"": 1, ""MV"": 2}","[5, 6, 7, 9, 8, 12, 14, 10, 11, 122]",0.0053
2025,2,24,1,204,17994,88.21,0,0,82,0.0046,16,66,22,7.74,6.0,74,8,0,0,7,0.0618,"{""IC"": 43, ""S"": 11, ""PYO"": 24, ""H"": 1, ""HDM"": 1, ""MV"": 2}","[5, 6, 7, 11, 9, 8, 10, 16, 18, 20]",0.0053
2025,2,25,2,205,17946,87.54,0,0,77,0.0043,24,53,63,10.55,6.0,65,7,4,1,4,0.048,"{""S"": 8, ""IC"": 36, ""PYO"": 26, ""HDM"": 3, ""H"": 1, ""MV"": 3}","[5, 6, 8, 7, 10, 14, 9, 22, 11, 20]",0.0052
2025,2,26,3,209,18212,87.14,0,0,93,0.0051,26,67,50,9.38,7.0,80,11,2,0,11,0.05,"{""IC"": 43, ""S"": 12, ""PYO"": 30, ""HDM"": 5, ""MV"": 3}","[5, 6, 7, 8, 10, 12, 11, 9, 15, 13]",0.0051
2025,2,27,4,207,18332,88.56,1,92,81,0.0044,22,59,73,9.42,6.0,75,2,2,2,4,0.0422,"{""S"": 9, ""IC"": 26, ""PYO"": 37, ""HDM"": 6, ""H"": 1, ""MV"": 2}","[5, 6, 9, 8, 14, 7, 11, 73, 15, 13]",0.005
2025,2,28,5,219,19420,88.68,0,0,96,0.0049,19,77,74,9.43,6.0,84,8,3,1,8,0.0681,"{""IC"": 39, ""S"": 15, ""PYO"": 37, ""HDM"": 3, ""MV"": 2}","[5, 6, 7, 11, 9, 8, 14, 19, 13, 12]",0.0048
2025,3,1,6,180,16528,91.82,0,0,89,0.0054,20,69,95,10.72,8.0,74,11,3,1,7,0.0579,"{""IC"": 38, ""S"": 9, ""PYO"": 39, ""H"": 1, ""MV"": 2}","[5, 6, 9, 7, 8, 11, 10, 17, 12, 14]",0.0049
2025,3,2,7,175,15934,91.05,0,4,81,0.0051,15,66,31,7.95,7.0,74,6,1,0,6,0.0589,"{""IC"": 34, ""S"": 14, ""PYO"": 26, ""HDM"": 6, ""MV"": 1}","[5, 6, 7, 9, 8, 15, 10, 14, 11, 12]",0.0048
2025,3,3,1,206,18014,87.45,0,32,88,0.0049,18,70,119,13.64,7.0,68,11,7,2,11,0.0328,"{""IC"": 43, ""S"": 9, ""PYO"": 22, ""HDM"": 6, ""H"": 1, ""MV"": 7}","[5, 6, 7, 10, 9, 23, 12, 8, 31, 18]",0.0049
2025,3,4,2,211,17920,84.93,0,18,76,0.0042,22,54,62,8.7,6.0,71,1,3,1,7,0.0663,"{""IC"": 37, ""S"": 14, ""PYO"": 20, ""H"": 2, ""HDM"": 1, ""MV"": 2}","[5, 6, 7, 10, 8, 13, 9, 36, 18, 62]",0.0049
2025,3,5,3,210,18192,86.63,1,24,89,0.0049,21,68,66,9.44,7.0,79,8,1,1,9,0.0486,"{""IC"": 39, ""S"": 9, ""PYO"": 30, ""HDM"": 9, ""H"": 1, ""MV"": 1}","[5, 6, 7, 8, 9, 18, 13, 14, 12, 11]",0.0048
2025,3,6,4,210,18314,87.21,0,0,102,0.0056,29,73,57,9.11,6.0,92,6,4,0,9,0.0467,"{""S"": 4, ""IC"": 47, ""PYO"": 42, ""H"": 2, ""HDM"": 1, ""MV"": 6}","[5, 6, 8, 7, 10, 9, 12, 11, 13, 16]",0.005
2025,3,7,5,222,19598,88.28,1,32,88,0.0045,16,72,38,7.75,6.0,80,6,2,0,5,0.0702,"{""IC"": 31, ""S"": 13, ""PYO"": 34, ""HDM"": 2, ""MUS"": 2, ""MV"": 5, ""V"": 1}","[6, 5, 7, 8, 11, 9, 16, 12, 19, 17]",0.0049
2025,3,8,6,180,16506,91.7,0,0,96,0.0058,20,76,25,9.01,7.0,82,14,0,0,4,0.0686,"{""IC"": 28, ""S"": 14, ""PYO"": 49, ""H"": 1, ""HDM"": 1, ""MV"": 3}","[5, 6, 8, 7, 11, 10, 9, 14, 16, 12]",0.005
2025,3,9,7,176,15956,90.66,0,0,82,0.0051,17,65,64,11.07,7.0,68,8,5,1,12,0.0303,"{""S"": 6, ""IC"": 42, ""PYO"": 29, ""HDM"": 4, ""MV"": 1}","[5, 7, 6, 8, 9, 11, 15, 12, 14, 64]",0.005
2025,3,10,1,203,17896,88.16,0,0,79,0.0044,18,61,60,8.18,6.0,73,5,0,1,5,0.0594,"{""IC"": 32, ""S"": 11, ""PYO"": 30, ""HDM"": 3, ""H"": 3}","[5, 6, 8, 12, 7, 11, 10, 17, 9, 14]",0.0049
2025,3,11,2,206,17934,87.06,0,0,64,0.0036,14,50,24,8.31,6.0,58,6,0,0,5,0.0693,"{""IC"": 27, ""S"": 10, ""PYO"": 23, ""HDM"": 3, ""MV"": 1}","[5, 6, 8, 7, 12, 11, 13, 17, 24, 14]",0.0048
2025,3,12,3,209,18152,86.85,2,4,93,0.0051,24,69,117,9.85,7.0,84,6,2,1,9,0.05,"{""S"": 20, ""IC"": 41, ""PYO"": 25, ""HDM"": 7}","[5, 6, 8, 7, 9, 11, 12, 14, 15, 13]",0.0049
2025,3,13,4,208,18222,87.61,1,26,85,0.0047,13,72,96,11.08,7.0,74,6,4,1,11,0.0507,"{""IC"": 38, ""S"": 6, ""PYO"": 34, ""HDM"": 4, ""MV"": 3}","[5, 6, 8, 7, 10, 9, 11, 13, 12, 51]",0.0047
2025,3,14,5,222,19514,87.9,2,90,118,0.006,29,89,133,11.18,6.5,104,8,2,4,8,0.0292,"{""S"": 16, ""IC"": 52, ""PYO"": 44, ""HDM"": 2, ""MV"": 4}","[5, 6, 7, 8, 9, 12, 11, 19, 14, 10]",0.005
2025,3,15,6,183,16624,90.84,0,0,89,0.0054,16,73,35,8.65,7.0,79,9,1,0,6,0.055,"{""IC"": 27, ""S"": 10, ""PYO"": 46, ""HDM"": 1, ""MV"": 5}","[5, 6, 8, 7, 9, 10, 12, 18, 13, 16]",0.0049
2025,3,16,7,175,15948,91.13,0,0,68,0.0043,15,53,29,8.03,6.0,63,5,0,0,8,0.0533,"{""IC"": 32, ""S"": 10, ""PYO"": 19, ""HDM"": 7}","[5, 6, 7, 9, 8, 10, 12, 11, 14, 13]",0.0048
2025,3,17,1,204,17910,87.79,0,0,59,0.0033,13,46,58,9.61,7.0,52,5,2,0,3,0.0566,"{""S"": 9, ""IC"": 26, ""PYO"": 20, ""HDM"": 3, ""MV"": 1}","[5, 7, 9, 6, 8, 13, 10, 17, 30, 12]",0.0046
2025,3,18,2,206,17946,87.12,2,40,82,0.0046,25,57,49,9.68,6.0,70,8,4,0,11,0.0539,"{""S"": 12, ""IC"": 44, ""PYO"": 22, ""HDM"": 4}","[5, 6, 7, 8, 11, 20, 10, 9, 15, 13]",0.0048
2025,3,19,3,205,18152,88.55,0,0,75,0.0041,19,56,188,10.37,6.0,68,5,1,1,5,0.0368,"{""IC"": 36, ""S"": 10, ""PYO"": 28, ""HDM"": 1}","[5, 6, 7, 9, 12, 10, 8, 11, 36, 14]",0.0046
2025,3,20,4,214,18550,86.68,13,756,218,0.0118,70,148,337,22.55,10.0,149,35,16,18,34,0.0193,"{""IC"": 122, ""S"": 28, ""PYO"": 50, ""HDM"": 10, ""H"": 2, ""MV"": 6}","[5, 6, 8, 7, 10, 12, 11, 14, 13, 9]",0.0056
2025,3,21,5,222,19502,87.85,1,30,119,0.0061,25,94,69,9.98,6.0,102,11,4,2,21,0.0397,"{""IC"": 46, ""S"": 17, ""PYO"": 40, ""HDM"": 9, ""H"": 2, ""MV"": 5}","[5, 6, 7, 11, 9, 10, 8, 14, 30, 16]",0.0057
2025,3,22,6,182,16618,91.31,0,108,101,0.0061,28,73,212,11.46,7.0,89,9,1,2,6,0.0428,"{""IC"": 40, ""S"": 13, ""PYO"": 43, ""MV"": 5}","[5, 6, 7, 9, 8, 12, 14, 11, 10, 22]",0.0058
2025,3,23,7,179,16184,90.41,1,258,88,0.0054,14,74,37,9.68,7.0,74,11,3,0,11,0.0443,"{""IC"": 45, ""S"": 8, ""PYO"": 28, ""HDM"": 4, ""MV"": 3}","[5, 6, 8, 7, 10, 9, 14, 20, 13, 21]",0.0059
2025,3,24,1,203,17904,88.2,0,0,69,0.0039,17,52,46,8.55,6.0,62,5,2,0,6,0.0512,"{""IC"": 32, ""S"": 13, ""PYO"": 21, ""HDM"": 3}","[5, 6, 7, 9, 8, 12, 15, 10, 17, 14]",0.006
2025,3,25,2,204,17906,87.77,0,0,84,0.0047,16,68,28,7.73,6.0,80,4,0,0,7,0.0731,"{""IC"": 35, ""S"": 11, ""PYO"": 30, ""HDM"": 6, ""H"": 2}","[5, 6, 7, 9, 8, 10, 11, 14, 25, 28]",0.006
2025,3,26,3,208,18046,86.76,0,0,75,0.0042,19,56,21,7.52,6.0,71,4,0,0,5,0.0719,"{""IC"": 33, ""S"": 6, ""PYO"": 30, ""HDM"": 3, ""MV"": 3}","[5, 6, 9, 12, 7, 8, 13, 10, 11, 19]",0.006
2025,3,27,4,204,17914,87.81,0,0,79,0.0044,23,56,23,7.56,6.0,75,4,0,0,5,0.0612,"{""IC"": 41, ""S"": 12, ""PYO"": 25, ""HDM"": 1}","[5, 6, 7, 8, 10, 9, 11, 12, 17, 15]",0.005
2025,3,28,5,217,19392,89.36,0,0,89,0.0046,18,71,85,10.94,7.0,73,12,2,2,6,0.0368,"{""IC"": 42, ""S"": 19, ""PYO"": 28}","[5, 6, 8, 7, 9, 20, 15, 12, 10, 21]",0.0048
2025,3,29,6,188,16868,89.72,1,212,112,0.0066,29,83,165,13.65,8.0,91,13,5,3,9,0.0361,"{""IC"": 46, ""S"": 16, ""PYO"": 44, ""HDM"": 2, ""MUS"": 2, ""MV"": 2}","[5, 6, 8, 10, 7, 9, 12, 13, 14, 17]",0.0048
2025,3,30,7,177,16298,92.08,1,92,80,0.0049,13,67,80,11.4,8.0,62,14,2,2,8,0.0502,"{""IC"": 33, ""S"": 11, ""PYO"": 28, ""HDM"": 3, ""H"": 1, ""MV"": 4}","[5, 6, 7, 8, 9, 15, 10, 12, 18, 17]",0.0048
2025,3,31,1,204,17996,88.22,1,92,84,0.0047,27,57,57,10.25,7.0,72,7,5,0,8,0.0403,"{""IC"": 36, ""S"": 11, ""PYO"": 31, ""HDM"": 6}","[5, 6, 8, 7, 9, 11, 10, 21, 34, 15]",0.0049
2025,4,1,2,205,17920,87.41,0,24,91,0.0051,27,64,52,10.19,7.0,76,10,5,0,9,0.0497,"{""IC"": 33, ""S"": 21, ""PYO"": 29, ""HDM"": 5, ""H"": 2, ""MV"": 1}","[5, 6, 7, 9, 8, 10, 12, 11, 18, 31]",0.0049
2025,4,2,3,210,17998,85.7,1,14,66,0.0037,14,52,68,8.73,7.0,61,4,0,1,4,0.0595,"{""IC"": 32, ""S"": 7, ""PYO"": 25, ""HDM"": 1, ""V"": 1}","[5, 8, 6, 7, 9, 10, 12, 19, 11, 16]",0.0049
2025,4,3,4,209,18176,86.97,0,60,109,0.006,36,73,61,10.16,7.0,94,10,4,1,9,0.034,"{""S"": 11, ""IC"": 61, ""PYO"": 27, ""HDM"": 2, ""MV"": 6, ""V"": 2}","[5, 6, 7, 9, 8, 14, 10, 13, 11, 16]",0.0051
2025,4,4,5,226,19864,87.89,0,0,81,0.0041,20,61,61,9.47,7.0,68,11,1,1,5,0.0605,"{""IC"": 24, ""S"": 15, ""PYO"": 31, ""HDM"": 5, ""MV"": 3, ""V"": 3}","[5, 6, 7, 8, 13, 9, 19, 20, 15, 10]",0.005
2025,4,5,6,185,16790,90.76,0,0,108,0.0064,27,81,35,9.98,7.0,90,14,4,0,3,0.0647,"{""IC"": 34, ""S"": 10, ""PYO"": 49, ""HDM"": 1, ""MV"": 3, ""V"": 11}","[5, 7, 6, 10, 9, 8, 19, 14, 11, 13]",0.005
2025,4,6,7,175,15948,91.13,0,0,82,0.0051,14,68,39,9.33,7.0,71,10,1,0,12,0.0408,"{""S"": 14, ""IC"": 44, ""PYO"": 22, ""HDM"": 2}","[5, 6, 7, 10, 8, 11, 13, 17, 9, 14]",0.005
2025,4,7,1,203,17904,88.2,0,0,78,0.0044,19,59,63,8.6,6.0,72,4,1,1,6,0.0764,"{""IC"": 29, ""S"": 13, ""PYO"": 28, ""HDM"": 7, ""H"": 1}","[5, 6, 7, 8, 10, 12, 9, 21, 14, 18]",0.005
2025,4,8,2,204,17906,87.77,0,0,69,0.0039,10,59,29,8.81,7.0,60,9,0,0,8,0.0605,"{""IC"": 27, ""S"": 17, ""PYO"": 24, ""H"": 1}","[5, 6, 7, 9, 13, 11, 8, 18, 10, 12]",0.0048
2025,4,9,3,205,17932,87.47,0,114,67,0.0037,10,57,94,12.78,7.0,54,7,3,3,5,0.0692,"{""IC"": 27, ""S"": 8, ""PYO"": 28, ""HDM"": 3, ""MV"": 1}","[5, 6, 7, 8, 13, 18, 9, 10, 11, 15]",0.0048
2025,4,10,4,212,18118,85.46,1,34,73,0.004,12,61,121,11.74,6.0,64,6,1,2,10,0.051,"{""IC"": 32, ""S"": 11, ""PYO"": 24, ""HDM"": 2, ""H"": 1, ""MV"": 3}","[5, 6, 7, 8, 9, 14, 10, 13, 11, 24]",0.0045
2025,4,11,5,223,19752,88.57,2,290,140,0.0071,34,106,106,15.11,9.0,94,34,7,5,21,0.0285,"{""IC"": 71, ""S"": 19, ""PYO"": 35, ""HDM"": 9, ""MV"": 6}","[5, 6, 7, 9, 8, 16, 11, 10, 19, 12]",0.0049
2025,4,12,6,181,16598,91.7,0,0,86,0.0052,13,73,38,10.3,8.0,70,14,2,0,9,0.0534,"{""IC"": 26, ""S"": 9, ""PYO"": 43, ""HDM"": 4, ""MV"": 4}","[5, 8, 6, 7, 9, 12, 18, 21, 13, 14]",0.0048
2025,4,13,7,176,16006,90.94,0,0,90,0.0056,20,70,42,8.4,6.0,83,6,1,0,11,0.0495,"{""IC"": 43, ""S"": 10, ""PYO"": 28, ""HDM"": 6, ""H"": 1, ""MV"": 2}","[5, 6, 7, 11, 12, 8, 9, 14, 10, 42]",0.0048
2025,4,14,1,204,17918,87.83,0,0,103,0.0057,32,71,27,8.75,7.0,93,10,0,0,14,0.0587,"{""IC"": 59, ""S"": 14, ""PYO"": 19, ""HDM"": 10, ""MV"": 1}","[5, 6, 8, 7, 9, 11, 10, 12, 13, 15]",0.005
2025,4,15,2,204,17906,87.77,0,0,67,0.0037,12,55,54,8.42,6.0,62,2,3,0,6,0.0632,"{""IC"": 27, ""S"": 13, ""PYO"": 25, ""HDM"": 2}","[5, 6, 9, 8, 7, 11, 12, 15, 10, 14]",0.005
2025,4,16,3,209,18568,88.84,2,60,118,0.0064,24,94,75,12.03,7.0,96,13,5,4,16,0.0422,"{""IC"": 51, ""S"": 19, ""PYO"": 33, ""HDM"": 3, ""MV"": 12}","[5, 6, 7, 8, 10, 9, 14, 27, 13, 18]",0.0054
2025,4,17,4,217,19274,88.82,1,14,116,0.006,28,88,56,9.33,7.0,104,9,3,0,11,0.05,"{""IC"": 52, ""S"": 17, ""PYO"": 44, ""HDM"": 3}","[5, 6, 7, 14, 8, 9, 10, 12, 19, 16]",0.0057
2025,4,18,5,181,16952,93.66,0,0,80,0.0047,9,71,119,10.86,7.0,70,6,3,1,6,0.0567,"{""S"": 9, ""IC"": 33, ""PYO"": 36, ""HDM"": 2}","[5, 6, 7, 8, 12, 10, 9, 11, 38, 13]",0.0053
2025,4,19,6,184,16364,88.93,0,0,110,0.0067,21,89,34,9.16,7.0,96,13,1,0,6,0.0512,"{""IC"": 38, ""S"": 17, ""PYO"": 46, ""MUS"": 2, ""MV"": 3, ""V"": 4}","[5, 6, 7, 9, 8, 10, 12, 16, 11, 14]",0.0055
2025,4,20,7,162,14944,92.25,0,0,99,0.0066,19,80,73,9.0,7.0,88,10,0,1,12,0.0405,"{""IC"": 40, ""S"": 6, ""PYO"": 46, ""HDM"": 5, ""MUS"": 1, ""MV"": 1}","[5, 6, 7, 8, 9, 10, 15, 11, 13, 21]",0.0057
2025,4,21,1,177,16422,92.78,0,8,92,0.0056,13,79,82,9.62,6.5,81,9,0,2,7,0.0642,"{""IC"": 35, ""S"": 11, ""PYO"": 39, ""HDM"": 6, ""H"": 1}","[6, 5, 9, 7, 8, 15, 10, 12, 14, 17]",0.0057
2025,4,22,2,202,17652,87.39,0,0,86,0.0049,24,62,26,8.59,7.5,76,10,0,0,12,0.0482,"{""IC"": 43, ""S"": 12, ""PYO"": 25, ""HDM"": 6}","[5, 6, 8, 7, 9, 10, 11, 16, 12, 15]",0.0058
2025,4,23,3,203,17674,87.06,0,0,75,0.0042,18,57,59,8.45,7.0,69,5,1,0,6,0.0549,"{""IC"": 37, ""S"": 11, ""PYO"": 19, ""HDM"": 8}","[5, 7, 6, 10, 8, 9, 11, 20, 12, 14]",0.0055
2025,4,24,4,205,17722,86.45,0,0,67,0.0038,13,54,28,8.24,7.0,61,6,0,0,4,0.0497,"{""IC"": 38, ""S"": 4, ""PYO"": 22, ""HDM"": 3}","[5, 6, 7, 8, 10, 9, 11, 14, 27, 28]",0.0052
2025,4,25,5,216,18820,87.13,0,0,91,0.0048,16,75,68,9.24,7.0,85,2,3,1,12,0.0506,"{""IC"": 45, ""S"": 20, ""PYO"": 18, ""HDM"": 7, ""H"": 1}","[6, 5, 7, 8, 9, 11, 10, 14, 20, 12]",0.0052
2025,4,26,6,200,15188,75.94,0,0,79,0.0052,14,65,130,13.78,8.0,64,10,3,2,16,0.0425,"{""IC"": 28, ""S"": 9, ""PYO"": 29, ""HDM"": 7, ""MUS"": 3, ""MV"": 3}","[5, 6, 7, 8, 10, 11, 16, 14, 26, 9]",0.005
2025,4,27,7,180,15832,87.96,0,0,132,0.0083,37,95,56,10.88,7.0,104,20,8,0,22,0.0249,"{""IC"": 76, ""S"": 16, ""PYO"": 22, ""HDM"": 10, ""H"": 1, ""MUS"": 5, ""MV"": 2}","[5, 6, 7, 8, 9, 12, 17, 10, 19, 24]",0.0053
2025,4,28,1,202,17660,87.43,0,0,89,0.005,21,68,27,8.4,6.0,81,8,0,0,12,0.0585,"{""IC"": 47, ""S"": 12, ""PYO"": 18, ""HDM"": 12}","[5, 6, 8, 7, 9, 14, 12, 11, 13, 10]",0.0052
2025,4,29,2,209,17826,85.29,0,0,70,0.0039,18,52,69,8.93,6.5,64,5,0,1,8,0.0769,"{""S"": 14, ""IC"": 23, ""PYO"": 23, ""HDM"": 3, ""H"": 4, ""MV"": 3}","[5, 6, 7, 8, 9, 10, 13, 18, 20, 27]",0.005
2025,4,30,3,216,18670,86.44,0,0,48,0.0026,7,41,66,10.17,7.0,40,7,0,1,7,0.0566,"{""IC"": 18, ""S"": 9, ""PYO"": 17, ""H"": 1, ""MV"": 3}","[5, 7, 6, 9, 12, 18, 66, 17, 8, 24]",0.0048
2025,5,1,4,190,16396,86.29,0,0,50,0.003,12,38,49,8.56,6.5,47,2,1,0,5,0.104,"{""IC"": 19, ""S"": 4, ""PYO"": 20, ""HDM"": 4, ""MUS"": 1, ""V"": 2}","[5, 6, 7, 8, 11, 9, 13, 12, 10, 14]",0.0047
2025,5,2,5,222,19036,85.75,4,242,76,0.004,12,64,47,8.05,6.5,73,2,1,0,12,0.0467,"{""IC"": 30, ""S"": 15, ""PYO"": 20, ""HDM"": 3, ""MV"": 8}","[5, 6, 7, 8, 11, 9, 10, 13, 14, 15]",0.0046
2025,5,3,6,193,13004,67.38,2,60,31,0.0024,8,23,29,9.06,6.0,25,6,0,0,7,0.071,"{""S"": 6, ""IC"": 17, ""HDM"": 3, ""MV"": 5}","[5, 6, 17, 8, 7, 24, 29, 10, 15, 26]",0.0042
2025,5,4,7,199,13504,67.86,2,172,110,0.0081,29,81,101,11.9,7.0,91,11,5,3,23,0.0238,"{""IC"": 64, ""S"": 8, ""PYO"": 24, ""HDM"": 7, ""H"": 2, ""MV"": 5}","[5, 6, 7, 8, 9, 11, 12, 17, 13, 10]",0.0041
2025,5,5,1,206,16788,81.5,1,8,50,0.003,14,36,44,7.98,6.0,46,3,1,0,4,0.0487,"{""IC"": 31, ""S"": 6, ""PYO"": 6, ""HDM"": 2, ""MV"": 4, ""V"": 1}","[5, 6, 7, 10, 8, 9, 44, 20, 16, 17]",0.0039
2025,5,6,2,206,16702,81.08,2,84,59,0.0035,7,52,42,11.49,8.0,46,10,3,0,14,0.0462,"{""IC"": 40, ""S"": 3, ""PYO"": 6, ""HDM"": 4, ""H"": 1, ""MV"": 5}","[6, 5, 8, 13, 7, 19, 9, 11, 14, 22]",0.0038
2025,5,7,3,202,16830,83.32,5,76,54,0.0032,12,42,38,8.85,7.0,48,5,1,0,7,0.0453,"{""IC"": 28, ""S"": 8, ""PYO"": 13, ""HDM"": 3, ""MV"": 2}","[5, 7, 6, 9, 13, 12, 10, 18, 38, 8]",0.0039
2025,5,8,4,208,17422,83.76,3,64,72,0.0041,21,51,73,10.57,6.5,62,6,3,1,7,0.044,"{""S"": 9, ""IC"": 42, ""PYO"": 18, ""HDM"": 2, ""MV"": 1}","[5, 6, 7, 9, 8, 10, 12, 11, 14, 13]",0.004
2025,5,9,5,222,18618,83.86,4,136,95,0.0051,30,65,76,9.97,7.0,84,6,3,2,7,0.057,"{""IC"": 48, ""S"": 14, ""PYO"": 27, ""HDM"": 2, ""MUS"": 2, ""MV"": 2}","[5, 6, 7, 9, 12, 13, 10, 8, 18, 20]",0.0042
2025,5,10,6,188,12434,66.14,2,40,41,0.0033,17,24,29,7.88,6.0,37,4,0,0,7,0.0662,"{""IC"": 19, ""S"": 10, ""HDM"": 4, ""MV"": 8}","[5, 6, 7, 19, 8, 9, 10, 14, 11, 29]",0.0043
2025,5,11,7,197,14208,72.12,2,34,93,0.0065,31,62,85,8.76,6.0,85,5,2,1,14,0.0573,"{""IC"": 37, ""S"": 16, ""PYO"": 28, ""HDM"": 6, ""MV"": 6}","[6, 5, 7, 9, 8, 12, 10, 11, 16, 30]",0.0041
2025,5,12,1,188,16282,86.61,0,0,61,0.0037,25,36,86,9.85,6.0,54,4,2,1,7,0.0364,"{""IC"": 40, ""S"": 7, ""PYO"": 7, ""HDM"": 4, ""MV"": 3}","[5, 6, 7, 9, 11, 10, 23, 26, 86, 57]",0.0042
2025,5,13,2,209,16766,80.22,2,134,88,0.0052,31,57,173,12.17,6.0,77,5,3,3,18,0.0333,"{""IC"": 51, ""S"": 11, ""PYO"": 9, ""HDM"": 5, ""H"": 3, ""MV"": 9}","[5, 6, 7, 8, 9, 10, 15, 13, 26, 55]",0.0044
2025,5,14,3,204,16802,82.36,2,24,119,0.0071,36,83,75,9.77,6.0,101,14,2,2,15,0.0294,"{""IC"": 83, ""S"": 17, ""PYO"": 11, ""HDM"": 6, ""H"": 1, ""MV"": 1}","[5, 6, 7, 9, 8, 10, 11, 13, 24, 18]",0.005
2025,5,15,4,216,17682,81.86,2,190,118,0.0067,40,78,255,11.73,7.0,103,9,3,3,19,0.0506,"{""S"": 16, ""IC"": 63, ""PYO"": 19, ""HDM"": 8, ""MUS"": 1, ""MV"": 8, ""V"": 3}","[5, 6, 7, 8, 9, 14, 11, 10, 20, 30]",0.0054
2025,5,16,5,221,18498,83.7,1,64,99,0.0054,38,61,26,8.34,6.0,88,11,0,0,13,0.0518,"{""IC"": 55, ""S"": 19, ""PYO"": 16, ""HDM"": 4, ""MUS"": 3, ""MV"": 2}","[6, 5, 7, 8, 10, 11, 9, 26, 22, 15]",0.0054
2025,5,17,6,196,13690,69.85,3,32,77,0.0056,25,52,27,8.16,7.0,69,8,0,0,15,0.0472,"{""IC"": 51, ""S"": 17, ""HDM"": 4, ""PYO"": 1, ""MUS"": 3, ""MV"": 1}","[5, 6, 7, 8, 10, 19, 12, 9, 21, 27]",0.0057
2025,5,18,7,189,13868,73.38,0,0,102,0.0074,31,71,35,8.17,6.0,92,9,1,0,15,0.0505,"{""IC"": 55, ""S"": 13, ""PYO"": 28, ""HDM"": 3, ""H"": 2, ""MV"": 1}","[5, 6, 7, 9, 8, 14, 18, 10, 19, 16]",0.0059
2025,5,19,1,208,17406,83.68,0,0,102,0.0059,36,66,98,11.42,7.0,87,9,4,2,19,0.0282,"{""IC"": 60, ""S"": 17, ""PYO"": 13, ""HDM"": 7, ""MV"": 5}","[5, 6, 7, 8, 13, 9, 10, 11, 14, 18]",0.0062
2025,5,20,2,191,16862,88.28,1,98,84,0.005,37,47,21,7.87,6.0,79,5,0,0,6,0.0516,"{""IC"": 54, ""S"": 11, ""PYO"": 14, ""H"": 1, ""HDM"": 4}","[5, 6, 8, 7, 11, 9, 12, 10, 13, 21]",0.0062
2025,5,21,3,218,17910,82.16,3,226,122,0.0068,37,85,45,9.46,7.0,104,14,4,0,21,0.031,"{""IC"": 63, ""S"": 24, ""PYO"": 17, ""HDM"": 5, ""MV"": 13}","[5, 6, 7, 10, 8, 9, 22, 11, 12, 16]",0.0061
2025,5,22,4,209,17482,83.65,2,140,78,0.0045,23,55,29,8.08,6.0,72,6,0,0,8,0.0677,"{""S"": 14, ""IC"": 42, ""PYO"": 17, ""HDM"": 3, ""MV"": 2}","[5, 6, 7, 9, 11, 8, 27, 10, 12, 21]",0.0058
2025,5,23,5,227,18732,82.52,5,128,154,0.0082,50,104,143,10.21,7.0,139,12,1,2,17,0.041,"{""IC"": 95, ""S"": 27, ""PYO"": 19, ""HDM"": 7, ""H"": 1, ""MV"": 5}","[5, 6, 7, 9, 11, 12, 8, 14, 17, 15]",0.0062
2025,5,24,6,190,13376,70.4,0,94,53,0.004,20,33,30,7.75,6.0,49,3,1,0,6,0.057,"{""IC"": 30, ""S"": 14, ""HDM"": 6, ""PYO"": 2, ""MV"": 1}","[6, 5, 8, 7, 9, 12, 11, 19, 30, 10]",0.006
2025,5,25,7,195,14208,72.86,1,116,85,0.006,33,52,209,11.06,6.0,76,5,3,1,10,0.0546,"{""IC"": 43, ""S"": 9, ""PYO"": 23, ""HDM"": 4, ""MV"": 6}","[6, 5, 7, 8, 9, 12, 14, 13, 209, 31]",0.0058
2025,5,26,1,212,17810,84.01,2,220,148,0.0083,46,102,199,20.14,7.5,111,15,9,13,29,0.0155,"{""IC"": 90, ""S"": 28, ""PYO"": 18, ""HDM"": 5, ""H"": 1, ""MV"": 6}","[5, 6, 7, 9, 8, 14, 15, 12, 10, 16]",0.0061
2025,5,27,2,206,17532,85.11,2,76,86,0.0049,33,53,79,7.64,6.0,83,2,0,1,7,0.0622,"{""IC"": 48, ""S"": 22, ""PYO"": 14, ""HDM"": 2}","[5, 6, 7, 9, 8, 10, 13, 15, 29, 79]",0.0061
2025,5,28,3,217,18722,86.28,0,0,119,0.0064,37,82,42,8.82,7.0,106,10,3,0,11,0.0441,"{""IC"": 70, ""S"": 28, ""PYO"": 17, ""HDM"": 1, ""MV"": 3}","[5, 6, 7, 9, 10, 12, 8, 11, 18, 14]",0.006
2025,5,29,4,187,15512,82.95,1,116,97,0.0063,26,71,72,10.82,7.0,79,11,6,1,14,0.0521,"{""IC"": 46, ""S"": 15, ""PYO"": 23, ""HDM"": 3, ""H"": 1, ""MUS"": 2, ""MV"": 7}","[5, 6, 7, 10, 8, 18, 11, 13, 14, 9]",0.0063
2025,5,30,5,223,18926,84.87,0,0,92,0.0049,19,73,31,8.4,7.0,85,6,1,0,8,0.0504,"{""IC"": 41, ""S"": 14, ""PYO"": 27, ""HDM"": 4, ""H"": 1, ""MUS"": 2, ""MV"": 3}","[5, 6, 7, 12, 8, 10, 9, 11, 15, 14]",0.0058
2025,5,31,6,194,13554,69.87,2,24,39,0.0029,11,28,23,8.0,6.0,36,3,0,0,2,0.0788,"{""IC"": 22, ""S"": 9, ""HDM"": 1, ""MUS"": 1, ""MV"": 5, ""V"": 1}","[5, 6, 7, 10, 8, 12, 11, 18, 13, 9]",0.0057
2025,6,1,7,195,14830,76.05,0,0,71,0.0048,15,56,51,9.04,6.0,64,5,2,0,12,0.0517,"{""IC"": 35, ""S"": 10, ""PYO"": 18, ""HDM"": 2, ""MUS"": 6}","[5, 6, 7, 10, 9, 8, 13, 16, 19, 28]",0.0055
2025,6,2,1,205,17526,85.49,0,0,85,0.0048,11,74,40,8.67,6.0,72,11,2,0,15,0.0462,"{""IC"": 44, ""S"": 17, ""PYO"": 12, ""HDM"": 7, ""H"": 1, ""MUS"": 3, ""MV"": 1}","[5, 6, 8, 7, 9, 12, 20, 10, 18, 16]",0.005
2025,6,3,2,206,17408,84.5,0,32,84,0.0048,14,70,112,10.85,6.5,70,11,2,1,10,0.0446,"{""IC"": 48, ""S"": 9, ""PYO"": 19, ""HDM"": 6, ""H"": 2}","[6, 5, 9, 8, 7, 12, 10, 17, 18, 112]",0.005
2025,6,4,3,211,17878,84.73,3,216,70,0.0039,14,56,137,12.26,6.0,58,8,1,3,5,0.0608,"{""IC"": 32, ""S"": 6, ""PYO"": 26, ""HDM"": 2, ""MV"": 4}","[5, 6, 7, 12, 10, 9, 11, 20, 8, 22]",0.0046
2025,6,5,4,211,17956,85.1,3,212,72,0.004,17,55,26,8.54,7.0,62,10,0,0,6,0.0487,"{""IC"": 34, ""S"": 10, ""PYO"": 20, ""HDM"": 3, ""MV"": 5}","[5, 6, 7, 9, 8, 11, 12, 15, 18, 10]",0.0043
2025,6,6,5,231,19064,82.53,1,100,108,0.0057,26,82,54,9.54,7.0,92,14,2,0,13,0.0439,"{""S"": 18, ""IC"": 55, ""PYO"": 18, ""HDM"": 8, ""MUS"": 4, ""MV"": 2, ""V"": 3}","[5, 6, 7, 8, 9, 11, 10, 22, 13, 17]",0.0044
2025,6,7,6,188,15510,82.5,2,44,78,0.005,12,66,53,9.49,7.0,67,9,2,0,7,0.072,"{""IC"": 25, ""S"": 10, ""PYO"": 23, ""HDM"": 4, ""MUS"": 14, ""MV"": 2}","[6, 5, 7, 8, 10, 11, 16, 9, 13, 18]",0.0047
2025,6,8,7,184,15936,86.61,0,0,97,0.0061,24,73,301,14.04,6.0,82,9,1,5,18,0.0369,"{""IC"": 60, ""S"": 11, ""PYO"": 13, ""HDM"": 7, ""MUS"": 3, ""MV"": 1, ""V"": 2}","[5, 6, 7, 9, 8, 10, 11, 12, 16, 20]",0.0049
2025,6,9,1,212,18022,85.01,4,288,89,0.0049,14,75,34,9.09,7.0,76,12,1,0,13,0.0441,"{""IC"": 52, ""S"": 12, ""PYO"": 21, ""HDM"": 1, ""MUS"": 2, ""MV"": 1}","[5, 6, 7, 10, 12, 9, 11, 13, 25, 15]",0.0049
2025,6,10,2,206,17626,85.56,1,46,94,0.0053,18,76,75,9.94,6.0,81,9,3,1,15,0.0306,"{""IC"": 50, ""S"": 9, ""PYO"": 25, ""HDM"": 6, ""H"": 1, ""MV"": 3}","[5, 6, 9, 8, 7, 11, 10, 13, 16, 12]",0.005
2025,6,11,3,208,17720,85.19,2,40,88,0.005,24,64,84,10.67,6.0,74,8,4,2,9,0.04,"{""IC"": 41, ""S"": 9, ""PYO"": 24, ""HDM"": 3, ""H"": 1, ""MV"": 10}","[5, 6, 7, 9, 8, 24, 17, 58, 12, 62]",0.0051
2025,6,12,4,212,17870,84.29,1,76,121,0.0068,37,84,45,9.9,8.0,104,15,2,0,18,0.0351,"{""IC"": 68, ""S"": 20, ""PYO"": 17, ""HDM"": 5, ""H"": 3, ""MUS"": 2, ""MV"": 6}","[5, 6, 9, 7, 8, 12, 10, 11, 13, 15]",0.0055
2025,6,13,5,224,18792,83.89,0,0,132,0.007,32,100,61,9.2,7.0,113,15,3,1,15,0.0382,"{""IC"": 69, ""S"": 23, ""PYO"": 28, ""HDM"": 5, ""H"": 1, ""MV"": 6}","[5, 6, 7, 8, 10, 13, 20, 15, 11, 9]",0.0057
2025,6,14,6,198,16092,81.27,1,30,86,0.0053,19,67,105,12.73,6.5,72,8,1,5,10,0.0408,"{""IC"": 34, ""S"": 11, ""PYO"": 29, ""H"": 1, ""HDM"": 2, ""MUS"": 3, ""MV"": 5, ""V"": 1}","[5, 6, 7, 8, 12, 10, 9, 20, 13, 21]",0.0058
2025,6,15,7,187,16088,86.03,0,0,153,0.0095,35,118,181,15.28,8.0,117,26,3,7,22,0.0185,"{""IC"": 85, ""S"": 24, ""PYO"": 26, ""HDM"": 7, ""H"": 1, ""MUS"": 6, ""MV"": 3, ""V"": 1}","[5, 6, 7, 8, 10, 11, 9, 14, 13, 16]",0.0063
2025,6,16,1,207,17760,85.8,0,0,106,0.006,25,81,121,11.53,7.0,95,5,2,4,16,0.0393,"{""IC"": 48, ""S"": 16, ""PYO"": 22, ""HDM"": 7, ""H"": 2, ""MV"": 11}","[5, 6, 8, 9, 11, 7, 10, 13, 12, 14]",0.0064
2025,6,17,2,214,18186,84.98,5,300,98,0.0054,19,79,70,13.35,7.0,73,13,9,3,13,0.038,"{""IC"": 50, ""S"": 13, ""PYO"": 25, ""HDM"": 6, ""MV"": 4}","[5, 6, 10, 7, 8, 11, 9, 14, 18, 34]",0.0064
2025,6,18,3,216,17974,83.21,5,140,105,0.0058,26,79,48,8.6,7.0,96,6,3,0,17,0.0513,"{""IC"": 45, ""S"": 14, ""PYO"": 23, ""HDM"": 8, ""MV"": 15}","[5, 6, 8, 7, 9, 18, 13, 12, 11, 10]",0.0065
2025,6,19,4,225,19128,85.01,2,86,131,0.0068,32,99,59,9.33,6.0,115,13,3,0,11,0.0497,"{""IC"": 63, ""S"": 28, ""PYO"": 22, ""HDM"": 8, ""MV"": 10}","[5, 6, 7, 8, 9, 10, 11, 16, 12, 28]",0.0065
2025,6,20,5,180,13938,77.43,0,0,52,0.0037,10,42,91,11.98,6.0,44,5,0,3,12,0.0414,"{""IC"": 35, ""S"": 9, ""HDM"": 2, ""MV"": 4, ""V"": 2}","[5, 6, 7, 8, 9, 20, 69, 71, 12, 16]",0.0061
2025,6,21,6,170,11984,70.49,2,66,57,0.0048,10,47,41,8.89,6.0,51,4,2,0,6,0.0714,"{""IC"": 24, ""S"": 5, ""PYO"": 24, ""HDM"": 2, ""MV"": 2}","[5, 6, 8, 7, 10, 9, 13, 20, 14, 23]",0.006
2025,6,22,7,173,15516,89.69,0,0,79,0.0051,20,59,46,9.91,7.0,65,11,3,0,4,0.0568,"{""IC"": 38, ""S"": 12, ""PYO"": 27, ""HDM"": 1, ""MV"": 1}","[5, 6, 8, 10, 9, 7, 11, 15, 46, 17]",0.0054
2025,6,23,1,200,16538,82.69,3,126,90,0.0054,18,72,81,11.21,7.0,74,8,7,1,13,0.0496,"{""IC"": 46, ""S"": 14, ""PYO"": 21, ""HDM"": 5, ""H"": 1, ""MV"": 3}","[5, 6, 7, 10, 8, 11, 9, 19, 34, 12]",0.0053
2025,6,24,2,203,16870,83.1,4,200,87,0.0052,24,63,61,9.54,7.0,78,7,1,1,8,0.0585,"{""IC"": 43, ""S"": 13, ""PYO"": 23, ""HDM"": 1, ""H"": 2, ""MV"": 5}","[5, 6, 10, 8, 11, 7, 13, 12, 19, 9]",0.0053
2025,6,25,3,198,16612,83.9,0,28,101,0.0061,19,82,73,11.22,7.0,82,14,4,1,14,0.0577,"{""IC"": 52, ""S"": 18, ""PYO"": 20, ""HDM"": 4, ""H"": 3, ""MV"": 4}","[5, 6, 7, 8, 9, 10, 16, 13, 14, 11]",0.0053
2025,6,26,4,205,17084,83.34,6,72,105,0.0061,18,87,26,7.91,6.0,96,9,0,0,6,0.0766,"{""IC"": 43, ""S"": 19, ""PYO"": 32, ""HDM"": 4, ""MV"": 7}","[5, 6, 7, 9, 10, 15, 8, 11, 12, 14]",0.0052
2025,6,27,5,213,17592,82.59,3,36,110,0.0063,14,96,50,10.92,7.5,86,19,5,0,11,0.0464,"{""IC"": 60, ""S"": 12, ""PYO"": 26, ""HDM"": 6, ""H"": 4, ""MV"": 2}","[6, 5, 7, 8, 9, 13, 11, 10, 14, 15]",0.0056
2025,6,28,6,207,14160,68.41,5,1726,99,0.007,15,84,676,58.59,8.0,70,7,3,19,7,0.0096,"{""IC"": 45, ""S"": 19, ""PYO"": 25, ""HDM"": 2, ""MUS"": 1, ""MV"": 6, ""V"": 1}","[5, 7, 6, 8, 10, 9, 16, 12, 11, 351]",0.0059
2025,6,29,7,199,14342,72.07,6,1666,180,0.0126,36,144,116,18.61,11.0,115,31,25,9,42,0.0162,"{""IC"": 122, ""S"": 24, ""PYO"": 9, ""HDM"": 9, ""H"": 2, ""P"": 2, ""MV"": 12}","[5, 8, 6, 7, 9, 13, 14, 12, 10, 17]",0.007
2025,6,30,1,198,16636,84.02,1,30,104,0.0063,26,78,104,10.51,6.0,93,8,0,3,11,0.0494,"{""IC"": 59, ""S"": 16, ""PYO"": 17, ""HDM"": 7, ""MV"": 5}","[5, 6, 7, 8, 11, 14, 9, 13, 10, 12]",0.0071
2025,7,1,2,198,16672,84.2,0,0,113,0.0068,41,72,73,9.13,6.0,105,3,3,2,5,0.069,"{""S"": 8, ""IC"": 55, ""PYO"": 37, ""HDM"": 6, ""H"": 2, ""MV"": 5}","[5, 6, 7, 8, 9, 12, 19, 10, 13, 11]",0.0073
2025,7,2,3,202,16868,83.5,0,16,89,0.0053,29,60,90,10.6,6.0,74,10,4,1,10,0.0504,"{""IC"": 33, ""S"": 11, ""PYO"": 30, ""HDM"": 6, ""H"": 1, ""MV"": 8}","[5, 7, 6, 8, 17, 10, 11, 12, 23, 13]",0.0072
2025,7,3,4,206,17240,83.69,2,24,120,0.007,38,82,68,7.83,6.0,114,5,0,1,10,0.0613,"{""IC"": 59, ""S"": 12, ""PYO"": 29, ""HDM"": 7, ""H"": 1, ""MV"": 12}","[5, 6, 7, 8, 9, 10, 13, 11, 19, 21]",0.0073
2025,7,4,5,208,17540,84.33,3,434,163,0.0093,31,132,379,25.62,9.0,112,24,6,21,26,0.0151,"{""IC"": 79, ""S"": 30, ""PYO"": 41, ""H"": 2, ""HDM"": 8, ""MV"": 3}","[5, 7, 6, 10, 8, 11, 13, 14, 9, 12]",0.0078
2025,7,5,6,179,14688,82.06,1,196,110,0.0075,20,90,106,14.19,7.0,87,8,11,4,21,0.0268,"{""IC"": 63, ""S"": 11, ""PYO"": 24, ""HDM"": 6, ""H"": 2, ""MV"": 4}","[5, 6, 7, 9, 10, 8, 13, 11, 35, 38]",0.0078
2025,7,6,7,165,14402,87.28,0,0,96,0.0067,23,73,58,8.83,7.0,87,8,1,0,10,0.0553,"{""IC"": 47, ""S"": 19, ""PYO"": 20, ""HDM"": 6, ""H"": 1, ""MV"": 3}","[5, 6, 7, 8, 12, 9, 10, 13, 15, 11]",0.007
2025,7,7,1,203,16650,82.02,0,0,89,0.0053,23,66,37,8.75,7.0,77,11,1,0,10,0.0594,"{""IC"": 46, ""S"": 11, ""PYO"": 20, ""HDM"": 4, ""MV"": 8}","[5, 7, 6, 8, 11, 9, 12, 13, 15, 16]",0.0068
2025,7,8,2,202,16878,83.55,1,10,94,0.0056,28,66,62,10.74,7.0,77,12,3,2,12,0.0371,"{""IC"": 46, ""S"": 15, ""PYO"": 21, ""H"": 1, ""HDM"": 2, ""MV"": 9}","[5, 6, 8, 7, 10, 17, 11, 12, 9, 23]",0.0067
2025,7,9,3,200,16684,83.42,0,0,72,0.0043,14,58,58,7.56,6.0,69,2,1,0,8,0.0844,"{""IC"": 31, ""S"": 9, ""PYO"": 25, ""HDM"": 4, ""MUS"": 1, ""MV"": 2}","[5, 7, 6, 8, 11, 9, 10, 22, 17, 58]",0.0065
2025,7,10,4,203,17086,84.17,2,40,96,0.0056,22,74,45,8.79,6.0,84,8,4,0,10,0.0547,"{""IC"": 45, ""S"": 4, ""PYO"": 30, ""HDM"": 4, ""H"": 1, ""MV"": 12}","[5, 6, 7, 10, 17, 12, 9, 8, 14, 33]",0.0063
2025,7,11,5,210,17572,83.68,1,40,104,0.0059,36,68,37,8.33,6.0,94,9,1,0,9,0.0839,"{""S"": 14, ""IC"": 36, ""PYO"": 39, ""HDM"": 6, ""H"": 1, ""MUS"": 1, ""MV"": 5, ""V"": 2}","[5, 6, 7, 8, 9, 11, 12, 28, 19, 10]",0.0058
2025,7,12,6,179,14686,82.04,1,132,111,0.0076,33,78,51,9.52,7.0,94,16,1,0,15,0.0406,"{""IC"": 52, ""S"": 13, ""PYO"": 36, ""HDM"": 6, ""MV"": 4}","[5, 6, 7, 8, 10, 12, 11, 16, 15, 18]",0.0059
2025,7,13,7,166,14498,87.34,0,24,117,0.0081,38,79,75,11.46,7.0,93,15,8,1,24,0.0262,"{""IC"": 68, ""S"": 18, ""PYO"": 22, ""HDM"": 5, ""MV"": 4}","[5, 6, 9, 7, 8, 12, 18, 21, 15, 14]",0.0061
2025,7,14,1,211,17160,81.33,4,324,145,0.0084,64,81,114,10.66,8.0,115,28,1,1,28,0.0267,"{""IC"": 78, ""S"": 22, ""PYO"": 18, ""HDM"": 7, ""H"": 1, ""MV"": 15, ""V"": 4}","[5, 6, 9, 7, 10, 8, 11, 15, 13, 16]",0.0065
2025,7,15,2,193,16890,87.51,3,180,104,0.0062,31,73,210,12.96,6.0,88,8,5,3,15,0.02,"{""IC"": 40, ""S"": 19, ""PYO"": 29, ""HDM"": 6, ""H"": 2, ""MV"": 8}","[5, 6, 8, 7, 11, 10, 15, 13, 22, 49]",0.0066
2025,7,16,3,187,16618,88.87,2,24,100,0.006,19,81,56,9.14,7.0,89,9,2,0,15,0.0412,"{""IC"": 48, ""S"": 13, ""PYO"": 24, ""HDM"": 2, ""H"": 1, ""MV"": 12}","[5, 7, 6, 8, 11, 9, 10, 14, 29, 16]",0.0068
2025,7,17,4,199,16994,85.4,0,48,112,0.0066,23,89,95,10.24,7.0,100,7,3,2,12,0.0403,"{""IC"": 50, ""S"": 10, ""PYO"": 35, ""HDM"": 6, ""MV"": 11}","[5, 6, 7, 8, 9, 14, 10, 11, 13, 16]",0.007
2025,7,18,5,208,17704,85.12,3,286,169,0.0095,57,112,130,14.55,7.0,133,20,7,9,18,0.0184,"{""IC"": 105, ""S"": 27, ""PYO"": 31, ""HDM"": 3, ""MV"": 3}","[5, 6, 7, 8, 14, 9, 11, 22, 10, 15]",0.0075
2025,7,19,6,186,15120,81.29,4,290,105,0.0069,29,76,88,9.54,6.0,89,12,3,1,14,0.0461,"{""IC"": 54, ""S"": 12, ""PYO"": 29, ""HDM"": 3, ""MUS"": 1, ""MV"": 6}","[5, 6, 7, 9, 11, 10, 15, 16, 18, 43]",0.0074
2025,7,20,7,167,14550,87.13,1,78,99,0.0068,26,73,124,10.78,6.0,85,10,2,2,12,0.026,"{""IC"": 53, ""S"": 12, ""PYO"": 24, ""HDM"": 6, ""H"": 1, ""MV"": 3}","[5, 6, 7, 9, 17, 8, 14, 12, 124, 16]",0.0072
2025,7,21,1,201,16746,83.31,2,84,92,0.0055,28,64,81,10.43,6.0,78,8,5,1,11,0.0476,"{""IC"": 39, ""S"": 16, ""PYO"": 21, ""HDM"": 4, ""H"": 2, ""MV"": 10}","[5, 6, 7, 10, 11, 9, 8, 16, 13, 25]",0.0068
2025,7,22,2,207,17068,82.45,1,30,89,0.0052,28,61,28,8.42,6.0,78,11,0,0,15,0.0677,"{""IC"": 35, ""S"": 13, ""PYO"": 22, ""H"": 1, ""HDM"": 2, ""MV"": 16}","[5, 6, 7, 8, 9, 11, 13, 10, 23, 18]",0.0066
2025,7,23,3,207,16850,81.4,5,88,82,0.0049,19,63,25,8.29,7.0,76,6,0,0,13,0.0613,"{""IC"": 37, ""S"": 10, ""PYO"": 24, ""HDM"": 2, ""MV"": 9}","[5, 6, 7, 8, 9, 13, 10, 12, 11, 19]",0.0065
2025,7,24,4,202,17048,84.4,3,296,135,0.0079,40,95,433,12.36,7.0,120,11,3,1,16,0.0175,"{""IC"": 67, ""S"": 16, ""PYO"": 33, ""HDM"": 10, ""H"": 1, ""MV"": 8}","[5, 6, 7, 8, 10, 9, 11, 12, 13, 18]",0.0067
2025,7,25,5,210,17732,84.44,0,0,153,0.0086,54,99,502,21.07,7.0,130,16,1,6,24,0.0136,"{""S"": 22, ""IC"": 66, ""PYO"": 41, ""HDM"": 8, ""H"": 3, ""MV"": 13}","[5, 6, 7, 8, 9, 13, 11, 10, 16, 17]",0.0065
2025,7,26,6,180,15038,83.54,3,344,158,0.0105,40,118,297,17.61,7.0,120,21,7,10,26,0.0142,"{""IC"": 77, ""S"": 23, ""PYO"": 40, ""HDM"": 3, ""MV"": 11, ""V"": 4}","[5, 6, 7, 9, 8, 13, 10, 11, 16, 17]",0.0071
2025,7,27,7,170,14830,87.24,1,96,121,0.0082,33,88,152,13.3,6.0,103,6,7,5,17,0.02,"{""IC"": 70, ""S"": 14, ""PYO"": 21, ""HDM"": 4, ""H"": 1, ""MV"": 9, ""V"": 2}","[5, 6, 7, 8, 10, 9, 13, 31, 56, 33]",0.0073
2025,7,28,1,210,17750,84.52,2,128,154,0.0087,62,92,42,9.12,8.0,136,17,1,0,18,0.0388,"{""IC"": 80, ""S"": 22, ""PYO"": 27, ""HDM"": 6, ""H"": 2, ""MV"": 17}","[5, 6, 10, 7, 8, 9, 11, 16, 12, 19]",0.0077
2025,7,29,2,208,17652,84.87,1,20,110,0.0062,31,79,28,8.61,7.0,100,10,0,0,11,0.0459,"{""S"": 13, ""IC"": 62, ""PYO"": 23, ""HDM"": 5, ""H"": 1, ""V"": 1, ""MV"": 5}","[5, 6, 7, 8, 12, 11, 10, 9, 13, 20]",0.0079
2025,7,30,3,208,17610,84.66,1,116,125,0.0071,26,99,94,11.76,7.0,99,17,7,2,22,0.0341,"{""IC"": 61, ""S"": 17, ""PYO"": 27, ""HDM"": 10, ""H"": 2, ""MV"": 8}","[5, 6, 7, 9, 8, 10, 13, 12, 20, 15]",0.0082
2025,7,31,4,214,18110,84.63,5,880,285,0.0157,111,174,298,20.66,10.0,195,49,20,21,47,0.0135,"{""IC"": 167, ""S"": 49, ""PYO"": 45, ""HDM"": 14, ""H"": 2, ""MV"": 8}","[5, 6, 7, 10, 12, 9, 8, 11, 16, 14]",0.0093
2025,8,1,5,223,19368,86.85,3,176,126,0.0065,37,89,87,11.29,7.0,104,14,6,2,11,0.0465,"{""IC"": 53, ""S"": 21, ""PYO"": 31, ""HDM"": 5, ""H"": 1, ""MV"": 7, ""V"": 8}","[5, 6, 7, 8, 9, 10, 12, 14, 11, 19]",0.009
2025,8,2,6,194,16056,82.76,3,96,122,0.0076,40,82,65,8.85,6.0,108,12,1,1,19,0.0543,"{""IC"": 49, ""S"": 17, ""PYO"": 28, ""HDM"": 20, ""H"": 1, ""MUS"": 2, ""MV"": 5}","[6, 5, 7, 8, 11, 10, 9, 13, 17, 16]",0.0086
2025,8,3,7,183,16154,88.27,1,306,141,0.0087,53,88,234,20.22,7.0,106,17,7,11,11,0.0194,"{""IC"": 76, ""S"": 19, ""PYO"": 29, ""HDM"": 7, ""H"": 2, ""MV"": 5, ""V"": 3}","[5, 6, 7, 10, 8, 9, 22, 18, 12, 15]",0.0086
2025,8,4,1,212,17654,83.27,3,258,133,0.0075,43,90,212,14.41,7.0,112,11,3,7,15,0.0304,"{""IC"": 79, ""S"": 12, ""PYO"": 25, ""HDM"": 4, ""H"": 2, ""MV"": 11}","[5, 6, 7, 8, 12, 11, 10, 13, 9, 20]",0.0085
2025,8,5,2,206,17234,83.66,2,276,131,0.0076,43,88,95,10.82,6.0,104,19,6,2,13,0.0333,"{""IC"": 69, ""S"": 17, ""PYO"": 26, ""HDM"": 7, ""H"": 1, ""MV"": 11}","[5, 6, 7, 8, 17, 9, 12, 16, 22, 20]",0.0087
2025,8,6,3,212,17572,82.89,5,134,67,0.0038,17,50,87,11.84,6.0,55,7,3,2,9,0.0668,"{""IC"": 36, ""S"": 4, ""PYO"": 15, ""HDM"": 3, ""MV"": 9}","[5, 6, 8, 10, 7, 11, 15, 24, 44, 9]",0.0082
2025,8,7,4,214,17802,83.19,2,160,114,0.0064,33,81,95,12.13,6.0,92,13,6,3,13,0.0442,"{""S"": 8, ""IC"": 51, ""PYO"": 35, ""HDM"": 3, ""H"": 2, ""MV"": 15}","[5, 6, 7, 10, 9, 8, 15, 19, 16, 14]",0.0069
2025,8,8,5,221,18640,84.34,4,114,108,0.0058,38,70,157,11.19,6.0,92,11,3,2,6,0.0687,"{""IC"": 52, ""S"": 15, ""PYO"": 28, ""HDM"": 8, ""MV"": 3, ""V"": 2}","[5, 6, 7, 8, 13, 9, 11, 20, 12, 25]",0.0068
2025,8,9,6,184,15736,85.52,0,94,92,0.0058,27,65,42,8.82,6.0,81,10,1,0,2,0.0714,"{""IC"": 39, ""S"": 14, ""PYO"": 30, ""HDM"": 3, ""MUS"": 2, ""MV"": 3, ""V"": 1}","[5, 6, 9, 7, 8, 10, 11, 14, 13, 15]",0.0065
2025,8,10,7,182,15772,86.66,0,90,104,0.0066,28,76,62,10.27,7.0,90,9,4,1,15,0.0385,"{""IC"": 47, ""S"": 9, ""PYO"": 35, ""H"": 4, ""HDM"": 2, ""MUS"": 3, ""MV"": 4}","[5, 6, 7, 8, 9, 11, 12, 13, 10, 17]",0.0062
2025,8,11,1,205,17128,83.55,0,0,77,0.0045,24,53,20,7.25,6.0,71,6,0,0,12,0.0514,"{""IC"": 39, ""S"": 10, ""PYO"": 17, ""HDM"": 7, ""MV"": 4}","[5, 6, 7, 8, 12, 19, 13, 9, 20, 17]",0.0058
2025,8,12,2,210,17456,83.12,2,62,105,0.006,47,58,28,8.37,7.0,96,9,0,0,8,0.0409,"{""IC"": 62, ""S"": 12, ""PYO"": 19, ""HDM"": 6, ""H"": 1, ""MV"": 5}","[5, 6, 7, 8, 9, 11, 10, 18, 13, 12]",0.0056
2025,8,13,3,206,17126,83.14,0,0,60,0.0035,16,44,35,8.4,6.0,54,5,1,0,6,0.0675,"{""IC"": 27, ""S"": 2, ""PYO"": 27, ""HDM"": 1, ""MV"": 3}","[5, 6, 8, 7, 16, 10, 13, 12, 14, 21]",0.0055
2025,8,14,4,210,17382,82.77,0,0,95,0.0055,28,67,104,10.71,7.0,78,14,2,1,11,0.0486,"{""IC"": 52, ""S"": 6, ""PYO"": 25, ""MV"": 12}","[5, 6, 7, 8, 9, 10, 12, 15, 16, 27]",0.0054
2025,8,15,5,217,18446,85.0,0,0,74,0.004,23,51,60,8.38,6.0,71,0,2,1,8,0.0479,"{""IC"": 42, ""S"": 11, ""PYO"": 16, ""HDM"": 2, ""MV"": 3}","[6, 5, 8, 7, 9, 11, 10, 51, 60, 38]",0.0051
2025,8,16,6,183,15714,85.87,0,0,97,0.0062,34,63,62,8.62,6.0,88,6,2,1,2,0.0625,"{""IC"": 42, ""S"": 9, ""PYO"": 34, ""HDM"": 2, ""MUS"": 7, ""MV"": 3}","[5, 6, 7, 9, 12, 10, 11, 15, 13, 31]",0.0052
2025,8,17,7,181,15994,88.36,1,128,102,0.0064,42,60,83,8.98,6.0,93,6,2,1,8,0.0436,"{""IC"": 54, ""S"": 10, ""PYO"": 27, ""HDM"": 4, ""MV"": 7}","[5, 6, 7, 10, 8, 11, 27, 13, 9, 16]",0.0052
2025,8,18,1,207,17216,83.17,0,24,94,0.0055,39,55,65,11.02,6.0,78,11,2,3,4,0.0388,"{""IC"": 50, ""S"": 8, ""PYO"": 25, ""HDM"": 1, ""MV"": 10}","[5, 6, 8, 11, 12, 9, 13, 7, 28, 19]",0.0053
2025,8,19,2,208,17228,82.83,0,26,82,0.0048,36,46,48,8.61,6.0,71,9,2,0,5,0.066,"{""IC"": 43, ""S"": 7, ""PYO"": 23, ""HDM"": 3, ""MV"": 6}","[5, 6, 7, 8, 10, 11, 15, 9, 17, 16]",0.0051
2025,8,20,3,206,17036,82.7,0,262,91,0.0053,37,54,247,25.85,8.0,67,7,4,13,8,0.0213,"{""IC"": 55, ""S"": 12, ""PYO"": 19, ""HDM"": 3, ""MV"": 1, ""V"": 1}","[5, 7, 8, 6, 12, 10, 9, 13, 30, 15]",0.0054
2025,8,21,4,209,17266,82.61,3,240,90,0.0052,37,53,38,7.62,6.0,87,2,1,0,8,0.0748,"{""S"": 11, ""IC"": 42, ""PYO"": 25, ""HDM"": 5, ""H"": 1, ""MUS"": 1, ""MV"": 5}","[5, 6, 7, 9, 8, 12, 10, 11, 14, 38]",0.0053
2025,8,22,5,222,18576,83.68,2,76,96,0.0052,37,59,69,9.53,7.0,86,6,3,1,16,0.0415,"{""IC"": 46, ""S"": 14, ""PYO"": 23, ""HDM"": 7, ""H"": 3, ""MV"": 3}","[5, 6, 8, 7, 9, 12, 11, 10, 15, 14]",0.0055
2025,8,23,6,184,15904,86.43,0,24,97,0.0061,36,61,116,13.16,8.0,77,14,3,3,8,0.0508,"{""IC"": 45, ""S"": 13, ""PYO"": 31, ""HDM"": 4, ""MUS"": 1, ""MV"": 3}","[5, 6, 8, 7, 9, 10, 12, 25, 23, 15]",0.0055
2025,8,24,7,184,16112,87.57,1,86,122,0.0076,62,60,31,8.68,7.0,108,13,1,0,6,0.0488,"{""IC"": 63, ""S"": 15, ""PYO"": 24, ""HDM"": 4, ""MUS"": 2, ""MV"": 14}","[5, 6, 7, 8, 9, 10, 13, 11, 12, 21]",0.0057
2025,8,25,1,205,17392,84.84,0,8,100,0.0057,48,52,48,8.29,7.0,93,6,1,0,13,0.0451,"{""IC"": 54, ""S"": 14, ""PYO"": 24, ""HDM"": 5, ""H"": 1, ""MV"": 1, ""V"": 1}","[5, 7, 6, 8, 9, 10, 11, 13, 12, 14]",0.0057
2025,8,26,2,211,17554,83.19,3,40,103,0.0059,46,57,44,7.91,6.0,97,5,1,0,6,0.0557,"{""IC"": 53, ""S"": 11, ""PYO"": 28, ""H"": 1, ""HDM"": 2, ""MUS"": 2, ""MV"": 6}","[5, 6, 7, 8, 9, 10, 14, 15, 12, 20]",0.0059
2025,8,27,3,211,17544,83.15,2,30,95,0.0054,40,55,77,10.39,7.0,83,6,5,1,14,0.0386,"{""IC"": 44, ""S"": 13, ""PYO"": 22, ""HDM"": 6, ""H"": 3, ""MV"": 6, ""V"": 1}","[5, 6, 8, 7, 11, 9, 14, 15, 10, 33]",0.0059
2025,8,28,4,209,17502,83.74,6,312,98,0.0056,45,53,67,10.55,7.0,85,9,3,1,5,0.045,"{""S"": 13, ""IC"": 46, ""PYO"": 27, ""HDM"": 5, ""H"": 1, ""MV"": 2, ""V"": 4}","[5, 7, 6, 8, 9, 12, 16, 14, 10, 11]",0.0059
2025,8,29,5,224,19142,85.46,0,36,129,0.0067,51,78,79,11.23,8.0,108,15,3,3,15,0.0296,"{""IC"": 74, ""S"": 14, ""PYO"": 26, ""HDM"": 2, ""H"": 2, ""MV"": 7, ""V"": 4}","[5, 7, 8, 6, 9, 17, 14, 10, 11, 12]",0.0061
2025,8,30,6,185,15492,83.74,0,0,95,0.0061,39,56,192,11.31,7.0,83,8,2,2,5,0.057,"{""IC"": 44, ""S"": 8, ""PYO"": 41, ""MUS"": 2}","[5, 6, 7, 8, 9, 11, 10, 16, 20, 12]",0.0061
2025,8,31,7,181,14464,79.91,0,0,90,0.0062,40,50,112,8.84,7.0,86,2,1,1,10,0.041,"{""IC"": 56, ""S"": 10, ""PYO"": 19, ""HDM"": 1, ""MV"": 4}","[5, 6, 7, 9, 8, 14, 12, 11, 13, 17]",0.0059
2025,9,1,1,218,17872,81.98,0,0,138,0.0077,50,88,161,11.85,7.0,120,9,5,4,14,0.0267,"{""IC"": 62, ""S"": 11, ""PYO"": 38, ""HDM"": 12, ""MV"": 15}","[5, 6, 7, 8, 11, 10, 13, 12, 9, 18]",0.0062
2025,9,2,2,213,17528,82.29,3,142,109,0.0062,39,70,145,12.39,7.0,93,8,5,3,13,0.025,"{""IC"": 61, ""S"": 15, ""PYO"": 22, ""HDM"": 3, ""MV"": 8}","[5, 6, 7, 9, 8, 10, 11, 12, 21, 13]",0.0063
2025,9,3,3,206,17644,85.65,2,24,85,0.0048,32,53,66,8.58,6.0,76,7,1,1,8,0.0432,"{""S"": 13, ""IC"": 47, ""PYO"": 21, ""HDM"": 2, ""MV"": 2}","[5, 6, 7, 9, 8, 10, 15, 12, 31, 23]",0.0062
2025,9,4,4,206,17570,85.29,2,60,107,0.0061,32,75,98,13.18,7.0,88,9,6,4,13,0.0424,"{""IC"": 63, ""S"": 18, ""PYO"": 20, ""MV"": 6}","[5, 8, 7, 6, 9, 10, 17, 11, 41, 25]",0.0063
2025,9,5,5,218,18740,85.96,0,6,105,0.0056,37,68,23,7.81,7.0,97,8,0,0,12,0.0448,"{""IC"": 53, ""S"": 13, ""PYO"": 21, ""HDM"": 13, ""H"": 1, ""MV"": 4}","[5, 6, 7, 8, 12, 9, 10, 16, 15, 11]",0.0061
2025,9,6,6,194,14424,74.35,0,0,71,0.0049,28,43,62,8.82,7.0,65,4,1,1,5,0.0581,"{""S"": 12, ""IC"": 24, ""PYO"": 30, ""HDM"": 3, ""MV"": 2}","[5, 6, 8, 7, 9, 10, 14, 15, 62, 21]",0.0059
2025,9,7,7,192,14558,75.82,2,60,101,0.0069,36,65,66,9.08,7.0,94,4,2,1,15,0.0461,"{""S"": 15, ""IC"": 41, ""PYO"": 33, ""H"": 1, ""HDM"": 1, ""MUS"": 7, ""MV"": 3}","[5, 7, 6, 9, 8, 12, 13, 10, 11, 58]",0.006
2025,9,8,1,212,17756,83.75,1,254,158,0.0089,61,97,143,14.2,8.0,121,24,6,7,24,0.0208,"{""IC"": 92, ""S"": 18, ""PYO"": 32, ""HDM"": 7, ""H"": 2, ""MV"": 7}","[5, 6, 8, 7, 9, 13, 11, 19, 10, 14]",0.0062
2025,9,9,2,206,17600,85.44,0,4,132,0.0075,57,75,73,10.85,8.0,114,12,4,2,15,0.0323,"{""IC"": 72, ""S"": 11, ""PYO"": 30, ""HDM"": 11, ""H"": 3, ""MV"": 5}","[5, 6, 8, 7, 9, 11, 12, 10, 15, 13]",0.0064
2025,9,10,3,207,17526,84.67,1,32,92,0.0052,38,54,101,9.11,7.0,86,4,1,1,10,0.0343,"{""IC"": 53, ""S"": 18, ""PYO"": 18, ""HDM"": 2, ""MV"": 1}","[5, 7, 6, 8, 12, 9, 10, 11, 15, 14]",0.0064
2025,9,11,4,209,17684,84.61,2,28,131,0.0074,46,85,68,10.25,6.0,112,10,7,2,13,0.0333,"{""IC"": 78, ""S"": 13, ""PYO"": 31, ""H"": 1, ""HDM"": 4, ""MV"": 4}","[5, 6, 7, 8, 9, 12, 17, 18, 14, 25]",0.0066
2025,9,12,5,222,19012,85.64,1,64,148,0.0078,50,98,79,10.84,7.0,122,19,4,3,20,0.0334,"{""IC"": 84, ""S"": 30, ""PYO"": 20, ""HDM"": 6, ""MV"": 8}","[5, 6, 7, 9, 8, 18, 10, 12, 13, 22]",0.0069
2025,9,13,6,185,14820,80.11,0,6,97,0.0065,41,56,117,9.7,7.0,86,9,1,1,6,0.0311,"{""IC"": 40, ""S"": 17, ""PYO"": 34, ""HDM"": 1, ""MUS"": 1, ""MV"": 4}","[5, 6, 7, 8, 11, 10, 9, 12, 15, 13]",0.0072
2025,9,14,7,179,14688,82.06,0,0,92,0.0063,34,58,36,8.65,7.0,82,9,1,0,8,0.0412,"{""IC"": 50, ""S"": 8, ""PYO"": 26, ""H"": 1, ""HDM"": 1, ""MUS"": 1, ""V"": 5}","[5, 6, 7, 8, 11, 9, 10, 13, 17, 12]",0.0071
2025,9,15,1,205,17528,85.5,0,0,110,0.0063,54,56,31,8.03,6.0,102,7,1,0,9,0.0372,"{""IC"": 67, ""S"": 11, ""PYO"": 18, ""HDM"": 8, ""MV"": 6}","[5, 6, 7, 8, 9, 11, 10, 15, 14, 12]",0.0067
2025,9,16,2,205,17290,84.34,1,20,91,0.0053,33,58,29,8.19,6.0,85,6,0,0,10,0.0428,"{""IC"": 48, ""S"": 11, ""PYO"": 23, ""HDM"": 3, ""H"": 1, ""MV"": 5}","[5, 6, 7, 10, 8, 9, 13, 11, 12, 14]",0.0064
2025,9,17,3,204,17216,84.39,1,26,76,0.0044,26,50,56,8.86,6.0,69,5,2,0,5,0.0493,"{""S"": 14, ""IC"": 34, ""PYO"": 20, ""HDM"": 8}","[5, 6, 8, 9, 7, 10, 21, 13, 14, 17]",0.0063
2025,9,18,4,207,17612,85.08,1,204,113,0.0064,44,69,105,11.04,6.0,94,13,5,1,17,0.0282,"{""IC"": 62, ""S"": 16, ""PYO"": 21, ""HDM"": 6, ""MV"": 8}","[5, 6, 7, 12, 9, 15, 8, 10, 14, 11]",0.0061
2025,9,19,5,218,18778,86.14,2,138,145,0.0077,49,96,63,10.36,7.0,116,21,7,1,19,0.0268,"{""S"": 21, ""IC"": 92, ""PYO"": 23, ""HDM"": 6, ""H"": 2, ""MV"": 1}","[5, 6, 7, 9, 8, 15, 11, 10, 20, 22]",0.0061
2025,9,20,6,181,15794,87.26,0,0,113,0.0072,37,76,71,10.82,7.0,93,16,3,1,13,0.0423,"{""IC"": 55, ""S"": 22, ""PYO"": 30, ""HDM"": 3, ""H"": 1, ""MV"": 2}","[5, 6, 7, 10, 8, 9, 17, 14, 13, 11]",0.0062
2025,9,21,7,183,15112,82.58,1,14,102,0.0067,39,63,101,12.31,7.0,84,9,6,3,15,0.0437,"{""IC"": 58, ""S"": 10, ""PYO"": 19, ""HDM"": 10, ""H"": 2, ""MV"": 3}","[5, 6, 7, 8, 10, 9, 16, 11, 17, 43]",0.0063
2025,9,22,1,208,17690,85.05,2,108,100,0.0057,34,66,125,12.87,6.0,84,8,4,4,9,0.0242,"{""IC"": 62, ""S"": 15, ""PYO"": 18, ""HDM"": 4, ""MV"": 1}","[5, 6, 7, 13, 12, 8, 10, 11, 23, 20]",0.0062
2025,9,23,2,204,17524,85.9,7,104,74,0.0042,29,45,28,7.53,6.0,69,5,0,0,6,0.047,"{""IC"": 43, ""S"": 6, ""PYO"": 22, ""HDM"": 3}","[5, 6, 7, 9, 8, 12, 11, 14, 24, 10]",0.006
2025,9,24,3,205,17502,85.38,0,0,74,0.0042,28,46,33,7.97,7.0,72,1,1,0,6,0.0392,"{""IC"": 46, ""S"": 9, ""PYO"": 14, ""HDM"": 3, ""MUS"": 1, ""V"": 1}","[5, 6, 8, 7, 13, 10, 9, 12, 11, 33]",0.006
2025,9,25,4,204,17520,85.88,0,6,124,0.0071,45,79,31,8.35,6.0,111,12,1,0,9,0.0384,"{""IC"": 69, ""S"": 17, ""PYO"": 30, ""HDM"": 5, ""MV"": 3}","[5, 6, 7, 9, 8, 10, 12, 16, 13, 11]",0.0061
2025,9,26,5,226,18904,83.65,0,0,98,0.0052,38,60,64,10.33,6.0,85,7,5,1,10,0.0376,"{""IC"": 44, ""S"": 12, ""PYO"": 26, ""HDM"": 2, ""H"": 1, ""MV"": 9, ""V"": 4}","[5, 6, 7, 10, 14, 12, 9, 8, 39, 22]",0.0058
2025,9,27,6,203,15118,74.47,5,152,75,0.005,21,54,74,11.8,6.0,60,8,5,2,13,0.0668,"{""IC"": 26, ""S"": 6, ""PYO"": 27, ""H"": 1, ""HDM"": 1, ""MUS"": 3, ""MV"": 9, ""V"": 2}","[5, 6, 7, 9, 8, 15, 17, 13, 25, 20]",0.0054
2025,9,28,7,175,14598,83.42,0,14,111,0.0076,45,66,80,9.42,7.0,95,13,1,2,13,0.0255,"{""IC"": 70, ""S"": 19, ""PYO"": 15, ""HDM"": 4, ""H"": 1, ""V"": 2}","[5, 6, 7, 8, 9, 11, 19, 18, 15, 13]",0.0056
2025,9,29,1,210,17868,85.09,1,160,145,0.0081,56,89,130,9.69,6.0,131,10,1,3,19,0.0307,"{""S"": 28, ""IC"": 84, ""PYO"": 18, ""HDM"": 12, ""H"": 1, ""MV"": 2}","[5, 6, 7, 8, 10, 11, 12, 14, 9, 16]",0.0059
2025,9,30,2,206,17742,86.13,0,92,132,0.0074,57,75,80,9.47,6.0,116,11,4,1,12,0.0296,"{""S"": 15, ""IC"": 83, ""PYO"": 26, ""H"": 1, ""HDM"": 5, ""MV"": 2}","[5, 6, 7, 8, 9, 11, 12, 10, 19, 14]",0.0064
2025,10,1,3,212,18024,85.02,1,92,146,0.0081,70,76,81,9.57,6.0,127,15,2,2,14,0.0432,"{""S"": 17, ""IC"": 91, ""PYO"": 18, ""HDM"": 9, ""MV"": 6, ""V"": 5}","[5, 6, 7, 9, 8, 10, 11, 13, 15, 12]",0.0069
2025,10,2,4,204,17738,86.95,0,4,126,0.0071,52,74,44,8.41,6.0,115,8,3,0,18,0.0388,"{""IC"": 75, ""S"": 13, ""PYO"": 21, ""HDM"": 13, ""H"": 1, ""V"": 3}","[5, 6, 7, 8, 9, 11, 10, 12, 13, 16]",0.0069
2025,10,3,5,219,18748,85.61,0,0,115,0.0061,49,66,40,8.83,6.0,102,9,4,0,16,0.0361,"{""IC"": 73, ""S"": 17, ""PYO"": 17, ""HDM"": 7, ""H"": 1}","[5, 6, 7, 8, 13, 9, 10, 14, 15, 20]",0.0071
2025,10,4,6,188,15492,82.4,1,14,112,0.0072,44,68,31,8.68,6.0,98,13,1,0,11,0.0583,"{""S"": 11, ""IC"": 56, ""PYO"": 30, ""HDM"": 4, ""H"": 1, ""MUS"": 3, ""MV"": 3, ""V"": 4}","[6, 5, 9, 7, 8, 10, 11, 17, 12, 28]",0.0074
2025,10,5,7,177,15480,87.46,0,0,121,0.0078,51,70,87,10.65,7.0,106,8,4,3,12,0.0283,"{""IC"": 60, ""S"": 28, ""PYO"": 26, ""HDM"": 5, ""MV"": 2}","[5, 7, 6, 10, 8, 9, 14, 13, 11, 16]",0.0074
2025,10,6,1,210,17972,85.58,0,0,121,0.0067,39,82,84,10.31,7.0,103,13,3,2,16,0.0378,"{""S"": 21, ""IC"": 71, ""PYO"": 14, ""HDM"": 7, ""H"": 2, ""MV"": 6}","[5, 6, 8, 7, 10, 9, 11, 17, 13, 18]",0.0072
2025,10,7,2,205,16346,79.74,1,30,90,0.0055,29,61,35,8.44,6.0,79,10,1,0,19,0.0378,"{""IC"": 63, ""S"": 15, ""HDM"": 7, ""MV"": 5}","[5, 6, 7, 10, 8, 9, 12, 19, 13, 20]",0.0069
2025,10,8,3,208,17726,85.22,1,98,142,0.008,50,92,128,15.22,7.0,112,12,9,9,22,0.0287,"{""S"": 28, ""IC"": 89, ""PYO"": 20, ""HDM"": 5}","[5, 6, 7, 8, 10, 9, 15, 12, 40, 14]",0.0069
2025,10,9,4,209,17984,86.05,3,942,155,0.0086,60,95,60,9.88,7.0,133,19,2,1,18,0.0343,"{""IC"": 105, ""S"": 20, ""PYO"": 22, ""HDM"": 2, ""H"": 1, ""MV"": 5}","[5, 6, 7, 12, 8, 9, 13, 14, 15, 11]",0.0071
2025,10,10,5,219,18806,85.87,1,14,125,0.0066,49,76,85,11.11,6.0,104,14,3,4,19,0.0309,"{""IC"": 58, ""S"": 26, ""PYO"": 27, ""HDM"": 8, ""H"": 1, ""MV"": 3, ""V"": 2}","[5, 6, 8, 7, 9, 10, 12, 15, 14, 20]",0.0072
2025,10,11,6,176,16138,91.69,0,0,107,0.0066,47,60,65,9.61,7.0,89,16,1,1,8,0.0318,"{""S"": 19, ""IC"": 50, ""PYO"": 25, ""HDM"": 6, ""MV"": 2, ""V"": 5}","[5, 6, 7, 9, 8, 13, 18, 11, 10, 19]",0.0071
2025,10,12,7,177,15788,89.2,0,36,116,0.0073,44,72,172,13.64,6.0,95,7,11,3,12,0.0235,"{""S"": 18, ""IC"": 64, ""PYO"": 23, ""HDM"": 7, ""MV"": 3, ""V"": 1}","[5, 6, 7, 10, 8, 9, 13, 30, 24, 31]",0.007
2025,10,13,1,207,17920,86.57,0,0,122,0.0068,43,79,71,10.51,6.5,105,7,9,1,17,0.031,"{""IC"": 72, ""S"": 12, ""PYO"": 20, ""HDM"": 9, ""H"": 2, ""MV"": 7}","[5, 6, 7, 8, 10, 12, 9, 19, 11, 30]",0.0071
2025,10,14,2,203,17662,87.0,0,0,85,0.0048,46,39,67,7.8,6.0,81,3,0,1,2,0.0443,"{""S"": 12, ""IC"": 48, ""PYO"": 22, ""HDM"": 2, ""H"": 1}","[5, 6, 7, 10, 8, 9, 11, 13, 16, 67]",0.007
2025,10,15,3,205,17796,86.81,1,42,95,0.0053,39,56,103,10.58,6.0,86,5,0,4,5,0.0529,"{""IC"": 53, ""S"": 14, ""PYO"": 21, ""HDM"": 5, ""H"": 2}","[5, 6, 8, 9, 7, 10, 12, 16, 11, 17]",0.0066
2025,10,16,4,208,17906,86.09,1,32,112,0.0063,38,74,29,7.72,6.0,102,10,0,0,11,0.0389,"{""IC"": 67, ""S"": 11, ""PYO"": 25, ""HDM"": 6, ""H"": 2, ""MV"": 1}","[5, 6, 7, 8, 12, 10, 9, 16, 15, 13]",0.0062
2025,10,17,5,226,19226,85.07,4,32,90,0.0047,35,55,114,9.59,6.0,84,3,1,2,8,0.048,"{""IC"": 42, ""S"": 8, ""PYO"": 26, ""HDM"": 5, ""MV"": 5, ""V"": 4}","[5, 6, 9, 7, 10, 8, 11, 13, 12, 14]",0.006
2025,10,18,6,181,16152,89.24,0,44,86,0.0053,22,64,45,8.73,6.0,76,8,2,0,7,0.0548,"{""IC"": 36, ""S"": 15, ""PYO"": 25, ""HDM"": 4, ""MUS"": 4, ""MV"": 2}","[5, 6, 8, 7, 9, 15, 12, 11, 10, 22]",0.0058
2025,10,19,7,178,15832,88.94,0,0,77,0.0049,22,55,74,10.3,6.0,68,5,2,2,9,0.0345,"{""IC"": 41, ""S"": 8, ""PYO"": 22, ""HDM"": 1, ""H"": 1, ""MV"": 4}","[5, 6, 9, 7, 8, 11, 14, 19, 10, 44]",0.0054
2025,10,20,1,208,17952,86.31,4,270,90,0.005,29,61,64,9.06,7.0,83,3,3,1,12,0.0442,"{""IC"": 46, ""S"": 14, ""PYO"": 23, ""HDM"": 2, ""H"": 1, ""MV"": 4}","[5, 6, 7, 8, 10, 9, 12, 11, 38, 21]",0.0052
2025,10,21,2,201,16502,82.1,2,242,75,0.0045,20,55,62,12.09,7.0,60,8,5,2,12,0.0297,"{""IC"": 47, ""S"": 17, ""PYO"": 4, ""HDM"": 5, ""H"": 1, ""MV"": 1}","[5, 6, 8, 11, 7, 15, 13, 12, 16, 14]",0.0051
2025,10,22,3,199,16430,82.56,0,0,46,0.0028,12,34,24,7.54,6.0,44,2,0,0,5,0.0463,"{""IC"": 33, ""S"": 7, ""HDM"": 5, ""PYO"": 1}","[5, 6, 9, 8, 13, 11, 7, 16, 24]",0.0048
2025,10,23,4,213,18046,84.72,4,198,108,0.006,39,69,287,15.37,7.0,90,9,5,4,9,0.0162,"{""S"": 14, ""IC"": 46, ""PYO"": 27, ""HDM"": 4, ""H"": 1, ""MV"": 16}","[5, 7, 6, 8, 9, 10, 12, 16, 17, 14]",0.0047
2025,10,24,5,217,18748,86.4,1,42,121,0.0065,39,82,52,10.19,7.0,107,5,9,0,13,0.0307,"{""IC"": 68, ""S"": 24, ""PYO"": 24, ""HDM"": 4, ""H"": 1}","[5, 6, 8, 7, 11, 10, 9, 45, 48, 14]",0.005
2025,10,25,6,187,16270,87.01,4,104,97,0.006,34,63,77,12.59,8.0,81,9,1,6,5,0.0255,"{""IC"": 37, ""S"": 14, ""PYO"": 38, ""HDM"": 2, ""MV"": 4, ""V"": 2}","[5, 6, 9, 8, 11, 10, 7, 13, 60, 16]",0.0051
2025,10,26,7,183,15890,86.83,3,36,76,0.0048,28,48,62,10.37,8.0,65,7,3,1,8,0.0367,"{""IC"": 36, ""S"": 10, ""PYO"": 21, ""HDM"": 3, ""H"": 1, ""MV"": 1, ""V"": 4}","[5, 7, 8, 6, 10, 9, 15, 12, 11, 13]",0.0051
2025,10,27,1,207,17638,85.21,1,12,80,0.0045,24,56,63,8.55,7.0,73,6,0,1,15,0.0442,"{""S"": 15, ""IC"": 35, ""PYO"": 19, ""HDM"": 8, ""H"": 1, ""MV"": 2}","[5, 6, 8, 7, 9, 10, 19, 21, 63, 22]",0.005
2025,10,28,2,205,17634,86.02,0,0,67,0.0038,24,43,35,8.49,7.0,62,4,1,0,7,0.0577,"{""IC"": 34, ""S"": 6, ""PYO"": 21, ""H"": 1, ""HDM"": 2, ""MV"": 3}","[5, 7, 10, 6, 8, 11, 9, 13, 18, 21]",0.0049
2025,10,29,3,203,17494,86.18,0,0,60,0.0034,14,46,32,8.33,7.0,56,3,1,0,9,0.0638,"{""IC"": 26, ""S"": 11, ""PYO"": 19, ""H"": 2, ""HDM"": 2}","[5, 6, 7, 8, 12, 10, 11, 14, 15, 13]",0.005
2025,10,30,4,204,17584,86.2,0,0,67,0.0038,18,49,26,7.97,7.0,64,3,0,0,5,0.0538,"{""IC"": 33, ""S"": 4, ""PYO"": 23, ""HDM"": 4, ""MV"": 3}","[5, 6, 10, 8, 7, 9, 11, 13, 12, 17]",0.0047
2025,10,31,5,220,18800,85.45,2,52,87,0.0046,29,58,68,8.78,7.0,79,7,0,1,11,0.0479,"{""IC"": 47, ""S"": 11, ""PYO"": 21, ""HDM"": 5, ""H"": 1, ""MV"": 2}","[5, 8, 6, 7, 9, 10, 11, 13, 15, 12]",0.0044
2025,11,1,6,182,15974,87.77,0,0,79,0.0049,26,53,27,8.14,7.0,74,5,0,0,13,0.0546,"{""S"": 17, ""IC"": 35, ""PYO"": 21, ""HDM"": 5, ""V"": 1}","[5, 7, 6, 8, 9, 10, 27, 22, 26, 11]",0.0043
2025,11,2,7,175,15642,89.38,0,0,66,0.0042,24,42,30,8.55,8.0,62,3,1,0,6,0.0457,"{""IC"": 34, ""S"": 6, ""PYO"": 20, ""HDM"": 5, ""H"": 1}","[5, 8, 6, 9, 7, 11, 13, 12, 10, 21]",0.0042
2025,11,3,1,204,17384,85.22,1,158,92,0.0053,35,57,81,9.8,7.0,81,9,1,1,9,0.0449,"{""IC"": 43, ""S"": 15, ""PYO"": 28, ""HDM"": 2, ""H"": 2, ""MV"": 2}","[5, 6, 8, 9, 10, 7, 13, 11, 12, 19]",0.0043
2025,11,4,2,203,17294,85.19,0,0,70,0.004,27,43,56,8.6,7.0,65,4,1,0,4,0.065,"{""IC"": 38, ""S"": 11, ""PYO"": 18, ""HDM"": 1, ""H"": 2}","[5, 6, 7, 9, 10, 8, 11, 12, 56, 22]",0.0043
2025,11,5,3,204,17352,85.06,0,0,70,0.004,30,40,32,8.31,7.0,64,5,1,0,4,0.0513,"{""IC"": 38, ""S"": 8, ""PYO"": 17, ""HDM"": 5, ""H"": 1, ""MV"": 1}","[5, 7, 6, 8, 9, 10, 11, 13, 15, 32]",0.0044
2025,11,6,4,206,17452,84.72,0,4,98,0.0056,33,65,124,12.35,7.0,82,9,4,3,10,0.0305,"{""IC"": 51, ""S"": 14, ""PYO"": 28, ""HDM"": 1, ""MV"": 4}","[5, 6, 8, 7, 10, 9, 11, 12, 16, 31]",0.0047
2025,11,7,5,221,18658,84.43,5,272,85,0.0046,19,66,187,10.39,7.0,77,6,1,1,8,0.0427,"{""IC"": 40, ""S"": 9, ""PYO"": 28, ""HDM"": 5, ""H"": 1, ""MV"": 2}","[5, 6, 9, 8, 7, 10, 11, 16, 29, 13]",0.0047
2025,11,8,6,185,16112,87.09,0,32,73,0.0045,22,51,94,10.34,7.0,66,5,0,2,6,0.0447,"{""IC"": 34, ""S"": 9, ""PYO"": 25, ""HDM"": 1, ""MUS"": 1, ""MV"": 2, ""V"": 1}","[5, 6, 7, 9, 8, 10, 12, 18, 11, 89]",0.0046
2025,11,9,7,181,15862,87.64,0,0,72,0.0045,19,53,34,8.54,7.0,67,4,1,0,6,0.0508,"{""IC"": 33, ""S"": 12, ""PYO"": 25, ""HDM"": 1, ""V"": 1}","[5, 6, 7, 9, 10, 8, 12, 29, 11, 17]",0.0046
2025,11,10,1,205,17510,85.41,0,0,70,0.004,25,45,34,9.17,8.0,59,10,1,0,6,0.056,"{""IC"": 37, ""S"": 6, ""PYO"": 21, ""HDM"": 3, ""H"": 2, ""MV"": 1}","[5, 9, 6, 7, 8, 15, 11, 16, 12, 10]",0.0045
2025,11,11,2,204,17384,85.22,0,0,90,0.0052,36,54,113,12.16,7.0,76,6,6,2,8,0.0458,"{""IC"": 53, ""S"": 12, ""PYO"": 23, ""HDM"": 1, ""MV"": 1}","[5, 6, 7, 9, 10, 8, 12, 18, 11, 32]",0.0046
2025,11,12,3,206,17512,85.01,1,90,81,0.0046,23,58,105,12.46,7.0,64,12,2,3,12,0.0635,"{""IC"": 43, ""S"": 10, ""PYO"": 21, ""HDM"": 3, ""H"": 3, ""MV"": 1}","[5, 6, 7, 16, 9, 8, 11, 19, 13, 12]",0.0047
2025,11,13,4,209,17450,83.49,3,66,79,0.0045,31,48,30,8.22,7.0,71,7,1,0,8,0.0498,"{""S"": 8, ""IC"": 32, ""PYO"": 29, ""HDM"": 7, ""MV"": 3}","[5, 6, 8, 7, 10, 15, 12, 11, 16, 9]",0.0046
2025,11,14,5,218,18642,85.51,8,198,80,0.0043,24,56,51,9.34,7.0,71,7,2,0,10,0.0358,"{""IC"": 40, ""S"": 12, ""PYO"": 18, ""HDM"": 7, ""H"": 1, ""MV"": 2}","[5, 7, 6, 8, 9, 14, 10, 16, 13, 11]",0.0045
2025,11,15,6,176,16050,91.19,13,236,92,0.0057,25,67,63,10.33,7.5,81,7,3,1,8,0.0383,"{""IC"": 44, ""S"": 13, ""PYO"": 33, ""HDM"": 1, ""MV"": 1}","[5, 6, 7, 10, 9, 8, 12, 11, 13, 20]",0.0047
2025,11,16,7,177,15738,88.92,12,148,75,0.0048,14,61,82,9.77,6.0,66,5,3,1,12,0.0292,"{""IC"": 39, ""S"": 12, ""PYO"": 20, ""HDM"": 2, ""MV"": 2}","[5, 6, 7, 8, 9, 11, 12, 22, 10, 31]",0.0047
2025,11,17,1,207,17410,84.11,4,48,65,0.0037,17,48,36,10.0,7.0,55,8,2,0,10,0.0492,"{""S"": 9, ""IC"": 26, ""PYO"": 21, ""MV"": 9}","[5, 6, 8, 7, 10, 9, 14, 11, 36, 21]",0.0047
2025,11,18,2,204,17356,85.08,1,118,76,0.0044,19,57,169,17.55,7.0,59,6,6,5,6,0.0392,"{""S"": 12, ""IC"": 42, ""PYO"": 17, ""HDM"": 3, ""MV"": 2}","[5, 6, 7, 9, 10, 8, 14, 22, 23, 35]",0.0046
2025,11,19,3,209,17532,83.89,1,136,67,0.0038,20,47,25,9.06,7.0,55,12,0,0,11,0.0401,"{""IC"": 38, ""S"": 6, ""PYO"": 15, ""HDM"": 3, ""MV"": 5}","[5, 6, 8, 10, 7, 17, 19, 16, 20, 15]",0.0045
2025,11,20,4,210,17472,83.2,3,104,106,0.0061,36,70,109,11.63,6.0,89,11,3,3,15,0.0181,"{""IC"": 63, ""S"": 14, ""PYO"": 23, ""H"": 3, ""HDM"": 1, ""MV"": 2}","[5, 6, 7, 8, 13, 11, 9, 12, 10, 15]",0.0047
2025,11,21,5,223,18774,84.19,5,348,114,0.0061,18,96,52,10.34,7.0,95,13,6,0,28,0.0223,"{""IC"": 64, ""S"": 17, ""PYO"": 16, ""HDM"": 8, ""H"": 2, ""MV"": 7}","[6, 5, 9, 8, 7, 11, 14, 27, 17, 21]",0.0049
2025,11,22,6,181,16380,90.5,2,24,59,0.0036,10,49,52,10.0,6.0,50,7,2,0,7,0.0386,"{""IC"": 23, ""S"": 5, ""PYO"": 24, ""HDM"": 3, ""H"": 1, ""MV"": 3}","[5, 6, 8, 7, 13, 12, 10, 11, 15, 29]",0.0046
2025,11,23,7,180,16140,89.67,2,24,56,0.0035,9,47,24,9.11,6.0,47,9,0,0,7,0.0417,"{""IC"": 23, ""S"": 5, ""PYO"": 16, ""HDM"": 3, ""H"": 1, ""MV"": 8}","[5, 6, 7, 10, 16, 12, 8, 11, 22, 13]",0.0045
2025,11,24,1,211,18128,85.91,2,182,87,0.0048,22,65,133,14.8,7.0,70,8,4,5,12,0.0227,"{""IC"": 49, ""S"": 10, ""PYO"": 18, ""HDM"": 2, ""MV"": 6, ""V"": 2}","[5, 6, 7, 10, 9, 12, 8, 15, 14, 64]",0.0046
2025,11,25,2,211,18012,85.36,1,104,74,0.0041,17,57,46,8.73,6.0,69,3,2,0,14,0.033,"{""IC"": 29, ""S"": 17, ""PYO"": 18, ""HDM"": 2, ""H"": 1, ""MV"": 7}","[5, 6, 7, 12, 10, 8, 9, 13, 14, 19]",0.0046
2025,11,26,3,207,17756,85.78,2,52,75,0.0042,18,57,53,10.83,8.0,55,18,2,0,13,0.0312,"{""IC"": 45, ""S"": 12, ""PYO"": 13, ""HDM"": 4, ""H"": 1}","[5, 6, 7, 12, 15, 13, 16, 17, 8, 10]",0.0046
2025,11,27,4,203,17670,87.04,0,0,55,0.0031,11,44,26,7.87,6.0,53,2,0,0,10,0.0389,"{""IC"": 31, ""S"": 9, ""PYO"": 13, ""HDM"": 2}","[6, 5, 7, 9, 13, 14, 8, 10, 26, 22]",0.0042
2025,11,28,5,218,18988,87.1,1,130,87,0.0046,19,68,111,10.05,7.0,76,9,1,1,12,0.0366,"{""IC"": 44, ""S"": 18, ""PYO"": 17, ""HDM"": 2, ""H"": 1, ""MV"": 5}","[5, 6, 10, 8, 9, 7, 17, 12, 11, 20]",0.004
2025,11,29,6,197,16326,82.87,0,0,72,0.0044,17,55,128,15.72,7.0,59,6,2,5,10,0.0203,"{""IC"": 30, ""S"": 5, ""PYO"": 26, ""HDM"": 3, ""MUS"": 1, ""MV"": 3, ""V"": 4}","[5, 7, 6, 8, 10, 9, 16, 11, 13, 94]",0.0041
2025,11,30,7,178,15860,89.1,0,0,81,0.0051,11,70,58,10.85,8.0,66,12,3,0,19,0.0257,"{""IC"": 47, ""S"": 9, ""PYO"": 15, ""HDM"": 6, ""H"": 1, ""MUS"": 1, ""MV"": 2}","[5, 6, 9, 10, 7, 15, 12, 11, 8, 13]",0.0043
2025,12,1,1,203,17674,87.06,0,0,61,0.0035,13,48,145,10.54,6.0,53,7,0,1,7,0.0263,"{""S"": 9, ""IC"": 33, ""PYO"": 16, ""H"": 1, ""HDM"": 1, ""MV"": 1}","[5, 6, 8, 7, 15, 11, 10, 14, 13, 16]",0.0041
2025,12,2,2,204,17676,86.65,0,0,61,0.0035,13,48,67,10.93,6.0,47,11,2,1,11,0.0456,"{""S"": 11, ""IC"": 29, ""PYO"": 17, ""HDM"": 3, ""MV"": 1}","[5, 6, 7, 8, 9, 16, 15, 22, 38, 13]",0.0041
2025,12,3,3,208,17768,85.42,2,28,63,0.0035,5,58,37,8.76,7.0,53,9,1,0,12,0.0423,"{""IC"": 32, ""S"": 9, ""PYO"": 15, ""HDM"": 3, ""H"": 2, ""MV"": 2}","[5, 6, 7, 11, 8, 16, 9, 10, 17, 15]",0.004
2025,12,4,4,205,17734,86.51,4,104,87,0.0049,16,71,104,11.76,7.0,75,5,5,2,13,0.0286,"{""IC"": 52, ""S"": 12, ""PYO"": 18, ""HDM"": 3, ""H"": 2}","[5, 6, 7, 8, 9, 11, 13, 55, 19, 35]",0.0042
2025,12,5,5,217,18978,87.46,1,130,67,0.0035,8,59,51,9.81,7.0,58,7,2,0,14,0.0487,"{""IC"": 31, ""S"": 8, ""PYO"": 16, ""HDM"": 6, ""MV"": 3, ""V"": 3}","[6, 5, 7, 10, 9, 8, 14, 11, 19, 16]",0.0041
2025,12,6,6,172,16030,93.2,0,0,51,0.0032,10,41,39,8.9,7.0,45,5,1,0,1,0.0553,"{""IC"": 23, ""S"": 6, ""PYO"": 17, ""HDM"": 1, ""V"": 4}","[5, 7, 6, 9, 8, 10, 19, 11, 39, 18]",0.0039
2025,12,7,7,173,15682,90.65,0,0,54,0.0034,4,50,45,9.89,6.0,44,8,2,0,7,0.0359,"{""S"": 12, ""IC"": 21, ""PYO"": 18, ""HDM"": 1, ""H"": 2}","[5, 6, 7, 8, 13, 11, 19, 16, 18, 23]",0.0036
2025,12,8,1,206,17722,86.03,0,0,87,0.0049,29,58,83,12.26,6.0,73,6,4,4,5,0.0379,"{""S"": 15, ""IC"": 43, ""PYO"": 22, ""HDM"": 4, ""H"": 1, ""MUS"": 2}","[6, 5, 7, 8, 11, 9, 14, 12, 10, 34]",0.0038
2025,12,9,2,213,18114,85.04,3,294,86,0.0047,16,70,116,10.14,7.0,77,6,1,2,14,0.0447,"{""S"": 9, ""IC"": 48, ""PYO"": 17, ""HDM"": 4, ""MUS"": 4, ""MV"": 4}","[5, 6, 7, 8, 10, 9, 11, 13, 16, 20]",0.004
2025,12,10,3,208,17892,86.02,0,0,80,0.0045,14,66,60,10.38,6.0,69,6,4,1,17,0.0318,"{""S"": 13, ""IC"": 42, ""PYO"": 15, ""HDM"": 4, ""MUS"": 2, ""MV"": 4}","[5, 6, 7, 12, 10, 8, 48, 9, 21, 11]",0.0042
2025,12,11,4,206,17932,87.05,0,0,75,0.0042,14,61,87,9.64,7.0,65,8,1,1,12,0.0343,"{""IC"": 45, ""S"": 9, ""PYO"": 13, ""HDM"": 4, ""MV"": 4}","[5, 7, 6, 8, 10, 15, 12, 9, 20, 11]",0.0041
2025,12,12,5,221,19080,86.33,5,50,76,0.004,15,61,46,9.43,7.0,68,4,4,0,14,0.0289,"{""IC"": 40, ""S"": 8, ""PYO"": 20, ""H"": 1, ""HDM"": 1, ""MV"": 3, ""V"": 3}","[5, 7, 6, 8, 9, 11, 14, 12, 25, 10]",0.0041
2025,12,13,6,186,16516,88.8,0,0,82,0.005,20,62,57,9.84,6.5,72,5,5,0,9,0.0517,"{""IC"": 28, ""S"": 13, ""PYO"": 26, ""HDM"": 4, ""MUS"": 2, ""MV"": 9}","[5, 6, 8, 7, 10, 14, 15, 18, 9, 11]",0.0044
2025,12,14,7,183,17072,93.29,5,72,91,0.0053,23,68,33,8.15,6.0,84,5,2,0,11,0.0445,"{""S"": 20, ""IC"": 35, ""PYO"": 32, ""HDM"": 2, ""H"": 1, ""MUS"": 1}","[5, 6, 7, 8, 12, 9, 13, 18, 14, 15]",0.0047
2025,12,15,1,205,18544,90.46,2,40,72,0.0039,11,61,154,11.5,6.5,64,5,1,2,11,0.0333,"{""IC"": 33, ""S"": 12, ""PYO"": 17, ""HDM"": 7, ""MV"": 1, ""V"": 2}","[5, 6, 9, 8, 7, 14, 19, 23, 13, 154]",0.0045
2025,12,16,2,211,19140,90.71,1,92,86,0.0045,21,65,34,9.57,7.0,73,9,4,0,7,0.0534,"{""IC"": 46, ""S"": 13, ""PYO"": 23, ""HDM"": 3, ""MV"": 1}","[5, 6, 7, 8, 9, 14, 10, 28, 32, 15]",0.0045
2025,12,17,3,207,19146,92.49,0,0,71,0.0037,14,57,73,9.37,6.0,65,3,2,1,2,0.0656,"{""S"": 7, ""IC"": 27, ""PYO"": 35, ""HDM"": 1, ""MV"": 1}","[5, 6, 7, 10, 8, 11, 9, 14, 13, 54]",0.0044
2025,12,18,4,213,19330,90.75,2,64,78,0.004,20,58,443,17.47,7.0,67,5,2,4,6,0.0167,"{""IC"": 32, ""S"": 4, ""PYO"": 35, ""HDM"": 2, ""MV"": 5}","[5, 6, 7, 9, 8, 11, 13, 83, 16, 136]",0.0043
2025,12,19,5,223,20752,93.06,0,0,84,0.004,10,74,86,10.51,7.0,70,11,2,1,10,0.0537,"{""IC"": 39, ""S"": 12, ""PYO"": 32, ""HDM"": 1}","[5, 7, 6, 9, 8, 11, 15, 25, 12, 17]",0.0043
2025,12,20,6,186,17704,95.18,4,80,65,0.0037,9,56,38,8.48,6.0,62,0,3,0,3,0.097,"{""IC"": 21, ""S"": 7, ""PYO"": 28, ""HDM"": 3, ""H"": 1, ""MUS"": 5}","[6, 5, 7, 10, 9, 11, 8, 13, 33, 38]",0.0042
2025,12,21,7,187,18046,96.5,1,20,98,0.0054,24,74,168,17.2,8.0,71,16,6,5,10,0.0427,"{""IC"": 30, ""S"": 12, ""PYO"": 53, ""HDM"": 2, ""MUS"": 1}","[5, 6, 7, 11, 9, 10, 16, 8, 20, 19]",0.0042
2025,12,22,1,207,19210,92.8,0,0,166,0.0086,57,109,96,17.65,10.0,108,24,27,7,24,0.0138,"{""IC"": 86, ""S"": 33, ""PYO"": 40, ""H"": 3, ""HDM"": 2, ""MUS"": 2}","[5, 6, 8, 9, 10, 7, 11, 26, 18, 15]",0.0048
2025,12,23,2,222,20678,93.14,0,0,84,0.0041,17,67,43,9.48,6.0,71,12,1,0,5,0.0626,"{""IC"": 35, ""S"": 12, ""PYO"": 33, ""HDM"": 4}","[5, 6, 7, 9, 8, 13, 24, 11, 17, 26]",0.0048
2025,12,24,3,95,8234,86.67,0,70,35,0.0043,8,27,74,10.6,6.0,30,4,0,1,1,0.0986,"{""IC"": 18, ""S"": 2, ""PYO"": 12, ""MV"": 3}","[5, 6, 7, 10, 8, 14, 12, 16, 74, 21]",0.0049
2025,12,25,4,135,13190,97.7,0,0,78,0.0059,14,64,40,9.21,7.0,68,9,1,0,3,0.0866,"{""IC"": 32, ""S"": 6, ""PYO"": 40}","[6, 5, 7, 9, 13, 10, 12, 8, 17, 14]",0.0051
2025,12,26,5,186,18116,97.4,0,0,94,0.0052,18,76,68,9.43,7.0,84,8,1,1,8,0.0619,"{""IC"": 40, ""S"": 11, ""PYO"": 36, ""HDM"": 3, ""H"": 1, ""MUS"": 2, ""MV"": 1}","[5, 6, 9, 8, 7, 10, 13, 11, 15, 21]",0.0053
2025,12,27,6,181,17588,97.17,0,44,159,0.009,60,99,309,22.51,9.0,113,17,16,13,9,0.0141,"{""IC"": 36, ""S"": 22, ""PYO"": 84, ""HDM"": 11, ""H"": 1, ""MV"": 5}","[5, 6, 8, 7, 11, 9, 10, 13, 14, 18]",0.0061
2025,12,28,7,188,18084,96.19,7,338,371,0.0205,144,227,152,22.39,11.0,218,71,47,35,50,0.0108,"{""S"": 69, ""IC"": 205, ""PYO"": 72, ""HDM"": 15, ""H"": 3, ""MV"": 3, ""V"": 4}","[5, 6, 7, 8, 9, 10, 15, 11, 17, 14]",0.0082
2025,12,29,1,210,19350,92.14,0,0,176,0.0091,57,119,73,11.26,7.0,141,26,7,2,33,0.0147,"{""IC"": 98, ""S"": 27, ""PYO"": 39, ""HDM"": 5, ""H"": 2, ""MV"": 5}","[5, 6, 7, 8, 9, 12, 15, 11, 13, 14]",0.0083
2025,12,30,2,206,19044,92.45,0,0,121,0.0064,22,99,184,14.29,7.0,102,11,2,6,13,0.0246,"{""IC"": 51, ""S"": 23, ""PYO"": 41, ""HDM"": 5, ""H"": 1}","[5, 6, 8, 7, 9, 14, 13, 12, 11, 15]",0.0086
2025,12,31,3,220,20558,93.45,0,0,147,0.0072,33,114,158,14.14,7.0,114,20,7,6,21,0.0145,"{""IC"": 70, ""S"": 24, ""PYO"": 44, ""HDM"": 4, ""MV"": 5}","[5, 6, 7, 8, 10, 11, 12, 9, 13, 25]",0.009
2022,12,1,4,202,16642,82.39,4,202,131,0.0079,33,98,134,12.59,7.0,104,18,5,4,21,0.0373,"{""S"": 16, ""IC"": 87, ""PYO"": 8, ""HDM"": 6, ""MV"": 14}","[5, 6, 7, 10, 15, 8, 11, 13, 37, 29]",0.0093
2022,12,2,5,208,17168,82.54,4,92,110,0.0064,19,91,201,14.58,7.0,85,13,10,2,9,0.042,"{""IC"": 71, ""S"": 11, ""PYO"": 5, ""HDM"": 5, ""MUS"": 16, ""MV"": 2}","[5, 6, 7, 8, 10, 13, 16, 9, 14, 11]",0.0095
2022,12,3,6,169,14140,83.67,2,90,99,0.007,12,87,238,12.44,7.0,80,15,2,2,12,0.0679,"{""IC"": 63, ""S"": 13, ""PYO"": 13, ""HDM"": 1, ""MUS"": 9}","[5, 6, 7, 8, 16, 14, 10, 20, 13, 15]",0.0092
2022,12,4,7,168,13946,83.01,4,96,96,0.0069,22,74,41,8.85,6.5,86,7,3,0,6,0.0497,"{""IC"": 75, ""S"": 8, ""PYO"": 5, ""HDM"": 1, ""MUS"": 5, ""MV"": 2}","[5, 6, 7, 8, 10, 11, 9, 13, 17, 21]",0.0073
2022,12,5,1,199,16786,84.35,10,466,120,0.0071,19,101,202,13.94,8.0,98,15,3,4,10,0.0297,"{""IC"": 81, ""S"": 10, ""PYO"": 9, ""HDM"": 2, ""MUS"": 13, ""MV"": 5}","[5, 6, 7, 8, 13, 9, 11, 12, 26, 23]",0.007
2022,12,6,2,168,15070,89.7,7,224,85,0.0056,15,70,36,8.84,7.0,77,7,1,0,4,0.0487,"{""IC"": 64, ""S"": 12, ""PYO"": 8, ""MV"": 1}","[5, 7, 6, 8, 10, 9, 11, 12, 13, 29]",0.0069
2022,12,7,3,194,16392,84.49,8,244,96,0.0059,24,72,70,9.45,6.0,82,12,1,1,9,0.0438,"{""IC"": 65, ""S"": 18, ""PYO"": 7, ""HDM"": 3, ""MV"": 3}","[5, 6, 9, 7, 8, 11, 10, 18, 19, 28]",0.0067
2022,12,8,4,196,16516,84.27,13,374,157,0.0095,45,112,1670,27.03,7.0,133,16,4,4,25,0.0416,"{""IC"": 106, ""S"": 18, ""PYO"": 11, ""HDM"": 11, ""V"": 7, ""MV"": 4}","[5, 6, 7, 9, 8, 11, 12, 10, 13, 15]",0.0069
2022,12,9,5,215,17146,79.75,6,196,158,0.0092,31,127,125,11.06,7.5,130,23,3,2,34,0.0189,"{""IC"": 97, ""S"": 28, ""PYO"": 8, ""HDM"": 13, ""MUS"": 3, ""MV"": 3, ""V"": 6}","[5, 6, 7, 8, 9, 11, 14, 12, 10, 21]",0.0073
2022,12,10,6,179,14496,80.98,10,394,137,0.0095,26,111,73,11.07,8.0,111,19,6,1,24,0.0238,"{""IC"": 100, ""S"": 13, ""PYO"": 14, ""HDM"": 5, ""MV"": 5}","[5, 8, 6, 7, 9, 13, 14, 11, 10, 22]",0.0077
2022,12,11,7,176,14854,84.4,5,192,118,0.0079,18,100,59,11.71,7.0,90,21,7,0,29,0.0261,"{""IC"": 76, ""S"": 16, ""PYO"": 13, ""HDM"": 6, ""MUS"": 2, ""MV"": 3, ""V"": 2}","[5, 6, 7, 9, 8, 17, 10, 13, 11, 22]",0.0078
2022,12,12,1,195,16668,85.48,4,200,238,0.0143,88,150,78,13.71,8.0,169,44,22,3,42,0.0164,"{""S"": 32, ""IC"": 175, ""PYO"": 13, ""HDM"": 13, ""MV"": 5}","[5, 6, 7, 8, 9, 11, 10, 16, 12, 21]",0.0088
2022,12,13,2,196,16692,85.16,8,264,311,0.0186,105,206,145,17.79,10.0,208,59,27,17,79,0.0127,"{""IC"": 232, ""S"": 50, ""PYO"": 12, ""HDM"": 10, ""MV"": 7}","[5, 6, 8, 7, 11, 9, 12, 10, 15, 17]",0.0107
2022,12,14,3,206,17448,84.7,14,540,211,0.0121,55,156,136,11.35,7.0,173,29,8,1,39,0.0202,"{""S"": 23, ""IC"": 146, ""PYO"": 16, ""HDM"": 6, ""MV"": 20}","[5, 6, 7, 8, 9, 10, 13, 12, 14, 20]",0.0116
2022,12,15,4,198,17130,86.52,10,296,169,0.0099,48,121,127,11.09,8.0,135,29,4,1,34,0.0158,"{""IC"": 127, ""S"": 18, ""PYO"": 14, ""HDM"": 7, ""MV"": 3}","[5, 6, 8, 9, 7, 10, 11, 15, 12, 16]",0.0116
2022,12,16,5,214,18288,85.46,4,56,183,0.01,39,144,94,13.49,8.0,142,20,18,3,46,0.0116,"{""S"": 32, ""IC"": 131, ""PYO"": 10, ""HDM"": 7, ""MV"": 3}","[5, 7, 6, 8, 9, 10, 11, 12, 13, 15]",0.0118
2022,12,17,6,168,14890,88.63,5,200,124,0.0083,21,103,126,14.03,8.0,94,18,9,3,23,0.0241,"{""S"": 15, ""IC"": 77, ""PYO"": 26, ""HDM"": 5, ""MV"": 1}","[5, 7, 6, 8, 10, 12, 13, 19, 9, 41]",0.0116
2022,12,18,7,172,15198,88.36,6,172,132,0.0087,28,104,116,11.78,7.0,108,20,0,4,14,0.0212,"{""IC"": 82, ""S"": 11, ""PYO"": 32, ""HDM"": 5, ""MV"": 2}","[5, 7, 8, 6, 19, 11, 10, 16, 12, 9]",0.0117
2022,12,19,1,200,17184,85.92,4,180,137,0.008,30,107,102,10.61,7.0,115,16,5,1,13,0.0415,"{""IC"": 81, ""S"": 14, ""PYO"": 35, ""HDM"": 4, ""MV"": 3}","[5, 6, 7, 8, 9, 10, 13, 17, 14, 19]",0.0108
2022,12,20,2,201,17136,85.25,2,60,139,0.0081,25,114,57,10.47,8.0,117,16,6,0,20,0.0341,"{""S"": 16, ""IC"": 87, ""PYO"": 23, ""HDM"": 8, ""MV"": 5}","[5, 6, 9, 7, 10, 8, 11, 12, 13, 15]",0.0093
2022,12,21,3,206,17878,86.79,2,108,174,0.0097,51,123,125,12.68,8.0,130,35,5,4,35,0.0269,"{""IC"": 108, ""S"": 20, ""PYO"": 27, ""HDM"": 12, ""MV"": 7}","[5, 6, 7, 9, 11, 8, 15, 12, 17, 10]",0.009
2022,12,22,4,204,17618,86.36,2,76,201,0.0114,50,151,49,10.54,8.0,161,35,5,0,40,0.0286,"{""IC"": 127, ""S"": 25, ""PYO"": 34, ""HDM"": 12, ""MV"": 3}","[5, 6, 7, 8, 9, 10, 14, 11, 12, 13]",0.0092
2022,12,23,5,215,18572,86.38,0,0,200,0.0108,54,146,135,13.41,8.0,150,34,11,5,36,0.0152,"{""IC"": 128, ""S"": 26, ""PYO"": 31, ""HDM"": 15}","[5, 6, 7, 8, 10, 9, 11, 15, 12, 13]",0.0093
2022,12,24,6,95,7240,76.21,1,74,53,0.0073,15,38,24,8.77,7.0,47,6,0,0,12,0.0379,"{""IC"": 30, ""S"": 14, ""HDM"": 6, ""MV"": 3}","[5, 6, 7, 10, 9, 16, 13, 8, 11, 14]",0.0091
2022,12,25,7,130,11554,88.88,2,74,112,0.0097,24,88,109,12.68,8.0,86,18,6,2,15,0.0335,"{""IC"": 67, ""S"": 11, ""PYO"": 29, ""HDM"": 3, ""MV"": 2}","[5, 8, 7, 6, 9, 14, 16, 10, 13, 12]",0.0093
2022,12,26,1,171,15200,88.89,2,32,144,0.0095,33,111,70,10.92,7.0,118,17,8,1,23,0.0264,"{""IC"": 89, ""S"": 18, ""PYO"": 29, ""HDM"": 8}","[5, 6, 7, 8, 10, 12, 15, 9, 22, 14]",0.0095
2022,12,27,2,195,17090,87.64,0,0,177,0.0104,38,139,87,10.62,8.0,147,24,4,2,33,0.026,"{""IC"": 109, ""S"": 24, ""PYO"": 31, ""HDM"": 13}","[5, 6, 7, 8, 11, 10, 9, 12, 13, 15]",0.0098
2022,12,28,3,203,17340,85.42,9,496,204,0.0118,48,156,213,22.61,9.0,138,28,18,20,36,0.0145,"{""IC"": 121, ""S"": 27, ""PYO"": 34, ""HDM"": 12, ""MV"": 10}","[5, 6, 7, 10, 9, 8, 11, 15, 13, 16]",0.0101
2022,12,29,4,198,17314,87.44,4,106,128,0.0074,21,107,100,12.45,7.0,103,18,3,4,19,0.0245,"{""IC"": 82, ""S"": 10, ""PYO"": 26, ""HDM"": 7, ""MV"": 3}","[5, 6, 7, 9, 8, 10, 14, 28, 15, 11]",0.0096
2022,12,30,5,219,18488,84.42,4,146,133,0.0072,21,112,55,10.37,8.0,109,20,4,0,13,0.0419,"{""IC"": 79, ""S"": 15, ""PYO"": 31, ""HDM"": 3, ""MV"": 5}","[5, 6, 7, 8, 9, 11, 10, 13, 12, 15]",0.009
2022,12,31,6,168,14824,88.24,0,0,121,0.0082,22,99,56,9.04,6.0,107,10,4,0,11,0.0814,"{""IC"": 78, ""S"": 9, ""PYO"": 29, ""HDM"": 4, ""MV"": 1}","[5, 6, 7, 10, 8, 9, 13, 11, 20, 15]",0.0092
